run_no,starttime,hour,timestamp,price_current,min_volume_Totak,min_volume_Byrtevatn,min_volume_Staavatn,min_flow_b_Kjelavatn,min_flow_b_Hyljelihyl,min_flow_b_Vinjevatn,min_flow_b_Byrtevatn,min_flow_b_Bandak,min_flow_r_Vest_Vassdraget,inflow_r_Vest_Vassdraget,generator,plant,p_min,p_max,p_nom,start_cost,stop_cost,penstock,direct_total_volume,direct_mean_fill_ratio,direct_total_inflow,direct_mean_water_value,upstream_total_volume,upstream_total_inflow,upstream_mean_water_value,target
1,2015-01-01 00:00:00+00:00,0,2015-01-01 00:00:00+00:00,27.07,0.0,0.0,0.0,0.3,0.5,1.0,0.0,4.0,5.0,1.01,Hogga_G1,Hogga,3.0,17.0,17.0,94.0,94.0,1,137.785,0.7909587,18.54,0.01,1429.973,44.890003,23.790298,1
1,2015-01-01 00:00:00+00:00,1,2015-01-01 01:00:00+00:00,26.93,0.0,0.0,0.0,0.3,0.5,1.0,0.0,4.0,5.0,1.0,Hogga_G1,Hogga,3.0,17.0,17.0,94.0,94.0,1,137.785,0.7909587,18.9,0.01,1429.973,45.159996,23.790298,1
1,2015-01-01 00:00:00+00:00,2,2015-01-01 02:00:00+00:00,26.83,0.0,0.0,0.0,0.3,0.5,1.0,0.0,4.0,5.0,1.01,Hogga_G1,Hogga,3.0,17.0,17.0,94.0,94.0,1,137.785,0.7909587,19.07,0.01,1429.973,45.25,23.790298,1
1,2015-01-01 00:00:00+00:00,3,2015-01-01 03:00:00+00:00,26.81,0.0,0.0,0.0,0.3,0.5,1.0,0.0,4.0,5.0,1.0,Hogga_G1,Hogga,3.0,17.0,17.0,94.0,94.0,1,137.785,0.7909587,19.34,0.01,1429.973,45.53,23.790298,1
1,2015-01-01 00:00:00+00:00,4,2015-01-01 04:00:00+00:00,26.97,0.0,0.0,0.0,0.3,0.5,1.0,0.0,4.0,5.0,0.99,Hogga_G1,Hogga,3.0,17.0,17.0,94.0,94.0,1,137.785,0.7909587,19.82,0.01,1429.973,45.92,23.790298,1
1,2015-01-01 00:00:00+00:00,5,2015-01-01 05:00:00+00:00,27.07,0.0,0.0,0.0,0.3,0.5,1.0,0.0,4.0,5.0,1.0,Hogga_G1,Hogga,3.0,17.0,17.0,94.0,94.0,1,137.785,0.7909587,20.77,0.01,1429.973,46.87,23.790298,1
1,2015-01-01 00:00:00+00:00,6,2015-01-01 06:00:00+00:00,26.8,0.0,0.0,0.0,0.3,0.5,1.0,0.0,4.0,5.0,1.0,Hogga_G1,Hogga,3.0,17.0,17.0,94.0,94.0,1,137.785,0.7909587,21.89,0.01,1429.973,47.92,23.790298,1
1,2015-01-01 00:00:00+00:00,7,2015-01-01 07:00:00+00:00,26.97,0.0,0.0,0.0,0.3,0.5,1.0,0.0,4.0,5.0,1.0,Hogga_G1,Hogga,3.0,17.0,17.0,94.0,94.0,1,137.785,0.7909587,22.4,0.01,1429.973,48.429996,23.790298,1
1,2015-01-01 00:00:00+00:00,8,2015-01-01 08:00:00+00:00,26.98,0.0,0.0,0.0,0.3,0.5,1.0,0.0,4.0,5.0,1.0,Hogga_G1,Hogga,3.0,17.0,17.0,94.0,94.0,1,137.785,0.7909587,22.94,0.01,1429.973,49.04,23.790298,1
1,2015-01-01 00:00:00+00:00,9,2015-01-01 09:00:00+00:00,27.06,0.0,0.0,0.0,0.3,0.5,1.0,0.0,4.0,5.0,1.0,Hogga_G1,Hogga,3.0,17.0,17.0,94.0,94.0,1,137.785,0.7909587,23.92,0.01,1429.973,49.84,23.790298,1
1,2015-01-01 00:00:00+00:00,10,2015-01-01 10:00:00+00:00,27.13,0.0,0.0,0.0,0.3,0.5,1.0,0.0,4.0,5.0,1.02,Hogga_G1,Hogga,3.0,17.0,17.0,94.0,94.0,1,137.785,0.7909587,24.3,0.01,1429.973,50.3,23.790298,1
1,2015-01-01 00:00:00+00:00,11,2015-01-01 11:00:00+00:00,27.09,0.0,0.0,0.0,0.3,0.5,1.0,0.0,4.0,5.0,1.01,Hogga_G1,Hogga,3.0,17.0,17.0,94.0,94.0,1,137.785,0.7909587,20.9,0.01,1429.973,46.88,23.790298,1
1,2015-01-01 00:00:00+00:00,12,2015-01-01 12:00:00+00:00,27.01,0.0,0.0,0.0,0.3,0.5,1.0,0.0,4.0,5.0,1.03,Hogga_G1,Hogga,3.0,17.0,17.0,94.0,94.0,1,137.785,0.7909587,19.85,0.01,1429.973,45.9,23.790298,1
1,2015-01-01 00:00:00+00:00,13,2015-01-01 13:00:00+00:00,26.98,0.0,0.0,0.0,0.3,0.5,1.0,0.0,4.0,5.0,1.03,Hogga_G1,Hogga,3.0,17.0,17.0,94.0,94.0,1,137.785,0.7909587,19.49,0.01,1429.973,45.510002,23.790298,1
1,2015-01-01 00:00:00+00:00,14,2015-01-01 14:00:00+00:00,27.51,0.0,0.0,0.0,0.3,0.5,1.0,0.0,4.0,5.0,1.06,Hogga_G1,Hogga,3.0,17.0,17.0,94.0,94.0,1,137.785,0.7909587,18.91,0.01,1429.973,45.120003,23.790298,1
1,2015-01-01 00:00:00+00:00,15,2015-01-01 15:00:00+00:00,28.32,0.0,0.0,0.0,0.3,0.5,1.0,0.0,4.0,5.0,1.06,Hogga_G1,Hogga,3.0,17.0,17.0,94.0,94.0,1,137.785,0.7909587,18.47,0.01,1429.973,44.689995,23.790298,1
1,2015-01-01 00:00:00+00:00,16,2015-01-01 16:00:00+00:00,28.36,0.0,0.0,0.0,0.3,0.5,1.0,0.0,4.0,5.0,1.07,Hogga_G1,Hogga,3.0,17.0,17.0,94.0,94.0,1,137.785,0.7909587,17.99,0.01,1429.973,44.299995,23.790298,1
1,2015-01-01 00:00:00+00:00,17,2015-01-01 17:00:00+00:00,28.18,0.0,0.0,0.0,0.3,0.5,1.0,0.0,4.0,5.0,1.1,Hogga_G1,Hogga,3.0,17.0,17.0,94.0,94.0,1,137.785,0.7909587,17.22,0.01,1429.973,43.670002,23.790298,1
1,2015-01-01 00:00:00+00:00,18,2015-01-01 18:00:00+00:00,27.81,0.0,0.0,0.0,0.3,0.5,1.0,0.0,4.0,5.0,1.11,Hogga_G1,Hogga,3.0,17.0,17.0,94.0,94.0,1,137.785,0.7909587,16.86,0.01,1429.973,43.4,23.790298,1
1,2015-01-01 00:00:00+00:00,19,2015-01-01 19:00:00+00:00,27.46,0.0,0.0,0.0,0.3,0.5,1.0,0.0,4.0,5.0,1.12,Hogga_G1,Hogga,3.0,17.0,17.0,94.0,94.0,1,137.785,0.7909587,16.76,0.01,1429.973,43.320004,23.790298,1
1,2015-01-01 00:00:00+00:00,20,2015-01-01 20:00:00+00:00,27.06,0.0,0.0,0.0,0.3,0.5,1.0,0.0,4.0,5.0,1.13,Hogga_G1,Hogga,3.0,17.0,17.0,94.0,94.0,1,137.785,0.7909587,17.11,0.01,1429.973,43.9,23.790298,1
1,2015-01-01 00:00:00+00:00,21,2015-01-01 21:00:00+00:00,27.0,0.0,0.0,0.0,0.3,0.5,1.0,0.0,4.0,5.0,1.16,Hogga_G1,Hogga,3.0,17.0,17.0,94.0,94.0,1,137.785,0.7909587,18.53,0.01,1429.973,45.440006,23.790298,1
1,2015-01-01 00:00:00+00:00,22,2015-01-01 22:00:00+00:00,26.83,0.0,0.0,0.0,0.3,0.5,1.0,0.0,4.0,5.0,1.2,Hogga_G1,Hogga,3.0,17.0,17.0,94.0,94.0,1,137.785,0.7909587,16.26,0.01,1429.973,43.269997,23.790298,1
1,2015-01-01 00:00:00+00:00,23,2015-01-01 23:00:00+00:00,26.71,0.0,0.0,0.0,0.3,0.5,1.0,0.0,4.0,5.0,1.24,Hogga_G1,Hogga,3.0,17.0,17.0,94.0,94.0,1,137.785,0.7909587,14.79,0.01,1429.973,42.109997,23.790298,1
1,2015-01-01 00:00:00+00:00,24,2015-01-02 00:00:00+00:00,26.41,0.0,0.0,0.0,0.3,0.5,1.0,0.0,4.0,5.0,1.26,Hogga_G1,Hogga,3.0,17.0,17.0,94.0,94.0,1,137.785,0.7909587,14.47,0.01,1429.973,41.99,23.790298,1
1,2015-01-01 00:00:00+00:00,25,2015-01-02 01:00:00+00:00,26.2,0.0,0.0,0.0,0.3,0.5,1.0,0.0,4.0,5.0,1.3,Hogga_G1,Hogga,3.0,17.0,17.0,94.0,94.0,1,137.785,0.7909587,13.96,0.01,1429.973,41.769997,23.790298,1
1,2015-01-01 00:00:00+00:00,26,2015-01-02 02:00:00+00:00,25.6,0.0,0.0,0.0,0.3,0.5,1.0,0.0,4.0,5.0,1.52,Hogga_G1,Hogga,3.0,17.0,17.0,94.0,94.0,1,137.785,0.7909587,13.77,0.01,1429.973,42.710003,23.790298,1
1,2015-01-01 00:00:00+00:00,27,2015-01-02 03:00:00+00:00,24.74,0.0,0.0,0.0,0.3,0.5,1.0,0.0,4.0,5.0,1.7,Hogga_G1,Hogga,3.0,17.0,17.0,94.0,94.0,1,137.785,0.7909587,13.9,0.01,1429.973,44.149998,23.790298,1
1,2015-01-01 00:00:00+00:00,28,2015-01-02 04:00:00+00:00,26.1,0.0,0.0,0.0,0.3,0.5,1.0,0.0,4.0,5.0,1.75,Hogga_G1,Hogga,3.0,17.0,17.0,94.0,94.0,1,137.785,0.7909587,13.6,0.01,1429.973,43.850002,23.790298,1
1,2015-01-01 00:00:00+00:00,29,2015-01-02 05:00:00+00:00,27.25,0.0,0.0,0.0,0.3,0.5,1.0,0.0,4.0,5.0,1.65,Hogga_G1,Hogga,3.0,17.0,17.0,94.0,94.0,1,137.785,0.7909587,13.32,0.01,1429.973,43.22,23.790298,1
1,2015-01-01 00:00:00+00:00,30,2015-01-02 06:00:00+00:00,28.37,0.0,0.0,0.0,0.3,0.5,1.0,0.0,4.0,5.0,1.71,Hogga_G1,Hogga,3.0,17.0,17.0,94.0,94.0,1,137.785,0.7909587,13.91,0.01,1429.973,44.120003,23.790298,1
1,2015-01-01 00:00:00+00:00,31,2015-01-02 07:00:00+00:00,28.37,0.0,0.0,0.0,0.3,0.5,1.0,0.0,4.0,5.0,1.92,Hogga_G1,Hogga,3.0,17.0,17.0,94.0,94.0,1,137.785,0.7909587,15.22,0.01,1429.973,46.250008,23.790298,1
1,2015-01-01 00:00:00+00:00,32,2015-01-02 08:00:00+00:00,28.32,0.0,0.0,0.0,0.3,0.5,1.0,0.0,4.0,5.0,2.18,Hogga_G1,Hogga,3.0,17.0,17.0,94.0,94.0,1,137.785,0.7909587,18.7,0.01,1429.973,50.939995,23.790298,1
1,2015-01-01 00:00:00+00:00,33,2015-01-02 09:00:00+00:00,28.3,0.0,0.0,0.0,0.3,0.5,1.0,0.0,4.0,5.0,2.33,Hogga_G1,Hogga,3.0,17.0,17.0,94.0,94.0,1,137.785,0.7909587,24.9,0.01,1429.973,57.870003,23.790298,1
1,2015-01-01 00:00:00+00:00,34,2015-01-02 10:00:00+00:00,28.39,0.0,0.0,0.0,0.3,0.5,1.0,0.0,4.0,5.0,2.35,Hogga_G1,Hogga,3.0,17.0,17.0,94.0,94.0,1,137.785,0.7909587,31.37,0.01,1429.973,64.4,23.790298,1
1,2015-01-01 00:00:00+00:00,35,2015-01-02 11:00:00+00:00,28.3,0.0,0.0,0.0,0.3,0.5,1.0,0.0,4.0,5.0,2.3,Hogga_G1,Hogga,3.0,17.0,17.0,94.0,94.0,1,137.785,0.7909587,33.73,0.01,1429.973,66.61001,23.790298,1
1,2015-01-01 00:00:00+00:00,36,2015-01-02 12:00:00+00:00,28.24,0.0,0.0,0.0,0.3,0.5,1.0,0.0,4.0,5.0,2.23,Hogga_G1,Hogga,3.0,17.0,17.0,94.0,94.0,1,137.785,0.7909587,37.05,0.01,1429.973,69.84999,23.790298,1
1,2015-01-01 00:00:00+00:00,37,2015-01-02 13:00:00+00:00,28.12,0.0,0.0,0.0,0.3,0.5,1.0,0.0,4.0,5.0,2.2,Hogga_G1,Hogga,3.0,17.0,17.0,94.0,94.0,1,137.785,0.7909587,37.19,0.01,1429.973,69.86001,23.790298,1
1,2015-01-01 00:00:00+00:00,38,2015-01-02 14:00:00+00:00,28.23,0.0,0.0,0.0,0.3,0.5,1.0,0.0,4.0,5.0,2.17,Hogga_G1,Hogga,3.0,17.0,17.0,94.0,94.0,1,137.785,0.7909587,36.09,0.01,1429.973,68.77,23.790298,1
1,2015-01-01 00:00:00+00:00,39,2015-01-02 15:00:00+00:00,28.59,0.0,0.0,0.0,0.3,0.5,1.0,0.0,4.0,5.0,2.14,Hogga_G1,Hogga,3.0,17.0,17.0,94.0,94.0,1,137.785,0.7909587,32.89,0.01,1429.973,65.78,23.790298,1
1,2015-01-01 00:00:00+00:00,40,2015-01-02 16:00:00+00:00,28.73,0.0,0.0,0.0,0.3,0.5,1.0,0.0,4.0,5.0,2.13,Hogga_G1,Hogga,3.0,17.0,17.0,94.0,94.0,1,137.785,0.7909587,32.3,0.01,1429.973,65.37,23.790298,1
1,2015-01-01 00:00:00+00:00,41,2015-01-02 17:00:00+00:00,28.48,0.0,0.0,0.0,0.3,0.5,1.0,0.0,4.0,5.0,2.05,Hogga_G1,Hogga,3.0,17.0,17.0,94.0,94.0,1,137.785,0.7909587,31.01,0.01,1429.973,63.86999,23.790298,1
1,2015-01-01 00:00:00+00:00,42,2015-01-02 18:00:00+00:00,28.38,0.0,0.0,0.0,0.3,0.5,1.0,0.0,4.0,5.0,1.64,Hogga_G1,Hogga,3.0,17.0,17.0,94.0,94.0,1,137.785,0.7909587,29.52,0.01,1429.973,60.96,23.790298,1
1,2015-01-01 00:00:00+00:00,43,2015-01-02 19:00:00+00:00,27.85,0.0,0.0,0.0,0.3,0.5,1.0,0.0,4.0,5.0,2.06,Hogga_G1,Hogga,3.0,17.0,17.0,94.0,94.0,1,137.785,0.7909587,28.89,0.01,1429.973,61.939995,23.790298,1
1,2015-01-01 00:00:00+00:00,44,2015-01-02 20:00:00+00:00,27.45,0.0,0.0,0.0,0.3,0.5,1.0,0.0,4.0,5.0,2.2,Hogga_G1,Hogga,3.0,17.0,17.0,94.0,94.0,1,137.785,0.7909587,27.85,0.01,1429.973,61.500004,23.790298,1
1,2015-01-01 00:00:00+00:00,45,2015-01-02 21:00:00+00:00,27.2,0.0,0.0,0.0,0.3,0.5,1.0,0.0,4.0,5.0,2.38,Hogga_G1,Hogga,3.0,17.0,17.0,94.0,94.0,1,137.785,0.7909587,26.64,0.01,1429.973,60.880005,23.790298,1
1,2015-01-01 00:00:00+00:00,46,2015-01-02 22:00:00+00:00,26.79,0.0,0.0,0.0,0.3,0.5,1.0,0.0,4.0,5.0,2.59,Hogga_G1,Hogga,3.0,17.0,17.0,94.0,94.0,1,137.785,0.7909587,25.48,0.01,1429.973,60.380005,23.790298,1
1,2015-01-01 00:00:00+00:00,47,2015-01-02 23:00:00+00:00,25.85,0.0,0.0,0.0,0.3,0.5,1.0,0.0,4.0,5.0,2.83,Hogga_G1,Hogga,3.0,17.0,17.0,94.0,94.0,1,137.785,0.7909587,24.6,0.01,1429.973,60.549995,23.790298,1
1,2015-01-01 00:00:00+00:00,48,2015-01-03 00:00:00+00:00,25.54,0.0,0.0,0.0,0.3,0.5,1.0,0.0,4.0,5.0,2.84,Hogga_G1,Hogga,3.0,17.0,17.0,94.0,94.0,1,137.785,0.7909587,23.72,0.01,1429.973,59.969994,23.790298,1
1,2015-01-01 00:00:00+00:00,49,2015-01-03 01:00:00+00:00,25.43,0.0,0.0,0.0,0.3,0.5,1.0,0.0,4.0,5.0,2.77,Hogga_G1,Hogga,3.0,17.0,17.0,94.0,94.0,1,137.785,0.7909587,23.0,0.01,1429.973,59.22,23.790298,1
1,2015-01-01 00:00:00+00:00,50,2015-01-03 02:00:00+00:00,25.34,0.0,0.0,0.0,0.3,0.5,1.0,0.0,4.0,5.0,2.86,Hogga_G1,Hogga,3.0,17.0,17.0,94.0,94.0,1,137.785,0.7909587,22.21,0.01,1429.973,58.829998,23.790298,1
1,2015-01-01 00:00:00+00:00,51,2015-01-03 03:00:00+00:00,25.29,0.0,0.0,0.0,0.3,0.5,1.0,0.0,4.0,5.0,3.02,Hogga_G1,Hogga,3.0,17.0,17.0,94.0,94.0,1,137.785,0.7909587,21.29,0.01,1429.973,58.570004,23.790298,1
1,2015-01-01 00:00:00+00:00,52,2015-01-03 04:00:00+00:00,25.3,0.0,0.0,0.0,0.3,0.5,1.0,0.0,4.0,5.0,3.13,Hogga_G1,Hogga,3.0,17.0,17.0,94.0,94.0,1,137.785,0.7909587,20.57,0.01,1429.973,58.350002,23.790298,1
1,2015-01-01 00:00:00+00:00,53,2015-01-03 05:00:00+00:00,25.55,0.0,0.0,0.0,0.3,0.5,1.0,0.0,4.0,5.0,3.16,Hogga_G1,Hogga,3.0,17.0,17.0,94.0,94.0,1,137.785,0.7909587,19.7,0.01,1429.973,57.75999,23.790298,1
1,2015-01-01 00:00:00+00:00,54,2015-01-03 06:00:00+00:00,26.75,0.0,0.0,0.0,0.3,0.5,1.0,0.0,4.0,5.0,3.13,Hogga_G1,Hogga,3.0,17.0,17.0,94.0,94.0,1,137.785,0.7909587,19.01,0.01,1429.973,57.1,23.790298,1
1,2015-01-01 00:00:00+00:00,55,2015-01-03 07:00:00+00:00,26.98,0.0,0.0,0.0,0.3,0.5,1.0,0.0,4.0,5.0,3.06,Hogga_G1,Hogga,3.0,17.0,17.0,94.0,94.0,1,137.785,0.7909587,18.24,0.01,1429.973,56.110004,23.790298,1
1,2015-01-01 00:00:00+00:00,56,2015-01-03 08:00:00+00:00,27.52,0.0,0.0,0.0,0.3,0.5,1.0,0.0,4.0,5.0,3.01,Hogga_G1,Hogga,3.0,17.0,17.0,94.0,94.0,1,137.785,0.7909587,17.5,0.01,1429.973,55.31,23.790298,1
1,2015-01-01 00:00:00+00:00,57,2015-01-03 09:00:00+00:00,27.72,0.0,0.0,0.0,0.3,0.5,1.0,0.0,4.0,5.0,3.0,Hogga_G1,Hogga,3.0,17.0,17.0,94.0,94.0,1,137.785,0.7909587,16.67,0.01,1429.973,54.649998,23.790298,1
1,2015-01-01 00:00:00+00:00,58,2015-01-03 10:00:00+00:00,27.73,0.0,0.0,0.0,0.3,0.5,1.0,0.0,4.0,5.0,2.92,Hogga_G1,Hogga,3.0,17.0,17.0,94.0,94.0,1,137.785,0.7909587,16.41,0.01,1429.973,54.35,23.790298,1
1,2015-01-01 00:00:00+00:00,59,2015-01-03 11:00:00+00:00,27.66,0.0,0.0,0.0,0.3,0.5,1.0,0.0,4.0,5.0,2.88,Hogga_G1,Hogga,3.0,17.0,17.0,94.0,94.0,1,137.785,0.7909587,15.94,0.01,1429.973,54.03,23.790298,1
1,2015-01-01 00:00:00+00:00,60,2015-01-03 12:00:00+00:00,27.65,0.0,0.0,0.0,0.3,0.5,1.0,0.0,4.0,5.0,2.85,Hogga_G1,Hogga,3.0,17.0,17.0,94.0,94.0,1,137.785,0.7909587,15.63,0.01,1429.973,53.689995,23.790298,1
1,2015-01-01 00:00:00+00:00,61,2015-01-03 13:00:00+00:00,27.81,0.0,0.0,0.0,0.3,0.5,1.0,0.0,4.0,5.0,2.84,Hogga_G1,Hogga,3.0,17.0,17.0,94.0,94.0,1,137.785,0.7909587,15.45,0.01,1429.973,53.309998,23.790298,1
1,2015-01-01 00:00:00+00:00,62,2015-01-03 14:00:00+00:00,28.29,0.0,0.0,0.0,0.3,0.5,1.0,0.0,4.0,5.0,2.81,Hogga_G1,Hogga,3.0,17.0,17.0,94.0,94.0,1,137.785,0.7909587,15.38,0.01,1429.973,53.260002,23.790298,1
1,2015-01-01 00:00:00+00:00,63,2015-01-03 15:00:00+00:00,28.6,0.0,0.0,0.0,0.3,0.5,1.0,0.0,4.0,5.0,2.75,Hogga_G1,Hogga,3.0,17.0,17.0,94.0,94.0,1,137.785,0.7909587,15.05,0.01,1429.973,52.62,23.790298,1
1,2015-01-01 00:00:00+00:00,64,2015-01-03 16:00:00+00:00,28.88,0.0,0.0,0.0,0.3,0.5,1.0,0.0,4.0,5.0,2.69,Hogga_G1,Hogga,3.0,17.0,17.0,94.0,94.0,1,137.785,0.7909587,14.68,0.01,1429.973,52.05,23.790298,1
1,2015-01-01 00:00:00+00:00,65,2015-01-03 17:00:00+00:00,28.78,0.0,0.0,0.0,0.3,0.5,1.0,0.0,4.0,5.0,2.65,Hogga_G1,Hogga,3.0,17.0,17.0,94.0,94.0,1,137.785,0.7909587,14.3,0.01,1429.973,51.440002,23.790298,1
1,2015-01-01 00:00:00+00:00,66,2015-01-03 18:00:00+00:00,28.54,0.0,0.0,0.0,0.3,0.5,1.0,0.0,4.0,5.0,2.6,Hogga_G1,Hogga,3.0,17.0,17.0,94.0,94.0,1,137.785,0.7909587,13.88,0.01,1429.973,50.850002,23.790298,1
1,2015-01-01 00:00:00+00:00,67,2015-01-03 19:00:00+00:00,28.34,0.0,0.0,0.0,0.3,0.5,1.0,0.0,4.0,5.0,2.54,Hogga_G1,Hogga,3.0,17.0,17.0,94.0,94.0,1,137.785,0.7909587,13.49,0.01,1429.973,50.260002,23.790298,1
1,2015-01-01 00:00:00+00:00,68,2015-01-03 20:00:00+00:00,27.93,0.0,0.0,0.0,0.3,0.5,1.0,0.0,4.0,5.0,2.47,Hogga_G1,Hogga,3.0,17.0,17.0,94.0,94.0,1,137.785,0.7909587,13.02,0.01,1429.973,49.569996,23.790298,1
1,2015-01-01 00:00:00+00:00,69,2015-01-03 21:00:00+00:00,27.7,0.0,0.0,0.0,0.3,0.5,1.0,0.0,4.0,5.0,2.41,Hogga_G1,Hogga,3.0,17.0,17.0,94.0,94.0,1,137.785,0.7909587,12.72,0.01,1429.973,48.970005,23.790298,1
1,2015-01-01 00:00:00+00:00,70,2015-01-03 22:00:00+00:00,27.25,0.0,0.0,0.0,0.3,0.5,1.0,0.0,4.0,5.0,2.33,Hogga_G1,Hogga,3.0,17.0,17.0,94.0,94.0,1,137.785,0.7909587,12.39,0.01,1429.973,48.369995,23.790298,1
1,2015-01-01 00:00:00+00:00,71,2015-01-03 23:00:00+00:00,27.55,0.0,0.0,0.0,0.3,0.5,1.0,0.0,4.0,5.0,2.27,Hogga_G1,Hogga,3.0,17.0,17.0,94.0,94.0,1,137.785,0.7909587,12.05,0.01,1429.973,47.83,23.790298,1
1,2015-01-01 00:00:00+00:00,72,2015-01-04 00:00:00+00:00,27.38,0.0,0.0,0.0,0.3,0.5,1.0,0.0,4.0,5.0,2.22,Hogga_G1,Hogga,3.0,17.0,17.0,94.0,94.0,1,137.785,0.7909587,11.74,0.01,1429.973,47.089996,23.790298,1
1,2015-01-01 00:00:00+00:00,73,2015-01-04 01:00:00+00:00,27.17,0.0,0.0,0.0,0.3,0.5,1.0,0.0,4.0,5.0,2.15,Hogga_G1,Hogga,3.0,17.0,17.0,94.0,94.0,1,137.785,0.7909587,11.55,0.01,1429.973,46.33,23.790298,1
1,2015-01-01 00:00:00+00:00,74,2015-01-04 02:00:00+00:00,27.03,0.0,0.0,0.0,0.3,0.5,1.0,0.0,4.0,5.0,2.1,Hogga_G1,Hogga,3.0,17.0,17.0,94.0,94.0,1,137.785,0.7909587,11.31,0.01,1429.973,45.47,23.790298,1
1,2015-01-01 00:00:00+00:00,75,2015-01-04 03:00:00+00:00,27.04,0.0,0.0,0.0,0.3,0.5,1.0,0.0,4.0,5.0,2.06,Hogga_G1,Hogga,3.0,17.0,17.0,94.0,94.0,1,137.785,0.7909587,11.04,0.01,1429.973,44.949997,23.790298,1
1,2015-01-01 00:00:00+00:00,76,2015-01-04 04:00:00+00:00,27.19,0.0,0.0,0.0,0.3,0.5,1.0,0.0,4.0,5.0,2.01,Hogga_G1,Hogga,3.0,17.0,17.0,94.0,94.0,1,137.785,0.7909587,10.96,0.01,1429.973,44.74,23.790298,1
1,2015-01-01 00:00:00+00:00,77,2015-01-04 05:00:00+00:00,27.13,0.0,0.0,0.0,0.3,0.5,1.0,0.0,4.0,5.0,1.99,Hogga_G1,Hogga,3.0,17.0,17.0,94.0,94.0,1,137.785,0.7909587,10.71,0.01,1429.973,44.41,23.790298,1
1,2015-01-01 00:00:00+00:00,78,2015-01-04 06:00:00+00:00,27.06,0.0,0.0,0.0,0.3,0.5,1.0,0.0,4.0,5.0,1.94,Hogga_G1,Hogga,3.0,17.0,17.0,94.0,94.0,1,137.785,0.7909587,10.59,0.01,1429.973,44.22,23.790298,1
1,2015-01-01 00:00:00+00:00,79,2015-01-04 07:00:00+00:00,27.63,0.0,0.0,0.0,0.3,0.5,1.0,0.0,4.0,5.0,1.89,Hogga_G1,Hogga,3.0,17.0,17.0,94.0,94.0,1,137.785,0.7909587,10.44,0.01,1429.973,43.81,23.790298,1
1,2015-01-01 00:00:00+00:00,80,2015-01-04 08:00:00+00:00,28.03,0.0,0.0,0.0,0.3,0.5,1.0,0.0,4.0,5.0,1.84,Hogga_G1,Hogga,3.0,17.0,17.0,94.0,94.0,1,137.785,0.7909587,10.24,0.01,1429.973,43.470005,23.790298,1
1,2015-01-01 00:00:00+00:00,81,2015-01-04 09:00:00+00:00,28.24,0.0,0.0,0.0,0.3,0.5,1.0,0.0,4.0,5.0,1.82,Hogga_G1,Hogga,3.0,17.0,17.0,94.0,94.0,1,137.785,0.7909587,10.19,0.01,1429.973,43.25,23.790298,1
1,2015-01-01 00:00:00+00:00,82,2015-01-04 10:00:00+00:00,28.32,0.0,0.0,0.0,0.3,0.5,1.0,0.0,4.0,5.0,1.79,Hogga_G1,Hogga,3.0,17.0,17.0,94.0,94.0,1,137.785,0.7909587,10.06,0.01,1429.973,42.949997,23.790298,1
1,2015-01-01 00:00:00+00:00,83,2015-01-04 11:00:00+00:00,28.24,0.0,0.0,0.0,0.3,0.5,1.0,0.0,4.0,5.0,1.77,Hogga_G1,Hogga,3.0,17.0,17.0,94.0,94.0,1,137.785,0.7909587,9.93,0.01,1429.973,42.93,23.790298,1
1,2015-01-01 00:00:00+00:00,84,2015-01-04 12:00:00+00:00,28.27,0.0,0.0,0.0,0.3,0.5,1.0,0.0,4.0,5.0,1.74,Hogga_G1,Hogga,3.0,17.0,17.0,94.0,94.0,1,137.785,0.7909587,9.9,0.01,1429.973,42.960003,23.790298,1
1,2015-01-01 00:00:00+00:00,85,2015-01-04 13:00:00+00:00,28.32,0.0,0.0,0.0,0.3,0.5,1.0,0.0,4.0,5.0,1.72,Hogga_G1,Hogga,3.0,17.0,17.0,94.0,94.0,1,137.785,0.7909587,9.84,0.01,1429.973,42.840004,23.790298,1
1,2015-01-01 00:00:00+00:00,86,2015-01-04 14:00:00+00:00,28.37,0.0,0.0,0.0,0.3,0.5,1.0,0.0,4.0,5.0,1.7,Hogga_G1,Hogga,3.0,17.0,17.0,94.0,94.0,1,137.785,0.7909587,9.82,0.01,1429.973,42.590004,23.790298,1
1,2015-01-01 00:00:00+00:00,87,2015-01-04 15:00:00+00:00,28.65,0.0,0.0,0.0,0.3,0.5,1.0,0.0,4.0,5.0,1.68,Hogga_G1,Hogga,3.0,17.0,17.0,94.0,94.0,1,137.785,0.7909587,9.68,0.01,1429.973,42.33,23.790298,1
1,2015-01-01 00:00:00+00:00,88,2015-01-04 16:00:00+00:00,28.98,0.0,0.0,0.0,0.3,0.5,1.0,0.0,4.0,5.0,1.68,Hogga_G1,Hogga,3.0,17.0,17.0,94.0,94.0,1,137.785,0.7909587,9.47,0.01,1429.973,41.82,23.790298,1
1,2015-01-01 00:00:00+00:00,89,2015-01-04 17:00:00+00:00,29.54,0.0,0.0,0.0,0.3,0.5,1.0,0.0,4.0,5.0,1.65,Hogga_G1,Hogga,3.0,17.0,17.0,94.0,94.0,1,137.785,0.7909587,9.32,0.01,1429.973,41.660004,23.790298,1
1,2015-01-01 00:00:00+00:00,90,2015-01-04 18:00:00+00:00,29.42,0.0,0.0,0.0,0.3,0.5,1.0,0.0,4.0,5.0,1.64,Hogga_G1,Hogga,3.0,17.0,17.0,94.0,94.0,1,137.785,0.7909587,9.18,0.01,1429.973,41.840004,23.790298,1
1,2015-01-01 00:00:00+00:00,91,2015-01-04 19:00:00+00:00,28.92,0.0,0.0,0.0,0.3,0.5,1.0,0.0,4.0,5.0,1.63,Hogga_G1,Hogga,3.0,17.0,17.0,94.0,94.0,1,137.785,0.7909587,9.04,0.01,1429.973,42.109997,23.790298,1
1,2015-01-01 00:00:00+00:00,92,2015-01-04 20:00:00+00:00,28.66,0.0,0.0,0.0,0.3,0.5,1.0,0.0,4.0,5.0,1.6,Hogga_G1,Hogga,3.0,17.0,17.0,94.0,94.0,1,137.785,0.7909587,8.95,0.01,1429.973,41.949997,23.790298,1
1,2015-01-01 00:00:00+00:00,93,2015-01-04 21:00:00+00:00,28.69,0.0,0.0,0.0,0.3,0.5,1.0,0.0,4.0,5.0,1.59,Hogga_G1,Hogga,3.0,17.0,17.0,94.0,94.0,1,137.785,0.7909587,8.82,0.01,1429.973,41.75,23.790298,1
1,2015-01-01 00:00:00+00:00,94,2015-01-04 22:00:00+00:00,28.02,0.0,0.0,0.0,0.3,0.5,1.0,0.0,4.0,5.0,1.58,Hogga_G1,Hogga,3.0,17.0,17.0,94.0,94.0,1,137.785,0.7909587,8.7,0.01,1429.973,41.55,23.790298,1
1,2015-01-01 00:00:00+00:00,95,2015-01-04 23:00:00+00:00,28.19,0.0,0.0,0.0,0.3,0.5,1.0,0.0,4.0,5.0,1.57,Hogga_G1,Hogga,3.0,17.0,17.0,94.0,94.0,1,137.785,0.7909587,8.66,0.01,1429.973,41.78,23.790298,1
1,2015-01-01 00:00:00+00:00,96,2015-01-05 00:00:00+00:00,28.15,0.0,0.0,0.0,0.3,0.5,1.0,0.0,4.0,5.0,1.56,Hogga_G1,Hogga,3.0,17.0,17.0,94.0,94.0,1,137.785,0.7909587,8.54,0.01,1429.973,41.7,23.790298,1
1,2015-01-01 00:00:00+00:00,97,2015-01-05 01:00:00+00:00,28.13,0.0,0.0,0.0,0.3,0.5,1.0,0.0,4.0,5.0,1.54,Hogga_G1,Hogga,3.0,17.0,17.0,94.0,94.0,1,137.785,0.7909587,8.39,0.01,1429.973,41.62,23.790298,1
1,2015-01-01 00:00:00+00:00,98,2015-01-05 02:00:00+00:00,28.05,0.0,0.0,0.0,0.3,0.5,1.0,0.0,4.0,5.0,1.53,Hogga_G1,Hogga,3.0,17.0,17.0,94.0,94.0,1,137.785,0.7909587,8.21,0.01,1429.973,41.600002,23.790298,1
1,2015-01-01 00:00:00+00:00,99,2015-01-05 03:00:00+00:00,28.04,0.0,0.0,0.0,0.3,0.5,1.0,0.0,4.0,5.0,1.52,Hogga_G1,Hogga,3.0,17.0,17.0,94.0,94.0,1,137.785,0.7909587,8.15,0.01,1429.973,41.6,23.790298,1
1,2015-01-01 00:00:00+00:00,100,2015-01-05 04:00:00+00:00,28.46,0.0,0.0,0.0,0.3,0.5,1.0,0.0,4.0,5.0,1.51,Hogga_G1,Hogga,3.0,17.0,17.0,94.0,94.0,1,137.785,0.7909587,8.18,0.01,1429.973,41.54,23.790298,1
1,2015-01-01 00:00:00+00:00,101,2015-01-05 05:00:00+00:00,28.78,0.0,0.0,0.0,0.3,0.5,1.0,0.0,4.0,5.0,1.5,Hogga_G1,Hogga,3.0,17.0,17.0,94.0,94.0,1,137.785,0.7909587,8.15,0.01,1429.973,41.56,23.790298,1
1,2015-01-01 00:00:00+00:00,102,2015-01-05 06:00:00+00:00,30.99,0.0,0.0,0.0,0.3,0.5,1.0,0.0,4.0,5.0,1.48,Hogga_G1,Hogga,3.0,17.0,17.0,94.0,94.0,1,137.785,0.7909587,8.18,0.01,1429.973,41.52,23.790298,1
1,2015-01-01 00:00:00+00:00,103,2015-01-05 07:00:00+00:00,38.15,0.0,0.0,0.0,0.3,0.5,1.0,0.0,4.0,5.0,1.47,Hogga_G1,Hogga,3.0,17.0,17.0,94.0,94.0,1,137.785,0.7909587,8.12,0.01,1429.973,41.569996,23.790298,1
1,2015-01-01 00:00:00+00:00,104,2015-01-05 08:00:00+00:00,41.51,0.0,0.0,0.0,0.3,0.5,1.0,0.0,4.0,5.0,1.46,Hogga_G1,Hogga,3.0,17.0,17.0,94.0,94.0,1,137.785,0.7909587,8.02,0.01,1429.973,41.379993,23.790298,1
1,2015-01-01 00:00:00+00:00,105,2015-01-05 09:00:00+00:00,40.46,0.0,0.0,0.0,0.3,0.5,1.0,0.0,4.0,5.0,1.46,Hogga_G1,Hogga,3.0,17.0,17.0,94.0,94.0,1,137.785,0.7909587,8.04,0.01,1429.973,41.28,23.790298,1
1,2015-01-01 00:00:00+00:00,106,2015-01-05 10:00:00+00:00,40.97,0.0,0.0,0.0,0.3,0.5,1.0,0.0,4.0,5.0,1.45,Hogga_G1,Hogga,3.0,17.0,17.0,94.0,94.0,1,137.785,0.7909587,7.94,0.01,1429.973,41.19,23.790298,1
1,2015-01-01 00:00:00+00:00,107,2015-01-05 11:00:00+00:00,38.66,0.0,0.0,0.0,0.3,0.5,1.0,0.0,4.0,5.0,1.45,Hogga_G1,Hogga,3.0,17.0,17.0,94.0,94.0,1,137.785,0.7909587,7.89,0.01,1429.973,41.149998,23.790298,1
1,2015-01-01 00:00:00+00:00,108,2015-01-05 12:00:00+00:00,36.44,0.0,0.0,0.0,0.3,0.5,1.0,0.0,4.0,5.0,1.45,Hogga_G1,Hogga,3.0,17.0,17.0,94.0,94.0,1,137.785,0.7909587,7.98,0.01,1429.973,41.149998,23.790298,1
1,2015-01-01 00:00:00+00:00,109,2015-01-05 13:00:00+00:00,37.74,0.0,0.0,0.0,0.3,0.5,1.0,0.0,4.0,5.0,1.45,Hogga_G1,Hogga,3.0,17.0,17.0,94.0,94.0,1,137.785,0.7909587,7.99,0.01,1429.973,41.11,23.790298,1
1,2015-01-01 00:00:00+00:00,110,2015-01-05 14:00:00+00:00,43.1,0.0,0.0,0.0,0.3,0.5,1.0,0.0,4.0,5.0,1.45,Hogga_G1,Hogga,3.0,17.0,17.0,94.0,94.0,1,137.785,0.7909587,7.93,0.01,1429.973,40.93,23.790298,1
1,2015-01-01 00:00:00+00:00,111,2015-01-05 15:00:00+00:00,46.7,0.0,0.0,0.0,0.3,0.5,1.0,0.0,4.0,5.0,1.44,Hogga_G1,Hogga,3.0,17.0,17.0,94.0,94.0,1,137.785,0.7909587,7.86,0.01,1429.973,40.760002,23.790298,1
1,2015-01-01 00:00:00+00:00,112,2015-01-05 16:00:00+00:00,56.78,0.0,0.0,0.0,0.3,0.5,1.0,0.0,4.0,5.0,1.44,Hogga_G1,Hogga,3.0,17.0,17.0,94.0,94.0,1,137.785,0.7909587,7.79,0.01,1429.973,40.64,23.790298,1
1,2015-01-01 00:00:00+00:00,113,2015-01-05 17:00:00+00:00,36.49,0.0,0.0,0.0,0.3,0.5,1.0,0.0,4.0,5.0,1.45,Hogga_G1,Hogga,3.0,17.0,17.0,94.0,94.0,1,137.785,0.7909587,7.68,0.01,1429.973,40.550003,23.790298,1
1,2015-01-01 00:00:00+00:00,114,2015-01-05 18:00:00+00:00,32.43,0.0,0.0,0.0,0.3,0.5,1.0,0.0,4.0,5.0,1.44,Hogga_G1,Hogga,3.0,17.0,17.0,94.0,94.0,1,137.785,0.7909587,7.65,0.01,1429.973,40.46,23.790298,1
1,2015-01-01 00:00:00+00:00,115,2015-01-05 19:00:00+00:00,31.39,0.0,0.0,0.0,0.3,0.5,1.0,0.0,4.0,5.0,1.43,Hogga_G1,Hogga,3.0,17.0,17.0,94.0,94.0,1,137.785,0.7909587,7.6,0.01,1429.973,40.28,23.790298,1
1,2015-01-01 00:00:00+00:00,116,2015-01-05 20:00:00+00:00,30.29,0.0,0.0,0.0,0.3,0.5,1.0,0.0,4.0,5.0,1.43,Hogga_G1,Hogga,3.0,17.0,17.0,94.0,94.0,1,137.785,0.7909587,7.52,0.01,1429.973,40.05,23.790298,1
1,2015-01-01 00:00:00+00:00,117,2015-01-05 21:00:00+00:00,29.43,0.0,0.0,0.0,0.3,0.5,1.0,0.0,4.0,5.0,1.43,Hogga_G1,Hogga,3.0,17.0,17.0,94.0,94.0,1,137.785,0.7909587,7.4,0.01,1429.973,39.86,23.790298,1
1,2015-01-01 00:00:00+00:00,118,2015-01-05 22:00:00+00:00,29.09,0.0,0.0,0.0,0.3,0.5,1.0,0.0,4.0,5.0,1.44,Hogga_G1,Hogga,3.0,17.0,17.0,94.0,94.0,1,137.785,0.7909587,7.24,0.01,1429.973,39.69,23.790298,1
1,2015-01-01 00:00:00+00:00,119,2015-01-05 23:00:00+00:00,28.08,0.0,0.0,0.0,0.3,0.5,1.0,0.0,4.0,5.0,1.44,Hogga_G1,Hogga,3.0,17.0,17.0,94.0,94.0,1,137.785,0.7909587,7.24,0.01,1429.973,39.55,23.790298,1
1,2015-01-01 00:00:00+00:00,120,2015-01-06 00:00:00+00:00,27.94,0.0,0.0,0.0,0.3,0.5,1.0,0.0,4.0,5.0,1.44,Hogga_G1,Hogga,3.0,17.0,17.0,94.0,94.0,1,137.785,0.7909587,7.1,0.01,1429.973,39.39,23.790298,1
1,2015-01-01 00:00:00+00:00,121,2015-01-06 01:00:00+00:00,27.91,0.0,0.0,0.0,0.3,0.5,1.0,0.0,4.0,5.0,1.44,Hogga_G1,Hogga,3.0,17.0,17.0,94.0,94.0,1,137.785,0.7909587,7.02,0.01,1429.973,39.17,23.790298,1
1,2015-01-01 00:00:00+00:00,122,2015-01-06 02:00:00+00:00,27.89,0.0,0.0,0.0,0.3,0.5,1.0,0.0,4.0,5.0,1.44,Hogga_G1,Hogga,3.0,17.0,17.0,94.0,94.0,1,137.785,0.7909587,6.94,0.01,1429.973,39.05,23.790298,1
1,2015-01-01 00:00:00+00:00,123,2015-01-06 03:00:00+00:00,27.89,0.0,0.0,0.0,0.3,0.5,1.0,0.0,4.0,5.0,1.44,Hogga_G1,Hogga,3.0,17.0,17.0,94.0,94.0,1,137.785,0.7909587,6.71,0.01,1429.973,38.82,23.790298,1
1,2015-01-01 00:00:00+00:00,124,2015-01-06 04:00:00+00:00,28.01,0.0,0.0,0.0,0.3,0.5,1.0,0.0,4.0,5.0,1.44,Hogga_G1,Hogga,3.0,17.0,17.0,94.0,94.0,1,137.785,0.7909587,6.2,0.01,1429.973,38.199997,23.790298,1
1,2015-01-01 00:00:00+00:00,125,2015-01-06 05:00:00+00:00,28.73,0.0,0.0,0.0,0.3,0.5,1.0,0.0,4.0,5.0,1.44,Hogga_G1,Hogga,3.0,17.0,17.0,94.0,94.0,1,137.785,0.7909587,6.1,0.01,1429.973,38.02,23.790298,1
1,2015-01-01 00:00:00+00:00,126,2015-01-06 06:00:00+00:00,30.03,0.0,0.0,0.0,0.3,0.5,1.0,0.0,4.0,5.0,1.43,Hogga_G1,Hogga,3.0,17.0,17.0,94.0,94.0,1,137.785,0.7909587,6.01,0.01,1429.973,37.890003,23.790298,1
1,2015-01-01 00:00:00+00:00,127,2015-01-06 07:00:00+00:00,30.5,0.0,0.0,0.0,0.3,0.5,1.0,0.0,4.0,5.0,1.42,Hogga_G1,Hogga,3.0,17.0,17.0,94.0,94.0,1,137.785,0.7909587,5.93,0.01,1429.973,37.78,23.790298,1
1,2015-01-01 00:00:00+00:00,128,2015-01-06 08:00:00+00:00,30.35,0.0,0.0,0.0,0.3,0.5,1.0,0.0,4.0,5.0,1.42,Hogga_G1,Hogga,3.0,17.0,17.0,94.0,94.0,1,137.785,0.7909587,5.83,0.01,1429.973,37.500004,23.790298,1
1,2015-01-01 00:00:00+00:00,129,2015-01-06 09:00:00+00:00,30.53,0.0,0.0,0.0,0.3,0.5,1.0,0.0,4.0,5.0,1.42,Hogga_G1,Hogga,3.0,17.0,17.0,94.0,94.0,1,137.785,0.7909587,5.78,0.01,1429.973,37.480003,23.790298,1
1,2015-01-01 00:00:00+00:00,130,2015-01-06 10:00:00+00:00,29.91,0.0,0.0,0.0,0.3,0.5,1.0,0.0,4.0,5.0,1.43,Hogga_G1,Hogga,3.0,17.0,17.0,94.0,94.0,1,137.785,0.7909587,5.75,0.01,1429.973,37.54,23.790298,1
1,2015-01-01 00:00:00+00:00,131,2015-01-06 11:00:00+00:00,29.62,0.0,0.0,0.0,0.3,0.5,1.0,0.0,4.0,5.0,1.41,Hogga_G1,Hogga,3.0,17.0,17.0,94.0,94.0,1,137.785,0.7909587,5.68,0.01,1429.973,37.300003,23.790298,1
1,2015-01-01 00:00:00+00:00,132,2015-01-06 12:00:00+00:00,29.58,0.0,0.0,0.0,0.3,0.5,1.0,0.0,4.0,5.0,1.4,Hogga_G1,Hogga,3.0,17.0,17.0,94.0,94.0,1,137.785,0.7909587,5.7,0.01,1429.973,37.29,23.790298,1
1,2015-01-01 00:00:00+00:00,133,2015-01-06 13:00:00+00:00,29.57,0.0,0.0,0.0,0.3,0.5,1.0,0.0,4.0,5.0,1.41,Hogga_G1,Hogga,3.0,17.0,17.0,94.0,94.0,1,137.785,0.7909587,5.71,0.01,1429.973,37.34,23.790298,1
1,2015-01-01 00:00:00+00:00,134,2015-01-06 14:00:00+00:00,29.62,0.0,0.0,0.0,0.3,0.5,1.0,0.0,4.0,5.0,1.41,Hogga_G1,Hogga,3.0,17.0,17.0,94.0,94.0,1,137.785,0.7909587,5.7,0.01,1429.973,37.329998,23.790298,1
1,2015-01-01 00:00:00+00:00,135,2015-01-06 15:00:00+00:00,29.99,0.0,0.0,0.0,0.3,0.5,1.0,0.0,4.0,5.0,1.41,Hogga_G1,Hogga,3.0,17.0,17.0,94.0,94.0,1,137.785,0.7909587,5.66,0.01,1429.973,37.409996,23.790298,1
1,2015-01-01 00:00:00+00:00,136,2015-01-06 16:00:00+00:00,29.65,0.0,0.0,0.0,0.3,0.5,1.0,0.0,4.0,5.0,1.41,Hogga_G1,Hogga,3.0,17.0,17.0,94.0,94.0,1,137.785,0.7909587,5.75,0.01,1429.973,37.57,23.790298,1
1,2015-01-01 00:00:00+00:00,137,2015-01-06 17:00:00+00:00,29.58,0.0,0.0,0.0,0.3,0.5,1.0,0.0,4.0,5.0,1.4,Hogga_G1,Hogga,3.0,17.0,17.0,94.0,94.0,1,137.785,0.7909587,5.88,0.01,1429.973,37.66,23.790298,1
1,2015-01-01 00:00:00+00:00,138,2015-01-06 18:00:00+00:00,29.0,0.0,0.0,0.0,0.3,0.5,1.0,0.0,4.0,5.0,1.4,Hogga_G1,Hogga,3.0,17.0,17.0,94.0,94.0,1,137.785,0.7909587,6.11,0.01,1429.973,38.019997,23.790298,1
1,2015-01-01 00:00:00+00:00,139,2015-01-06 19:00:00+00:00,28.45,0.0,0.0,0.0,0.3,0.5,1.0,0.0,4.0,5.0,1.4,Hogga_G1,Hogga,3.0,17.0,17.0,94.0,94.0,1,137.785,0.7909587,6.49,0.01,1429.973,38.449997,23.790298,1
1,2015-01-01 00:00:00+00:00,140,2015-01-06 20:00:00+00:00,28.15,0.0,0.0,0.0,0.3,0.5,1.0,0.0,4.0,5.0,1.38,Hogga_G1,Hogga,3.0,17.0,17.0,94.0,94.0,1,137.785,0.7909587,6.85,0.01,1429.973,38.719997,23.790298,1
1,2015-01-01 00:00:00+00:00,141,2015-01-06 21:00:00+00:00,27.73,0.0,0.0,0.0,0.3,0.5,1.0,0.0,4.0,5.0,1.4,Hogga_G1,Hogga,3.0,17.0,17.0,94.0,94.0,1,137.785,0.7909587,7.17,0.01,1429.973,39.03,23.790298,1
1,2015-01-01 00:00:00+00:00,142,2015-01-06 22:00:00+00:00,27.32,0.0,0.0,0.0,0.3,0.5,1.0,0.0,4.0,5.0,1.39,Hogga_G1,Hogga,3.0,17.0,17.0,94.0,94.0,1,137.785,0.7909587,7.86,0.01,1429.973,39.649998,23.790298,1
1,2015-01-01 00:00:00+00:00,143,2015-01-06 23:00:00+00:00,26.35,0.0,0.0,0.0,0.3,0.5,1.0,0.0,4.0,5.0,1.31,Hogga_G1,Hogga,3.0,17.0,17.0,94.0,94.0,1,137.785,0.7909587,8.64,0.01,1429.973,40.170002,23.790298,1
1,2015-01-01 00:00:00+00:00,144,2015-01-07 00:00:00+00:00,26.08,0.0,0.0,0.0,0.3,0.5,1.0,0.0,4.0,5.0,1.29,Hogga_G1,Hogga,3.0,17.0,17.0,94.0,94.0,1,137.785,0.7909587,10.22,0.01,1429.973,41.75,23.790298,1
1,2015-01-01 00:00:00+00:00,145,2015-01-07 01:00:00+00:00,26.03,0.0,0.0,0.0,0.3,0.5,1.0,0.0,4.0,5.0,1.29,Hogga_G1,Hogga,3.0,17.0,17.0,94.0,94.0,1,137.785,0.7909587,14.25,0.01,1429.973,45.58,23.790298,1
1,2015-01-01 00:00:00+00:00,146,2015-01-07 02:00:00+00:00,26.17,0.0,0.0,0.0,0.3,0.5,1.0,0.0,4.0,5.0,1.27,Hogga_G1,Hogga,3.0,17.0,17.0,94.0,94.0,1,137.785,0.7909587,22.82,0.01,1429.973,54.070004,23.790298,1
1,2015-01-01 00:00:00+00:00,147,2015-01-07 03:00:00+00:00,26.74,0.0,0.0,0.0,0.3,0.5,1.0,0.0,4.0,5.0,1.27,Hogga_G1,Hogga,3.0,17.0,17.0,94.0,94.0,1,137.785,0.7909587,25.97,0.01,1429.973,57.11,23.790298,1
1,2015-01-01 00:00:00+00:00,148,2015-01-07 04:00:00+00:00,27.78,0.0,0.0,0.0,0.3,0.5,1.0,0.0,4.0,5.0,1.27,Hogga_G1,Hogga,3.0,17.0,17.0,94.0,94.0,1,137.785,0.7909587,29.12,0.01,1429.973,60.249996,23.790298,1
1,2015-01-01 00:00:00+00:00,149,2015-01-07 05:00:00+00:00,28.48,0.0,0.0,0.0,0.3,0.5,1.0,0.0,4.0,5.0,1.27,Hogga_G1,Hogga,3.0,17.0,17.0,94.0,94.0,1,137.785,0.7909587,32.44,0.01,1429.973,63.659996,23.790298,1
1,2015-01-01 00:00:00+00:00,150,2015-01-07 06:00:00+00:00,31.53,0.0,0.0,0.0,0.3,0.5,1.0,0.0,4.0,5.0,1.27,Hogga_G1,Hogga,3.0,17.0,17.0,94.0,94.0,1,137.785,0.7909587,36.2,0.01,1429.973,67.27,23.790298,1
1,2015-01-01 00:00:00+00:00,151,2015-01-07 07:00:00+00:00,32.54,0.0,0.0,0.0,0.3,0.5,1.0,0.0,4.0,5.0,1.27,Hogga_G1,Hogga,3.0,17.0,17.0,94.0,94.0,1,137.785,0.7909587,37.31,0.01,1429.973,68.34,23.790298,1
1,2015-01-01 00:00:00+00:00,152,2015-01-07 08:00:00+00:00,32.24,0.0,0.0,0.0,0.3,0.5,1.0,0.0,4.0,5.0,1.26,Hogga_G1,Hogga,3.0,17.0,17.0,94.0,94.0,1,137.785,0.7909587,36.23,0.01,1429.973,67.09,23.790298,1
1,2015-01-01 00:00:00+00:00,153,2015-01-07 09:00:00+00:00,31.96,0.0,0.0,0.0,0.3,0.5,1.0,0.0,4.0,5.0,1.25,Hogga_G1,Hogga,3.0,17.0,17.0,94.0,94.0,1,137.785,0.7909587,35.27,0.01,1429.973,66.03,23.790298,1
1,2015-01-01 00:00:00+00:00,154,2015-01-07 10:00:00+00:00,31.66,0.0,0.0,0.0,0.3,0.5,1.0,0.0,4.0,5.0,1.25,Hogga_G1,Hogga,3.0,17.0,17.0,94.0,94.0,1,137.785,0.7909587,33.54,0.01,1429.973,64.28999,23.790298,1
1,2015-01-01 00:00:00+00:00,155,2015-01-07 11:00:00+00:00,30.97,0.0,0.0,0.0,0.3,0.5,1.0,0.0,4.0,5.0,1.25,Hogga_G1,Hogga,3.0,17.0,17.0,94.0,94.0,1,137.785,0.7909587,31.47,0.01,1429.973,62.21,23.790298,1
1,2015-01-01 00:00:00+00:00,156,2015-01-07 12:00:00+00:00,30.65,0.0,0.0,0.0,0.3,0.5,1.0,0.0,4.0,5.0,1.25,Hogga_G1,Hogga,3.0,17.0,17.0,94.0,94.0,1,137.785,0.7909587,29.32,0.01,1429.973,60.109997,23.790298,1
1,2015-01-01 00:00:00+00:00,157,2015-01-07 13:00:00+00:00,30.31,0.0,0.0,0.0,0.3,0.5,1.0,0.0,4.0,5.0,1.23,Hogga_G1,Hogga,3.0,17.0,17.0,94.0,94.0,1,137.785,0.7909587,27.97,0.01,1429.973,58.690002,23.790298,1
1,2015-01-01 00:00:00+00:00,158,2015-01-07 14:00:00+00:00,29.79,0.0,0.0,0.0,0.3,0.5,1.0,0.0,4.0,5.0,1.23,Hogga_G1,Hogga,3.0,17.0,17.0,94.0,94.0,1,137.785,0.7909587,26.34,0.01,1429.973,57.100002,23.790298,1
1,2015-01-01 00:00:00+00:00,159,2015-01-07 15:00:00+00:00,30.72,0.0,0.0,0.0,0.3,0.5,1.0,0.0,4.0,5.0,1.21,Hogga_G1,Hogga,3.0,17.0,17.0,94.0,94.0,1,137.785,0.7909587,24.83,0.01,1429.973,55.480007,23.790298,1
1,2015-01-01 00:00:00+00:00,160,2015-01-07 16:00:00+00:00,29.56,0.0,0.0,0.0,0.3,0.5,1.0,0.0,4.0,5.0,1.2,Hogga_G1,Hogga,3.0,17.0,17.0,94.0,94.0,1,137.785,0.7909587,23.53,0.01,1429.973,54.170006,23.790298,1
1,2015-01-01 00:00:00+00:00,161,2015-01-07 17:00:00+00:00,28.84,0.0,0.0,0.0,0.3,0.5,1.0,0.0,4.0,5.0,1.2,Hogga_G1,Hogga,3.0,17.0,17.0,94.0,94.0,1,137.785,0.7909587,21.8,0.01,1429.973,52.4,23.790298,1
1,2015-01-01 00:00:00+00:00,162,2015-01-07 18:00:00+00:00,28.2,0.0,0.0,0.0,0.3,0.5,1.0,0.0,4.0,5.0,1.2,Hogga_G1,Hogga,3.0,17.0,17.0,94.0,94.0,1,137.785,0.7909587,20.61,0.01,1429.973,51.180004,23.790298,1
1,2015-01-01 00:00:00+00:00,163,2015-01-07 19:00:00+00:00,27.75,0.0,0.0,0.0,0.3,0.5,1.0,0.0,4.0,5.0,1.2,Hogga_G1,Hogga,3.0,17.0,17.0,94.0,94.0,1,137.785,0.7909587,19.86,0.01,1429.973,50.419994,23.790298,1
1,2015-01-01 00:00:00+00:00,164,2015-01-07 20:00:00+00:00,27.42,0.0,0.0,0.0,0.3,0.5,1.0,0.0,4.0,5.0,1.21,Hogga_G1,Hogga,3.0,17.0,17.0,94.0,94.0,1,137.785,0.7909587,18.6,0.01,1429.973,49.229996,23.790298,1
1,2015-01-01 00:00:00+00:00,165,2015-01-07 21:00:00+00:00,26.68,0.0,0.0,0.0,0.3,0.5,1.0,0.0,4.0,5.0,1.22,Hogga_G1,Hogga,3.0,17.0,17.0,94.0,94.0,1,137.785,0.7909587,18.6,0.01,1429.973,49.22,23.790298,1
1,2015-01-01 00:00:00+00:00,166,2015-01-07 22:00:00+00:00,26.15,0.0,0.0,0.0,0.3,0.5,1.0,0.0,4.0,5.0,1.21,Hogga_G1,Hogga,3.0,17.0,17.0,94.0,94.0,1,137.785,0.7909587,18.43,0.01,1429.973,49.059998,23.790298,1
1,2015-01-01 00:00:00+00:00,167,2015-01-07 23:00:00+00:00,26.04,0.0,0.0,0.0,0.3,0.5,1.0,0.0,4.0,5.0,1.19,Hogga_G1,Hogga,3.0,17.0,17.0,94.0,94.0,1,137.785,0.7909587,18.49,0.01,1429.973,49.1,23.790298,1
1,2015-01-01 00:00:00+00:00,0,2015-01-01 00:00:00+00:00,27.07,0.0,0.0,0.0,0.3,0.5,1.0,0.0,4.0,5.0,1.01,Tokke_G1,Tokke,36.9,107.5,107.5,214.0,214.0,1,6.672,0.71282053,5.23,19.65,1195.2599,24.57,27.152872,1
1,2015-01-01 00:00:00+00:00,1,2015-01-01 01:00:00+00:00,26.93,0.0,0.0,0.0,0.3,0.5,1.0,0.0,4.0,5.0,1.0,Tokke_G1,Tokke,36.9,107.5,107.5,214.0,214.0,1,6.672,0.71282053,5.23,19.65,1195.2599,24.5,27.152872,1
1,2015-01-01 00:00:00+00:00,2,2015-01-01 02:00:00+00:00,26.83,0.0,0.0,0.0,0.3,0.5,1.0,0.0,4.0,5.0,1.01,Tokke_G1,Tokke,36.9,107.5,107.5,214.0,214.0,1,6.672,0.71282053,5.24,19.65,1195.2599,24.4,27.152872,1
1,2015-01-01 00:00:00+00:00,3,2015-01-01 03:00:00+00:00,26.81,0.0,0.0,0.0,0.3,0.5,1.0,0.0,4.0,5.0,1.0,Tokke_G1,Tokke,36.9,107.5,107.5,214.0,214.0,1,6.672,0.71282053,5.28,19.65,1195.2599,24.430002,27.152872,1
1,2015-01-01 00:00:00+00:00,4,2015-01-01 04:00:00+00:00,26.97,0.0,0.0,0.0,0.3,0.5,1.0,0.0,4.0,5.0,0.99,Tokke_G1,Tokke,36.9,107.5,107.5,214.0,214.0,1,6.672,0.71282053,5.28,19.65,1195.2599,24.35,27.152872,1
1,2015-01-01 00:00:00+00:00,5,2015-01-01 05:00:00+00:00,27.07,0.0,0.0,0.0,0.3,0.5,1.0,0.0,4.0,5.0,1.0,Tokke_G1,Tokke,36.9,107.5,107.5,214.0,214.0,1,6.672,0.71282053,5.28,19.65,1195.2599,24.340002,27.152872,1
1,2015-01-01 00:00:00+00:00,6,2015-01-01 06:00:00+00:00,26.8,0.0,0.0,0.0,0.3,0.5,1.0,0.0,4.0,5.0,1.0,Tokke_G1,Tokke,36.9,107.5,107.5,214.0,214.0,1,6.672,0.71282053,5.27,19.65,1195.2599,24.270002,27.152872,1
1,2015-01-01 00:00:00+00:00,7,2015-01-01 07:00:00+00:00,26.97,0.0,0.0,0.0,0.3,0.5,1.0,0.0,4.0,5.0,1.0,Tokke_G1,Tokke,36.9,107.5,107.5,214.0,214.0,1,6.672,0.71282053,5.25,19.65,1195.2599,24.27,27.152872,1
1,2015-01-01 00:00:00+00:00,8,2015-01-01 08:00:00+00:00,26.98,0.0,0.0,0.0,0.3,0.5,1.0,0.0,4.0,5.0,1.0,Tokke_G1,Tokke,36.9,107.5,107.5,214.0,214.0,1,6.672,0.71282053,5.26,19.65,1195.2599,24.340002,27.152872,1
1,2015-01-01 00:00:00+00:00,9,2015-01-01 09:00:00+00:00,27.06,0.0,0.0,0.0,0.3,0.5,1.0,0.0,4.0,5.0,1.0,Tokke_G1,Tokke,36.9,107.5,107.5,214.0,214.0,1,6.672,0.71282053,5.2,19.65,1195.2599,24.16,27.152872,1
1,2015-01-01 00:00:00+00:00,10,2015-01-01 10:00:00+00:00,27.13,0.0,0.0,0.0,0.3,0.5,1.0,0.0,4.0,5.0,1.02,Tokke_G1,Tokke,36.9,107.5,107.5,214.0,214.0,1,6.672,0.71282053,5.19,19.65,1195.2599,24.210001,27.152872,1
1,2015-01-01 00:00:00+00:00,11,2015-01-01 11:00:00+00:00,27.09,0.0,0.0,0.0,0.3,0.5,1.0,0.0,4.0,5.0,1.01,Tokke_G1,Tokke,36.9,107.5,107.5,214.0,214.0,1,6.672,0.71282053,5.23,19.65,1195.2599,24.210001,27.152872,1
1,2015-01-01 00:00:00+00:00,12,2015-01-01 12:00:00+00:00,27.01,0.0,0.0,0.0,0.3,0.5,1.0,0.0,4.0,5.0,1.03,Tokke_G1,Tokke,36.9,107.5,107.5,214.0,214.0,1,6.672,0.71282053,5.23,19.65,1195.2599,24.240002,27.152872,1
1,2015-01-01 00:00:00+00:00,13,2015-01-01 13:00:00+00:00,26.98,0.0,0.0,0.0,0.3,0.5,1.0,0.0,4.0,5.0,1.03,Tokke_G1,Tokke,36.9,107.5,107.5,214.0,214.0,1,6.672,0.71282053,5.2,19.65,1195.2599,24.2,27.152872,1
1,2015-01-01 00:00:00+00:00,14,2015-01-01 14:00:00+00:00,27.51,0.0,0.0,0.0,0.3,0.5,1.0,0.0,4.0,5.0,1.06,Tokke_G1,Tokke,36.9,107.5,107.5,214.0,214.0,1,6.672,0.71282053,5.23,19.65,1195.2599,24.35,27.152872,1
1,2015-01-01 00:00:00+00:00,15,2015-01-01 15:00:00+00:00,28.32,0.0,0.0,0.0,0.3,0.5,1.0,0.0,4.0,5.0,1.06,Tokke_G1,Tokke,36.9,107.5,107.5,214.0,214.0,1,6.672,0.71282053,5.28,19.65,1195.2599,24.36,27.152872,1
1,2015-01-01 00:00:00+00:00,16,2015-01-01 16:00:00+00:00,28.36,0.0,0.0,0.0,0.3,0.5,1.0,0.0,4.0,5.0,1.07,Tokke_G1,Tokke,36.9,107.5,107.5,214.0,214.0,1,6.672,0.71282053,5.33,19.65,1195.2599,24.43,27.152872,1
1,2015-01-01 00:00:00+00:00,17,2015-01-01 17:00:00+00:00,28.18,0.0,0.0,0.0,0.3,0.5,1.0,0.0,4.0,5.0,1.1,Tokke_G1,Tokke,36.9,107.5,107.5,214.0,214.0,1,6.672,0.71282053,5.38,19.65,1195.2599,24.52,27.152872,1
1,2015-01-01 00:00:00+00:00,18,2015-01-01 18:00:00+00:00,27.81,0.0,0.0,0.0,0.3,0.5,1.0,0.0,4.0,5.0,1.11,Tokke_G1,Tokke,36.9,107.5,107.5,214.0,214.0,1,6.672,0.71282053,5.42,19.65,1195.2599,24.59,27.152872,1
1,2015-01-01 00:00:00+00:00,19,2015-01-01 19:00:00+00:00,27.46,0.0,0.0,0.0,0.3,0.5,1.0,0.0,4.0,5.0,1.12,Tokke_G1,Tokke,36.9,107.5,107.5,214.0,214.0,1,6.672,0.71282053,5.4,19.65,1195.2599,24.59,27.152872,1
1,2015-01-01 00:00:00+00:00,20,2015-01-01 20:00:00+00:00,27.06,0.0,0.0,0.0,0.3,0.5,1.0,0.0,4.0,5.0,1.13,Tokke_G1,Tokke,36.9,107.5,107.5,214.0,214.0,1,6.672,0.71282053,5.47,19.65,1195.2599,24.810001,27.152872,1
1,2015-01-01 00:00:00+00:00,21,2015-01-01 21:00:00+00:00,27.0,0.0,0.0,0.0,0.3,0.5,1.0,0.0,4.0,5.0,1.16,Tokke_G1,Tokke,36.9,107.5,107.5,214.0,214.0,1,6.672,0.71282053,5.47,19.65,1195.2599,24.87,27.152872,1
1,2015-01-01 00:00:00+00:00,22,2015-01-01 22:00:00+00:00,26.83,0.0,0.0,0.0,0.3,0.5,1.0,0.0,4.0,5.0,1.2,Tokke_G1,Tokke,36.9,107.5,107.5,214.0,214.0,1,6.672,0.71282053,5.45,19.65,1195.2599,24.900002,27.152872,1
1,2015-01-01 00:00:00+00:00,23,2015-01-01 23:00:00+00:00,26.71,0.0,0.0,0.0,0.3,0.5,1.0,0.0,4.0,5.0,1.24,Tokke_G1,Tokke,36.9,107.5,107.5,214.0,214.0,1,6.672,0.71282053,5.52,19.65,1195.2599,25.140003,27.152872,1
1,2015-01-01 00:00:00+00:00,24,2015-01-02 00:00:00+00:00,26.41,0.0,0.0,0.0,0.3,0.5,1.0,0.0,4.0,5.0,1.26,Tokke_G1,Tokke,36.9,107.5,107.5,214.0,214.0,1,6.672,0.71282053,5.53,19.65,1195.2599,25.29,27.152872,1
1,2015-01-01 00:00:00+00:00,25,2015-01-02 01:00:00+00:00,26.2,0.0,0.0,0.0,0.3,0.5,1.0,0.0,4.0,5.0,1.3,Tokke_G1,Tokke,36.9,107.5,107.5,214.0,214.0,1,6.672,0.71282053,5.53,19.65,1195.2599,25.510002,27.152872,1
1,2015-01-01 00:00:00+00:00,26,2015-01-02 02:00:00+00:00,25.6,0.0,0.0,0.0,0.3,0.5,1.0,0.0,4.0,5.0,1.52,Tokke_G1,Tokke,36.9,107.5,107.5,214.0,214.0,1,6.672,0.71282053,5.54,19.65,1195.2599,26.27,27.152872,1
1,2015-01-01 00:00:00+00:00,27,2015-01-02 03:00:00+00:00,24.74,0.0,0.0,0.0,0.3,0.5,1.0,0.0,4.0,5.0,1.7,Tokke_G1,Tokke,36.9,107.5,107.5,214.0,214.0,1,6.672,0.71282053,5.6,19.65,1195.2599,27.26,27.152872,1
1,2015-01-01 00:00:00+00:00,28,2015-01-02 04:00:00+00:00,26.1,0.0,0.0,0.0,0.3,0.5,1.0,0.0,4.0,5.0,1.75,Tokke_G1,Tokke,36.9,107.5,107.5,214.0,214.0,1,6.672,0.71282053,5.53,19.65,1195.2599,27.18,27.152872,1
1,2015-01-01 00:00:00+00:00,29,2015-01-02 05:00:00+00:00,27.25,0.0,0.0,0.0,0.3,0.5,1.0,0.0,4.0,5.0,1.65,Tokke_G1,Tokke,36.9,107.5,107.5,214.0,214.0,1,6.672,0.71282053,5.49,19.65,1195.2599,26.99,27.152872,1
1,2015-01-01 00:00:00+00:00,30,2015-01-02 06:00:00+00:00,28.37,0.0,0.0,0.0,0.3,0.5,1.0,0.0,4.0,5.0,1.71,Tokke_G1,Tokke,36.9,107.5,107.5,214.0,214.0,1,6.672,0.71282053,5.52,19.65,1195.2599,27.2,27.152872,1
1,2015-01-01 00:00:00+00:00,31,2015-01-02 07:00:00+00:00,28.37,0.0,0.0,0.0,0.3,0.5,1.0,0.0,4.0,5.0,1.92,Tokke_G1,Tokke,36.9,107.5,107.5,214.0,214.0,1,6.672,0.71282053,5.54,19.65,1195.2599,27.649998,27.152872,1
1,2015-01-01 00:00:00+00:00,32,2015-01-02 08:00:00+00:00,28.32,0.0,0.0,0.0,0.3,0.5,1.0,0.0,4.0,5.0,2.18,Tokke_G1,Tokke,36.9,107.5,107.5,214.0,214.0,1,6.672,0.71282053,5.62,19.65,1195.2599,28.390003,27.152872,1
1,2015-01-01 00:00:00+00:00,33,2015-01-02 09:00:00+00:00,28.3,0.0,0.0,0.0,0.3,0.5,1.0,0.0,4.0,5.0,2.33,Tokke_G1,Tokke,36.9,107.5,107.5,214.0,214.0,1,6.672,0.71282053,5.67,19.65,1195.2599,28.86,27.152872,1
1,2015-01-01 00:00:00+00:00,34,2015-01-02 10:00:00+00:00,28.39,0.0,0.0,0.0,0.3,0.5,1.0,0.0,4.0,5.0,2.35,Tokke_G1,Tokke,36.9,107.5,107.5,214.0,214.0,1,6.672,0.71282053,5.64,19.65,1195.2599,28.880001,27.152872,1
1,2015-01-01 00:00:00+00:00,35,2015-01-02 11:00:00+00:00,28.3,0.0,0.0,0.0,0.3,0.5,1.0,0.0,4.0,5.0,2.3,Tokke_G1,Tokke,36.9,107.5,107.5,214.0,214.0,1,6.672,0.71282053,5.68,19.65,1195.2599,28.84,27.152872,1
1,2015-01-01 00:00:00+00:00,36,2015-01-02 12:00:00+00:00,28.24,0.0,0.0,0.0,0.3,0.5,1.0,0.0,4.0,5.0,2.23,Tokke_G1,Tokke,36.9,107.5,107.5,214.0,214.0,1,6.672,0.71282053,5.72,19.65,1195.2599,28.860003,27.152872,1
1,2015-01-01 00:00:00+00:00,37,2015-01-02 13:00:00+00:00,28.12,0.0,0.0,0.0,0.3,0.5,1.0,0.0,4.0,5.0,2.2,Tokke_G1,Tokke,36.9,107.5,107.5,214.0,214.0,1,6.672,0.71282053,5.73,19.65,1195.2599,28.79,27.152872,1
1,2015-01-01 00:00:00+00:00,38,2015-01-02 14:00:00+00:00,28.23,0.0,0.0,0.0,0.3,0.5,1.0,0.0,4.0,5.0,2.17,Tokke_G1,Tokke,36.9,107.5,107.5,214.0,214.0,1,6.672,0.71282053,5.79,19.65,1195.2599,28.86,27.152872,1
1,2015-01-01 00:00:00+00:00,39,2015-01-02 15:00:00+00:00,28.59,0.0,0.0,0.0,0.3,0.5,1.0,0.0,4.0,5.0,2.14,Tokke_G1,Tokke,36.9,107.5,107.5,214.0,214.0,1,6.672,0.71282053,5.92,19.65,1195.2599,29.12,27.152872,1
1,2015-01-01 00:00:00+00:00,40,2015-01-02 16:00:00+00:00,28.73,0.0,0.0,0.0,0.3,0.5,1.0,0.0,4.0,5.0,2.13,Tokke_G1,Tokke,36.9,107.5,107.5,214.0,214.0,1,6.672,0.71282053,5.97,19.65,1195.2599,29.320002,27.152872,1
1,2015-01-01 00:00:00+00:00,41,2015-01-02 17:00:00+00:00,28.48,0.0,0.0,0.0,0.3,0.5,1.0,0.0,4.0,5.0,2.05,Tokke_G1,Tokke,36.9,107.5,107.5,214.0,214.0,1,6.672,0.71282053,5.96,19.65,1195.2599,29.25,27.152872,1
1,2015-01-01 00:00:00+00:00,42,2015-01-02 18:00:00+00:00,28.38,0.0,0.0,0.0,0.3,0.5,1.0,0.0,4.0,5.0,1.64,Tokke_G1,Tokke,36.9,107.5,107.5,214.0,214.0,1,6.672,0.71282053,6.08,19.65,1195.2599,28.550001,27.152872,1
1,2015-01-01 00:00:00+00:00,43,2015-01-02 19:00:00+00:00,27.85,0.0,0.0,0.0,0.3,0.5,1.0,0.0,4.0,5.0,2.06,Tokke_G1,Tokke,36.9,107.5,107.5,214.0,214.0,1,6.672,0.71282053,6.14,19.65,1195.2599,29.42,27.152872,1
1,2015-01-01 00:00:00+00:00,44,2015-01-02 20:00:00+00:00,27.45,0.0,0.0,0.0,0.3,0.5,1.0,0.0,4.0,5.0,2.2,Tokke_G1,Tokke,36.9,107.5,107.5,214.0,214.0,1,6.672,0.71282053,6.2,19.65,1195.2599,29.780003,27.152872,1
1,2015-01-01 00:00:00+00:00,45,2015-01-02 21:00:00+00:00,27.2,0.0,0.0,0.0,0.3,0.5,1.0,0.0,4.0,5.0,2.38,Tokke_G1,Tokke,36.9,107.5,107.5,214.0,214.0,1,6.672,0.71282053,6.24,19.65,1195.2599,30.059998,27.152872,1
1,2015-01-01 00:00:00+00:00,46,2015-01-02 22:00:00+00:00,26.79,0.0,0.0,0.0,0.3,0.5,1.0,0.0,4.0,5.0,2.59,Tokke_G1,Tokke,36.9,107.5,107.5,214.0,214.0,1,6.672,0.71282053,6.27,19.65,1195.2599,30.329998,27.152872,1
1,2015-01-01 00:00:00+00:00,47,2015-01-02 23:00:00+00:00,25.85,0.0,0.0,0.0,0.3,0.5,1.0,0.0,4.0,5.0,2.83,Tokke_G1,Tokke,36.9,107.5,107.5,214.0,214.0,1,6.672,0.71282053,6.46,19.65,1195.2599,30.970001,27.152872,1
1,2015-01-01 00:00:00+00:00,48,2015-01-03 00:00:00+00:00,25.54,0.0,0.0,0.0,0.3,0.5,1.0,0.0,4.0,5.0,2.84,Tokke_G1,Tokke,36.9,107.5,107.5,214.0,214.0,1,6.672,0.71282053,6.62,19.65,1195.2599,31.25,27.152872,1
1,2015-01-01 00:00:00+00:00,49,2015-01-03 01:00:00+00:00,25.43,0.0,0.0,0.0,0.3,0.5,1.0,0.0,4.0,5.0,2.77,Tokke_G1,Tokke,36.9,107.5,107.5,214.0,214.0,1,6.672,0.71282053,6.74,19.65,1195.2599,31.34,27.152872,1
1,2015-01-01 00:00:00+00:00,50,2015-01-03 02:00:00+00:00,25.34,0.0,0.0,0.0,0.3,0.5,1.0,0.0,4.0,5.0,2.86,Tokke_G1,Tokke,36.9,107.5,107.5,214.0,214.0,1,6.672,0.71282053,6.89,19.65,1195.2599,31.58,27.152872,1
1,2015-01-01 00:00:00+00:00,51,2015-01-03 03:00:00+00:00,25.29,0.0,0.0,0.0,0.3,0.5,1.0,0.0,4.0,5.0,3.02,Tokke_G1,Tokke,36.9,107.5,107.5,214.0,214.0,1,6.672,0.71282053,6.96,19.65,1195.2599,31.970001,27.152872,1
1,2015-01-01 00:00:00+00:00,52,2015-01-03 04:00:00+00:00,25.3,0.0,0.0,0.0,0.3,0.5,1.0,0.0,4.0,5.0,3.13,Tokke_G1,Tokke,36.9,107.5,107.5,214.0,214.0,1,6.672,0.71282053,7.02,19.65,1195.2599,32.269997,27.152872,1
1,2015-01-01 00:00:00+00:00,53,2015-01-03 05:00:00+00:00,25.55,0.0,0.0,0.0,0.3,0.5,1.0,0.0,4.0,5.0,3.16,Tokke_G1,Tokke,36.9,107.5,107.5,214.0,214.0,1,6.672,0.71282053,7.12,19.65,1195.2599,32.5,27.152872,1
1,2015-01-01 00:00:00+00:00,54,2015-01-03 06:00:00+00:00,26.75,0.0,0.0,0.0,0.3,0.5,1.0,0.0,4.0,5.0,3.13,Tokke_G1,Tokke,36.9,107.5,107.5,214.0,214.0,1,6.672,0.71282053,7.17,19.65,1195.2599,32.58,27.152872,1
1,2015-01-01 00:00:00+00:00,55,2015-01-03 07:00:00+00:00,26.98,0.0,0.0,0.0,0.3,0.5,1.0,0.0,4.0,5.0,3.06,Tokke_G1,Tokke,36.9,107.5,107.5,214.0,214.0,1,6.672,0.71282053,7.13,19.65,1195.2599,32.48,27.152872,1
1,2015-01-01 00:00:00+00:00,56,2015-01-03 08:00:00+00:00,27.52,0.0,0.0,0.0,0.3,0.5,1.0,0.0,4.0,5.0,3.01,Tokke_G1,Tokke,36.9,107.5,107.5,214.0,214.0,1,6.672,0.71282053,7.13,19.65,1195.2599,32.5,27.152872,1
1,2015-01-01 00:00:00+00:00,57,2015-01-03 09:00:00+00:00,27.72,0.0,0.0,0.0,0.3,0.5,1.0,0.0,4.0,5.0,3.0,Tokke_G1,Tokke,36.9,107.5,107.5,214.0,214.0,1,6.672,0.71282053,7.18,19.65,1195.2599,32.699997,27.152872,1
1,2015-01-01 00:00:00+00:00,58,2015-01-03 10:00:00+00:00,27.73,0.0,0.0,0.0,0.3,0.5,1.0,0.0,4.0,5.0,2.92,Tokke_G1,Tokke,36.9,107.5,107.5,214.0,214.0,1,6.672,0.71282053,7.23,19.65,1195.2599,32.800003,27.152872,1
1,2015-01-01 00:00:00+00:00,59,2015-01-03 11:00:00+00:00,27.66,0.0,0.0,0.0,0.3,0.5,1.0,0.0,4.0,5.0,2.88,Tokke_G1,Tokke,36.9,107.5,107.5,214.0,214.0,1,6.672,0.71282053,7.24,19.65,1195.2599,33.02,27.152872,1
1,2015-01-01 00:00:00+00:00,60,2015-01-03 12:00:00+00:00,27.65,0.0,0.0,0.0,0.3,0.5,1.0,0.0,4.0,5.0,2.85,Tokke_G1,Tokke,36.9,107.5,107.5,214.0,214.0,1,6.672,0.71282053,7.23,19.65,1195.2599,33.04,27.152872,1
1,2015-01-01 00:00:00+00:00,61,2015-01-03 13:00:00+00:00,27.81,0.0,0.0,0.0,0.3,0.5,1.0,0.0,4.0,5.0,2.84,Tokke_G1,Tokke,36.9,107.5,107.5,214.0,214.0,1,6.672,0.71282053,7.2,19.65,1195.2599,32.86,27.152872,1
1,2015-01-01 00:00:00+00:00,62,2015-01-03 14:00:00+00:00,28.29,0.0,0.0,0.0,0.3,0.5,1.0,0.0,4.0,5.0,2.81,Tokke_G1,Tokke,36.9,107.5,107.5,214.0,214.0,1,6.672,0.71282053,7.28,19.65,1195.2599,32.93,27.152872,1
1,2015-01-01 00:00:00+00:00,63,2015-01-03 15:00:00+00:00,28.6,0.0,0.0,0.0,0.3,0.5,1.0,0.0,4.0,5.0,2.75,Tokke_G1,Tokke,36.9,107.5,107.5,214.0,214.0,1,6.672,0.71282053,7.3,19.65,1195.2599,32.73,27.152872,1
1,2015-01-01 00:00:00+00:00,64,2015-01-03 16:00:00+00:00,28.88,0.0,0.0,0.0,0.3,0.5,1.0,0.0,4.0,5.0,2.69,Tokke_G1,Tokke,36.9,107.5,107.5,214.0,214.0,1,6.672,0.71282053,7.29,19.65,1195.2599,32.63,27.152872,1
1,2015-01-01 00:00:00+00:00,65,2015-01-03 17:00:00+00:00,28.78,0.0,0.0,0.0,0.3,0.5,1.0,0.0,4.0,5.0,2.65,Tokke_G1,Tokke,36.9,107.5,107.5,214.0,214.0,1,6.672,0.71282053,7.25,19.65,1195.2599,32.47,27.152872,1
1,2015-01-01 00:00:00+00:00,66,2015-01-03 18:00:00+00:00,28.54,0.0,0.0,0.0,0.3,0.5,1.0,0.0,4.0,5.0,2.6,Tokke_G1,Tokke,36.9,107.5,107.5,214.0,214.0,1,6.672,0.71282053,7.28,19.65,1195.2599,32.39,27.152872,1
1,2015-01-01 00:00:00+00:00,67,2015-01-03 19:00:00+00:00,28.34,0.0,0.0,0.0,0.3,0.5,1.0,0.0,4.0,5.0,2.54,Tokke_G1,Tokke,36.9,107.5,107.5,214.0,214.0,1,6.672,0.71282053,7.25,19.65,1195.2599,32.29,27.152872,1
1,2015-01-01 00:00:00+00:00,68,2015-01-03 20:00:00+00:00,27.93,0.0,0.0,0.0,0.3,0.5,1.0,0.0,4.0,5.0,2.47,Tokke_G1,Tokke,36.9,107.5,107.5,214.0,214.0,1,6.672,0.71282053,7.3,19.65,1195.2599,32.190002,27.152872,1
1,2015-01-01 00:00:00+00:00,69,2015-01-03 21:00:00+00:00,27.7,0.0,0.0,0.0,0.3,0.5,1.0,0.0,4.0,5.0,2.41,Tokke_G1,Tokke,36.9,107.5,107.5,214.0,214.0,1,6.672,0.71282053,7.35,19.65,1195.2599,32.0,27.152872,1
1,2015-01-01 00:00:00+00:00,70,2015-01-03 22:00:00+00:00,27.25,0.0,0.0,0.0,0.3,0.5,1.0,0.0,4.0,5.0,2.33,Tokke_G1,Tokke,36.9,107.5,107.5,214.0,214.0,1,6.672,0.71282053,7.35,19.65,1195.2599,31.880001,27.152872,1
1,2015-01-01 00:00:00+00:00,71,2015-01-03 23:00:00+00:00,27.55,0.0,0.0,0.0,0.3,0.5,1.0,0.0,4.0,5.0,2.27,Tokke_G1,Tokke,36.9,107.5,107.5,214.0,214.0,1,6.672,0.71282053,7.35,19.65,1195.2599,31.789999,27.152872,1
1,2015-01-01 00:00:00+00:00,72,2015-01-04 00:00:00+00:00,27.38,0.0,0.0,0.0,0.3,0.5,1.0,0.0,4.0,5.0,2.22,Tokke_G1,Tokke,36.9,107.5,107.5,214.0,214.0,1,6.672,0.71282053,7.35,19.65,1195.2599,31.449997,27.152872,1
1,2015-01-01 00:00:00+00:00,73,2015-01-04 01:00:00+00:00,27.17,0.0,0.0,0.0,0.3,0.5,1.0,0.0,4.0,5.0,2.15,Tokke_G1,Tokke,36.9,107.5,107.5,214.0,214.0,1,6.672,0.71282053,7.34,19.65,1195.2599,30.980001,27.152872,1
1,2015-01-01 00:00:00+00:00,74,2015-01-04 02:00:00+00:00,27.03,0.0,0.0,0.0,0.3,0.5,1.0,0.0,4.0,5.0,2.1,Tokke_G1,Tokke,36.9,107.5,107.5,214.0,214.0,1,6.672,0.71282053,7.25,19.65,1195.2599,30.45,27.152872,1
1,2015-01-01 00:00:00+00:00,75,2015-01-04 03:00:00+00:00,27.04,0.0,0.0,0.0,0.3,0.5,1.0,0.0,4.0,5.0,2.06,Tokke_G1,Tokke,36.9,107.5,107.5,214.0,214.0,1,6.672,0.71282053,7.25,19.65,1195.2599,30.28,27.152872,1
1,2015-01-01 00:00:00+00:00,76,2015-01-04 04:00:00+00:00,27.19,0.0,0.0,0.0,0.3,0.5,1.0,0.0,4.0,5.0,2.01,Tokke_G1,Tokke,36.9,107.5,107.5,214.0,214.0,1,6.672,0.71282053,7.34,19.65,1195.2599,30.24,27.152872,1
1,2015-01-01 00:00:00+00:00,77,2015-01-04 05:00:00+00:00,27.13,0.0,0.0,0.0,0.3,0.5,1.0,0.0,4.0,5.0,1.99,Tokke_G1,Tokke,36.9,107.5,107.5,214.0,214.0,1,6.672,0.71282053,7.37,19.65,1195.2599,30.2,27.152872,1
1,2015-01-01 00:00:00+00:00,78,2015-01-04 06:00:00+00:00,27.06,0.0,0.0,0.0,0.3,0.5,1.0,0.0,4.0,5.0,1.94,Tokke_G1,Tokke,36.9,107.5,107.5,214.0,214.0,1,6.672,0.71282053,7.45,19.65,1195.2599,30.21,27.152872,1
1,2015-01-01 00:00:00+00:00,79,2015-01-04 07:00:00+00:00,27.63,0.0,0.0,0.0,0.3,0.5,1.0,0.0,4.0,5.0,1.89,Tokke_G1,Tokke,36.9,107.5,107.5,214.0,214.0,1,6.672,0.71282053,7.48,19.65,1195.2599,30.039999,27.152872,1
1,2015-01-01 00:00:00+00:00,80,2015-01-04 08:00:00+00:00,28.03,0.0,0.0,0.0,0.3,0.5,1.0,0.0,4.0,5.0,1.84,Tokke_G1,Tokke,36.9,107.5,107.5,214.0,214.0,1,6.672,0.71282053,7.52,19.65,1195.2599,29.99,27.152872,1
1,2015-01-01 00:00:00+00:00,81,2015-01-04 09:00:00+00:00,28.24,0.0,0.0,0.0,0.3,0.5,1.0,0.0,4.0,5.0,1.82,Tokke_G1,Tokke,36.9,107.5,107.5,214.0,214.0,1,6.672,0.71282053,7.52,19.65,1195.2599,29.849998,27.152872,1
1,2015-01-01 00:00:00+00:00,82,2015-01-04 10:00:00+00:00,28.32,0.0,0.0,0.0,0.3,0.5,1.0,0.0,4.0,5.0,1.79,Tokke_G1,Tokke,36.9,107.5,107.5,214.0,214.0,1,6.672,0.71282053,7.48,19.65,1195.2599,29.75,27.152872,1
1,2015-01-01 00:00:00+00:00,83,2015-01-04 11:00:00+00:00,28.24,0.0,0.0,0.0,0.3,0.5,1.0,0.0,4.0,5.0,1.77,Tokke_G1,Tokke,36.9,107.5,107.5,214.0,214.0,1,6.672,0.71282053,7.52,19.65,1195.2599,29.880001,27.152872,1
1,2015-01-01 00:00:00+00:00,84,2015-01-04 12:00:00+00:00,28.27,0.0,0.0,0.0,0.3,0.5,1.0,0.0,4.0,5.0,1.74,Tokke_G1,Tokke,36.9,107.5,107.5,214.0,214.0,1,6.672,0.71282053,7.53,19.65,1195.2599,29.999998,27.152872,1
1,2015-01-01 00:00:00+00:00,85,2015-01-04 13:00:00+00:00,28.32,0.0,0.0,0.0,0.3,0.5,1.0,0.0,4.0,5.0,1.72,Tokke_G1,Tokke,36.9,107.5,107.5,214.0,214.0,1,6.672,0.71282053,7.56,19.65,1195.2599,29.98,27.152872,1
1,2015-01-01 00:00:00+00:00,86,2015-01-04 14:00:00+00:00,28.37,0.0,0.0,0.0,0.3,0.5,1.0,0.0,4.0,5.0,1.7,Tokke_G1,Tokke,36.9,107.5,107.5,214.0,214.0,1,6.672,0.71282053,7.49,19.65,1195.2599,29.769999,27.152872,1
1,2015-01-01 00:00:00+00:00,87,2015-01-04 15:00:00+00:00,28.65,0.0,0.0,0.0,0.3,0.5,1.0,0.0,4.0,5.0,1.68,Tokke_G1,Tokke,36.9,107.5,107.5,214.0,214.0,1,6.672,0.71282053,7.5,19.65,1195.2599,29.689999,27.152872,1
1,2015-01-01 00:00:00+00:00,88,2015-01-04 16:00:00+00:00,28.98,0.0,0.0,0.0,0.3,0.5,1.0,0.0,4.0,5.0,1.68,Tokke_G1,Tokke,36.9,107.5,107.5,214.0,214.0,1,6.672,0.71282053,7.42,19.65,1195.2599,29.390001,27.152872,1
1,2015-01-01 00:00:00+00:00,89,2015-01-04 17:00:00+00:00,29.54,0.0,0.0,0.0,0.3,0.5,1.0,0.0,4.0,5.0,1.65,Tokke_G1,Tokke,36.9,107.5,107.5,214.0,214.0,1,6.672,0.71282053,7.42,19.65,1195.2599,29.429998,27.152872,1
1,2015-01-01 00:00:00+00:00,90,2015-01-04 18:00:00+00:00,29.42,0.0,0.0,0.0,0.3,0.5,1.0,0.0,4.0,5.0,1.64,Tokke_G1,Tokke,36.9,107.5,107.5,214.0,214.0,1,6.672,0.71282053,7.47,19.65,1195.2599,29.77,27.152872,1
1,2015-01-01 00:00:00+00:00,91,2015-01-04 19:00:00+00:00,28.92,0.0,0.0,0.0,0.3,0.5,1.0,0.0,4.0,5.0,1.63,Tokke_G1,Tokke,36.9,107.5,107.5,214.0,214.0,1,6.672,0.71282053,7.52,19.65,1195.2599,30.19,27.152872,1
1,2015-01-01 00:00:00+00:00,92,2015-01-04 20:00:00+00:00,28.66,0.0,0.0,0.0,0.3,0.5,1.0,0.0,4.0,5.0,1.6,Tokke_G1,Tokke,36.9,107.5,107.5,214.0,214.0,1,6.672,0.71282053,7.53,19.65,1195.2599,30.180002,27.152872,1
1,2015-01-01 00:00:00+00:00,93,2015-01-04 21:00:00+00:00,28.69,0.0,0.0,0.0,0.3,0.5,1.0,0.0,4.0,5.0,1.59,Tokke_G1,Tokke,36.9,107.5,107.5,214.0,214.0,1,6.672,0.71282053,7.58,19.65,1195.2599,30.14,27.152872,1
1,2015-01-01 00:00:00+00:00,94,2015-01-04 22:00:00+00:00,28.02,0.0,0.0,0.0,0.3,0.5,1.0,0.0,4.0,5.0,1.58,Tokke_G1,Tokke,36.9,107.5,107.5,214.0,214.0,1,6.672,0.71282053,7.59,19.65,1195.2599,30.08,27.152872,1
1,2015-01-01 00:00:00+00:00,95,2015-01-04 23:00:00+00:00,28.19,0.0,0.0,0.0,0.3,0.5,1.0,0.0,4.0,5.0,1.57,Tokke_G1,Tokke,36.9,107.5,107.5,214.0,214.0,1,6.672,0.71282053,7.59,19.65,1195.2599,30.349998,27.152872,1
1,2015-01-01 00:00:00+00:00,96,2015-01-05 00:00:00+00:00,28.15,0.0,0.0,0.0,0.3,0.5,1.0,0.0,4.0,5.0,1.56,Tokke_G1,Tokke,36.9,107.5,107.5,214.0,214.0,1,6.672,0.71282053,7.63,19.65,1195.2599,30.41,27.152872,1
1,2015-01-01 00:00:00+00:00,97,2015-01-05 01:00:00+00:00,28.13,0.0,0.0,0.0,0.3,0.5,1.0,0.0,4.0,5.0,1.54,Tokke_G1,Tokke,36.9,107.5,107.5,214.0,214.0,1,6.672,0.71282053,7.6,19.65,1195.2599,30.510002,27.152872,1
1,2015-01-01 00:00:00+00:00,98,2015-01-05 02:00:00+00:00,28.05,0.0,0.0,0.0,0.3,0.5,1.0,0.0,4.0,5.0,1.53,Tokke_G1,Tokke,36.9,107.5,107.5,214.0,214.0,1,6.672,0.71282053,7.64,19.65,1195.2599,30.699999,27.152872,1
1,2015-01-01 00:00:00+00:00,99,2015-01-05 03:00:00+00:00,28.04,0.0,0.0,0.0,0.3,0.5,1.0,0.0,4.0,5.0,1.52,Tokke_G1,Tokke,36.9,107.5,107.5,214.0,214.0,1,6.672,0.71282053,7.69,19.65,1195.2599,30.780003,27.152872,1
1,2015-01-01 00:00:00+00:00,100,2015-01-05 04:00:00+00:00,28.46,0.0,0.0,0.0,0.3,0.5,1.0,0.0,4.0,5.0,1.51,Tokke_G1,Tokke,36.9,107.5,107.5,214.0,214.0,1,6.672,0.71282053,7.65,19.65,1195.2599,30.69,27.152872,1
1,2015-01-01 00:00:00+00:00,101,2015-01-05 05:00:00+00:00,28.78,0.0,0.0,0.0,0.3,0.5,1.0,0.0,4.0,5.0,1.5,Tokke_G1,Tokke,36.9,107.5,107.5,214.0,214.0,1,6.672,0.71282053,7.64,19.65,1195.2599,30.76,27.152872,1
1,2015-01-01 00:00:00+00:00,102,2015-01-05 06:00:00+00:00,30.99,0.0,0.0,0.0,0.3,0.5,1.0,0.0,4.0,5.0,1.48,Tokke_G1,Tokke,36.9,107.5,107.5,214.0,214.0,1,6.672,0.71282053,7.65,19.65,1195.2599,30.74,27.152872,1
1,2015-01-01 00:00:00+00:00,103,2015-01-05 07:00:00+00:00,38.15,0.0,0.0,0.0,0.3,0.5,1.0,0.0,4.0,5.0,1.47,Tokke_G1,Tokke,36.9,107.5,107.5,214.0,214.0,1,6.672,0.71282053,7.69,19.65,1195.2599,30.85,27.152872,1
1,2015-01-01 00:00:00+00:00,104,2015-01-05 08:00:00+00:00,41.51,0.0,0.0,0.0,0.3,0.5,1.0,0.0,4.0,5.0,1.46,Tokke_G1,Tokke,36.9,107.5,107.5,214.0,214.0,1,6.672,0.71282053,7.69,19.65,1195.2599,30.78,27.152872,1
1,2015-01-01 00:00:00+00:00,105,2015-01-05 09:00:00+00:00,40.46,0.0,0.0,0.0,0.3,0.5,1.0,0.0,4.0,5.0,1.46,Tokke_G1,Tokke,36.9,107.5,107.5,214.0,214.0,1,6.672,0.71282053,7.66,19.65,1195.2599,30.68,27.152872,1
1,2015-01-01 00:00:00+00:00,106,2015-01-05 10:00:00+00:00,40.97,0.0,0.0,0.0,0.3,0.5,1.0,0.0,4.0,5.0,1.45,Tokke_G1,Tokke,36.9,107.5,107.5,214.0,214.0,1,6.672,0.71282053,7.69,19.65,1195.2599,30.689999,27.152872,1
1,2015-01-01 00:00:00+00:00,107,2015-01-05 11:00:00+00:00,38.66,0.0,0.0,0.0,0.3,0.5,1.0,0.0,4.0,5.0,1.45,Tokke_G1,Tokke,36.9,107.5,107.5,214.0,214.0,1,6.672,0.71282053,7.7,19.65,1195.2599,30.7,27.152872,1
1,2015-01-01 00:00:00+00:00,108,2015-01-05 12:00:00+00:00,36.44,0.0,0.0,0.0,0.3,0.5,1.0,0.0,4.0,5.0,1.45,Tokke_G1,Tokke,36.9,107.5,107.5,214.0,214.0,1,6.672,0.71282053,7.7,19.65,1195.2599,30.61,27.152872,1
1,2015-01-01 00:00:00+00:00,109,2015-01-05 13:00:00+00:00,37.74,0.0,0.0,0.0,0.3,0.5,1.0,0.0,4.0,5.0,1.45,Tokke_G1,Tokke,36.9,107.5,107.5,214.0,214.0,1,6.672,0.71282053,7.7,19.65,1195.2599,30.560001,27.152872,1
1,2015-01-01 00:00:00+00:00,110,2015-01-05 14:00:00+00:00,43.1,0.0,0.0,0.0,0.3,0.5,1.0,0.0,4.0,5.0,1.45,Tokke_G1,Tokke,36.9,107.5,107.5,214.0,214.0,1,6.672,0.71282053,7.7,19.65,1195.2599,30.439999,27.152872,1
1,2015-01-01 00:00:00+00:00,111,2015-01-05 15:00:00+00:00,46.7,0.0,0.0,0.0,0.3,0.5,1.0,0.0,4.0,5.0,1.44,Tokke_G1,Tokke,36.9,107.5,107.5,214.0,214.0,1,6.672,0.71282053,7.7,19.65,1195.2599,30.369999,27.152872,1
1,2015-01-01 00:00:00+00:00,112,2015-01-05 16:00:00+00:00,56.78,0.0,0.0,0.0,0.3,0.5,1.0,0.0,4.0,5.0,1.44,Tokke_G1,Tokke,36.9,107.5,107.5,214.0,214.0,1,6.672,0.71282053,7.7,19.65,1195.2599,30.319996,27.152872,1
1,2015-01-01 00:00:00+00:00,113,2015-01-05 17:00:00+00:00,36.49,0.0,0.0,0.0,0.3,0.5,1.0,0.0,4.0,5.0,1.45,Tokke_G1,Tokke,36.9,107.5,107.5,214.0,214.0,1,6.672,0.71282053,7.71,19.65,1195.2599,30.310001,27.152872,1
1,2015-01-01 00:00:00+00:00,114,2015-01-05 18:00:00+00:00,32.43,0.0,0.0,0.0,0.3,0.5,1.0,0.0,4.0,5.0,1.44,Tokke_G1,Tokke,36.9,107.5,107.5,214.0,214.0,1,6.672,0.71282053,7.75,19.65,1195.2599,30.28,27.152872,1
1,2015-01-01 00:00:00+00:00,115,2015-01-05 19:00:00+00:00,31.39,0.0,0.0,0.0,0.3,0.5,1.0,0.0,4.0,5.0,1.43,Tokke_G1,Tokke,36.9,107.5,107.5,214.0,214.0,1,6.672,0.71282053,7.71,19.65,1195.2599,30.150002,27.152872,1
1,2015-01-01 00:00:00+00:00,116,2015-01-05 20:00:00+00:00,30.29,0.0,0.0,0.0,0.3,0.5,1.0,0.0,4.0,5.0,1.43,Tokke_G1,Tokke,36.9,107.5,107.5,214.0,214.0,1,6.672,0.71282053,7.7,19.65,1195.2599,30.02,27.152872,1
1,2015-01-01 00:00:00+00:00,117,2015-01-05 21:00:00+00:00,29.43,0.0,0.0,0.0,0.3,0.5,1.0,0.0,4.0,5.0,1.43,Tokke_G1,Tokke,36.9,107.5,107.5,214.0,214.0,1,6.672,0.71282053,7.71,19.65,1195.2599,29.93,27.152872,1
1,2015-01-01 00:00:00+00:00,118,2015-01-05 22:00:00+00:00,29.09,0.0,0.0,0.0,0.3,0.5,1.0,0.0,4.0,5.0,1.44,Tokke_G1,Tokke,36.9,107.5,107.5,214.0,214.0,1,6.672,0.71282053,7.75,19.65,1195.2599,29.92,27.152872,1
1,2015-01-01 00:00:00+00:00,119,2015-01-05 23:00:00+00:00,28.08,0.0,0.0,0.0,0.3,0.5,1.0,0.0,4.0,5.0,1.44,Tokke_G1,Tokke,36.9,107.5,107.5,214.0,214.0,1,6.672,0.71282053,7.72,19.65,1195.2599,29.779999,27.152872,1
1,2015-01-01 00:00:00+00:00,120,2015-01-06 00:00:00+00:00,27.94,0.0,0.0,0.0,0.3,0.5,1.0,0.0,4.0,5.0,1.44,Tokke_G1,Tokke,36.9,107.5,107.5,214.0,214.0,1,6.672,0.71282053,7.75,19.65,1195.2599,29.759998,27.152872,1
1,2015-01-01 00:00:00+00:00,121,2015-01-06 01:00:00+00:00,27.91,0.0,0.0,0.0,0.3,0.5,1.0,0.0,4.0,5.0,1.44,Tokke_G1,Tokke,36.9,107.5,107.5,214.0,214.0,1,6.672,0.71282053,7.71,19.65,1195.2599,29.619999,27.152872,1
1,2015-01-01 00:00:00+00:00,122,2015-01-06 02:00:00+00:00,27.89,0.0,0.0,0.0,0.3,0.5,1.0,0.0,4.0,5.0,1.44,Tokke_G1,Tokke,36.9,107.5,107.5,214.0,214.0,1,6.672,0.71282053,7.71,19.65,1195.2599,29.579998,27.152872,1
1,2015-01-01 00:00:00+00:00,123,2015-01-06 03:00:00+00:00,27.89,0.0,0.0,0.0,0.3,0.5,1.0,0.0,4.0,5.0,1.44,Tokke_G1,Tokke,36.9,107.5,107.5,214.0,214.0,1,6.672,0.71282053,7.75,19.65,1195.2599,29.58,27.152872,1
1,2015-01-01 00:00:00+00:00,124,2015-01-06 04:00:00+00:00,28.01,0.0,0.0,0.0,0.3,0.5,1.0,0.0,4.0,5.0,1.44,Tokke_G1,Tokke,36.9,107.5,107.5,214.0,214.0,1,6.672,0.71282053,7.71,19.65,1195.2599,29.470001,27.152872,1
1,2015-01-01 00:00:00+00:00,125,2015-01-06 05:00:00+00:00,28.73,0.0,0.0,0.0,0.3,0.5,1.0,0.0,4.0,5.0,1.44,Tokke_G1,Tokke,36.9,107.5,107.5,214.0,214.0,1,6.672,0.71282053,7.7,19.65,1195.2599,29.39,27.152872,1
1,2015-01-01 00:00:00+00:00,126,2015-01-06 06:00:00+00:00,30.03,0.0,0.0,0.0,0.3,0.5,1.0,0.0,4.0,5.0,1.43,Tokke_G1,Tokke,36.9,107.5,107.5,214.0,214.0,1,6.672,0.71282053,7.71,19.65,1195.2599,29.349998,27.152872,1
1,2015-01-01 00:00:00+00:00,127,2015-01-06 07:00:00+00:00,30.5,0.0,0.0,0.0,0.3,0.5,1.0,0.0,4.0,5.0,1.42,Tokke_G1,Tokke,36.9,107.5,107.5,214.0,214.0,1,6.672,0.71282053,7.75,19.65,1195.2599,29.34,27.152872,1
1,2015-01-01 00:00:00+00:00,128,2015-01-06 08:00:00+00:00,30.35,0.0,0.0,0.0,0.3,0.5,1.0,0.0,4.0,5.0,1.42,Tokke_G1,Tokke,36.9,107.5,107.5,214.0,214.0,1,6.672,0.71282053,7.72,19.65,1195.2599,29.18,27.152872,1
1,2015-01-01 00:00:00+00:00,129,2015-01-06 09:00:00+00:00,30.53,0.0,0.0,0.0,0.3,0.5,1.0,0.0,4.0,5.0,1.42,Tokke_G1,Tokke,36.9,107.5,107.5,214.0,214.0,1,6.672,0.71282053,7.76,19.65,1195.2599,29.190002,27.152872,1
1,2015-01-01 00:00:00+00:00,130,2015-01-06 10:00:00+00:00,29.91,0.0,0.0,0.0,0.3,0.5,1.0,0.0,4.0,5.0,1.43,Tokke_G1,Tokke,36.9,107.5,107.5,214.0,214.0,1,6.672,0.71282053,7.81,19.65,1195.2599,29.269999,27.152872,1
1,2015-01-01 00:00:00+00:00,131,2015-01-06 11:00:00+00:00,29.62,0.0,0.0,0.0,0.3,0.5,1.0,0.0,4.0,5.0,1.41,Tokke_G1,Tokke,36.9,107.5,107.5,214.0,214.0,1,6.672,0.71282053,7.78,19.65,1195.2599,29.130001,27.152872,1
1,2015-01-01 00:00:00+00:00,132,2015-01-06 12:00:00+00:00,29.58,0.0,0.0,0.0,0.3,0.5,1.0,0.0,4.0,5.0,1.4,Tokke_G1,Tokke,36.9,107.5,107.5,214.0,214.0,1,6.672,0.71282053,7.81,19.65,1195.2599,29.119999,27.152872,1
1,2015-01-01 00:00:00+00:00,133,2015-01-06 13:00:00+00:00,29.57,0.0,0.0,0.0,0.3,0.5,1.0,0.0,4.0,5.0,1.41,Tokke_G1,Tokke,36.9,107.5,107.5,214.0,214.0,1,6.672,0.71282053,7.82,19.65,1195.2599,29.15,27.152872,1
1,2015-01-01 00:00:00+00:00,134,2015-01-06 14:00:00+00:00,29.62,0.0,0.0,0.0,0.3,0.5,1.0,0.0,4.0,5.0,1.41,Tokke_G1,Tokke,36.9,107.5,107.5,214.0,214.0,1,6.672,0.71282053,7.84,19.65,1195.2599,29.149998,27.152872,1
1,2015-01-01 00:00:00+00:00,135,2015-01-06 15:00:00+00:00,29.99,0.0,0.0,0.0,0.3,0.5,1.0,0.0,4.0,5.0,1.41,Tokke_G1,Tokke,36.9,107.5,107.5,214.0,214.0,1,6.672,0.71282053,7.93,19.65,1195.2599,29.269999,27.152872,1
1,2015-01-01 00:00:00+00:00,136,2015-01-06 16:00:00+00:00,29.65,0.0,0.0,0.0,0.3,0.5,1.0,0.0,4.0,5.0,1.41,Tokke_G1,Tokke,36.9,107.5,107.5,214.0,214.0,1,6.672,0.71282053,7.99,19.65,1195.2599,29.339996,27.152872,1
1,2015-01-01 00:00:00+00:00,137,2015-01-06 17:00:00+00:00,29.58,0.0,0.0,0.0,0.3,0.5,1.0,0.0,4.0,5.0,1.4,Tokke_G1,Tokke,36.9,107.5,107.5,214.0,214.0,1,6.672,0.71282053,8.02,19.65,1195.2599,29.319998,27.152872,1
1,2015-01-01 00:00:00+00:00,138,2015-01-06 18:00:00+00:00,29.0,0.0,0.0,0.0,0.3,0.5,1.0,0.0,4.0,5.0,1.4,Tokke_G1,Tokke,36.9,107.5,107.5,214.0,214.0,1,6.672,0.71282053,8.11,19.65,1195.2599,29.449997,27.152872,1
1,2015-01-01 00:00:00+00:00,139,2015-01-06 19:00:00+00:00,28.45,0.0,0.0,0.0,0.3,0.5,1.0,0.0,4.0,5.0,1.4,Tokke_G1,Tokke,36.9,107.5,107.5,214.0,214.0,1,6.672,0.71282053,8.12,19.65,1195.2599,29.499996,27.152872,1
1,2015-01-01 00:00:00+00:00,140,2015-01-06 20:00:00+00:00,28.15,0.0,0.0,0.0,0.3,0.5,1.0,0.0,4.0,5.0,1.38,Tokke_G1,Tokke,36.9,107.5,107.5,214.0,214.0,1,6.672,0.71282053,8.11,19.65,1195.2599,29.429996,27.152872,1
1,2015-01-01 00:00:00+00:00,141,2015-01-06 21:00:00+00:00,27.73,0.0,0.0,0.0,0.3,0.5,1.0,0.0,4.0,5.0,1.4,Tokke_G1,Tokke,36.9,107.5,107.5,214.0,214.0,1,6.672,0.71282053,8.07,19.65,1195.2599,29.389997,27.152872,1
1,2015-01-01 00:00:00+00:00,142,2015-01-06 22:00:00+00:00,27.32,0.0,0.0,0.0,0.3,0.5,1.0,0.0,4.0,5.0,1.39,Tokke_G1,Tokke,36.9,107.5,107.5,214.0,214.0,1,6.672,0.71282053,8.07,19.65,1195.2599,29.329998,27.152872,1
1,2015-01-01 00:00:00+00:00,143,2015-01-06 23:00:00+00:00,26.35,0.0,0.0,0.0,0.3,0.5,1.0,0.0,4.0,5.0,1.31,Tokke_G1,Tokke,36.9,107.5,107.5,214.0,214.0,1,6.672,0.71282053,8.11,19.65,1195.2599,29.23,27.152872,1
1,2015-01-01 00:00:00+00:00,144,2015-01-07 00:00:00+00:00,26.08,0.0,0.0,0.0,0.3,0.5,1.0,0.0,4.0,5.0,1.29,Tokke_G1,Tokke,36.9,107.5,107.5,214.0,214.0,1,6.672,0.71282053,8.11,19.65,1195.2599,29.25,27.152872,1
1,2015-01-01 00:00:00+00:00,145,2015-01-07 01:00:00+00:00,26.03,0.0,0.0,0.0,0.3,0.5,1.0,0.0,4.0,5.0,1.29,Tokke_G1,Tokke,36.9,107.5,107.5,214.0,214.0,1,6.672,0.71282053,8.06,19.65,1195.2599,29.060001,27.152872,1
1,2015-01-01 00:00:00+00:00,146,2015-01-07 02:00:00+00:00,26.17,0.0,0.0,0.0,0.3,0.5,1.0,0.0,4.0,5.0,1.27,Tokke_G1,Tokke,36.9,107.5,107.5,214.0,214.0,1,6.672,0.71282053,8.0,19.65,1195.2599,29.02,27.152872,1
1,2015-01-01 00:00:00+00:00,147,2015-01-07 03:00:00+00:00,26.74,0.0,0.0,0.0,0.3,0.5,1.0,0.0,4.0,5.0,1.27,Tokke_G1,Tokke,36.9,107.5,107.5,214.0,214.0,1,6.672,0.71282053,7.95,19.65,1195.2599,28.91,27.152872,1
1,2015-01-01 00:00:00+00:00,148,2015-01-07 04:00:00+00:00,27.78,0.0,0.0,0.0,0.3,0.5,1.0,0.0,4.0,5.0,1.27,Tokke_G1,Tokke,36.9,107.5,107.5,214.0,214.0,1,6.672,0.71282053,7.96,19.65,1195.2599,28.899998,27.152872,1
1,2015-01-01 00:00:00+00:00,149,2015-01-07 05:00:00+00:00,28.48,0.0,0.0,0.0,0.3,0.5,1.0,0.0,4.0,5.0,1.27,Tokke_G1,Tokke,36.9,107.5,107.5,214.0,214.0,1,6.672,0.71282053,8.04,19.65,1195.2599,28.989998,27.152872,1
1,2015-01-01 00:00:00+00:00,150,2015-01-07 06:00:00+00:00,31.53,0.0,0.0,0.0,0.3,0.5,1.0,0.0,4.0,5.0,1.27,Tokke_G1,Tokke,36.9,107.5,107.5,214.0,214.0,1,6.672,0.71282053,8.02,19.65,1195.2599,28.84,27.152872,1
1,2015-01-01 00:00:00+00:00,151,2015-01-07 07:00:00+00:00,32.54,0.0,0.0,0.0,0.3,0.5,1.0,0.0,4.0,5.0,1.27,Tokke_G1,Tokke,36.9,107.5,107.5,214.0,214.0,1,6.672,0.71282053,8.05,19.65,1195.2599,28.8,27.152872,1
1,2015-01-01 00:00:00+00:00,152,2015-01-07 08:00:00+00:00,32.24,0.0,0.0,0.0,0.3,0.5,1.0,0.0,4.0,5.0,1.26,Tokke_G1,Tokke,36.9,107.5,107.5,214.0,214.0,1,6.672,0.71282053,8.01,19.65,1195.2599,28.630001,27.152872,1
1,2015-01-01 00:00:00+00:00,153,2015-01-07 09:00:00+00:00,31.96,0.0,0.0,0.0,0.3,0.5,1.0,0.0,4.0,5.0,1.25,Tokke_G1,Tokke,36.9,107.5,107.5,214.0,214.0,1,6.672,0.71282053,8.0,19.65,1195.2599,28.560001,27.152872,1
1,2015-01-01 00:00:00+00:00,154,2015-01-07 10:00:00+00:00,31.66,0.0,0.0,0.0,0.3,0.5,1.0,0.0,4.0,5.0,1.25,Tokke_G1,Tokke,36.9,107.5,107.5,214.0,214.0,1,6.672,0.71282053,8.0,19.65,1195.2599,28.55,27.152872,1
1,2015-01-01 00:00:00+00:00,155,2015-01-07 11:00:00+00:00,30.97,0.0,0.0,0.0,0.3,0.5,1.0,0.0,4.0,5.0,1.25,Tokke_G1,Tokke,36.9,107.5,107.5,214.0,214.0,1,6.672,0.71282053,8.01,19.65,1195.2599,28.539999,27.152872,1
1,2015-01-01 00:00:00+00:00,156,2015-01-07 12:00:00+00:00,30.65,0.0,0.0,0.0,0.3,0.5,1.0,0.0,4.0,5.0,1.25,Tokke_G1,Tokke,36.9,107.5,107.5,214.0,214.0,1,6.672,0.71282053,8.05,19.65,1195.2599,28.59,27.152872,1
1,2015-01-01 00:00:00+00:00,157,2015-01-07 13:00:00+00:00,30.31,0.0,0.0,0.0,0.3,0.5,1.0,0.0,4.0,5.0,1.23,Tokke_G1,Tokke,36.9,107.5,107.5,214.0,214.0,1,6.672,0.71282053,8.02,19.65,1195.2599,28.54,27.152872,1
1,2015-01-01 00:00:00+00:00,158,2015-01-07 14:00:00+00:00,29.79,0.0,0.0,0.0,0.3,0.5,1.0,0.0,4.0,5.0,1.23,Tokke_G1,Tokke,36.9,107.5,107.5,214.0,214.0,1,6.672,0.71282053,8.05,19.65,1195.2599,28.599998,27.152872,1
1,2015-01-01 00:00:00+00:00,159,2015-01-07 15:00:00+00:00,30.72,0.0,0.0,0.0,0.3,0.5,1.0,0.0,4.0,5.0,1.21,Tokke_G1,Tokke,36.9,107.5,107.5,214.0,214.0,1,6.672,0.71282053,8.06,19.65,1195.2599,28.52,27.152872,1
1,2015-01-01 00:00:00+00:00,160,2015-01-07 16:00:00+00:00,29.56,0.0,0.0,0.0,0.3,0.5,1.0,0.0,4.0,5.0,1.2,Tokke_G1,Tokke,36.9,107.5,107.5,214.0,214.0,1,6.672,0.71282053,8.06,19.65,1195.2599,28.52,27.152872,1
1,2015-01-01 00:00:00+00:00,161,2015-01-07 17:00:00+00:00,28.84,0.0,0.0,0.0,0.3,0.5,1.0,0.0,4.0,5.0,1.2,Tokke_G1,Tokke,36.9,107.5,107.5,214.0,214.0,1,6.672,0.71282053,8.06,19.65,1195.2599,28.480003,27.152872,1
1,2015-01-01 00:00:00+00:00,162,2015-01-07 18:00:00+00:00,28.2,0.0,0.0,0.0,0.3,0.5,1.0,0.0,4.0,5.0,1.2,Tokke_G1,Tokke,36.9,107.5,107.5,214.0,214.0,1,6.672,0.71282053,8.06,19.65,1195.2599,28.45,27.152872,1
1,2015-01-01 00:00:00+00:00,163,2015-01-07 19:00:00+00:00,27.75,0.0,0.0,0.0,0.3,0.5,1.0,0.0,4.0,5.0,1.2,Tokke_G1,Tokke,36.9,107.5,107.5,214.0,214.0,1,6.672,0.71282053,8.07,19.65,1195.2599,28.44,27.152872,1
1,2015-01-01 00:00:00+00:00,164,2015-01-07 20:00:00+00:00,27.42,0.0,0.0,0.0,0.3,0.5,1.0,0.0,4.0,5.0,1.21,Tokke_G1,Tokke,36.9,107.5,107.5,214.0,214.0,1,6.672,0.71282053,8.11,19.65,1195.2599,28.5,27.152872,1
1,2015-01-01 00:00:00+00:00,165,2015-01-07 21:00:00+00:00,26.68,0.0,0.0,0.0,0.3,0.5,1.0,0.0,4.0,5.0,1.22,Tokke_G1,Tokke,36.9,107.5,107.5,214.0,214.0,1,6.672,0.71282053,8.08,19.65,1195.2599,28.460001,27.152872,1
1,2015-01-01 00:00:00+00:00,166,2015-01-07 22:00:00+00:00,26.15,0.0,0.0,0.0,0.3,0.5,1.0,0.0,4.0,5.0,1.21,Tokke_G1,Tokke,36.9,107.5,107.5,214.0,214.0,1,6.672,0.71282053,8.11,19.65,1195.2599,28.509998,27.152872,1
1,2015-01-01 00:00:00+00:00,167,2015-01-07 23:00:00+00:00,26.04,0.0,0.0,0.0,0.3,0.5,1.0,0.0,4.0,5.0,1.19,Tokke_G1,Tokke,36.9,107.5,107.5,214.0,214.0,1,6.672,0.71282053,8.13,19.65,1195.2599,28.52,27.152872,1
1,2015-01-01 00:00:00+00:00,0,2015-01-01 00:00:00+00:00,27.07,0.0,0.0,0.0,0.3,0.5,1.0,0.0,4.0,5.0,1.01,Tokke_G2,Tokke,36.9,107.5,107.5,214.0,214.0,1,6.672,0.71282053,5.23,19.65,1195.2599,24.57,27.152872,1
1,2015-01-01 00:00:00+00:00,1,2015-01-01 01:00:00+00:00,26.93,0.0,0.0,0.0,0.3,0.5,1.0,0.0,4.0,5.0,1.0,Tokke_G2,Tokke,36.9,107.5,107.5,214.0,214.0,1,6.672,0.71282053,5.23,19.65,1195.2599,24.5,27.152872,1
1,2015-01-01 00:00:00+00:00,2,2015-01-01 02:00:00+00:00,26.83,0.0,0.0,0.0,0.3,0.5,1.0,0.0,4.0,5.0,1.01,Tokke_G2,Tokke,36.9,107.5,107.5,214.0,214.0,1,6.672,0.71282053,5.24,19.65,1195.2599,24.4,27.152872,1
1,2015-01-01 00:00:00+00:00,3,2015-01-01 03:00:00+00:00,26.81,0.0,0.0,0.0,0.3,0.5,1.0,0.0,4.0,5.0,1.0,Tokke_G2,Tokke,36.9,107.5,107.5,214.0,214.0,1,6.672,0.71282053,5.28,19.65,1195.2599,24.430002,27.152872,1
1,2015-01-01 00:00:00+00:00,4,2015-01-01 04:00:00+00:00,26.97,0.0,0.0,0.0,0.3,0.5,1.0,0.0,4.0,5.0,0.99,Tokke_G2,Tokke,36.9,107.5,107.5,214.0,214.0,1,6.672,0.71282053,5.28,19.65,1195.2599,24.35,27.152872,1
1,2015-01-01 00:00:00+00:00,5,2015-01-01 05:00:00+00:00,27.07,0.0,0.0,0.0,0.3,0.5,1.0,0.0,4.0,5.0,1.0,Tokke_G2,Tokke,36.9,107.5,107.5,214.0,214.0,1,6.672,0.71282053,5.28,19.65,1195.2599,24.340002,27.152872,1
1,2015-01-01 00:00:00+00:00,6,2015-01-01 06:00:00+00:00,26.8,0.0,0.0,0.0,0.3,0.5,1.0,0.0,4.0,5.0,1.0,Tokke_G2,Tokke,36.9,107.5,107.5,214.0,214.0,1,6.672,0.71282053,5.27,19.65,1195.2599,24.270002,27.152872,1
1,2015-01-01 00:00:00+00:00,7,2015-01-01 07:00:00+00:00,26.97,0.0,0.0,0.0,0.3,0.5,1.0,0.0,4.0,5.0,1.0,Tokke_G2,Tokke,36.9,107.5,107.5,214.0,214.0,1,6.672,0.71282053,5.25,19.65,1195.2599,24.27,27.152872,1
1,2015-01-01 00:00:00+00:00,8,2015-01-01 08:00:00+00:00,26.98,0.0,0.0,0.0,0.3,0.5,1.0,0.0,4.0,5.0,1.0,Tokke_G2,Tokke,36.9,107.5,107.5,214.0,214.0,1,6.672,0.71282053,5.26,19.65,1195.2599,24.340002,27.152872,1
1,2015-01-01 00:00:00+00:00,9,2015-01-01 09:00:00+00:00,27.06,0.0,0.0,0.0,0.3,0.5,1.0,0.0,4.0,5.0,1.0,Tokke_G2,Tokke,36.9,107.5,107.5,214.0,214.0,1,6.672,0.71282053,5.2,19.65,1195.2599,24.16,27.152872,1
1,2015-01-01 00:00:00+00:00,10,2015-01-01 10:00:00+00:00,27.13,0.0,0.0,0.0,0.3,0.5,1.0,0.0,4.0,5.0,1.02,Tokke_G2,Tokke,36.9,107.5,107.5,214.0,214.0,1,6.672,0.71282053,5.19,19.65,1195.2599,24.210001,27.152872,1
1,2015-01-01 00:00:00+00:00,11,2015-01-01 11:00:00+00:00,27.09,0.0,0.0,0.0,0.3,0.5,1.0,0.0,4.0,5.0,1.01,Tokke_G2,Tokke,36.9,107.5,107.5,214.0,214.0,1,6.672,0.71282053,5.23,19.65,1195.2599,24.210001,27.152872,1
1,2015-01-01 00:00:00+00:00,12,2015-01-01 12:00:00+00:00,27.01,0.0,0.0,0.0,0.3,0.5,1.0,0.0,4.0,5.0,1.03,Tokke_G2,Tokke,36.9,107.5,107.5,214.0,214.0,1,6.672,0.71282053,5.23,19.65,1195.2599,24.240002,27.152872,1
1,2015-01-01 00:00:00+00:00,13,2015-01-01 13:00:00+00:00,26.98,0.0,0.0,0.0,0.3,0.5,1.0,0.0,4.0,5.0,1.03,Tokke_G2,Tokke,36.9,107.5,107.5,214.0,214.0,1,6.672,0.71282053,5.2,19.65,1195.2599,24.2,27.152872,1
1,2015-01-01 00:00:00+00:00,14,2015-01-01 14:00:00+00:00,27.51,0.0,0.0,0.0,0.3,0.5,1.0,0.0,4.0,5.0,1.06,Tokke_G2,Tokke,36.9,107.5,107.5,214.0,214.0,1,6.672,0.71282053,5.23,19.65,1195.2599,24.35,27.152872,1
1,2015-01-01 00:00:00+00:00,15,2015-01-01 15:00:00+00:00,28.32,0.0,0.0,0.0,0.3,0.5,1.0,0.0,4.0,5.0,1.06,Tokke_G2,Tokke,36.9,107.5,107.5,214.0,214.0,1,6.672,0.71282053,5.28,19.65,1195.2599,24.36,27.152872,1
1,2015-01-01 00:00:00+00:00,16,2015-01-01 16:00:00+00:00,28.36,0.0,0.0,0.0,0.3,0.5,1.0,0.0,4.0,5.0,1.07,Tokke_G2,Tokke,36.9,107.5,107.5,214.0,214.0,1,6.672,0.71282053,5.33,19.65,1195.2599,24.43,27.152872,1
1,2015-01-01 00:00:00+00:00,17,2015-01-01 17:00:00+00:00,28.18,0.0,0.0,0.0,0.3,0.5,1.0,0.0,4.0,5.0,1.1,Tokke_G2,Tokke,36.9,107.5,107.5,214.0,214.0,1,6.672,0.71282053,5.38,19.65,1195.2599,24.52,27.152872,1
1,2015-01-01 00:00:00+00:00,18,2015-01-01 18:00:00+00:00,27.81,0.0,0.0,0.0,0.3,0.5,1.0,0.0,4.0,5.0,1.11,Tokke_G2,Tokke,36.9,107.5,107.5,214.0,214.0,1,6.672,0.71282053,5.42,19.65,1195.2599,24.59,27.152872,1
1,2015-01-01 00:00:00+00:00,19,2015-01-01 19:00:00+00:00,27.46,0.0,0.0,0.0,0.3,0.5,1.0,0.0,4.0,5.0,1.12,Tokke_G2,Tokke,36.9,107.5,107.5,214.0,214.0,1,6.672,0.71282053,5.4,19.65,1195.2599,24.59,27.152872,1
1,2015-01-01 00:00:00+00:00,20,2015-01-01 20:00:00+00:00,27.06,0.0,0.0,0.0,0.3,0.5,1.0,0.0,4.0,5.0,1.13,Tokke_G2,Tokke,36.9,107.5,107.5,214.0,214.0,1,6.672,0.71282053,5.47,19.65,1195.2599,24.810001,27.152872,1
1,2015-01-01 00:00:00+00:00,21,2015-01-01 21:00:00+00:00,27.0,0.0,0.0,0.0,0.3,0.5,1.0,0.0,4.0,5.0,1.16,Tokke_G2,Tokke,36.9,107.5,107.5,214.0,214.0,1,6.672,0.71282053,5.47,19.65,1195.2599,24.87,27.152872,1
1,2015-01-01 00:00:00+00:00,22,2015-01-01 22:00:00+00:00,26.83,0.0,0.0,0.0,0.3,0.5,1.0,0.0,4.0,5.0,1.2,Tokke_G2,Tokke,36.9,107.5,107.5,214.0,214.0,1,6.672,0.71282053,5.45,19.65,1195.2599,24.900002,27.152872,1
1,2015-01-01 00:00:00+00:00,23,2015-01-01 23:00:00+00:00,26.71,0.0,0.0,0.0,0.3,0.5,1.0,0.0,4.0,5.0,1.24,Tokke_G2,Tokke,36.9,107.5,107.5,214.0,214.0,1,6.672,0.71282053,5.52,19.65,1195.2599,25.140003,27.152872,1
1,2015-01-01 00:00:00+00:00,24,2015-01-02 00:00:00+00:00,26.41,0.0,0.0,0.0,0.3,0.5,1.0,0.0,4.0,5.0,1.26,Tokke_G2,Tokke,36.9,107.5,107.5,214.0,214.0,1,6.672,0.71282053,5.53,19.65,1195.2599,25.29,27.152872,1
1,2015-01-01 00:00:00+00:00,25,2015-01-02 01:00:00+00:00,26.2,0.0,0.0,0.0,0.3,0.5,1.0,0.0,4.0,5.0,1.3,Tokke_G2,Tokke,36.9,107.5,107.5,214.0,214.0,1,6.672,0.71282053,5.53,19.65,1195.2599,25.510002,27.152872,1
1,2015-01-01 00:00:00+00:00,26,2015-01-02 02:00:00+00:00,25.6,0.0,0.0,0.0,0.3,0.5,1.0,0.0,4.0,5.0,1.52,Tokke_G2,Tokke,36.9,107.5,107.5,214.0,214.0,1,6.672,0.71282053,5.54,19.65,1195.2599,26.27,27.152872,1
1,2015-01-01 00:00:00+00:00,27,2015-01-02 03:00:00+00:00,24.74,0.0,0.0,0.0,0.3,0.5,1.0,0.0,4.0,5.0,1.7,Tokke_G2,Tokke,36.9,107.5,107.5,214.0,214.0,1,6.672,0.71282053,5.6,19.65,1195.2599,27.26,27.152872,1
1,2015-01-01 00:00:00+00:00,28,2015-01-02 04:00:00+00:00,26.1,0.0,0.0,0.0,0.3,0.5,1.0,0.0,4.0,5.0,1.75,Tokke_G2,Tokke,36.9,107.5,107.5,214.0,214.0,1,6.672,0.71282053,5.53,19.65,1195.2599,27.18,27.152872,1
1,2015-01-01 00:00:00+00:00,29,2015-01-02 05:00:00+00:00,27.25,0.0,0.0,0.0,0.3,0.5,1.0,0.0,4.0,5.0,1.65,Tokke_G2,Tokke,36.9,107.5,107.5,214.0,214.0,1,6.672,0.71282053,5.49,19.65,1195.2599,26.99,27.152872,1
1,2015-01-01 00:00:00+00:00,30,2015-01-02 06:00:00+00:00,28.37,0.0,0.0,0.0,0.3,0.5,1.0,0.0,4.0,5.0,1.71,Tokke_G2,Tokke,36.9,107.5,107.5,214.0,214.0,1,6.672,0.71282053,5.52,19.65,1195.2599,27.2,27.152872,1
1,2015-01-01 00:00:00+00:00,31,2015-01-02 07:00:00+00:00,28.37,0.0,0.0,0.0,0.3,0.5,1.0,0.0,4.0,5.0,1.92,Tokke_G2,Tokke,36.9,107.5,107.5,214.0,214.0,1,6.672,0.71282053,5.54,19.65,1195.2599,27.649998,27.152872,1
1,2015-01-01 00:00:00+00:00,32,2015-01-02 08:00:00+00:00,28.32,0.0,0.0,0.0,0.3,0.5,1.0,0.0,4.0,5.0,2.18,Tokke_G2,Tokke,36.9,107.5,107.5,214.0,214.0,1,6.672,0.71282053,5.62,19.65,1195.2599,28.390003,27.152872,1
1,2015-01-01 00:00:00+00:00,33,2015-01-02 09:00:00+00:00,28.3,0.0,0.0,0.0,0.3,0.5,1.0,0.0,4.0,5.0,2.33,Tokke_G2,Tokke,36.9,107.5,107.5,214.0,214.0,1,6.672,0.71282053,5.67,19.65,1195.2599,28.86,27.152872,1
1,2015-01-01 00:00:00+00:00,34,2015-01-02 10:00:00+00:00,28.39,0.0,0.0,0.0,0.3,0.5,1.0,0.0,4.0,5.0,2.35,Tokke_G2,Tokke,36.9,107.5,107.5,214.0,214.0,1,6.672,0.71282053,5.64,19.65,1195.2599,28.880001,27.152872,1
1,2015-01-01 00:00:00+00:00,35,2015-01-02 11:00:00+00:00,28.3,0.0,0.0,0.0,0.3,0.5,1.0,0.0,4.0,5.0,2.3,Tokke_G2,Tokke,36.9,107.5,107.5,214.0,214.0,1,6.672,0.71282053,5.68,19.65,1195.2599,28.84,27.152872,1
1,2015-01-01 00:00:00+00:00,36,2015-01-02 12:00:00+00:00,28.24,0.0,0.0,0.0,0.3,0.5,1.0,0.0,4.0,5.0,2.23,Tokke_G2,Tokke,36.9,107.5,107.5,214.0,214.0,1,6.672,0.71282053,5.72,19.65,1195.2599,28.860003,27.152872,1
1,2015-01-01 00:00:00+00:00,37,2015-01-02 13:00:00+00:00,28.12,0.0,0.0,0.0,0.3,0.5,1.0,0.0,4.0,5.0,2.2,Tokke_G2,Tokke,36.9,107.5,107.5,214.0,214.0,1,6.672,0.71282053,5.73,19.65,1195.2599,28.79,27.152872,1
1,2015-01-01 00:00:00+00:00,38,2015-01-02 14:00:00+00:00,28.23,0.0,0.0,0.0,0.3,0.5,1.0,0.0,4.0,5.0,2.17,Tokke_G2,Tokke,36.9,107.5,107.5,214.0,214.0,1,6.672,0.71282053,5.79,19.65,1195.2599,28.86,27.152872,1
1,2015-01-01 00:00:00+00:00,39,2015-01-02 15:00:00+00:00,28.59,0.0,0.0,0.0,0.3,0.5,1.0,0.0,4.0,5.0,2.14,Tokke_G2,Tokke,36.9,107.5,107.5,214.0,214.0,1,6.672,0.71282053,5.92,19.65,1195.2599,29.12,27.152872,1
1,2015-01-01 00:00:00+00:00,40,2015-01-02 16:00:00+00:00,28.73,0.0,0.0,0.0,0.3,0.5,1.0,0.0,4.0,5.0,2.13,Tokke_G2,Tokke,36.9,107.5,107.5,214.0,214.0,1,6.672,0.71282053,5.97,19.65,1195.2599,29.320002,27.152872,1
1,2015-01-01 00:00:00+00:00,41,2015-01-02 17:00:00+00:00,28.48,0.0,0.0,0.0,0.3,0.5,1.0,0.0,4.0,5.0,2.05,Tokke_G2,Tokke,36.9,107.5,107.5,214.0,214.0,1,6.672,0.71282053,5.96,19.65,1195.2599,29.25,27.152872,1
1,2015-01-01 00:00:00+00:00,42,2015-01-02 18:00:00+00:00,28.38,0.0,0.0,0.0,0.3,0.5,1.0,0.0,4.0,5.0,1.64,Tokke_G2,Tokke,36.9,107.5,107.5,214.0,214.0,1,6.672,0.71282053,6.08,19.65,1195.2599,28.550001,27.152872,1
1,2015-01-01 00:00:00+00:00,43,2015-01-02 19:00:00+00:00,27.85,0.0,0.0,0.0,0.3,0.5,1.0,0.0,4.0,5.0,2.06,Tokke_G2,Tokke,36.9,107.5,107.5,214.0,214.0,1,6.672,0.71282053,6.14,19.65,1195.2599,29.42,27.152872,1
1,2015-01-01 00:00:00+00:00,44,2015-01-02 20:00:00+00:00,27.45,0.0,0.0,0.0,0.3,0.5,1.0,0.0,4.0,5.0,2.2,Tokke_G2,Tokke,36.9,107.5,107.5,214.0,214.0,1,6.672,0.71282053,6.2,19.65,1195.2599,29.780003,27.152872,1
1,2015-01-01 00:00:00+00:00,45,2015-01-02 21:00:00+00:00,27.2,0.0,0.0,0.0,0.3,0.5,1.0,0.0,4.0,5.0,2.38,Tokke_G2,Tokke,36.9,107.5,107.5,214.0,214.0,1,6.672,0.71282053,6.24,19.65,1195.2599,30.059998,27.152872,1
1,2015-01-01 00:00:00+00:00,46,2015-01-02 22:00:00+00:00,26.79,0.0,0.0,0.0,0.3,0.5,1.0,0.0,4.0,5.0,2.59,Tokke_G2,Tokke,36.9,107.5,107.5,214.0,214.0,1,6.672,0.71282053,6.27,19.65,1195.2599,30.329998,27.152872,1
1,2015-01-01 00:00:00+00:00,47,2015-01-02 23:00:00+00:00,25.85,0.0,0.0,0.0,0.3,0.5,1.0,0.0,4.0,5.0,2.83,Tokke_G2,Tokke,36.9,107.5,107.5,214.0,214.0,1,6.672,0.71282053,6.46,19.65,1195.2599,30.970001,27.152872,1
1,2015-01-01 00:00:00+00:00,48,2015-01-03 00:00:00+00:00,25.54,0.0,0.0,0.0,0.3,0.5,1.0,0.0,4.0,5.0,2.84,Tokke_G2,Tokke,36.9,107.5,107.5,214.0,214.0,1,6.672,0.71282053,6.62,19.65,1195.2599,31.25,27.152872,1
1,2015-01-01 00:00:00+00:00,49,2015-01-03 01:00:00+00:00,25.43,0.0,0.0,0.0,0.3,0.5,1.0,0.0,4.0,5.0,2.77,Tokke_G2,Tokke,36.9,107.5,107.5,214.0,214.0,1,6.672,0.71282053,6.74,19.65,1195.2599,31.34,27.152872,1
1,2015-01-01 00:00:00+00:00,50,2015-01-03 02:00:00+00:00,25.34,0.0,0.0,0.0,0.3,0.5,1.0,0.0,4.0,5.0,2.86,Tokke_G2,Tokke,36.9,107.5,107.5,214.0,214.0,1,6.672,0.71282053,6.89,19.65,1195.2599,31.58,27.152872,1
1,2015-01-01 00:00:00+00:00,51,2015-01-03 03:00:00+00:00,25.29,0.0,0.0,0.0,0.3,0.5,1.0,0.0,4.0,5.0,3.02,Tokke_G2,Tokke,36.9,107.5,107.5,214.0,214.0,1,6.672,0.71282053,6.96,19.65,1195.2599,31.970001,27.152872,1
1,2015-01-01 00:00:00+00:00,52,2015-01-03 04:00:00+00:00,25.3,0.0,0.0,0.0,0.3,0.5,1.0,0.0,4.0,5.0,3.13,Tokke_G2,Tokke,36.9,107.5,107.5,214.0,214.0,1,6.672,0.71282053,7.02,19.65,1195.2599,32.269997,27.152872,1
1,2015-01-01 00:00:00+00:00,53,2015-01-03 05:00:00+00:00,25.55,0.0,0.0,0.0,0.3,0.5,1.0,0.0,4.0,5.0,3.16,Tokke_G2,Tokke,36.9,107.5,107.5,214.0,214.0,1,6.672,0.71282053,7.12,19.65,1195.2599,32.5,27.152872,1
1,2015-01-01 00:00:00+00:00,54,2015-01-03 06:00:00+00:00,26.75,0.0,0.0,0.0,0.3,0.5,1.0,0.0,4.0,5.0,3.13,Tokke_G2,Tokke,36.9,107.5,107.5,214.0,214.0,1,6.672,0.71282053,7.17,19.65,1195.2599,32.58,27.152872,1
1,2015-01-01 00:00:00+00:00,55,2015-01-03 07:00:00+00:00,26.98,0.0,0.0,0.0,0.3,0.5,1.0,0.0,4.0,5.0,3.06,Tokke_G2,Tokke,36.9,107.5,107.5,214.0,214.0,1,6.672,0.71282053,7.13,19.65,1195.2599,32.48,27.152872,1
1,2015-01-01 00:00:00+00:00,56,2015-01-03 08:00:00+00:00,27.52,0.0,0.0,0.0,0.3,0.5,1.0,0.0,4.0,5.0,3.01,Tokke_G2,Tokke,36.9,107.5,107.5,214.0,214.0,1,6.672,0.71282053,7.13,19.65,1195.2599,32.5,27.152872,1
1,2015-01-01 00:00:00+00:00,57,2015-01-03 09:00:00+00:00,27.72,0.0,0.0,0.0,0.3,0.5,1.0,0.0,4.0,5.0,3.0,Tokke_G2,Tokke,36.9,107.5,107.5,214.0,214.0,1,6.672,0.71282053,7.18,19.65,1195.2599,32.699997,27.152872,1
1,2015-01-01 00:00:00+00:00,58,2015-01-03 10:00:00+00:00,27.73,0.0,0.0,0.0,0.3,0.5,1.0,0.0,4.0,5.0,2.92,Tokke_G2,Tokke,36.9,107.5,107.5,214.0,214.0,1,6.672,0.71282053,7.23,19.65,1195.2599,32.800003,27.152872,1
1,2015-01-01 00:00:00+00:00,59,2015-01-03 11:00:00+00:00,27.66,0.0,0.0,0.0,0.3,0.5,1.0,0.0,4.0,5.0,2.88,Tokke_G2,Tokke,36.9,107.5,107.5,214.0,214.0,1,6.672,0.71282053,7.24,19.65,1195.2599,33.02,27.152872,1
1,2015-01-01 00:00:00+00:00,60,2015-01-03 12:00:00+00:00,27.65,0.0,0.0,0.0,0.3,0.5,1.0,0.0,4.0,5.0,2.85,Tokke_G2,Tokke,36.9,107.5,107.5,214.0,214.0,1,6.672,0.71282053,7.23,19.65,1195.2599,33.04,27.152872,1
1,2015-01-01 00:00:00+00:00,61,2015-01-03 13:00:00+00:00,27.81,0.0,0.0,0.0,0.3,0.5,1.0,0.0,4.0,5.0,2.84,Tokke_G2,Tokke,36.9,107.5,107.5,214.0,214.0,1,6.672,0.71282053,7.2,19.65,1195.2599,32.86,27.152872,1
1,2015-01-01 00:00:00+00:00,62,2015-01-03 14:00:00+00:00,28.29,0.0,0.0,0.0,0.3,0.5,1.0,0.0,4.0,5.0,2.81,Tokke_G2,Tokke,36.9,107.5,107.5,214.0,214.0,1,6.672,0.71282053,7.28,19.65,1195.2599,32.93,27.152872,1
1,2015-01-01 00:00:00+00:00,63,2015-01-03 15:00:00+00:00,28.6,0.0,0.0,0.0,0.3,0.5,1.0,0.0,4.0,5.0,2.75,Tokke_G2,Tokke,36.9,107.5,107.5,214.0,214.0,1,6.672,0.71282053,7.3,19.65,1195.2599,32.73,27.152872,1
1,2015-01-01 00:00:00+00:00,64,2015-01-03 16:00:00+00:00,28.88,0.0,0.0,0.0,0.3,0.5,1.0,0.0,4.0,5.0,2.69,Tokke_G2,Tokke,36.9,107.5,107.5,214.0,214.0,1,6.672,0.71282053,7.29,19.65,1195.2599,32.63,27.152872,1
1,2015-01-01 00:00:00+00:00,65,2015-01-03 17:00:00+00:00,28.78,0.0,0.0,0.0,0.3,0.5,1.0,0.0,4.0,5.0,2.65,Tokke_G2,Tokke,36.9,107.5,107.5,214.0,214.0,1,6.672,0.71282053,7.25,19.65,1195.2599,32.47,27.152872,1
1,2015-01-01 00:00:00+00:00,66,2015-01-03 18:00:00+00:00,28.54,0.0,0.0,0.0,0.3,0.5,1.0,0.0,4.0,5.0,2.6,Tokke_G2,Tokke,36.9,107.5,107.5,214.0,214.0,1,6.672,0.71282053,7.28,19.65,1195.2599,32.39,27.152872,1
1,2015-01-01 00:00:00+00:00,67,2015-01-03 19:00:00+00:00,28.34,0.0,0.0,0.0,0.3,0.5,1.0,0.0,4.0,5.0,2.54,Tokke_G2,Tokke,36.9,107.5,107.5,214.0,214.0,1,6.672,0.71282053,7.25,19.65,1195.2599,32.29,27.152872,1
1,2015-01-01 00:00:00+00:00,68,2015-01-03 20:00:00+00:00,27.93,0.0,0.0,0.0,0.3,0.5,1.0,0.0,4.0,5.0,2.47,Tokke_G2,Tokke,36.9,107.5,107.5,214.0,214.0,1,6.672,0.71282053,7.3,19.65,1195.2599,32.190002,27.152872,1
1,2015-01-01 00:00:00+00:00,69,2015-01-03 21:00:00+00:00,27.7,0.0,0.0,0.0,0.3,0.5,1.0,0.0,4.0,5.0,2.41,Tokke_G2,Tokke,36.9,107.5,107.5,214.0,214.0,1,6.672,0.71282053,7.35,19.65,1195.2599,32.0,27.152872,1
1,2015-01-01 00:00:00+00:00,70,2015-01-03 22:00:00+00:00,27.25,0.0,0.0,0.0,0.3,0.5,1.0,0.0,4.0,5.0,2.33,Tokke_G2,Tokke,36.9,107.5,107.5,214.0,214.0,1,6.672,0.71282053,7.35,19.65,1195.2599,31.880001,27.152872,1
1,2015-01-01 00:00:00+00:00,71,2015-01-03 23:00:00+00:00,27.55,0.0,0.0,0.0,0.3,0.5,1.0,0.0,4.0,5.0,2.27,Tokke_G2,Tokke,36.9,107.5,107.5,214.0,214.0,1,6.672,0.71282053,7.35,19.65,1195.2599,31.789999,27.152872,1
1,2015-01-01 00:00:00+00:00,72,2015-01-04 00:00:00+00:00,27.38,0.0,0.0,0.0,0.3,0.5,1.0,0.0,4.0,5.0,2.22,Tokke_G2,Tokke,36.9,107.5,107.5,214.0,214.0,1,6.672,0.71282053,7.35,19.65,1195.2599,31.449997,27.152872,1
1,2015-01-01 00:00:00+00:00,73,2015-01-04 01:00:00+00:00,27.17,0.0,0.0,0.0,0.3,0.5,1.0,0.0,4.0,5.0,2.15,Tokke_G2,Tokke,36.9,107.5,107.5,214.0,214.0,1,6.672,0.71282053,7.34,19.65,1195.2599,30.980001,27.152872,1
1,2015-01-01 00:00:00+00:00,74,2015-01-04 02:00:00+00:00,27.03,0.0,0.0,0.0,0.3,0.5,1.0,0.0,4.0,5.0,2.1,Tokke_G2,Tokke,36.9,107.5,107.5,214.0,214.0,1,6.672,0.71282053,7.25,19.65,1195.2599,30.45,27.152872,1
1,2015-01-01 00:00:00+00:00,75,2015-01-04 03:00:00+00:00,27.04,0.0,0.0,0.0,0.3,0.5,1.0,0.0,4.0,5.0,2.06,Tokke_G2,Tokke,36.9,107.5,107.5,214.0,214.0,1,6.672,0.71282053,7.25,19.65,1195.2599,30.28,27.152872,1
1,2015-01-01 00:00:00+00:00,76,2015-01-04 04:00:00+00:00,27.19,0.0,0.0,0.0,0.3,0.5,1.0,0.0,4.0,5.0,2.01,Tokke_G2,Tokke,36.9,107.5,107.5,214.0,214.0,1,6.672,0.71282053,7.34,19.65,1195.2599,30.24,27.152872,1
1,2015-01-01 00:00:00+00:00,77,2015-01-04 05:00:00+00:00,27.13,0.0,0.0,0.0,0.3,0.5,1.0,0.0,4.0,5.0,1.99,Tokke_G2,Tokke,36.9,107.5,107.5,214.0,214.0,1,6.672,0.71282053,7.37,19.65,1195.2599,30.2,27.152872,1
1,2015-01-01 00:00:00+00:00,78,2015-01-04 06:00:00+00:00,27.06,0.0,0.0,0.0,0.3,0.5,1.0,0.0,4.0,5.0,1.94,Tokke_G2,Tokke,36.9,107.5,107.5,214.0,214.0,1,6.672,0.71282053,7.45,19.65,1195.2599,30.21,27.152872,1
1,2015-01-01 00:00:00+00:00,79,2015-01-04 07:00:00+00:00,27.63,0.0,0.0,0.0,0.3,0.5,1.0,0.0,4.0,5.0,1.89,Tokke_G2,Tokke,36.9,107.5,107.5,214.0,214.0,1,6.672,0.71282053,7.48,19.65,1195.2599,30.039999,27.152872,1
1,2015-01-01 00:00:00+00:00,80,2015-01-04 08:00:00+00:00,28.03,0.0,0.0,0.0,0.3,0.5,1.0,0.0,4.0,5.0,1.84,Tokke_G2,Tokke,36.9,107.5,107.5,214.0,214.0,1,6.672,0.71282053,7.52,19.65,1195.2599,29.99,27.152872,1
1,2015-01-01 00:00:00+00:00,81,2015-01-04 09:00:00+00:00,28.24,0.0,0.0,0.0,0.3,0.5,1.0,0.0,4.0,5.0,1.82,Tokke_G2,Tokke,36.9,107.5,107.5,214.0,214.0,1,6.672,0.71282053,7.52,19.65,1195.2599,29.849998,27.152872,1
1,2015-01-01 00:00:00+00:00,82,2015-01-04 10:00:00+00:00,28.32,0.0,0.0,0.0,0.3,0.5,1.0,0.0,4.0,5.0,1.79,Tokke_G2,Tokke,36.9,107.5,107.5,214.0,214.0,1,6.672,0.71282053,7.48,19.65,1195.2599,29.75,27.152872,1
1,2015-01-01 00:00:00+00:00,83,2015-01-04 11:00:00+00:00,28.24,0.0,0.0,0.0,0.3,0.5,1.0,0.0,4.0,5.0,1.77,Tokke_G2,Tokke,36.9,107.5,107.5,214.0,214.0,1,6.672,0.71282053,7.52,19.65,1195.2599,29.880001,27.152872,1
1,2015-01-01 00:00:00+00:00,84,2015-01-04 12:00:00+00:00,28.27,0.0,0.0,0.0,0.3,0.5,1.0,0.0,4.0,5.0,1.74,Tokke_G2,Tokke,36.9,107.5,107.5,214.0,214.0,1,6.672,0.71282053,7.53,19.65,1195.2599,29.999998,27.152872,1
1,2015-01-01 00:00:00+00:00,85,2015-01-04 13:00:00+00:00,28.32,0.0,0.0,0.0,0.3,0.5,1.0,0.0,4.0,5.0,1.72,Tokke_G2,Tokke,36.9,107.5,107.5,214.0,214.0,1,6.672,0.71282053,7.56,19.65,1195.2599,29.98,27.152872,1
1,2015-01-01 00:00:00+00:00,86,2015-01-04 14:00:00+00:00,28.37,0.0,0.0,0.0,0.3,0.5,1.0,0.0,4.0,5.0,1.7,Tokke_G2,Tokke,36.9,107.5,107.5,214.0,214.0,1,6.672,0.71282053,7.49,19.65,1195.2599,29.769999,27.152872,1
1,2015-01-01 00:00:00+00:00,87,2015-01-04 15:00:00+00:00,28.65,0.0,0.0,0.0,0.3,0.5,1.0,0.0,4.0,5.0,1.68,Tokke_G2,Tokke,36.9,107.5,107.5,214.0,214.0,1,6.672,0.71282053,7.5,19.65,1195.2599,29.689999,27.152872,1
1,2015-01-01 00:00:00+00:00,88,2015-01-04 16:00:00+00:00,28.98,0.0,0.0,0.0,0.3,0.5,1.0,0.0,4.0,5.0,1.68,Tokke_G2,Tokke,36.9,107.5,107.5,214.0,214.0,1,6.672,0.71282053,7.42,19.65,1195.2599,29.390001,27.152872,1
1,2015-01-01 00:00:00+00:00,89,2015-01-04 17:00:00+00:00,29.54,0.0,0.0,0.0,0.3,0.5,1.0,0.0,4.0,5.0,1.65,Tokke_G2,Tokke,36.9,107.5,107.5,214.0,214.0,1,6.672,0.71282053,7.42,19.65,1195.2599,29.429998,27.152872,1
1,2015-01-01 00:00:00+00:00,90,2015-01-04 18:00:00+00:00,29.42,0.0,0.0,0.0,0.3,0.5,1.0,0.0,4.0,5.0,1.64,Tokke_G2,Tokke,36.9,107.5,107.5,214.0,214.0,1,6.672,0.71282053,7.47,19.65,1195.2599,29.77,27.152872,1
1,2015-01-01 00:00:00+00:00,91,2015-01-04 19:00:00+00:00,28.92,0.0,0.0,0.0,0.3,0.5,1.0,0.0,4.0,5.0,1.63,Tokke_G2,Tokke,36.9,107.5,107.5,214.0,214.0,1,6.672,0.71282053,7.52,19.65,1195.2599,30.19,27.152872,1
1,2015-01-01 00:00:00+00:00,92,2015-01-04 20:00:00+00:00,28.66,0.0,0.0,0.0,0.3,0.5,1.0,0.0,4.0,5.0,1.6,Tokke_G2,Tokke,36.9,107.5,107.5,214.0,214.0,1,6.672,0.71282053,7.53,19.65,1195.2599,30.180002,27.152872,1
1,2015-01-01 00:00:00+00:00,93,2015-01-04 21:00:00+00:00,28.69,0.0,0.0,0.0,0.3,0.5,1.0,0.0,4.0,5.0,1.59,Tokke_G2,Tokke,36.9,107.5,107.5,214.0,214.0,1,6.672,0.71282053,7.58,19.65,1195.2599,30.14,27.152872,1
1,2015-01-01 00:00:00+00:00,94,2015-01-04 22:00:00+00:00,28.02,0.0,0.0,0.0,0.3,0.5,1.0,0.0,4.0,5.0,1.58,Tokke_G2,Tokke,36.9,107.5,107.5,214.0,214.0,1,6.672,0.71282053,7.59,19.65,1195.2599,30.08,27.152872,1
1,2015-01-01 00:00:00+00:00,95,2015-01-04 23:00:00+00:00,28.19,0.0,0.0,0.0,0.3,0.5,1.0,0.0,4.0,5.0,1.57,Tokke_G2,Tokke,36.9,107.5,107.5,214.0,214.0,1,6.672,0.71282053,7.59,19.65,1195.2599,30.349998,27.152872,1
1,2015-01-01 00:00:00+00:00,96,2015-01-05 00:00:00+00:00,28.15,0.0,0.0,0.0,0.3,0.5,1.0,0.0,4.0,5.0,1.56,Tokke_G2,Tokke,36.9,107.5,107.5,214.0,214.0,1,6.672,0.71282053,7.63,19.65,1195.2599,30.41,27.152872,1
1,2015-01-01 00:00:00+00:00,97,2015-01-05 01:00:00+00:00,28.13,0.0,0.0,0.0,0.3,0.5,1.0,0.0,4.0,5.0,1.54,Tokke_G2,Tokke,36.9,107.5,107.5,214.0,214.0,1,6.672,0.71282053,7.6,19.65,1195.2599,30.510002,27.152872,1
1,2015-01-01 00:00:00+00:00,98,2015-01-05 02:00:00+00:00,28.05,0.0,0.0,0.0,0.3,0.5,1.0,0.0,4.0,5.0,1.53,Tokke_G2,Tokke,36.9,107.5,107.5,214.0,214.0,1,6.672,0.71282053,7.64,19.65,1195.2599,30.699999,27.152872,1
1,2015-01-01 00:00:00+00:00,99,2015-01-05 03:00:00+00:00,28.04,0.0,0.0,0.0,0.3,0.5,1.0,0.0,4.0,5.0,1.52,Tokke_G2,Tokke,36.9,107.5,107.5,214.0,214.0,1,6.672,0.71282053,7.69,19.65,1195.2599,30.780003,27.152872,1
1,2015-01-01 00:00:00+00:00,100,2015-01-05 04:00:00+00:00,28.46,0.0,0.0,0.0,0.3,0.5,1.0,0.0,4.0,5.0,1.51,Tokke_G2,Tokke,36.9,107.5,107.5,214.0,214.0,1,6.672,0.71282053,7.65,19.65,1195.2599,30.69,27.152872,1
1,2015-01-01 00:00:00+00:00,101,2015-01-05 05:00:00+00:00,28.78,0.0,0.0,0.0,0.3,0.5,1.0,0.0,4.0,5.0,1.5,Tokke_G2,Tokke,36.9,107.5,107.5,214.0,214.0,1,6.672,0.71282053,7.64,19.65,1195.2599,30.76,27.152872,1
1,2015-01-01 00:00:00+00:00,102,2015-01-05 06:00:00+00:00,30.99,0.0,0.0,0.0,0.3,0.5,1.0,0.0,4.0,5.0,1.48,Tokke_G2,Tokke,36.9,107.5,107.5,214.0,214.0,1,6.672,0.71282053,7.65,19.65,1195.2599,30.74,27.152872,1
1,2015-01-01 00:00:00+00:00,103,2015-01-05 07:00:00+00:00,38.15,0.0,0.0,0.0,0.3,0.5,1.0,0.0,4.0,5.0,1.47,Tokke_G2,Tokke,36.9,107.5,107.5,214.0,214.0,1,6.672,0.71282053,7.69,19.65,1195.2599,30.85,27.152872,1
1,2015-01-01 00:00:00+00:00,104,2015-01-05 08:00:00+00:00,41.51,0.0,0.0,0.0,0.3,0.5,1.0,0.0,4.0,5.0,1.46,Tokke_G2,Tokke,36.9,107.5,107.5,214.0,214.0,1,6.672,0.71282053,7.69,19.65,1195.2599,30.78,27.152872,1
1,2015-01-01 00:00:00+00:00,105,2015-01-05 09:00:00+00:00,40.46,0.0,0.0,0.0,0.3,0.5,1.0,0.0,4.0,5.0,1.46,Tokke_G2,Tokke,36.9,107.5,107.5,214.0,214.0,1,6.672,0.71282053,7.66,19.65,1195.2599,30.68,27.152872,1
1,2015-01-01 00:00:00+00:00,106,2015-01-05 10:00:00+00:00,40.97,0.0,0.0,0.0,0.3,0.5,1.0,0.0,4.0,5.0,1.45,Tokke_G2,Tokke,36.9,107.5,107.5,214.0,214.0,1,6.672,0.71282053,7.69,19.65,1195.2599,30.689999,27.152872,1
1,2015-01-01 00:00:00+00:00,107,2015-01-05 11:00:00+00:00,38.66,0.0,0.0,0.0,0.3,0.5,1.0,0.0,4.0,5.0,1.45,Tokke_G2,Tokke,36.9,107.5,107.5,214.0,214.0,1,6.672,0.71282053,7.7,19.65,1195.2599,30.7,27.152872,1
1,2015-01-01 00:00:00+00:00,108,2015-01-05 12:00:00+00:00,36.44,0.0,0.0,0.0,0.3,0.5,1.0,0.0,4.0,5.0,1.45,Tokke_G2,Tokke,36.9,107.5,107.5,214.0,214.0,1,6.672,0.71282053,7.7,19.65,1195.2599,30.61,27.152872,1
1,2015-01-01 00:00:00+00:00,109,2015-01-05 13:00:00+00:00,37.74,0.0,0.0,0.0,0.3,0.5,1.0,0.0,4.0,5.0,1.45,Tokke_G2,Tokke,36.9,107.5,107.5,214.0,214.0,1,6.672,0.71282053,7.7,19.65,1195.2599,30.560001,27.152872,1
1,2015-01-01 00:00:00+00:00,110,2015-01-05 14:00:00+00:00,43.1,0.0,0.0,0.0,0.3,0.5,1.0,0.0,4.0,5.0,1.45,Tokke_G2,Tokke,36.9,107.5,107.5,214.0,214.0,1,6.672,0.71282053,7.7,19.65,1195.2599,30.439999,27.152872,1
1,2015-01-01 00:00:00+00:00,111,2015-01-05 15:00:00+00:00,46.7,0.0,0.0,0.0,0.3,0.5,1.0,0.0,4.0,5.0,1.44,Tokke_G2,Tokke,36.9,107.5,107.5,214.0,214.0,1,6.672,0.71282053,7.7,19.65,1195.2599,30.369999,27.152872,1
1,2015-01-01 00:00:00+00:00,112,2015-01-05 16:00:00+00:00,56.78,0.0,0.0,0.0,0.3,0.5,1.0,0.0,4.0,5.0,1.44,Tokke_G2,Tokke,36.9,107.5,107.5,214.0,214.0,1,6.672,0.71282053,7.7,19.65,1195.2599,30.319996,27.152872,1
1,2015-01-01 00:00:00+00:00,113,2015-01-05 17:00:00+00:00,36.49,0.0,0.0,0.0,0.3,0.5,1.0,0.0,4.0,5.0,1.45,Tokke_G2,Tokke,36.9,107.5,107.5,214.0,214.0,1,6.672,0.71282053,7.71,19.65,1195.2599,30.310001,27.152872,1
1,2015-01-01 00:00:00+00:00,114,2015-01-05 18:00:00+00:00,32.43,0.0,0.0,0.0,0.3,0.5,1.0,0.0,4.0,5.0,1.44,Tokke_G2,Tokke,36.9,107.5,107.5,214.0,214.0,1,6.672,0.71282053,7.75,19.65,1195.2599,30.28,27.152872,1
1,2015-01-01 00:00:00+00:00,115,2015-01-05 19:00:00+00:00,31.39,0.0,0.0,0.0,0.3,0.5,1.0,0.0,4.0,5.0,1.43,Tokke_G2,Tokke,36.9,107.5,107.5,214.0,214.0,1,6.672,0.71282053,7.71,19.65,1195.2599,30.150002,27.152872,1
1,2015-01-01 00:00:00+00:00,116,2015-01-05 20:00:00+00:00,30.29,0.0,0.0,0.0,0.3,0.5,1.0,0.0,4.0,5.0,1.43,Tokke_G2,Tokke,36.9,107.5,107.5,214.0,214.0,1,6.672,0.71282053,7.7,19.65,1195.2599,30.02,27.152872,1
1,2015-01-01 00:00:00+00:00,117,2015-01-05 21:00:00+00:00,29.43,0.0,0.0,0.0,0.3,0.5,1.0,0.0,4.0,5.0,1.43,Tokke_G2,Tokke,36.9,107.5,107.5,214.0,214.0,1,6.672,0.71282053,7.71,19.65,1195.2599,29.93,27.152872,1
1,2015-01-01 00:00:00+00:00,118,2015-01-05 22:00:00+00:00,29.09,0.0,0.0,0.0,0.3,0.5,1.0,0.0,4.0,5.0,1.44,Tokke_G2,Tokke,36.9,107.5,107.5,214.0,214.0,1,6.672,0.71282053,7.75,19.65,1195.2599,29.92,27.152872,1
1,2015-01-01 00:00:00+00:00,119,2015-01-05 23:00:00+00:00,28.08,0.0,0.0,0.0,0.3,0.5,1.0,0.0,4.0,5.0,1.44,Tokke_G2,Tokke,36.9,107.5,107.5,214.0,214.0,1,6.672,0.71282053,7.72,19.65,1195.2599,29.779999,27.152872,1
1,2015-01-01 00:00:00+00:00,120,2015-01-06 00:00:00+00:00,27.94,0.0,0.0,0.0,0.3,0.5,1.0,0.0,4.0,5.0,1.44,Tokke_G2,Tokke,36.9,107.5,107.5,214.0,214.0,1,6.672,0.71282053,7.75,19.65,1195.2599,29.759998,27.152872,1
1,2015-01-01 00:00:00+00:00,121,2015-01-06 01:00:00+00:00,27.91,0.0,0.0,0.0,0.3,0.5,1.0,0.0,4.0,5.0,1.44,Tokke_G2,Tokke,36.9,107.5,107.5,214.0,214.0,1,6.672,0.71282053,7.71,19.65,1195.2599,29.619999,27.152872,1
1,2015-01-01 00:00:00+00:00,122,2015-01-06 02:00:00+00:00,27.89,0.0,0.0,0.0,0.3,0.5,1.0,0.0,4.0,5.0,1.44,Tokke_G2,Tokke,36.9,107.5,107.5,214.0,214.0,1,6.672,0.71282053,7.71,19.65,1195.2599,29.579998,27.152872,1
1,2015-01-01 00:00:00+00:00,123,2015-01-06 03:00:00+00:00,27.89,0.0,0.0,0.0,0.3,0.5,1.0,0.0,4.0,5.0,1.44,Tokke_G2,Tokke,36.9,107.5,107.5,214.0,214.0,1,6.672,0.71282053,7.75,19.65,1195.2599,29.58,27.152872,1
1,2015-01-01 00:00:00+00:00,124,2015-01-06 04:00:00+00:00,28.01,0.0,0.0,0.0,0.3,0.5,1.0,0.0,4.0,5.0,1.44,Tokke_G2,Tokke,36.9,107.5,107.5,214.0,214.0,1,6.672,0.71282053,7.71,19.65,1195.2599,29.470001,27.152872,1
1,2015-01-01 00:00:00+00:00,125,2015-01-06 05:00:00+00:00,28.73,0.0,0.0,0.0,0.3,0.5,1.0,0.0,4.0,5.0,1.44,Tokke_G2,Tokke,36.9,107.5,107.5,214.0,214.0,1,6.672,0.71282053,7.7,19.65,1195.2599,29.39,27.152872,1
1,2015-01-01 00:00:00+00:00,126,2015-01-06 06:00:00+00:00,30.03,0.0,0.0,0.0,0.3,0.5,1.0,0.0,4.0,5.0,1.43,Tokke_G2,Tokke,36.9,107.5,107.5,214.0,214.0,1,6.672,0.71282053,7.71,19.65,1195.2599,29.349998,27.152872,1
1,2015-01-01 00:00:00+00:00,127,2015-01-06 07:00:00+00:00,30.5,0.0,0.0,0.0,0.3,0.5,1.0,0.0,4.0,5.0,1.42,Tokke_G2,Tokke,36.9,107.5,107.5,214.0,214.0,1,6.672,0.71282053,7.75,19.65,1195.2599,29.34,27.152872,1
1,2015-01-01 00:00:00+00:00,128,2015-01-06 08:00:00+00:00,30.35,0.0,0.0,0.0,0.3,0.5,1.0,0.0,4.0,5.0,1.42,Tokke_G2,Tokke,36.9,107.5,107.5,214.0,214.0,1,6.672,0.71282053,7.72,19.65,1195.2599,29.18,27.152872,1
1,2015-01-01 00:00:00+00:00,129,2015-01-06 09:00:00+00:00,30.53,0.0,0.0,0.0,0.3,0.5,1.0,0.0,4.0,5.0,1.42,Tokke_G2,Tokke,36.9,107.5,107.5,214.0,214.0,1,6.672,0.71282053,7.76,19.65,1195.2599,29.190002,27.152872,1
1,2015-01-01 00:00:00+00:00,130,2015-01-06 10:00:00+00:00,29.91,0.0,0.0,0.0,0.3,0.5,1.0,0.0,4.0,5.0,1.43,Tokke_G2,Tokke,36.9,107.5,107.5,214.0,214.0,1,6.672,0.71282053,7.81,19.65,1195.2599,29.269999,27.152872,1
1,2015-01-01 00:00:00+00:00,131,2015-01-06 11:00:00+00:00,29.62,0.0,0.0,0.0,0.3,0.5,1.0,0.0,4.0,5.0,1.41,Tokke_G2,Tokke,36.9,107.5,107.5,214.0,214.0,1,6.672,0.71282053,7.78,19.65,1195.2599,29.130001,27.152872,1
1,2015-01-01 00:00:00+00:00,132,2015-01-06 12:00:00+00:00,29.58,0.0,0.0,0.0,0.3,0.5,1.0,0.0,4.0,5.0,1.4,Tokke_G2,Tokke,36.9,107.5,107.5,214.0,214.0,1,6.672,0.71282053,7.81,19.65,1195.2599,29.119999,27.152872,1
1,2015-01-01 00:00:00+00:00,133,2015-01-06 13:00:00+00:00,29.57,0.0,0.0,0.0,0.3,0.5,1.0,0.0,4.0,5.0,1.41,Tokke_G2,Tokke,36.9,107.5,107.5,214.0,214.0,1,6.672,0.71282053,7.82,19.65,1195.2599,29.15,27.152872,1
1,2015-01-01 00:00:00+00:00,134,2015-01-06 14:00:00+00:00,29.62,0.0,0.0,0.0,0.3,0.5,1.0,0.0,4.0,5.0,1.41,Tokke_G2,Tokke,36.9,107.5,107.5,214.0,214.0,1,6.672,0.71282053,7.84,19.65,1195.2599,29.149998,27.152872,1
1,2015-01-01 00:00:00+00:00,135,2015-01-06 15:00:00+00:00,29.99,0.0,0.0,0.0,0.3,0.5,1.0,0.0,4.0,5.0,1.41,Tokke_G2,Tokke,36.9,107.5,107.5,214.0,214.0,1,6.672,0.71282053,7.93,19.65,1195.2599,29.269999,27.152872,1
1,2015-01-01 00:00:00+00:00,136,2015-01-06 16:00:00+00:00,29.65,0.0,0.0,0.0,0.3,0.5,1.0,0.0,4.0,5.0,1.41,Tokke_G2,Tokke,36.9,107.5,107.5,214.0,214.0,1,6.672,0.71282053,7.99,19.65,1195.2599,29.339996,27.152872,1
1,2015-01-01 00:00:00+00:00,137,2015-01-06 17:00:00+00:00,29.58,0.0,0.0,0.0,0.3,0.5,1.0,0.0,4.0,5.0,1.4,Tokke_G2,Tokke,36.9,107.5,107.5,214.0,214.0,1,6.672,0.71282053,8.02,19.65,1195.2599,29.319998,27.152872,1
1,2015-01-01 00:00:00+00:00,138,2015-01-06 18:00:00+00:00,29.0,0.0,0.0,0.0,0.3,0.5,1.0,0.0,4.0,5.0,1.4,Tokke_G2,Tokke,36.9,107.5,107.5,214.0,214.0,1,6.672,0.71282053,8.11,19.65,1195.2599,29.449997,27.152872,1
1,2015-01-01 00:00:00+00:00,139,2015-01-06 19:00:00+00:00,28.45,0.0,0.0,0.0,0.3,0.5,1.0,0.0,4.0,5.0,1.4,Tokke_G2,Tokke,36.9,107.5,107.5,214.0,214.0,1,6.672,0.71282053,8.12,19.65,1195.2599,29.499996,27.152872,1
1,2015-01-01 00:00:00+00:00,140,2015-01-06 20:00:00+00:00,28.15,0.0,0.0,0.0,0.3,0.5,1.0,0.0,4.0,5.0,1.38,Tokke_G2,Tokke,36.9,107.5,107.5,214.0,214.0,1,6.672,0.71282053,8.11,19.65,1195.2599,29.429996,27.152872,1
1,2015-01-01 00:00:00+00:00,141,2015-01-06 21:00:00+00:00,27.73,0.0,0.0,0.0,0.3,0.5,1.0,0.0,4.0,5.0,1.4,Tokke_G2,Tokke,36.9,107.5,107.5,214.0,214.0,1,6.672,0.71282053,8.07,19.65,1195.2599,29.389997,27.152872,1
1,2015-01-01 00:00:00+00:00,142,2015-01-06 22:00:00+00:00,27.32,0.0,0.0,0.0,0.3,0.5,1.0,0.0,4.0,5.0,1.39,Tokke_G2,Tokke,36.9,107.5,107.5,214.0,214.0,1,6.672,0.71282053,8.07,19.65,1195.2599,29.329998,27.152872,1
1,2015-01-01 00:00:00+00:00,143,2015-01-06 23:00:00+00:00,26.35,0.0,0.0,0.0,0.3,0.5,1.0,0.0,4.0,5.0,1.31,Tokke_G2,Tokke,36.9,107.5,107.5,214.0,214.0,1,6.672,0.71282053,8.11,19.65,1195.2599,29.23,27.152872,1
1,2015-01-01 00:00:00+00:00,144,2015-01-07 00:00:00+00:00,26.08,0.0,0.0,0.0,0.3,0.5,1.0,0.0,4.0,5.0,1.29,Tokke_G2,Tokke,36.9,107.5,107.5,214.0,214.0,1,6.672,0.71282053,8.11,19.65,1195.2599,29.25,27.152872,1
1,2015-01-01 00:00:00+00:00,145,2015-01-07 01:00:00+00:00,26.03,0.0,0.0,0.0,0.3,0.5,1.0,0.0,4.0,5.0,1.29,Tokke_G2,Tokke,36.9,107.5,107.5,214.0,214.0,1,6.672,0.71282053,8.06,19.65,1195.2599,29.060001,27.152872,1
1,2015-01-01 00:00:00+00:00,146,2015-01-07 02:00:00+00:00,26.17,0.0,0.0,0.0,0.3,0.5,1.0,0.0,4.0,5.0,1.27,Tokke_G2,Tokke,36.9,107.5,107.5,214.0,214.0,1,6.672,0.71282053,8.0,19.65,1195.2599,29.02,27.152872,1
1,2015-01-01 00:00:00+00:00,147,2015-01-07 03:00:00+00:00,26.74,0.0,0.0,0.0,0.3,0.5,1.0,0.0,4.0,5.0,1.27,Tokke_G2,Tokke,36.9,107.5,107.5,214.0,214.0,1,6.672,0.71282053,7.95,19.65,1195.2599,28.91,27.152872,1
1,2015-01-01 00:00:00+00:00,148,2015-01-07 04:00:00+00:00,27.78,0.0,0.0,0.0,0.3,0.5,1.0,0.0,4.0,5.0,1.27,Tokke_G2,Tokke,36.9,107.5,107.5,214.0,214.0,1,6.672,0.71282053,7.96,19.65,1195.2599,28.899998,27.152872,1
1,2015-01-01 00:00:00+00:00,149,2015-01-07 05:00:00+00:00,28.48,0.0,0.0,0.0,0.3,0.5,1.0,0.0,4.0,5.0,1.27,Tokke_G2,Tokke,36.9,107.5,107.5,214.0,214.0,1,6.672,0.71282053,8.04,19.65,1195.2599,28.989998,27.152872,1
1,2015-01-01 00:00:00+00:00,150,2015-01-07 06:00:00+00:00,31.53,0.0,0.0,0.0,0.3,0.5,1.0,0.0,4.0,5.0,1.27,Tokke_G2,Tokke,36.9,107.5,107.5,214.0,214.0,1,6.672,0.71282053,8.02,19.65,1195.2599,28.84,27.152872,1
1,2015-01-01 00:00:00+00:00,151,2015-01-07 07:00:00+00:00,32.54,0.0,0.0,0.0,0.3,0.5,1.0,0.0,4.0,5.0,1.27,Tokke_G2,Tokke,36.9,107.5,107.5,214.0,214.0,1,6.672,0.71282053,8.05,19.65,1195.2599,28.8,27.152872,1
1,2015-01-01 00:00:00+00:00,152,2015-01-07 08:00:00+00:00,32.24,0.0,0.0,0.0,0.3,0.5,1.0,0.0,4.0,5.0,1.26,Tokke_G2,Tokke,36.9,107.5,107.5,214.0,214.0,1,6.672,0.71282053,8.01,19.65,1195.2599,28.630001,27.152872,1
1,2015-01-01 00:00:00+00:00,153,2015-01-07 09:00:00+00:00,31.96,0.0,0.0,0.0,0.3,0.5,1.0,0.0,4.0,5.0,1.25,Tokke_G2,Tokke,36.9,107.5,107.5,214.0,214.0,1,6.672,0.71282053,8.0,19.65,1195.2599,28.560001,27.152872,1
1,2015-01-01 00:00:00+00:00,154,2015-01-07 10:00:00+00:00,31.66,0.0,0.0,0.0,0.3,0.5,1.0,0.0,4.0,5.0,1.25,Tokke_G2,Tokke,36.9,107.5,107.5,214.0,214.0,1,6.672,0.71282053,8.0,19.65,1195.2599,28.55,27.152872,1
1,2015-01-01 00:00:00+00:00,155,2015-01-07 11:00:00+00:00,30.97,0.0,0.0,0.0,0.3,0.5,1.0,0.0,4.0,5.0,1.25,Tokke_G2,Tokke,36.9,107.5,107.5,214.0,214.0,1,6.672,0.71282053,8.01,19.65,1195.2599,28.539999,27.152872,1
1,2015-01-01 00:00:00+00:00,156,2015-01-07 12:00:00+00:00,30.65,0.0,0.0,0.0,0.3,0.5,1.0,0.0,4.0,5.0,1.25,Tokke_G2,Tokke,36.9,107.5,107.5,214.0,214.0,1,6.672,0.71282053,8.05,19.65,1195.2599,28.59,27.152872,1
1,2015-01-01 00:00:00+00:00,157,2015-01-07 13:00:00+00:00,30.31,0.0,0.0,0.0,0.3,0.5,1.0,0.0,4.0,5.0,1.23,Tokke_G2,Tokke,36.9,107.5,107.5,214.0,214.0,1,6.672,0.71282053,8.02,19.65,1195.2599,28.54,27.152872,1
1,2015-01-01 00:00:00+00:00,158,2015-01-07 14:00:00+00:00,29.79,0.0,0.0,0.0,0.3,0.5,1.0,0.0,4.0,5.0,1.23,Tokke_G2,Tokke,36.9,107.5,107.5,214.0,214.0,1,6.672,0.71282053,8.05,19.65,1195.2599,28.599998,27.152872,1
1,2015-01-01 00:00:00+00:00,159,2015-01-07 15:00:00+00:00,30.72,0.0,0.0,0.0,0.3,0.5,1.0,0.0,4.0,5.0,1.21,Tokke_G2,Tokke,36.9,107.5,107.5,214.0,214.0,1,6.672,0.71282053,8.06,19.65,1195.2599,28.52,27.152872,1
1,2015-01-01 00:00:00+00:00,160,2015-01-07 16:00:00+00:00,29.56,0.0,0.0,0.0,0.3,0.5,1.0,0.0,4.0,5.0,1.2,Tokke_G2,Tokke,36.9,107.5,107.5,214.0,214.0,1,6.672,0.71282053,8.06,19.65,1195.2599,28.52,27.152872,1
1,2015-01-01 00:00:00+00:00,161,2015-01-07 17:00:00+00:00,28.84,0.0,0.0,0.0,0.3,0.5,1.0,0.0,4.0,5.0,1.2,Tokke_G2,Tokke,36.9,107.5,107.5,214.0,214.0,1,6.672,0.71282053,8.06,19.65,1195.2599,28.480003,27.152872,1
1,2015-01-01 00:00:00+00:00,162,2015-01-07 18:00:00+00:00,28.2,0.0,0.0,0.0,0.3,0.5,1.0,0.0,4.0,5.0,1.2,Tokke_G2,Tokke,36.9,107.5,107.5,214.0,214.0,1,6.672,0.71282053,8.06,19.65,1195.2599,28.45,27.152872,1
1,2015-01-01 00:00:00+00:00,163,2015-01-07 19:00:00+00:00,27.75,0.0,0.0,0.0,0.3,0.5,1.0,0.0,4.0,5.0,1.2,Tokke_G2,Tokke,36.9,107.5,107.5,214.0,214.0,1,6.672,0.71282053,8.07,19.65,1195.2599,28.44,27.152872,1
1,2015-01-01 00:00:00+00:00,164,2015-01-07 20:00:00+00:00,27.42,0.0,0.0,0.0,0.3,0.5,1.0,0.0,4.0,5.0,1.21,Tokke_G2,Tokke,36.9,107.5,107.5,214.0,214.0,1,6.672,0.71282053,8.11,19.65,1195.2599,28.5,27.152872,1
1,2015-01-01 00:00:00+00:00,165,2015-01-07 21:00:00+00:00,26.68,0.0,0.0,0.0,0.3,0.5,1.0,0.0,4.0,5.0,1.22,Tokke_G2,Tokke,36.9,107.5,107.5,214.0,214.0,1,6.672,0.71282053,8.08,19.65,1195.2599,28.460001,27.152872,1
1,2015-01-01 00:00:00+00:00,166,2015-01-07 22:00:00+00:00,26.15,0.0,0.0,0.0,0.3,0.5,1.0,0.0,4.0,5.0,1.21,Tokke_G2,Tokke,36.9,107.5,107.5,214.0,214.0,1,6.672,0.71282053,8.11,19.65,1195.2599,28.509998,27.152872,1
1,2015-01-01 00:00:00+00:00,167,2015-01-07 23:00:00+00:00,26.04,0.0,0.0,0.0,0.3,0.5,1.0,0.0,4.0,5.0,1.19,Tokke_G2,Tokke,36.9,107.5,107.5,214.0,214.0,1,6.672,0.71282053,8.13,19.65,1195.2599,28.52,27.152872,1
1,2015-01-01 00:00:00+00:00,0,2015-01-01 00:00:00+00:00,27.07,0.0,0.0,0.0,0.3,0.5,1.0,0.0,4.0,5.0,1.01,Tokke_G3,Tokke,36.9,107.5,107.5,214.0,214.0,2,6.672,0.71282053,5.23,19.65,1195.2599,24.57,27.152872,1
1,2015-01-01 00:00:00+00:00,1,2015-01-01 01:00:00+00:00,26.93,0.0,0.0,0.0,0.3,0.5,1.0,0.0,4.0,5.0,1.0,Tokke_G3,Tokke,36.9,107.5,107.5,214.0,214.0,2,6.672,0.71282053,5.23,19.65,1195.2599,24.5,27.152872,1
1,2015-01-01 00:00:00+00:00,2,2015-01-01 02:00:00+00:00,26.83,0.0,0.0,0.0,0.3,0.5,1.0,0.0,4.0,5.0,1.01,Tokke_G3,Tokke,36.9,107.5,107.5,214.0,214.0,2,6.672,0.71282053,5.24,19.65,1195.2599,24.4,27.152872,1
1,2015-01-01 00:00:00+00:00,3,2015-01-01 03:00:00+00:00,26.81,0.0,0.0,0.0,0.3,0.5,1.0,0.0,4.0,5.0,1.0,Tokke_G3,Tokke,36.9,107.5,107.5,214.0,214.0,2,6.672,0.71282053,5.28,19.65,1195.2599,24.430002,27.152872,1
1,2015-01-01 00:00:00+00:00,4,2015-01-01 04:00:00+00:00,26.97,0.0,0.0,0.0,0.3,0.5,1.0,0.0,4.0,5.0,0.99,Tokke_G3,Tokke,36.9,107.5,107.5,214.0,214.0,2,6.672,0.71282053,5.28,19.65,1195.2599,24.35,27.152872,1
1,2015-01-01 00:00:00+00:00,5,2015-01-01 05:00:00+00:00,27.07,0.0,0.0,0.0,0.3,0.5,1.0,0.0,4.0,5.0,1.0,Tokke_G3,Tokke,36.9,107.5,107.5,214.0,214.0,2,6.672,0.71282053,5.28,19.65,1195.2599,24.340002,27.152872,1
1,2015-01-01 00:00:00+00:00,6,2015-01-01 06:00:00+00:00,26.8,0.0,0.0,0.0,0.3,0.5,1.0,0.0,4.0,5.0,1.0,Tokke_G3,Tokke,36.9,107.5,107.5,214.0,214.0,2,6.672,0.71282053,5.27,19.65,1195.2599,24.270002,27.152872,1
1,2015-01-01 00:00:00+00:00,7,2015-01-01 07:00:00+00:00,26.97,0.0,0.0,0.0,0.3,0.5,1.0,0.0,4.0,5.0,1.0,Tokke_G3,Tokke,36.9,107.5,107.5,214.0,214.0,2,6.672,0.71282053,5.25,19.65,1195.2599,24.27,27.152872,1
1,2015-01-01 00:00:00+00:00,8,2015-01-01 08:00:00+00:00,26.98,0.0,0.0,0.0,0.3,0.5,1.0,0.0,4.0,5.0,1.0,Tokke_G3,Tokke,36.9,107.5,107.5,214.0,214.0,2,6.672,0.71282053,5.26,19.65,1195.2599,24.340002,27.152872,1
1,2015-01-01 00:00:00+00:00,9,2015-01-01 09:00:00+00:00,27.06,0.0,0.0,0.0,0.3,0.5,1.0,0.0,4.0,5.0,1.0,Tokke_G3,Tokke,36.9,107.5,107.5,214.0,214.0,2,6.672,0.71282053,5.2,19.65,1195.2599,24.16,27.152872,1
1,2015-01-01 00:00:00+00:00,10,2015-01-01 10:00:00+00:00,27.13,0.0,0.0,0.0,0.3,0.5,1.0,0.0,4.0,5.0,1.02,Tokke_G3,Tokke,36.9,107.5,107.5,214.0,214.0,2,6.672,0.71282053,5.19,19.65,1195.2599,24.210001,27.152872,1
1,2015-01-01 00:00:00+00:00,11,2015-01-01 11:00:00+00:00,27.09,0.0,0.0,0.0,0.3,0.5,1.0,0.0,4.0,5.0,1.01,Tokke_G3,Tokke,36.9,107.5,107.5,214.0,214.0,2,6.672,0.71282053,5.23,19.65,1195.2599,24.210001,27.152872,1
1,2015-01-01 00:00:00+00:00,12,2015-01-01 12:00:00+00:00,27.01,0.0,0.0,0.0,0.3,0.5,1.0,0.0,4.0,5.0,1.03,Tokke_G3,Tokke,36.9,107.5,107.5,214.0,214.0,2,6.672,0.71282053,5.23,19.65,1195.2599,24.240002,27.152872,1
1,2015-01-01 00:00:00+00:00,13,2015-01-01 13:00:00+00:00,26.98,0.0,0.0,0.0,0.3,0.5,1.0,0.0,4.0,5.0,1.03,Tokke_G3,Tokke,36.9,107.5,107.5,214.0,214.0,2,6.672,0.71282053,5.2,19.65,1195.2599,24.2,27.152872,1
1,2015-01-01 00:00:00+00:00,14,2015-01-01 14:00:00+00:00,27.51,0.0,0.0,0.0,0.3,0.5,1.0,0.0,4.0,5.0,1.06,Tokke_G3,Tokke,36.9,107.5,107.5,214.0,214.0,2,6.672,0.71282053,5.23,19.65,1195.2599,24.35,27.152872,1
1,2015-01-01 00:00:00+00:00,15,2015-01-01 15:00:00+00:00,28.32,0.0,0.0,0.0,0.3,0.5,1.0,0.0,4.0,5.0,1.06,Tokke_G3,Tokke,36.9,107.5,107.5,214.0,214.0,2,6.672,0.71282053,5.28,19.65,1195.2599,24.36,27.152872,1
1,2015-01-01 00:00:00+00:00,16,2015-01-01 16:00:00+00:00,28.36,0.0,0.0,0.0,0.3,0.5,1.0,0.0,4.0,5.0,1.07,Tokke_G3,Tokke,36.9,107.5,107.5,214.0,214.0,2,6.672,0.71282053,5.33,19.65,1195.2599,24.43,27.152872,1
1,2015-01-01 00:00:00+00:00,17,2015-01-01 17:00:00+00:00,28.18,0.0,0.0,0.0,0.3,0.5,1.0,0.0,4.0,5.0,1.1,Tokke_G3,Tokke,36.9,107.5,107.5,214.0,214.0,2,6.672,0.71282053,5.38,19.65,1195.2599,24.52,27.152872,1
1,2015-01-01 00:00:00+00:00,18,2015-01-01 18:00:00+00:00,27.81,0.0,0.0,0.0,0.3,0.5,1.0,0.0,4.0,5.0,1.11,Tokke_G3,Tokke,36.9,107.5,107.5,214.0,214.0,2,6.672,0.71282053,5.42,19.65,1195.2599,24.59,27.152872,1
1,2015-01-01 00:00:00+00:00,19,2015-01-01 19:00:00+00:00,27.46,0.0,0.0,0.0,0.3,0.5,1.0,0.0,4.0,5.0,1.12,Tokke_G3,Tokke,36.9,107.5,107.5,214.0,214.0,2,6.672,0.71282053,5.4,19.65,1195.2599,24.59,27.152872,1
1,2015-01-01 00:00:00+00:00,20,2015-01-01 20:00:00+00:00,27.06,0.0,0.0,0.0,0.3,0.5,1.0,0.0,4.0,5.0,1.13,Tokke_G3,Tokke,36.9,107.5,107.5,214.0,214.0,2,6.672,0.71282053,5.47,19.65,1195.2599,24.810001,27.152872,1
1,2015-01-01 00:00:00+00:00,21,2015-01-01 21:00:00+00:00,27.0,0.0,0.0,0.0,0.3,0.5,1.0,0.0,4.0,5.0,1.16,Tokke_G3,Tokke,36.9,107.5,107.5,214.0,214.0,2,6.672,0.71282053,5.47,19.65,1195.2599,24.87,27.152872,1
1,2015-01-01 00:00:00+00:00,22,2015-01-01 22:00:00+00:00,26.83,0.0,0.0,0.0,0.3,0.5,1.0,0.0,4.0,5.0,1.2,Tokke_G3,Tokke,36.9,107.5,107.5,214.0,214.0,2,6.672,0.71282053,5.45,19.65,1195.2599,24.900002,27.152872,1
1,2015-01-01 00:00:00+00:00,23,2015-01-01 23:00:00+00:00,26.71,0.0,0.0,0.0,0.3,0.5,1.0,0.0,4.0,5.0,1.24,Tokke_G3,Tokke,36.9,107.5,107.5,214.0,214.0,2,6.672,0.71282053,5.52,19.65,1195.2599,25.140003,27.152872,1
1,2015-01-01 00:00:00+00:00,24,2015-01-02 00:00:00+00:00,26.41,0.0,0.0,0.0,0.3,0.5,1.0,0.0,4.0,5.0,1.26,Tokke_G3,Tokke,36.9,107.5,107.5,214.0,214.0,2,6.672,0.71282053,5.53,19.65,1195.2599,25.29,27.152872,1
1,2015-01-01 00:00:00+00:00,25,2015-01-02 01:00:00+00:00,26.2,0.0,0.0,0.0,0.3,0.5,1.0,0.0,4.0,5.0,1.3,Tokke_G3,Tokke,36.9,107.5,107.5,214.0,214.0,2,6.672,0.71282053,5.53,19.65,1195.2599,25.510002,27.152872,1
1,2015-01-01 00:00:00+00:00,26,2015-01-02 02:00:00+00:00,25.6,0.0,0.0,0.0,0.3,0.5,1.0,0.0,4.0,5.0,1.52,Tokke_G3,Tokke,36.9,107.5,107.5,214.0,214.0,2,6.672,0.71282053,5.54,19.65,1195.2599,26.27,27.152872,1
1,2015-01-01 00:00:00+00:00,27,2015-01-02 03:00:00+00:00,24.74,0.0,0.0,0.0,0.3,0.5,1.0,0.0,4.0,5.0,1.7,Tokke_G3,Tokke,36.9,107.5,107.5,214.0,214.0,2,6.672,0.71282053,5.6,19.65,1195.2599,27.26,27.152872,1
1,2015-01-01 00:00:00+00:00,28,2015-01-02 04:00:00+00:00,26.1,0.0,0.0,0.0,0.3,0.5,1.0,0.0,4.0,5.0,1.75,Tokke_G3,Tokke,36.9,107.5,107.5,214.0,214.0,2,6.672,0.71282053,5.53,19.65,1195.2599,27.18,27.152872,1
1,2015-01-01 00:00:00+00:00,29,2015-01-02 05:00:00+00:00,27.25,0.0,0.0,0.0,0.3,0.5,1.0,0.0,4.0,5.0,1.65,Tokke_G3,Tokke,36.9,107.5,107.5,214.0,214.0,2,6.672,0.71282053,5.49,19.65,1195.2599,26.99,27.152872,1
1,2015-01-01 00:00:00+00:00,30,2015-01-02 06:00:00+00:00,28.37,0.0,0.0,0.0,0.3,0.5,1.0,0.0,4.0,5.0,1.71,Tokke_G3,Tokke,36.9,107.5,107.5,214.0,214.0,2,6.672,0.71282053,5.52,19.65,1195.2599,27.2,27.152872,1
1,2015-01-01 00:00:00+00:00,31,2015-01-02 07:00:00+00:00,28.37,0.0,0.0,0.0,0.3,0.5,1.0,0.0,4.0,5.0,1.92,Tokke_G3,Tokke,36.9,107.5,107.5,214.0,214.0,2,6.672,0.71282053,5.54,19.65,1195.2599,27.649998,27.152872,1
1,2015-01-01 00:00:00+00:00,32,2015-01-02 08:00:00+00:00,28.32,0.0,0.0,0.0,0.3,0.5,1.0,0.0,4.0,5.0,2.18,Tokke_G3,Tokke,36.9,107.5,107.5,214.0,214.0,2,6.672,0.71282053,5.62,19.65,1195.2599,28.390003,27.152872,1
1,2015-01-01 00:00:00+00:00,33,2015-01-02 09:00:00+00:00,28.3,0.0,0.0,0.0,0.3,0.5,1.0,0.0,4.0,5.0,2.33,Tokke_G3,Tokke,36.9,107.5,107.5,214.0,214.0,2,6.672,0.71282053,5.67,19.65,1195.2599,28.86,27.152872,1
1,2015-01-01 00:00:00+00:00,34,2015-01-02 10:00:00+00:00,28.39,0.0,0.0,0.0,0.3,0.5,1.0,0.0,4.0,5.0,2.35,Tokke_G3,Tokke,36.9,107.5,107.5,214.0,214.0,2,6.672,0.71282053,5.64,19.65,1195.2599,28.880001,27.152872,1
1,2015-01-01 00:00:00+00:00,35,2015-01-02 11:00:00+00:00,28.3,0.0,0.0,0.0,0.3,0.5,1.0,0.0,4.0,5.0,2.3,Tokke_G3,Tokke,36.9,107.5,107.5,214.0,214.0,2,6.672,0.71282053,5.68,19.65,1195.2599,28.84,27.152872,1
1,2015-01-01 00:00:00+00:00,36,2015-01-02 12:00:00+00:00,28.24,0.0,0.0,0.0,0.3,0.5,1.0,0.0,4.0,5.0,2.23,Tokke_G3,Tokke,36.9,107.5,107.5,214.0,214.0,2,6.672,0.71282053,5.72,19.65,1195.2599,28.860003,27.152872,1
1,2015-01-01 00:00:00+00:00,37,2015-01-02 13:00:00+00:00,28.12,0.0,0.0,0.0,0.3,0.5,1.0,0.0,4.0,5.0,2.2,Tokke_G3,Tokke,36.9,107.5,107.5,214.0,214.0,2,6.672,0.71282053,5.73,19.65,1195.2599,28.79,27.152872,1
1,2015-01-01 00:00:00+00:00,38,2015-01-02 14:00:00+00:00,28.23,0.0,0.0,0.0,0.3,0.5,1.0,0.0,4.0,5.0,2.17,Tokke_G3,Tokke,36.9,107.5,107.5,214.0,214.0,2,6.672,0.71282053,5.79,19.65,1195.2599,28.86,27.152872,1
1,2015-01-01 00:00:00+00:00,39,2015-01-02 15:00:00+00:00,28.59,0.0,0.0,0.0,0.3,0.5,1.0,0.0,4.0,5.0,2.14,Tokke_G3,Tokke,36.9,107.5,107.5,214.0,214.0,2,6.672,0.71282053,5.92,19.65,1195.2599,29.12,27.152872,1
1,2015-01-01 00:00:00+00:00,40,2015-01-02 16:00:00+00:00,28.73,0.0,0.0,0.0,0.3,0.5,1.0,0.0,4.0,5.0,2.13,Tokke_G3,Tokke,36.9,107.5,107.5,214.0,214.0,2,6.672,0.71282053,5.97,19.65,1195.2599,29.320002,27.152872,1
1,2015-01-01 00:00:00+00:00,41,2015-01-02 17:00:00+00:00,28.48,0.0,0.0,0.0,0.3,0.5,1.0,0.0,4.0,5.0,2.05,Tokke_G3,Tokke,36.9,107.5,107.5,214.0,214.0,2,6.672,0.71282053,5.96,19.65,1195.2599,29.25,27.152872,1
1,2015-01-01 00:00:00+00:00,42,2015-01-02 18:00:00+00:00,28.38,0.0,0.0,0.0,0.3,0.5,1.0,0.0,4.0,5.0,1.64,Tokke_G3,Tokke,36.9,107.5,107.5,214.0,214.0,2,6.672,0.71282053,6.08,19.65,1195.2599,28.550001,27.152872,1
1,2015-01-01 00:00:00+00:00,43,2015-01-02 19:00:00+00:00,27.85,0.0,0.0,0.0,0.3,0.5,1.0,0.0,4.0,5.0,2.06,Tokke_G3,Tokke,36.9,107.5,107.5,214.0,214.0,2,6.672,0.71282053,6.14,19.65,1195.2599,29.42,27.152872,1
1,2015-01-01 00:00:00+00:00,44,2015-01-02 20:00:00+00:00,27.45,0.0,0.0,0.0,0.3,0.5,1.0,0.0,4.0,5.0,2.2,Tokke_G3,Tokke,36.9,107.5,107.5,214.0,214.0,2,6.672,0.71282053,6.2,19.65,1195.2599,29.780003,27.152872,1
1,2015-01-01 00:00:00+00:00,45,2015-01-02 21:00:00+00:00,27.2,0.0,0.0,0.0,0.3,0.5,1.0,0.0,4.0,5.0,2.38,Tokke_G3,Tokke,36.9,107.5,107.5,214.0,214.0,2,6.672,0.71282053,6.24,19.65,1195.2599,30.059998,27.152872,1
1,2015-01-01 00:00:00+00:00,46,2015-01-02 22:00:00+00:00,26.79,0.0,0.0,0.0,0.3,0.5,1.0,0.0,4.0,5.0,2.59,Tokke_G3,Tokke,36.9,107.5,107.5,214.0,214.0,2,6.672,0.71282053,6.27,19.65,1195.2599,30.329998,27.152872,1
1,2015-01-01 00:00:00+00:00,47,2015-01-02 23:00:00+00:00,25.85,0.0,0.0,0.0,0.3,0.5,1.0,0.0,4.0,5.0,2.83,Tokke_G3,Tokke,36.9,107.5,107.5,214.0,214.0,2,6.672,0.71282053,6.46,19.65,1195.2599,30.970001,27.152872,1
1,2015-01-01 00:00:00+00:00,48,2015-01-03 00:00:00+00:00,25.54,0.0,0.0,0.0,0.3,0.5,1.0,0.0,4.0,5.0,2.84,Tokke_G3,Tokke,36.9,107.5,107.5,214.0,214.0,2,6.672,0.71282053,6.62,19.65,1195.2599,31.25,27.152872,1
1,2015-01-01 00:00:00+00:00,49,2015-01-03 01:00:00+00:00,25.43,0.0,0.0,0.0,0.3,0.5,1.0,0.0,4.0,5.0,2.77,Tokke_G3,Tokke,36.9,107.5,107.5,214.0,214.0,2,6.672,0.71282053,6.74,19.65,1195.2599,31.34,27.152872,1
1,2015-01-01 00:00:00+00:00,50,2015-01-03 02:00:00+00:00,25.34,0.0,0.0,0.0,0.3,0.5,1.0,0.0,4.0,5.0,2.86,Tokke_G3,Tokke,36.9,107.5,107.5,214.0,214.0,2,6.672,0.71282053,6.89,19.65,1195.2599,31.58,27.152872,1
1,2015-01-01 00:00:00+00:00,51,2015-01-03 03:00:00+00:00,25.29,0.0,0.0,0.0,0.3,0.5,1.0,0.0,4.0,5.0,3.02,Tokke_G3,Tokke,36.9,107.5,107.5,214.0,214.0,2,6.672,0.71282053,6.96,19.65,1195.2599,31.970001,27.152872,1
1,2015-01-01 00:00:00+00:00,52,2015-01-03 04:00:00+00:00,25.3,0.0,0.0,0.0,0.3,0.5,1.0,0.0,4.0,5.0,3.13,Tokke_G3,Tokke,36.9,107.5,107.5,214.0,214.0,2,6.672,0.71282053,7.02,19.65,1195.2599,32.269997,27.152872,1
1,2015-01-01 00:00:00+00:00,53,2015-01-03 05:00:00+00:00,25.55,0.0,0.0,0.0,0.3,0.5,1.0,0.0,4.0,5.0,3.16,Tokke_G3,Tokke,36.9,107.5,107.5,214.0,214.0,2,6.672,0.71282053,7.12,19.65,1195.2599,32.5,27.152872,1
1,2015-01-01 00:00:00+00:00,54,2015-01-03 06:00:00+00:00,26.75,0.0,0.0,0.0,0.3,0.5,1.0,0.0,4.0,5.0,3.13,Tokke_G3,Tokke,36.9,107.5,107.5,214.0,214.0,2,6.672,0.71282053,7.17,19.65,1195.2599,32.58,27.152872,1
1,2015-01-01 00:00:00+00:00,55,2015-01-03 07:00:00+00:00,26.98,0.0,0.0,0.0,0.3,0.5,1.0,0.0,4.0,5.0,3.06,Tokke_G3,Tokke,36.9,107.5,107.5,214.0,214.0,2,6.672,0.71282053,7.13,19.65,1195.2599,32.48,27.152872,1
1,2015-01-01 00:00:00+00:00,56,2015-01-03 08:00:00+00:00,27.52,0.0,0.0,0.0,0.3,0.5,1.0,0.0,4.0,5.0,3.01,Tokke_G3,Tokke,36.9,107.5,107.5,214.0,214.0,2,6.672,0.71282053,7.13,19.65,1195.2599,32.5,27.152872,1
1,2015-01-01 00:00:00+00:00,57,2015-01-03 09:00:00+00:00,27.72,0.0,0.0,0.0,0.3,0.5,1.0,0.0,4.0,5.0,3.0,Tokke_G3,Tokke,36.9,107.5,107.5,214.0,214.0,2,6.672,0.71282053,7.18,19.65,1195.2599,32.699997,27.152872,1
1,2015-01-01 00:00:00+00:00,58,2015-01-03 10:00:00+00:00,27.73,0.0,0.0,0.0,0.3,0.5,1.0,0.0,4.0,5.0,2.92,Tokke_G3,Tokke,36.9,107.5,107.5,214.0,214.0,2,6.672,0.71282053,7.23,19.65,1195.2599,32.800003,27.152872,1
1,2015-01-01 00:00:00+00:00,59,2015-01-03 11:00:00+00:00,27.66,0.0,0.0,0.0,0.3,0.5,1.0,0.0,4.0,5.0,2.88,Tokke_G3,Tokke,36.9,107.5,107.5,214.0,214.0,2,6.672,0.71282053,7.24,19.65,1195.2599,33.02,27.152872,1
1,2015-01-01 00:00:00+00:00,60,2015-01-03 12:00:00+00:00,27.65,0.0,0.0,0.0,0.3,0.5,1.0,0.0,4.0,5.0,2.85,Tokke_G3,Tokke,36.9,107.5,107.5,214.0,214.0,2,6.672,0.71282053,7.23,19.65,1195.2599,33.04,27.152872,1
1,2015-01-01 00:00:00+00:00,61,2015-01-03 13:00:00+00:00,27.81,0.0,0.0,0.0,0.3,0.5,1.0,0.0,4.0,5.0,2.84,Tokke_G3,Tokke,36.9,107.5,107.5,214.0,214.0,2,6.672,0.71282053,7.2,19.65,1195.2599,32.86,27.152872,1
1,2015-01-01 00:00:00+00:00,62,2015-01-03 14:00:00+00:00,28.29,0.0,0.0,0.0,0.3,0.5,1.0,0.0,4.0,5.0,2.81,Tokke_G3,Tokke,36.9,107.5,107.5,214.0,214.0,2,6.672,0.71282053,7.28,19.65,1195.2599,32.93,27.152872,1
1,2015-01-01 00:00:00+00:00,63,2015-01-03 15:00:00+00:00,28.6,0.0,0.0,0.0,0.3,0.5,1.0,0.0,4.0,5.0,2.75,Tokke_G3,Tokke,36.9,107.5,107.5,214.0,214.0,2,6.672,0.71282053,7.3,19.65,1195.2599,32.73,27.152872,1
1,2015-01-01 00:00:00+00:00,64,2015-01-03 16:00:00+00:00,28.88,0.0,0.0,0.0,0.3,0.5,1.0,0.0,4.0,5.0,2.69,Tokke_G3,Tokke,36.9,107.5,107.5,214.0,214.0,2,6.672,0.71282053,7.29,19.65,1195.2599,32.63,27.152872,1
1,2015-01-01 00:00:00+00:00,65,2015-01-03 17:00:00+00:00,28.78,0.0,0.0,0.0,0.3,0.5,1.0,0.0,4.0,5.0,2.65,Tokke_G3,Tokke,36.9,107.5,107.5,214.0,214.0,2,6.672,0.71282053,7.25,19.65,1195.2599,32.47,27.152872,1
1,2015-01-01 00:00:00+00:00,66,2015-01-03 18:00:00+00:00,28.54,0.0,0.0,0.0,0.3,0.5,1.0,0.0,4.0,5.0,2.6,Tokke_G3,Tokke,36.9,107.5,107.5,214.0,214.0,2,6.672,0.71282053,7.28,19.65,1195.2599,32.39,27.152872,1
1,2015-01-01 00:00:00+00:00,67,2015-01-03 19:00:00+00:00,28.34,0.0,0.0,0.0,0.3,0.5,1.0,0.0,4.0,5.0,2.54,Tokke_G3,Tokke,36.9,107.5,107.5,214.0,214.0,2,6.672,0.71282053,7.25,19.65,1195.2599,32.29,27.152872,1
1,2015-01-01 00:00:00+00:00,68,2015-01-03 20:00:00+00:00,27.93,0.0,0.0,0.0,0.3,0.5,1.0,0.0,4.0,5.0,2.47,Tokke_G3,Tokke,36.9,107.5,107.5,214.0,214.0,2,6.672,0.71282053,7.3,19.65,1195.2599,32.190002,27.152872,1
1,2015-01-01 00:00:00+00:00,69,2015-01-03 21:00:00+00:00,27.7,0.0,0.0,0.0,0.3,0.5,1.0,0.0,4.0,5.0,2.41,Tokke_G3,Tokke,36.9,107.5,107.5,214.0,214.0,2,6.672,0.71282053,7.35,19.65,1195.2599,32.0,27.152872,1
1,2015-01-01 00:00:00+00:00,70,2015-01-03 22:00:00+00:00,27.25,0.0,0.0,0.0,0.3,0.5,1.0,0.0,4.0,5.0,2.33,Tokke_G3,Tokke,36.9,107.5,107.5,214.0,214.0,2,6.672,0.71282053,7.35,19.65,1195.2599,31.880001,27.152872,1
1,2015-01-01 00:00:00+00:00,71,2015-01-03 23:00:00+00:00,27.55,0.0,0.0,0.0,0.3,0.5,1.0,0.0,4.0,5.0,2.27,Tokke_G3,Tokke,36.9,107.5,107.5,214.0,214.0,2,6.672,0.71282053,7.35,19.65,1195.2599,31.789999,27.152872,1
1,2015-01-01 00:00:00+00:00,72,2015-01-04 00:00:00+00:00,27.38,0.0,0.0,0.0,0.3,0.5,1.0,0.0,4.0,5.0,2.22,Tokke_G3,Tokke,36.9,107.5,107.5,214.0,214.0,2,6.672,0.71282053,7.35,19.65,1195.2599,31.449997,27.152872,1
1,2015-01-01 00:00:00+00:00,73,2015-01-04 01:00:00+00:00,27.17,0.0,0.0,0.0,0.3,0.5,1.0,0.0,4.0,5.0,2.15,Tokke_G3,Tokke,36.9,107.5,107.5,214.0,214.0,2,6.672,0.71282053,7.34,19.65,1195.2599,30.980001,27.152872,1
1,2015-01-01 00:00:00+00:00,74,2015-01-04 02:00:00+00:00,27.03,0.0,0.0,0.0,0.3,0.5,1.0,0.0,4.0,5.0,2.1,Tokke_G3,Tokke,36.9,107.5,107.5,214.0,214.0,2,6.672,0.71282053,7.25,19.65,1195.2599,30.45,27.152872,1
1,2015-01-01 00:00:00+00:00,75,2015-01-04 03:00:00+00:00,27.04,0.0,0.0,0.0,0.3,0.5,1.0,0.0,4.0,5.0,2.06,Tokke_G3,Tokke,36.9,107.5,107.5,214.0,214.0,2,6.672,0.71282053,7.25,19.65,1195.2599,30.28,27.152872,1
1,2015-01-01 00:00:00+00:00,76,2015-01-04 04:00:00+00:00,27.19,0.0,0.0,0.0,0.3,0.5,1.0,0.0,4.0,5.0,2.01,Tokke_G3,Tokke,36.9,107.5,107.5,214.0,214.0,2,6.672,0.71282053,7.34,19.65,1195.2599,30.24,27.152872,1
1,2015-01-01 00:00:00+00:00,77,2015-01-04 05:00:00+00:00,27.13,0.0,0.0,0.0,0.3,0.5,1.0,0.0,4.0,5.0,1.99,Tokke_G3,Tokke,36.9,107.5,107.5,214.0,214.0,2,6.672,0.71282053,7.37,19.65,1195.2599,30.2,27.152872,1
1,2015-01-01 00:00:00+00:00,78,2015-01-04 06:00:00+00:00,27.06,0.0,0.0,0.0,0.3,0.5,1.0,0.0,4.0,5.0,1.94,Tokke_G3,Tokke,36.9,107.5,107.5,214.0,214.0,2,6.672,0.71282053,7.45,19.65,1195.2599,30.21,27.152872,1
1,2015-01-01 00:00:00+00:00,79,2015-01-04 07:00:00+00:00,27.63,0.0,0.0,0.0,0.3,0.5,1.0,0.0,4.0,5.0,1.89,Tokke_G3,Tokke,36.9,107.5,107.5,214.0,214.0,2,6.672,0.71282053,7.48,19.65,1195.2599,30.039999,27.152872,1
1,2015-01-01 00:00:00+00:00,80,2015-01-04 08:00:00+00:00,28.03,0.0,0.0,0.0,0.3,0.5,1.0,0.0,4.0,5.0,1.84,Tokke_G3,Tokke,36.9,107.5,107.5,214.0,214.0,2,6.672,0.71282053,7.52,19.65,1195.2599,29.99,27.152872,1
1,2015-01-01 00:00:00+00:00,81,2015-01-04 09:00:00+00:00,28.24,0.0,0.0,0.0,0.3,0.5,1.0,0.0,4.0,5.0,1.82,Tokke_G3,Tokke,36.9,107.5,107.5,214.0,214.0,2,6.672,0.71282053,7.52,19.65,1195.2599,29.849998,27.152872,1
1,2015-01-01 00:00:00+00:00,82,2015-01-04 10:00:00+00:00,28.32,0.0,0.0,0.0,0.3,0.5,1.0,0.0,4.0,5.0,1.79,Tokke_G3,Tokke,36.9,107.5,107.5,214.0,214.0,2,6.672,0.71282053,7.48,19.65,1195.2599,29.75,27.152872,1
1,2015-01-01 00:00:00+00:00,83,2015-01-04 11:00:00+00:00,28.24,0.0,0.0,0.0,0.3,0.5,1.0,0.0,4.0,5.0,1.77,Tokke_G3,Tokke,36.9,107.5,107.5,214.0,214.0,2,6.672,0.71282053,7.52,19.65,1195.2599,29.880001,27.152872,1
1,2015-01-01 00:00:00+00:00,84,2015-01-04 12:00:00+00:00,28.27,0.0,0.0,0.0,0.3,0.5,1.0,0.0,4.0,5.0,1.74,Tokke_G3,Tokke,36.9,107.5,107.5,214.0,214.0,2,6.672,0.71282053,7.53,19.65,1195.2599,29.999998,27.152872,1
1,2015-01-01 00:00:00+00:00,85,2015-01-04 13:00:00+00:00,28.32,0.0,0.0,0.0,0.3,0.5,1.0,0.0,4.0,5.0,1.72,Tokke_G3,Tokke,36.9,107.5,107.5,214.0,214.0,2,6.672,0.71282053,7.56,19.65,1195.2599,29.98,27.152872,1
1,2015-01-01 00:00:00+00:00,86,2015-01-04 14:00:00+00:00,28.37,0.0,0.0,0.0,0.3,0.5,1.0,0.0,4.0,5.0,1.7,Tokke_G3,Tokke,36.9,107.5,107.5,214.0,214.0,2,6.672,0.71282053,7.49,19.65,1195.2599,29.769999,27.152872,1
1,2015-01-01 00:00:00+00:00,87,2015-01-04 15:00:00+00:00,28.65,0.0,0.0,0.0,0.3,0.5,1.0,0.0,4.0,5.0,1.68,Tokke_G3,Tokke,36.9,107.5,107.5,214.0,214.0,2,6.672,0.71282053,7.5,19.65,1195.2599,29.689999,27.152872,1
1,2015-01-01 00:00:00+00:00,88,2015-01-04 16:00:00+00:00,28.98,0.0,0.0,0.0,0.3,0.5,1.0,0.0,4.0,5.0,1.68,Tokke_G3,Tokke,36.9,107.5,107.5,214.0,214.0,2,6.672,0.71282053,7.42,19.65,1195.2599,29.390001,27.152872,1
1,2015-01-01 00:00:00+00:00,89,2015-01-04 17:00:00+00:00,29.54,0.0,0.0,0.0,0.3,0.5,1.0,0.0,4.0,5.0,1.65,Tokke_G3,Tokke,36.9,107.5,107.5,214.0,214.0,2,6.672,0.71282053,7.42,19.65,1195.2599,29.429998,27.152872,1
1,2015-01-01 00:00:00+00:00,90,2015-01-04 18:00:00+00:00,29.42,0.0,0.0,0.0,0.3,0.5,1.0,0.0,4.0,5.0,1.64,Tokke_G3,Tokke,36.9,107.5,107.5,214.0,214.0,2,6.672,0.71282053,7.47,19.65,1195.2599,29.77,27.152872,1
1,2015-01-01 00:00:00+00:00,91,2015-01-04 19:00:00+00:00,28.92,0.0,0.0,0.0,0.3,0.5,1.0,0.0,4.0,5.0,1.63,Tokke_G3,Tokke,36.9,107.5,107.5,214.0,214.0,2,6.672,0.71282053,7.52,19.65,1195.2599,30.19,27.152872,1
1,2015-01-01 00:00:00+00:00,92,2015-01-04 20:00:00+00:00,28.66,0.0,0.0,0.0,0.3,0.5,1.0,0.0,4.0,5.0,1.6,Tokke_G3,Tokke,36.9,107.5,107.5,214.0,214.0,2,6.672,0.71282053,7.53,19.65,1195.2599,30.180002,27.152872,1
1,2015-01-01 00:00:00+00:00,93,2015-01-04 21:00:00+00:00,28.69,0.0,0.0,0.0,0.3,0.5,1.0,0.0,4.0,5.0,1.59,Tokke_G3,Tokke,36.9,107.5,107.5,214.0,214.0,2,6.672,0.71282053,7.58,19.65,1195.2599,30.14,27.152872,1
1,2015-01-01 00:00:00+00:00,94,2015-01-04 22:00:00+00:00,28.02,0.0,0.0,0.0,0.3,0.5,1.0,0.0,4.0,5.0,1.58,Tokke_G3,Tokke,36.9,107.5,107.5,214.0,214.0,2,6.672,0.71282053,7.59,19.65,1195.2599,30.08,27.152872,1
1,2015-01-01 00:00:00+00:00,95,2015-01-04 23:00:00+00:00,28.19,0.0,0.0,0.0,0.3,0.5,1.0,0.0,4.0,5.0,1.57,Tokke_G3,Tokke,36.9,107.5,107.5,214.0,214.0,2,6.672,0.71282053,7.59,19.65,1195.2599,30.349998,27.152872,1
1,2015-01-01 00:00:00+00:00,96,2015-01-05 00:00:00+00:00,28.15,0.0,0.0,0.0,0.3,0.5,1.0,0.0,4.0,5.0,1.56,Tokke_G3,Tokke,36.9,107.5,107.5,214.0,214.0,2,6.672,0.71282053,7.63,19.65,1195.2599,30.41,27.152872,1
1,2015-01-01 00:00:00+00:00,97,2015-01-05 01:00:00+00:00,28.13,0.0,0.0,0.0,0.3,0.5,1.0,0.0,4.0,5.0,1.54,Tokke_G3,Tokke,36.9,107.5,107.5,214.0,214.0,2,6.672,0.71282053,7.6,19.65,1195.2599,30.510002,27.152872,1
1,2015-01-01 00:00:00+00:00,98,2015-01-05 02:00:00+00:00,28.05,0.0,0.0,0.0,0.3,0.5,1.0,0.0,4.0,5.0,1.53,Tokke_G3,Tokke,36.9,107.5,107.5,214.0,214.0,2,6.672,0.71282053,7.64,19.65,1195.2599,30.699999,27.152872,1
1,2015-01-01 00:00:00+00:00,99,2015-01-05 03:00:00+00:00,28.04,0.0,0.0,0.0,0.3,0.5,1.0,0.0,4.0,5.0,1.52,Tokke_G3,Tokke,36.9,107.5,107.5,214.0,214.0,2,6.672,0.71282053,7.69,19.65,1195.2599,30.780003,27.152872,1
1,2015-01-01 00:00:00+00:00,100,2015-01-05 04:00:00+00:00,28.46,0.0,0.0,0.0,0.3,0.5,1.0,0.0,4.0,5.0,1.51,Tokke_G3,Tokke,36.9,107.5,107.5,214.0,214.0,2,6.672,0.71282053,7.65,19.65,1195.2599,30.69,27.152872,1
1,2015-01-01 00:00:00+00:00,101,2015-01-05 05:00:00+00:00,28.78,0.0,0.0,0.0,0.3,0.5,1.0,0.0,4.0,5.0,1.5,Tokke_G3,Tokke,36.9,107.5,107.5,214.0,214.0,2,6.672,0.71282053,7.64,19.65,1195.2599,30.76,27.152872,1
1,2015-01-01 00:00:00+00:00,102,2015-01-05 06:00:00+00:00,30.99,0.0,0.0,0.0,0.3,0.5,1.0,0.0,4.0,5.0,1.48,Tokke_G3,Tokke,36.9,107.5,107.5,214.0,214.0,2,6.672,0.71282053,7.65,19.65,1195.2599,30.74,27.152872,1
1,2015-01-01 00:00:00+00:00,103,2015-01-05 07:00:00+00:00,38.15,0.0,0.0,0.0,0.3,0.5,1.0,0.0,4.0,5.0,1.47,Tokke_G3,Tokke,36.9,107.5,107.5,214.0,214.0,2,6.672,0.71282053,7.69,19.65,1195.2599,30.85,27.152872,1
1,2015-01-01 00:00:00+00:00,104,2015-01-05 08:00:00+00:00,41.51,0.0,0.0,0.0,0.3,0.5,1.0,0.0,4.0,5.0,1.46,Tokke_G3,Tokke,36.9,107.5,107.5,214.0,214.0,2,6.672,0.71282053,7.69,19.65,1195.2599,30.78,27.152872,1
1,2015-01-01 00:00:00+00:00,105,2015-01-05 09:00:00+00:00,40.46,0.0,0.0,0.0,0.3,0.5,1.0,0.0,4.0,5.0,1.46,Tokke_G3,Tokke,36.9,107.5,107.5,214.0,214.0,2,6.672,0.71282053,7.66,19.65,1195.2599,30.68,27.152872,1
1,2015-01-01 00:00:00+00:00,106,2015-01-05 10:00:00+00:00,40.97,0.0,0.0,0.0,0.3,0.5,1.0,0.0,4.0,5.0,1.45,Tokke_G3,Tokke,36.9,107.5,107.5,214.0,214.0,2,6.672,0.71282053,7.69,19.65,1195.2599,30.689999,27.152872,1
1,2015-01-01 00:00:00+00:00,107,2015-01-05 11:00:00+00:00,38.66,0.0,0.0,0.0,0.3,0.5,1.0,0.0,4.0,5.0,1.45,Tokke_G3,Tokke,36.9,107.5,107.5,214.0,214.0,2,6.672,0.71282053,7.7,19.65,1195.2599,30.7,27.152872,1
1,2015-01-01 00:00:00+00:00,108,2015-01-05 12:00:00+00:00,36.44,0.0,0.0,0.0,0.3,0.5,1.0,0.0,4.0,5.0,1.45,Tokke_G3,Tokke,36.9,107.5,107.5,214.0,214.0,2,6.672,0.71282053,7.7,19.65,1195.2599,30.61,27.152872,1
1,2015-01-01 00:00:00+00:00,109,2015-01-05 13:00:00+00:00,37.74,0.0,0.0,0.0,0.3,0.5,1.0,0.0,4.0,5.0,1.45,Tokke_G3,Tokke,36.9,107.5,107.5,214.0,214.0,2,6.672,0.71282053,7.7,19.65,1195.2599,30.560001,27.152872,1
1,2015-01-01 00:00:00+00:00,110,2015-01-05 14:00:00+00:00,43.1,0.0,0.0,0.0,0.3,0.5,1.0,0.0,4.0,5.0,1.45,Tokke_G3,Tokke,36.9,107.5,107.5,214.0,214.0,2,6.672,0.71282053,7.7,19.65,1195.2599,30.439999,27.152872,1
1,2015-01-01 00:00:00+00:00,111,2015-01-05 15:00:00+00:00,46.7,0.0,0.0,0.0,0.3,0.5,1.0,0.0,4.0,5.0,1.44,Tokke_G3,Tokke,36.9,107.5,107.5,214.0,214.0,2,6.672,0.71282053,7.7,19.65,1195.2599,30.369999,27.152872,1
1,2015-01-01 00:00:00+00:00,112,2015-01-05 16:00:00+00:00,56.78,0.0,0.0,0.0,0.3,0.5,1.0,0.0,4.0,5.0,1.44,Tokke_G3,Tokke,36.9,107.5,107.5,214.0,214.0,2,6.672,0.71282053,7.7,19.65,1195.2599,30.319996,27.152872,1
1,2015-01-01 00:00:00+00:00,113,2015-01-05 17:00:00+00:00,36.49,0.0,0.0,0.0,0.3,0.5,1.0,0.0,4.0,5.0,1.45,Tokke_G3,Tokke,36.9,107.5,107.5,214.0,214.0,2,6.672,0.71282053,7.71,19.65,1195.2599,30.310001,27.152872,1
1,2015-01-01 00:00:00+00:00,114,2015-01-05 18:00:00+00:00,32.43,0.0,0.0,0.0,0.3,0.5,1.0,0.0,4.0,5.0,1.44,Tokke_G3,Tokke,36.9,107.5,107.5,214.0,214.0,2,6.672,0.71282053,7.75,19.65,1195.2599,30.28,27.152872,1
1,2015-01-01 00:00:00+00:00,115,2015-01-05 19:00:00+00:00,31.39,0.0,0.0,0.0,0.3,0.5,1.0,0.0,4.0,5.0,1.43,Tokke_G3,Tokke,36.9,107.5,107.5,214.0,214.0,2,6.672,0.71282053,7.71,19.65,1195.2599,30.150002,27.152872,1
1,2015-01-01 00:00:00+00:00,116,2015-01-05 20:00:00+00:00,30.29,0.0,0.0,0.0,0.3,0.5,1.0,0.0,4.0,5.0,1.43,Tokke_G3,Tokke,36.9,107.5,107.5,214.0,214.0,2,6.672,0.71282053,7.7,19.65,1195.2599,30.02,27.152872,1
1,2015-01-01 00:00:00+00:00,117,2015-01-05 21:00:00+00:00,29.43,0.0,0.0,0.0,0.3,0.5,1.0,0.0,4.0,5.0,1.43,Tokke_G3,Tokke,36.9,107.5,107.5,214.0,214.0,2,6.672,0.71282053,7.71,19.65,1195.2599,29.93,27.152872,1
1,2015-01-01 00:00:00+00:00,118,2015-01-05 22:00:00+00:00,29.09,0.0,0.0,0.0,0.3,0.5,1.0,0.0,4.0,5.0,1.44,Tokke_G3,Tokke,36.9,107.5,107.5,214.0,214.0,2,6.672,0.71282053,7.75,19.65,1195.2599,29.92,27.152872,1
1,2015-01-01 00:00:00+00:00,119,2015-01-05 23:00:00+00:00,28.08,0.0,0.0,0.0,0.3,0.5,1.0,0.0,4.0,5.0,1.44,Tokke_G3,Tokke,36.9,107.5,107.5,214.0,214.0,2,6.672,0.71282053,7.72,19.65,1195.2599,29.779999,27.152872,1
1,2015-01-01 00:00:00+00:00,120,2015-01-06 00:00:00+00:00,27.94,0.0,0.0,0.0,0.3,0.5,1.0,0.0,4.0,5.0,1.44,Tokke_G3,Tokke,36.9,107.5,107.5,214.0,214.0,2,6.672,0.71282053,7.75,19.65,1195.2599,29.759998,27.152872,1
1,2015-01-01 00:00:00+00:00,121,2015-01-06 01:00:00+00:00,27.91,0.0,0.0,0.0,0.3,0.5,1.0,0.0,4.0,5.0,1.44,Tokke_G3,Tokke,36.9,107.5,107.5,214.0,214.0,2,6.672,0.71282053,7.71,19.65,1195.2599,29.619999,27.152872,1
1,2015-01-01 00:00:00+00:00,122,2015-01-06 02:00:00+00:00,27.89,0.0,0.0,0.0,0.3,0.5,1.0,0.0,4.0,5.0,1.44,Tokke_G3,Tokke,36.9,107.5,107.5,214.0,214.0,2,6.672,0.71282053,7.71,19.65,1195.2599,29.579998,27.152872,1
1,2015-01-01 00:00:00+00:00,123,2015-01-06 03:00:00+00:00,27.89,0.0,0.0,0.0,0.3,0.5,1.0,0.0,4.0,5.0,1.44,Tokke_G3,Tokke,36.9,107.5,107.5,214.0,214.0,2,6.672,0.71282053,7.75,19.65,1195.2599,29.58,27.152872,1
1,2015-01-01 00:00:00+00:00,124,2015-01-06 04:00:00+00:00,28.01,0.0,0.0,0.0,0.3,0.5,1.0,0.0,4.0,5.0,1.44,Tokke_G3,Tokke,36.9,107.5,107.5,214.0,214.0,2,6.672,0.71282053,7.71,19.65,1195.2599,29.470001,27.152872,1
1,2015-01-01 00:00:00+00:00,125,2015-01-06 05:00:00+00:00,28.73,0.0,0.0,0.0,0.3,0.5,1.0,0.0,4.0,5.0,1.44,Tokke_G3,Tokke,36.9,107.5,107.5,214.0,214.0,2,6.672,0.71282053,7.7,19.65,1195.2599,29.39,27.152872,1
1,2015-01-01 00:00:00+00:00,126,2015-01-06 06:00:00+00:00,30.03,0.0,0.0,0.0,0.3,0.5,1.0,0.0,4.0,5.0,1.43,Tokke_G3,Tokke,36.9,107.5,107.5,214.0,214.0,2,6.672,0.71282053,7.71,19.65,1195.2599,29.349998,27.152872,1
1,2015-01-01 00:00:00+00:00,127,2015-01-06 07:00:00+00:00,30.5,0.0,0.0,0.0,0.3,0.5,1.0,0.0,4.0,5.0,1.42,Tokke_G3,Tokke,36.9,107.5,107.5,214.0,214.0,2,6.672,0.71282053,7.75,19.65,1195.2599,29.34,27.152872,1
1,2015-01-01 00:00:00+00:00,128,2015-01-06 08:00:00+00:00,30.35,0.0,0.0,0.0,0.3,0.5,1.0,0.0,4.0,5.0,1.42,Tokke_G3,Tokke,36.9,107.5,107.5,214.0,214.0,2,6.672,0.71282053,7.72,19.65,1195.2599,29.18,27.152872,1
1,2015-01-01 00:00:00+00:00,129,2015-01-06 09:00:00+00:00,30.53,0.0,0.0,0.0,0.3,0.5,1.0,0.0,4.0,5.0,1.42,Tokke_G3,Tokke,36.9,107.5,107.5,214.0,214.0,2,6.672,0.71282053,7.76,19.65,1195.2599,29.190002,27.152872,1
1,2015-01-01 00:00:00+00:00,130,2015-01-06 10:00:00+00:00,29.91,0.0,0.0,0.0,0.3,0.5,1.0,0.0,4.0,5.0,1.43,Tokke_G3,Tokke,36.9,107.5,107.5,214.0,214.0,2,6.672,0.71282053,7.81,19.65,1195.2599,29.269999,27.152872,1
1,2015-01-01 00:00:00+00:00,131,2015-01-06 11:00:00+00:00,29.62,0.0,0.0,0.0,0.3,0.5,1.0,0.0,4.0,5.0,1.41,Tokke_G3,Tokke,36.9,107.5,107.5,214.0,214.0,2,6.672,0.71282053,7.78,19.65,1195.2599,29.130001,27.152872,1
1,2015-01-01 00:00:00+00:00,132,2015-01-06 12:00:00+00:00,29.58,0.0,0.0,0.0,0.3,0.5,1.0,0.0,4.0,5.0,1.4,Tokke_G3,Tokke,36.9,107.5,107.5,214.0,214.0,2,6.672,0.71282053,7.81,19.65,1195.2599,29.119999,27.152872,1
1,2015-01-01 00:00:00+00:00,133,2015-01-06 13:00:00+00:00,29.57,0.0,0.0,0.0,0.3,0.5,1.0,0.0,4.0,5.0,1.41,Tokke_G3,Tokke,36.9,107.5,107.5,214.0,214.0,2,6.672,0.71282053,7.82,19.65,1195.2599,29.15,27.152872,1
1,2015-01-01 00:00:00+00:00,134,2015-01-06 14:00:00+00:00,29.62,0.0,0.0,0.0,0.3,0.5,1.0,0.0,4.0,5.0,1.41,Tokke_G3,Tokke,36.9,107.5,107.5,214.0,214.0,2,6.672,0.71282053,7.84,19.65,1195.2599,29.149998,27.152872,1
1,2015-01-01 00:00:00+00:00,135,2015-01-06 15:00:00+00:00,29.99,0.0,0.0,0.0,0.3,0.5,1.0,0.0,4.0,5.0,1.41,Tokke_G3,Tokke,36.9,107.5,107.5,214.0,214.0,2,6.672,0.71282053,7.93,19.65,1195.2599,29.269999,27.152872,1
1,2015-01-01 00:00:00+00:00,136,2015-01-06 16:00:00+00:00,29.65,0.0,0.0,0.0,0.3,0.5,1.0,0.0,4.0,5.0,1.41,Tokke_G3,Tokke,36.9,107.5,107.5,214.0,214.0,2,6.672,0.71282053,7.99,19.65,1195.2599,29.339996,27.152872,1
1,2015-01-01 00:00:00+00:00,137,2015-01-06 17:00:00+00:00,29.58,0.0,0.0,0.0,0.3,0.5,1.0,0.0,4.0,5.0,1.4,Tokke_G3,Tokke,36.9,107.5,107.5,214.0,214.0,2,6.672,0.71282053,8.02,19.65,1195.2599,29.319998,27.152872,1
1,2015-01-01 00:00:00+00:00,138,2015-01-06 18:00:00+00:00,29.0,0.0,0.0,0.0,0.3,0.5,1.0,0.0,4.0,5.0,1.4,Tokke_G3,Tokke,36.9,107.5,107.5,214.0,214.0,2,6.672,0.71282053,8.11,19.65,1195.2599,29.449997,27.152872,1
1,2015-01-01 00:00:00+00:00,139,2015-01-06 19:00:00+00:00,28.45,0.0,0.0,0.0,0.3,0.5,1.0,0.0,4.0,5.0,1.4,Tokke_G3,Tokke,36.9,107.5,107.5,214.0,214.0,2,6.672,0.71282053,8.12,19.65,1195.2599,29.499996,27.152872,1
1,2015-01-01 00:00:00+00:00,140,2015-01-06 20:00:00+00:00,28.15,0.0,0.0,0.0,0.3,0.5,1.0,0.0,4.0,5.0,1.38,Tokke_G3,Tokke,36.9,107.5,107.5,214.0,214.0,2,6.672,0.71282053,8.11,19.65,1195.2599,29.429996,27.152872,1
1,2015-01-01 00:00:00+00:00,141,2015-01-06 21:00:00+00:00,27.73,0.0,0.0,0.0,0.3,0.5,1.0,0.0,4.0,5.0,1.4,Tokke_G3,Tokke,36.9,107.5,107.5,214.0,214.0,2,6.672,0.71282053,8.07,19.65,1195.2599,29.389997,27.152872,1
1,2015-01-01 00:00:00+00:00,142,2015-01-06 22:00:00+00:00,27.32,0.0,0.0,0.0,0.3,0.5,1.0,0.0,4.0,5.0,1.39,Tokke_G3,Tokke,36.9,107.5,107.5,214.0,214.0,2,6.672,0.71282053,8.07,19.65,1195.2599,29.329998,27.152872,1
1,2015-01-01 00:00:00+00:00,143,2015-01-06 23:00:00+00:00,26.35,0.0,0.0,0.0,0.3,0.5,1.0,0.0,4.0,5.0,1.31,Tokke_G3,Tokke,36.9,107.5,107.5,214.0,214.0,2,6.672,0.71282053,8.11,19.65,1195.2599,29.23,27.152872,1
1,2015-01-01 00:00:00+00:00,144,2015-01-07 00:00:00+00:00,26.08,0.0,0.0,0.0,0.3,0.5,1.0,0.0,4.0,5.0,1.29,Tokke_G3,Tokke,36.9,107.5,107.5,214.0,214.0,2,6.672,0.71282053,8.11,19.65,1195.2599,29.25,27.152872,1
1,2015-01-01 00:00:00+00:00,145,2015-01-07 01:00:00+00:00,26.03,0.0,0.0,0.0,0.3,0.5,1.0,0.0,4.0,5.0,1.29,Tokke_G3,Tokke,36.9,107.5,107.5,214.0,214.0,2,6.672,0.71282053,8.06,19.65,1195.2599,29.060001,27.152872,1
1,2015-01-01 00:00:00+00:00,146,2015-01-07 02:00:00+00:00,26.17,0.0,0.0,0.0,0.3,0.5,1.0,0.0,4.0,5.0,1.27,Tokke_G3,Tokke,36.9,107.5,107.5,214.0,214.0,2,6.672,0.71282053,8.0,19.65,1195.2599,29.02,27.152872,1
1,2015-01-01 00:00:00+00:00,147,2015-01-07 03:00:00+00:00,26.74,0.0,0.0,0.0,0.3,0.5,1.0,0.0,4.0,5.0,1.27,Tokke_G3,Tokke,36.9,107.5,107.5,214.0,214.0,2,6.672,0.71282053,7.95,19.65,1195.2599,28.91,27.152872,1
1,2015-01-01 00:00:00+00:00,148,2015-01-07 04:00:00+00:00,27.78,0.0,0.0,0.0,0.3,0.5,1.0,0.0,4.0,5.0,1.27,Tokke_G3,Tokke,36.9,107.5,107.5,214.0,214.0,2,6.672,0.71282053,7.96,19.65,1195.2599,28.899998,27.152872,1
1,2015-01-01 00:00:00+00:00,149,2015-01-07 05:00:00+00:00,28.48,0.0,0.0,0.0,0.3,0.5,1.0,0.0,4.0,5.0,1.27,Tokke_G3,Tokke,36.9,107.5,107.5,214.0,214.0,2,6.672,0.71282053,8.04,19.65,1195.2599,28.989998,27.152872,1
1,2015-01-01 00:00:00+00:00,150,2015-01-07 06:00:00+00:00,31.53,0.0,0.0,0.0,0.3,0.5,1.0,0.0,4.0,5.0,1.27,Tokke_G3,Tokke,36.9,107.5,107.5,214.0,214.0,2,6.672,0.71282053,8.02,19.65,1195.2599,28.84,27.152872,1
1,2015-01-01 00:00:00+00:00,151,2015-01-07 07:00:00+00:00,32.54,0.0,0.0,0.0,0.3,0.5,1.0,0.0,4.0,5.0,1.27,Tokke_G3,Tokke,36.9,107.5,107.5,214.0,214.0,2,6.672,0.71282053,8.05,19.65,1195.2599,28.8,27.152872,1
1,2015-01-01 00:00:00+00:00,152,2015-01-07 08:00:00+00:00,32.24,0.0,0.0,0.0,0.3,0.5,1.0,0.0,4.0,5.0,1.26,Tokke_G3,Tokke,36.9,107.5,107.5,214.0,214.0,2,6.672,0.71282053,8.01,19.65,1195.2599,28.630001,27.152872,1
1,2015-01-01 00:00:00+00:00,153,2015-01-07 09:00:00+00:00,31.96,0.0,0.0,0.0,0.3,0.5,1.0,0.0,4.0,5.0,1.25,Tokke_G3,Tokke,36.9,107.5,107.5,214.0,214.0,2,6.672,0.71282053,8.0,19.65,1195.2599,28.560001,27.152872,1
1,2015-01-01 00:00:00+00:00,154,2015-01-07 10:00:00+00:00,31.66,0.0,0.0,0.0,0.3,0.5,1.0,0.0,4.0,5.0,1.25,Tokke_G3,Tokke,36.9,107.5,107.5,214.0,214.0,2,6.672,0.71282053,8.0,19.65,1195.2599,28.55,27.152872,1
1,2015-01-01 00:00:00+00:00,155,2015-01-07 11:00:00+00:00,30.97,0.0,0.0,0.0,0.3,0.5,1.0,0.0,4.0,5.0,1.25,Tokke_G3,Tokke,36.9,107.5,107.5,214.0,214.0,2,6.672,0.71282053,8.01,19.65,1195.2599,28.539999,27.152872,1
1,2015-01-01 00:00:00+00:00,156,2015-01-07 12:00:00+00:00,30.65,0.0,0.0,0.0,0.3,0.5,1.0,0.0,4.0,5.0,1.25,Tokke_G3,Tokke,36.9,107.5,107.5,214.0,214.0,2,6.672,0.71282053,8.05,19.65,1195.2599,28.59,27.152872,1
1,2015-01-01 00:00:00+00:00,157,2015-01-07 13:00:00+00:00,30.31,0.0,0.0,0.0,0.3,0.5,1.0,0.0,4.0,5.0,1.23,Tokke_G3,Tokke,36.9,107.5,107.5,214.0,214.0,2,6.672,0.71282053,8.02,19.65,1195.2599,28.54,27.152872,1
1,2015-01-01 00:00:00+00:00,158,2015-01-07 14:00:00+00:00,29.79,0.0,0.0,0.0,0.3,0.5,1.0,0.0,4.0,5.0,1.23,Tokke_G3,Tokke,36.9,107.5,107.5,214.0,214.0,2,6.672,0.71282053,8.05,19.65,1195.2599,28.599998,27.152872,1
1,2015-01-01 00:00:00+00:00,159,2015-01-07 15:00:00+00:00,30.72,0.0,0.0,0.0,0.3,0.5,1.0,0.0,4.0,5.0,1.21,Tokke_G3,Tokke,36.9,107.5,107.5,214.0,214.0,2,6.672,0.71282053,8.06,19.65,1195.2599,28.52,27.152872,1
1,2015-01-01 00:00:00+00:00,160,2015-01-07 16:00:00+00:00,29.56,0.0,0.0,0.0,0.3,0.5,1.0,0.0,4.0,5.0,1.2,Tokke_G3,Tokke,36.9,107.5,107.5,214.0,214.0,2,6.672,0.71282053,8.06,19.65,1195.2599,28.52,27.152872,1
1,2015-01-01 00:00:00+00:00,161,2015-01-07 17:00:00+00:00,28.84,0.0,0.0,0.0,0.3,0.5,1.0,0.0,4.0,5.0,1.2,Tokke_G3,Tokke,36.9,107.5,107.5,214.0,214.0,2,6.672,0.71282053,8.06,19.65,1195.2599,28.480003,27.152872,1
1,2015-01-01 00:00:00+00:00,162,2015-01-07 18:00:00+00:00,28.2,0.0,0.0,0.0,0.3,0.5,1.0,0.0,4.0,5.0,1.2,Tokke_G3,Tokke,36.9,107.5,107.5,214.0,214.0,2,6.672,0.71282053,8.06,19.65,1195.2599,28.45,27.152872,1
1,2015-01-01 00:00:00+00:00,163,2015-01-07 19:00:00+00:00,27.75,0.0,0.0,0.0,0.3,0.5,1.0,0.0,4.0,5.0,1.2,Tokke_G3,Tokke,36.9,107.5,107.5,214.0,214.0,2,6.672,0.71282053,8.07,19.65,1195.2599,28.44,27.152872,1
1,2015-01-01 00:00:00+00:00,164,2015-01-07 20:00:00+00:00,27.42,0.0,0.0,0.0,0.3,0.5,1.0,0.0,4.0,5.0,1.21,Tokke_G3,Tokke,36.9,107.5,107.5,214.0,214.0,2,6.672,0.71282053,8.11,19.65,1195.2599,28.5,27.152872,1
1,2015-01-01 00:00:00+00:00,165,2015-01-07 21:00:00+00:00,26.68,0.0,0.0,0.0,0.3,0.5,1.0,0.0,4.0,5.0,1.22,Tokke_G3,Tokke,36.9,107.5,107.5,214.0,214.0,2,6.672,0.71282053,8.08,19.65,1195.2599,28.460001,27.152872,1
1,2015-01-01 00:00:00+00:00,166,2015-01-07 22:00:00+00:00,26.15,0.0,0.0,0.0,0.3,0.5,1.0,0.0,4.0,5.0,1.21,Tokke_G3,Tokke,36.9,107.5,107.5,214.0,214.0,2,6.672,0.71282053,8.11,19.65,1195.2599,28.509998,27.152872,1
1,2015-01-01 00:00:00+00:00,167,2015-01-07 23:00:00+00:00,26.04,0.0,0.0,0.0,0.3,0.5,1.0,0.0,4.0,5.0,1.19,Tokke_G3,Tokke,36.9,107.5,107.5,214.0,214.0,2,6.672,0.71282053,8.13,19.65,1195.2599,28.52,27.152872,1
1,2015-01-01 00:00:00+00:00,0,2015-01-01 00:00:00+00:00,27.07,0.0,0.0,0.0,0.3,0.5,1.0,0.0,4.0,5.0,1.01,Tokke_G4,Tokke,36.9,107.5,107.5,214.0,214.0,2,6.672,0.71282053,5.23,19.65,1195.2599,24.57,27.152872,1
1,2015-01-01 00:00:00+00:00,1,2015-01-01 01:00:00+00:00,26.93,0.0,0.0,0.0,0.3,0.5,1.0,0.0,4.0,5.0,1.0,Tokke_G4,Tokke,36.9,107.5,107.5,214.0,214.0,2,6.672,0.71282053,5.23,19.65,1195.2599,24.5,27.152872,1
1,2015-01-01 00:00:00+00:00,2,2015-01-01 02:00:00+00:00,26.83,0.0,0.0,0.0,0.3,0.5,1.0,0.0,4.0,5.0,1.01,Tokke_G4,Tokke,36.9,107.5,107.5,214.0,214.0,2,6.672,0.71282053,5.24,19.65,1195.2599,24.4,27.152872,1
1,2015-01-01 00:00:00+00:00,3,2015-01-01 03:00:00+00:00,26.81,0.0,0.0,0.0,0.3,0.5,1.0,0.0,4.0,5.0,1.0,Tokke_G4,Tokke,36.9,107.5,107.5,214.0,214.0,2,6.672,0.71282053,5.28,19.65,1195.2599,24.430002,27.152872,1
1,2015-01-01 00:00:00+00:00,4,2015-01-01 04:00:00+00:00,26.97,0.0,0.0,0.0,0.3,0.5,1.0,0.0,4.0,5.0,0.99,Tokke_G4,Tokke,36.9,107.5,107.5,214.0,214.0,2,6.672,0.71282053,5.28,19.65,1195.2599,24.35,27.152872,1
1,2015-01-01 00:00:00+00:00,5,2015-01-01 05:00:00+00:00,27.07,0.0,0.0,0.0,0.3,0.5,1.0,0.0,4.0,5.0,1.0,Tokke_G4,Tokke,36.9,107.5,107.5,214.0,214.0,2,6.672,0.71282053,5.28,19.65,1195.2599,24.340002,27.152872,1
1,2015-01-01 00:00:00+00:00,6,2015-01-01 06:00:00+00:00,26.8,0.0,0.0,0.0,0.3,0.5,1.0,0.0,4.0,5.0,1.0,Tokke_G4,Tokke,36.9,107.5,107.5,214.0,214.0,2,6.672,0.71282053,5.27,19.65,1195.2599,24.270002,27.152872,1
1,2015-01-01 00:00:00+00:00,7,2015-01-01 07:00:00+00:00,26.97,0.0,0.0,0.0,0.3,0.5,1.0,0.0,4.0,5.0,1.0,Tokke_G4,Tokke,36.9,107.5,107.5,214.0,214.0,2,6.672,0.71282053,5.25,19.65,1195.2599,24.27,27.152872,1
1,2015-01-01 00:00:00+00:00,8,2015-01-01 08:00:00+00:00,26.98,0.0,0.0,0.0,0.3,0.5,1.0,0.0,4.0,5.0,1.0,Tokke_G4,Tokke,36.9,107.5,107.5,214.0,214.0,2,6.672,0.71282053,5.26,19.65,1195.2599,24.340002,27.152872,1
1,2015-01-01 00:00:00+00:00,9,2015-01-01 09:00:00+00:00,27.06,0.0,0.0,0.0,0.3,0.5,1.0,0.0,4.0,5.0,1.0,Tokke_G4,Tokke,36.9,107.5,107.5,214.0,214.0,2,6.672,0.71282053,5.2,19.65,1195.2599,24.16,27.152872,1
1,2015-01-01 00:00:00+00:00,10,2015-01-01 10:00:00+00:00,27.13,0.0,0.0,0.0,0.3,0.5,1.0,0.0,4.0,5.0,1.02,Tokke_G4,Tokke,36.9,107.5,107.5,214.0,214.0,2,6.672,0.71282053,5.19,19.65,1195.2599,24.210001,27.152872,1
1,2015-01-01 00:00:00+00:00,11,2015-01-01 11:00:00+00:00,27.09,0.0,0.0,0.0,0.3,0.5,1.0,0.0,4.0,5.0,1.01,Tokke_G4,Tokke,36.9,107.5,107.5,214.0,214.0,2,6.672,0.71282053,5.23,19.65,1195.2599,24.210001,27.152872,1
1,2015-01-01 00:00:00+00:00,12,2015-01-01 12:00:00+00:00,27.01,0.0,0.0,0.0,0.3,0.5,1.0,0.0,4.0,5.0,1.03,Tokke_G4,Tokke,36.9,107.5,107.5,214.0,214.0,2,6.672,0.71282053,5.23,19.65,1195.2599,24.240002,27.152872,1
1,2015-01-01 00:00:00+00:00,13,2015-01-01 13:00:00+00:00,26.98,0.0,0.0,0.0,0.3,0.5,1.0,0.0,4.0,5.0,1.03,Tokke_G4,Tokke,36.9,107.5,107.5,214.0,214.0,2,6.672,0.71282053,5.2,19.65,1195.2599,24.2,27.152872,1
1,2015-01-01 00:00:00+00:00,14,2015-01-01 14:00:00+00:00,27.51,0.0,0.0,0.0,0.3,0.5,1.0,0.0,4.0,5.0,1.06,Tokke_G4,Tokke,36.9,107.5,107.5,214.0,214.0,2,6.672,0.71282053,5.23,19.65,1195.2599,24.35,27.152872,1
1,2015-01-01 00:00:00+00:00,15,2015-01-01 15:00:00+00:00,28.32,0.0,0.0,0.0,0.3,0.5,1.0,0.0,4.0,5.0,1.06,Tokke_G4,Tokke,36.9,107.5,107.5,214.0,214.0,2,6.672,0.71282053,5.28,19.65,1195.2599,24.36,27.152872,1
1,2015-01-01 00:00:00+00:00,16,2015-01-01 16:00:00+00:00,28.36,0.0,0.0,0.0,0.3,0.5,1.0,0.0,4.0,5.0,1.07,Tokke_G4,Tokke,36.9,107.5,107.5,214.0,214.0,2,6.672,0.71282053,5.33,19.65,1195.2599,24.43,27.152872,1
1,2015-01-01 00:00:00+00:00,17,2015-01-01 17:00:00+00:00,28.18,0.0,0.0,0.0,0.3,0.5,1.0,0.0,4.0,5.0,1.1,Tokke_G4,Tokke,36.9,107.5,107.5,214.0,214.0,2,6.672,0.71282053,5.38,19.65,1195.2599,24.52,27.152872,1
1,2015-01-01 00:00:00+00:00,18,2015-01-01 18:00:00+00:00,27.81,0.0,0.0,0.0,0.3,0.5,1.0,0.0,4.0,5.0,1.11,Tokke_G4,Tokke,36.9,107.5,107.5,214.0,214.0,2,6.672,0.71282053,5.42,19.65,1195.2599,24.59,27.152872,1
1,2015-01-01 00:00:00+00:00,19,2015-01-01 19:00:00+00:00,27.46,0.0,0.0,0.0,0.3,0.5,1.0,0.0,4.0,5.0,1.12,Tokke_G4,Tokke,36.9,107.5,107.5,214.0,214.0,2,6.672,0.71282053,5.4,19.65,1195.2599,24.59,27.152872,1
1,2015-01-01 00:00:00+00:00,20,2015-01-01 20:00:00+00:00,27.06,0.0,0.0,0.0,0.3,0.5,1.0,0.0,4.0,5.0,1.13,Tokke_G4,Tokke,36.9,107.5,107.5,214.0,214.0,2,6.672,0.71282053,5.47,19.65,1195.2599,24.810001,27.152872,1
1,2015-01-01 00:00:00+00:00,21,2015-01-01 21:00:00+00:00,27.0,0.0,0.0,0.0,0.3,0.5,1.0,0.0,4.0,5.0,1.16,Tokke_G4,Tokke,36.9,107.5,107.5,214.0,214.0,2,6.672,0.71282053,5.47,19.65,1195.2599,24.87,27.152872,1
1,2015-01-01 00:00:00+00:00,22,2015-01-01 22:00:00+00:00,26.83,0.0,0.0,0.0,0.3,0.5,1.0,0.0,4.0,5.0,1.2,Tokke_G4,Tokke,36.9,107.5,107.5,214.0,214.0,2,6.672,0.71282053,5.45,19.65,1195.2599,24.900002,27.152872,1
1,2015-01-01 00:00:00+00:00,23,2015-01-01 23:00:00+00:00,26.71,0.0,0.0,0.0,0.3,0.5,1.0,0.0,4.0,5.0,1.24,Tokke_G4,Tokke,36.9,107.5,107.5,214.0,214.0,2,6.672,0.71282053,5.52,19.65,1195.2599,25.140003,27.152872,1
1,2015-01-01 00:00:00+00:00,24,2015-01-02 00:00:00+00:00,26.41,0.0,0.0,0.0,0.3,0.5,1.0,0.0,4.0,5.0,1.26,Tokke_G4,Tokke,36.9,107.5,107.5,214.0,214.0,2,6.672,0.71282053,5.53,19.65,1195.2599,25.29,27.152872,1
1,2015-01-01 00:00:00+00:00,25,2015-01-02 01:00:00+00:00,26.2,0.0,0.0,0.0,0.3,0.5,1.0,0.0,4.0,5.0,1.3,Tokke_G4,Tokke,36.9,107.5,107.5,214.0,214.0,2,6.672,0.71282053,5.53,19.65,1195.2599,25.510002,27.152872,1
1,2015-01-01 00:00:00+00:00,26,2015-01-02 02:00:00+00:00,25.6,0.0,0.0,0.0,0.3,0.5,1.0,0.0,4.0,5.0,1.52,Tokke_G4,Tokke,36.9,107.5,107.5,214.0,214.0,2,6.672,0.71282053,5.54,19.65,1195.2599,26.27,27.152872,1
1,2015-01-01 00:00:00+00:00,27,2015-01-02 03:00:00+00:00,24.74,0.0,0.0,0.0,0.3,0.5,1.0,0.0,4.0,5.0,1.7,Tokke_G4,Tokke,36.9,107.5,107.5,214.0,214.0,2,6.672,0.71282053,5.6,19.65,1195.2599,27.26,27.152872,1
1,2015-01-01 00:00:00+00:00,28,2015-01-02 04:00:00+00:00,26.1,0.0,0.0,0.0,0.3,0.5,1.0,0.0,4.0,5.0,1.75,Tokke_G4,Tokke,36.9,107.5,107.5,214.0,214.0,2,6.672,0.71282053,5.53,19.65,1195.2599,27.18,27.152872,1
1,2015-01-01 00:00:00+00:00,29,2015-01-02 05:00:00+00:00,27.25,0.0,0.0,0.0,0.3,0.5,1.0,0.0,4.0,5.0,1.65,Tokke_G4,Tokke,36.9,107.5,107.5,214.0,214.0,2,6.672,0.71282053,5.49,19.65,1195.2599,26.99,27.152872,1
1,2015-01-01 00:00:00+00:00,30,2015-01-02 06:00:00+00:00,28.37,0.0,0.0,0.0,0.3,0.5,1.0,0.0,4.0,5.0,1.71,Tokke_G4,Tokke,36.9,107.5,107.5,214.0,214.0,2,6.672,0.71282053,5.52,19.65,1195.2599,27.2,27.152872,1
1,2015-01-01 00:00:00+00:00,31,2015-01-02 07:00:00+00:00,28.37,0.0,0.0,0.0,0.3,0.5,1.0,0.0,4.0,5.0,1.92,Tokke_G4,Tokke,36.9,107.5,107.5,214.0,214.0,2,6.672,0.71282053,5.54,19.65,1195.2599,27.649998,27.152872,1
1,2015-01-01 00:00:00+00:00,32,2015-01-02 08:00:00+00:00,28.32,0.0,0.0,0.0,0.3,0.5,1.0,0.0,4.0,5.0,2.18,Tokke_G4,Tokke,36.9,107.5,107.5,214.0,214.0,2,6.672,0.71282053,5.62,19.65,1195.2599,28.390003,27.152872,1
1,2015-01-01 00:00:00+00:00,33,2015-01-02 09:00:00+00:00,28.3,0.0,0.0,0.0,0.3,0.5,1.0,0.0,4.0,5.0,2.33,Tokke_G4,Tokke,36.9,107.5,107.5,214.0,214.0,2,6.672,0.71282053,5.67,19.65,1195.2599,28.86,27.152872,1
1,2015-01-01 00:00:00+00:00,34,2015-01-02 10:00:00+00:00,28.39,0.0,0.0,0.0,0.3,0.5,1.0,0.0,4.0,5.0,2.35,Tokke_G4,Tokke,36.9,107.5,107.5,214.0,214.0,2,6.672,0.71282053,5.64,19.65,1195.2599,28.880001,27.152872,1
1,2015-01-01 00:00:00+00:00,35,2015-01-02 11:00:00+00:00,28.3,0.0,0.0,0.0,0.3,0.5,1.0,0.0,4.0,5.0,2.3,Tokke_G4,Tokke,36.9,107.5,107.5,214.0,214.0,2,6.672,0.71282053,5.68,19.65,1195.2599,28.84,27.152872,1
1,2015-01-01 00:00:00+00:00,36,2015-01-02 12:00:00+00:00,28.24,0.0,0.0,0.0,0.3,0.5,1.0,0.0,4.0,5.0,2.23,Tokke_G4,Tokke,36.9,107.5,107.5,214.0,214.0,2,6.672,0.71282053,5.72,19.65,1195.2599,28.860003,27.152872,1
1,2015-01-01 00:00:00+00:00,37,2015-01-02 13:00:00+00:00,28.12,0.0,0.0,0.0,0.3,0.5,1.0,0.0,4.0,5.0,2.2,Tokke_G4,Tokke,36.9,107.5,107.5,214.0,214.0,2,6.672,0.71282053,5.73,19.65,1195.2599,28.79,27.152872,1
1,2015-01-01 00:00:00+00:00,38,2015-01-02 14:00:00+00:00,28.23,0.0,0.0,0.0,0.3,0.5,1.0,0.0,4.0,5.0,2.17,Tokke_G4,Tokke,36.9,107.5,107.5,214.0,214.0,2,6.672,0.71282053,5.79,19.65,1195.2599,28.86,27.152872,1
1,2015-01-01 00:00:00+00:00,39,2015-01-02 15:00:00+00:00,28.59,0.0,0.0,0.0,0.3,0.5,1.0,0.0,4.0,5.0,2.14,Tokke_G4,Tokke,36.9,107.5,107.5,214.0,214.0,2,6.672,0.71282053,5.92,19.65,1195.2599,29.12,27.152872,1
1,2015-01-01 00:00:00+00:00,40,2015-01-02 16:00:00+00:00,28.73,0.0,0.0,0.0,0.3,0.5,1.0,0.0,4.0,5.0,2.13,Tokke_G4,Tokke,36.9,107.5,107.5,214.0,214.0,2,6.672,0.71282053,5.97,19.65,1195.2599,29.320002,27.152872,1
1,2015-01-01 00:00:00+00:00,41,2015-01-02 17:00:00+00:00,28.48,0.0,0.0,0.0,0.3,0.5,1.0,0.0,4.0,5.0,2.05,Tokke_G4,Tokke,36.9,107.5,107.5,214.0,214.0,2,6.672,0.71282053,5.96,19.65,1195.2599,29.25,27.152872,1
1,2015-01-01 00:00:00+00:00,42,2015-01-02 18:00:00+00:00,28.38,0.0,0.0,0.0,0.3,0.5,1.0,0.0,4.0,5.0,1.64,Tokke_G4,Tokke,36.9,107.5,107.5,214.0,214.0,2,6.672,0.71282053,6.08,19.65,1195.2599,28.550001,27.152872,1
1,2015-01-01 00:00:00+00:00,43,2015-01-02 19:00:00+00:00,27.85,0.0,0.0,0.0,0.3,0.5,1.0,0.0,4.0,5.0,2.06,Tokke_G4,Tokke,36.9,107.5,107.5,214.0,214.0,2,6.672,0.71282053,6.14,19.65,1195.2599,29.42,27.152872,1
1,2015-01-01 00:00:00+00:00,44,2015-01-02 20:00:00+00:00,27.45,0.0,0.0,0.0,0.3,0.5,1.0,0.0,4.0,5.0,2.2,Tokke_G4,Tokke,36.9,107.5,107.5,214.0,214.0,2,6.672,0.71282053,6.2,19.65,1195.2599,29.780003,27.152872,1
1,2015-01-01 00:00:00+00:00,45,2015-01-02 21:00:00+00:00,27.2,0.0,0.0,0.0,0.3,0.5,1.0,0.0,4.0,5.0,2.38,Tokke_G4,Tokke,36.9,107.5,107.5,214.0,214.0,2,6.672,0.71282053,6.24,19.65,1195.2599,30.059998,27.152872,1
1,2015-01-01 00:00:00+00:00,46,2015-01-02 22:00:00+00:00,26.79,0.0,0.0,0.0,0.3,0.5,1.0,0.0,4.0,5.0,2.59,Tokke_G4,Tokke,36.9,107.5,107.5,214.0,214.0,2,6.672,0.71282053,6.27,19.65,1195.2599,30.329998,27.152872,1
1,2015-01-01 00:00:00+00:00,47,2015-01-02 23:00:00+00:00,25.85,0.0,0.0,0.0,0.3,0.5,1.0,0.0,4.0,5.0,2.83,Tokke_G4,Tokke,36.9,107.5,107.5,214.0,214.0,2,6.672,0.71282053,6.46,19.65,1195.2599,30.970001,27.152872,1
1,2015-01-01 00:00:00+00:00,48,2015-01-03 00:00:00+00:00,25.54,0.0,0.0,0.0,0.3,0.5,1.0,0.0,4.0,5.0,2.84,Tokke_G4,Tokke,36.9,107.5,107.5,214.0,214.0,2,6.672,0.71282053,6.62,19.65,1195.2599,31.25,27.152872,1
1,2015-01-01 00:00:00+00:00,49,2015-01-03 01:00:00+00:00,25.43,0.0,0.0,0.0,0.3,0.5,1.0,0.0,4.0,5.0,2.77,Tokke_G4,Tokke,36.9,107.5,107.5,214.0,214.0,2,6.672,0.71282053,6.74,19.65,1195.2599,31.34,27.152872,1
1,2015-01-01 00:00:00+00:00,50,2015-01-03 02:00:00+00:00,25.34,0.0,0.0,0.0,0.3,0.5,1.0,0.0,4.0,5.0,2.86,Tokke_G4,Tokke,36.9,107.5,107.5,214.0,214.0,2,6.672,0.71282053,6.89,19.65,1195.2599,31.58,27.152872,1
1,2015-01-01 00:00:00+00:00,51,2015-01-03 03:00:00+00:00,25.29,0.0,0.0,0.0,0.3,0.5,1.0,0.0,4.0,5.0,3.02,Tokke_G4,Tokke,36.9,107.5,107.5,214.0,214.0,2,6.672,0.71282053,6.96,19.65,1195.2599,31.970001,27.152872,1
1,2015-01-01 00:00:00+00:00,52,2015-01-03 04:00:00+00:00,25.3,0.0,0.0,0.0,0.3,0.5,1.0,0.0,4.0,5.0,3.13,Tokke_G4,Tokke,36.9,107.5,107.5,214.0,214.0,2,6.672,0.71282053,7.02,19.65,1195.2599,32.269997,27.152872,1
1,2015-01-01 00:00:00+00:00,53,2015-01-03 05:00:00+00:00,25.55,0.0,0.0,0.0,0.3,0.5,1.0,0.0,4.0,5.0,3.16,Tokke_G4,Tokke,36.9,107.5,107.5,214.0,214.0,2,6.672,0.71282053,7.12,19.65,1195.2599,32.5,27.152872,1
1,2015-01-01 00:00:00+00:00,54,2015-01-03 06:00:00+00:00,26.75,0.0,0.0,0.0,0.3,0.5,1.0,0.0,4.0,5.0,3.13,Tokke_G4,Tokke,36.9,107.5,107.5,214.0,214.0,2,6.672,0.71282053,7.17,19.65,1195.2599,32.58,27.152872,1
1,2015-01-01 00:00:00+00:00,55,2015-01-03 07:00:00+00:00,26.98,0.0,0.0,0.0,0.3,0.5,1.0,0.0,4.0,5.0,3.06,Tokke_G4,Tokke,36.9,107.5,107.5,214.0,214.0,2,6.672,0.71282053,7.13,19.65,1195.2599,32.48,27.152872,1
1,2015-01-01 00:00:00+00:00,56,2015-01-03 08:00:00+00:00,27.52,0.0,0.0,0.0,0.3,0.5,1.0,0.0,4.0,5.0,3.01,Tokke_G4,Tokke,36.9,107.5,107.5,214.0,214.0,2,6.672,0.71282053,7.13,19.65,1195.2599,32.5,27.152872,1
1,2015-01-01 00:00:00+00:00,57,2015-01-03 09:00:00+00:00,27.72,0.0,0.0,0.0,0.3,0.5,1.0,0.0,4.0,5.0,3.0,Tokke_G4,Tokke,36.9,107.5,107.5,214.0,214.0,2,6.672,0.71282053,7.18,19.65,1195.2599,32.699997,27.152872,1
1,2015-01-01 00:00:00+00:00,58,2015-01-03 10:00:00+00:00,27.73,0.0,0.0,0.0,0.3,0.5,1.0,0.0,4.0,5.0,2.92,Tokke_G4,Tokke,36.9,107.5,107.5,214.0,214.0,2,6.672,0.71282053,7.23,19.65,1195.2599,32.800003,27.152872,1
1,2015-01-01 00:00:00+00:00,59,2015-01-03 11:00:00+00:00,27.66,0.0,0.0,0.0,0.3,0.5,1.0,0.0,4.0,5.0,2.88,Tokke_G4,Tokke,36.9,107.5,107.5,214.0,214.0,2,6.672,0.71282053,7.24,19.65,1195.2599,33.02,27.152872,1
1,2015-01-01 00:00:00+00:00,60,2015-01-03 12:00:00+00:00,27.65,0.0,0.0,0.0,0.3,0.5,1.0,0.0,4.0,5.0,2.85,Tokke_G4,Tokke,36.9,107.5,107.5,214.0,214.0,2,6.672,0.71282053,7.23,19.65,1195.2599,33.04,27.152872,1
1,2015-01-01 00:00:00+00:00,61,2015-01-03 13:00:00+00:00,27.81,0.0,0.0,0.0,0.3,0.5,1.0,0.0,4.0,5.0,2.84,Tokke_G4,Tokke,36.9,107.5,107.5,214.0,214.0,2,6.672,0.71282053,7.2,19.65,1195.2599,32.86,27.152872,1
1,2015-01-01 00:00:00+00:00,62,2015-01-03 14:00:00+00:00,28.29,0.0,0.0,0.0,0.3,0.5,1.0,0.0,4.0,5.0,2.81,Tokke_G4,Tokke,36.9,107.5,107.5,214.0,214.0,2,6.672,0.71282053,7.28,19.65,1195.2599,32.93,27.152872,1
1,2015-01-01 00:00:00+00:00,63,2015-01-03 15:00:00+00:00,28.6,0.0,0.0,0.0,0.3,0.5,1.0,0.0,4.0,5.0,2.75,Tokke_G4,Tokke,36.9,107.5,107.5,214.0,214.0,2,6.672,0.71282053,7.3,19.65,1195.2599,32.73,27.152872,1
1,2015-01-01 00:00:00+00:00,64,2015-01-03 16:00:00+00:00,28.88,0.0,0.0,0.0,0.3,0.5,1.0,0.0,4.0,5.0,2.69,Tokke_G4,Tokke,36.9,107.5,107.5,214.0,214.0,2,6.672,0.71282053,7.29,19.65,1195.2599,32.63,27.152872,1
1,2015-01-01 00:00:00+00:00,65,2015-01-03 17:00:00+00:00,28.78,0.0,0.0,0.0,0.3,0.5,1.0,0.0,4.0,5.0,2.65,Tokke_G4,Tokke,36.9,107.5,107.5,214.0,214.0,2,6.672,0.71282053,7.25,19.65,1195.2599,32.47,27.152872,1
1,2015-01-01 00:00:00+00:00,66,2015-01-03 18:00:00+00:00,28.54,0.0,0.0,0.0,0.3,0.5,1.0,0.0,4.0,5.0,2.6,Tokke_G4,Tokke,36.9,107.5,107.5,214.0,214.0,2,6.672,0.71282053,7.28,19.65,1195.2599,32.39,27.152872,1
1,2015-01-01 00:00:00+00:00,67,2015-01-03 19:00:00+00:00,28.34,0.0,0.0,0.0,0.3,0.5,1.0,0.0,4.0,5.0,2.54,Tokke_G4,Tokke,36.9,107.5,107.5,214.0,214.0,2,6.672,0.71282053,7.25,19.65,1195.2599,32.29,27.152872,1
1,2015-01-01 00:00:00+00:00,68,2015-01-03 20:00:00+00:00,27.93,0.0,0.0,0.0,0.3,0.5,1.0,0.0,4.0,5.0,2.47,Tokke_G4,Tokke,36.9,107.5,107.5,214.0,214.0,2,6.672,0.71282053,7.3,19.65,1195.2599,32.190002,27.152872,1
1,2015-01-01 00:00:00+00:00,69,2015-01-03 21:00:00+00:00,27.7,0.0,0.0,0.0,0.3,0.5,1.0,0.0,4.0,5.0,2.41,Tokke_G4,Tokke,36.9,107.5,107.5,214.0,214.0,2,6.672,0.71282053,7.35,19.65,1195.2599,32.0,27.152872,1
1,2015-01-01 00:00:00+00:00,70,2015-01-03 22:00:00+00:00,27.25,0.0,0.0,0.0,0.3,0.5,1.0,0.0,4.0,5.0,2.33,Tokke_G4,Tokke,36.9,107.5,107.5,214.0,214.0,2,6.672,0.71282053,7.35,19.65,1195.2599,31.880001,27.152872,1
1,2015-01-01 00:00:00+00:00,71,2015-01-03 23:00:00+00:00,27.55,0.0,0.0,0.0,0.3,0.5,1.0,0.0,4.0,5.0,2.27,Tokke_G4,Tokke,36.9,107.5,107.5,214.0,214.0,2,6.672,0.71282053,7.35,19.65,1195.2599,31.789999,27.152872,1
1,2015-01-01 00:00:00+00:00,72,2015-01-04 00:00:00+00:00,27.38,0.0,0.0,0.0,0.3,0.5,1.0,0.0,4.0,5.0,2.22,Tokke_G4,Tokke,36.9,107.5,107.5,214.0,214.0,2,6.672,0.71282053,7.35,19.65,1195.2599,31.449997,27.152872,1
1,2015-01-01 00:00:00+00:00,73,2015-01-04 01:00:00+00:00,27.17,0.0,0.0,0.0,0.3,0.5,1.0,0.0,4.0,5.0,2.15,Tokke_G4,Tokke,36.9,107.5,107.5,214.0,214.0,2,6.672,0.71282053,7.34,19.65,1195.2599,30.980001,27.152872,1
1,2015-01-01 00:00:00+00:00,74,2015-01-04 02:00:00+00:00,27.03,0.0,0.0,0.0,0.3,0.5,1.0,0.0,4.0,5.0,2.1,Tokke_G4,Tokke,36.9,107.5,107.5,214.0,214.0,2,6.672,0.71282053,7.25,19.65,1195.2599,30.45,27.152872,1
1,2015-01-01 00:00:00+00:00,75,2015-01-04 03:00:00+00:00,27.04,0.0,0.0,0.0,0.3,0.5,1.0,0.0,4.0,5.0,2.06,Tokke_G4,Tokke,36.9,107.5,107.5,214.0,214.0,2,6.672,0.71282053,7.25,19.65,1195.2599,30.28,27.152872,1
1,2015-01-01 00:00:00+00:00,76,2015-01-04 04:00:00+00:00,27.19,0.0,0.0,0.0,0.3,0.5,1.0,0.0,4.0,5.0,2.01,Tokke_G4,Tokke,36.9,107.5,107.5,214.0,214.0,2,6.672,0.71282053,7.34,19.65,1195.2599,30.24,27.152872,1
1,2015-01-01 00:00:00+00:00,77,2015-01-04 05:00:00+00:00,27.13,0.0,0.0,0.0,0.3,0.5,1.0,0.0,4.0,5.0,1.99,Tokke_G4,Tokke,36.9,107.5,107.5,214.0,214.0,2,6.672,0.71282053,7.37,19.65,1195.2599,30.2,27.152872,1
1,2015-01-01 00:00:00+00:00,78,2015-01-04 06:00:00+00:00,27.06,0.0,0.0,0.0,0.3,0.5,1.0,0.0,4.0,5.0,1.94,Tokke_G4,Tokke,36.9,107.5,107.5,214.0,214.0,2,6.672,0.71282053,7.45,19.65,1195.2599,30.21,27.152872,1
1,2015-01-01 00:00:00+00:00,79,2015-01-04 07:00:00+00:00,27.63,0.0,0.0,0.0,0.3,0.5,1.0,0.0,4.0,5.0,1.89,Tokke_G4,Tokke,36.9,107.5,107.5,214.0,214.0,2,6.672,0.71282053,7.48,19.65,1195.2599,30.039999,27.152872,1
1,2015-01-01 00:00:00+00:00,80,2015-01-04 08:00:00+00:00,28.03,0.0,0.0,0.0,0.3,0.5,1.0,0.0,4.0,5.0,1.84,Tokke_G4,Tokke,36.9,107.5,107.5,214.0,214.0,2,6.672,0.71282053,7.52,19.65,1195.2599,29.99,27.152872,1
1,2015-01-01 00:00:00+00:00,81,2015-01-04 09:00:00+00:00,28.24,0.0,0.0,0.0,0.3,0.5,1.0,0.0,4.0,5.0,1.82,Tokke_G4,Tokke,36.9,107.5,107.5,214.0,214.0,2,6.672,0.71282053,7.52,19.65,1195.2599,29.849998,27.152872,1
1,2015-01-01 00:00:00+00:00,82,2015-01-04 10:00:00+00:00,28.32,0.0,0.0,0.0,0.3,0.5,1.0,0.0,4.0,5.0,1.79,Tokke_G4,Tokke,36.9,107.5,107.5,214.0,214.0,2,6.672,0.71282053,7.48,19.65,1195.2599,29.75,27.152872,1
1,2015-01-01 00:00:00+00:00,83,2015-01-04 11:00:00+00:00,28.24,0.0,0.0,0.0,0.3,0.5,1.0,0.0,4.0,5.0,1.77,Tokke_G4,Tokke,36.9,107.5,107.5,214.0,214.0,2,6.672,0.71282053,7.52,19.65,1195.2599,29.880001,27.152872,1
1,2015-01-01 00:00:00+00:00,84,2015-01-04 12:00:00+00:00,28.27,0.0,0.0,0.0,0.3,0.5,1.0,0.0,4.0,5.0,1.74,Tokke_G4,Tokke,36.9,107.5,107.5,214.0,214.0,2,6.672,0.71282053,7.53,19.65,1195.2599,29.999998,27.152872,1
1,2015-01-01 00:00:00+00:00,85,2015-01-04 13:00:00+00:00,28.32,0.0,0.0,0.0,0.3,0.5,1.0,0.0,4.0,5.0,1.72,Tokke_G4,Tokke,36.9,107.5,107.5,214.0,214.0,2,6.672,0.71282053,7.56,19.65,1195.2599,29.98,27.152872,1
1,2015-01-01 00:00:00+00:00,86,2015-01-04 14:00:00+00:00,28.37,0.0,0.0,0.0,0.3,0.5,1.0,0.0,4.0,5.0,1.7,Tokke_G4,Tokke,36.9,107.5,107.5,214.0,214.0,2,6.672,0.71282053,7.49,19.65,1195.2599,29.769999,27.152872,1
1,2015-01-01 00:00:00+00:00,87,2015-01-04 15:00:00+00:00,28.65,0.0,0.0,0.0,0.3,0.5,1.0,0.0,4.0,5.0,1.68,Tokke_G4,Tokke,36.9,107.5,107.5,214.0,214.0,2,6.672,0.71282053,7.5,19.65,1195.2599,29.689999,27.152872,1
1,2015-01-01 00:00:00+00:00,88,2015-01-04 16:00:00+00:00,28.98,0.0,0.0,0.0,0.3,0.5,1.0,0.0,4.0,5.0,1.68,Tokke_G4,Tokke,36.9,107.5,107.5,214.0,214.0,2,6.672,0.71282053,7.42,19.65,1195.2599,29.390001,27.152872,1
1,2015-01-01 00:00:00+00:00,89,2015-01-04 17:00:00+00:00,29.54,0.0,0.0,0.0,0.3,0.5,1.0,0.0,4.0,5.0,1.65,Tokke_G4,Tokke,36.9,107.5,107.5,214.0,214.0,2,6.672,0.71282053,7.42,19.65,1195.2599,29.429998,27.152872,1
1,2015-01-01 00:00:00+00:00,90,2015-01-04 18:00:00+00:00,29.42,0.0,0.0,0.0,0.3,0.5,1.0,0.0,4.0,5.0,1.64,Tokke_G4,Tokke,36.9,107.5,107.5,214.0,214.0,2,6.672,0.71282053,7.47,19.65,1195.2599,29.77,27.152872,1
1,2015-01-01 00:00:00+00:00,91,2015-01-04 19:00:00+00:00,28.92,0.0,0.0,0.0,0.3,0.5,1.0,0.0,4.0,5.0,1.63,Tokke_G4,Tokke,36.9,107.5,107.5,214.0,214.0,2,6.672,0.71282053,7.52,19.65,1195.2599,30.19,27.152872,1
1,2015-01-01 00:00:00+00:00,92,2015-01-04 20:00:00+00:00,28.66,0.0,0.0,0.0,0.3,0.5,1.0,0.0,4.0,5.0,1.6,Tokke_G4,Tokke,36.9,107.5,107.5,214.0,214.0,2,6.672,0.71282053,7.53,19.65,1195.2599,30.180002,27.152872,1
1,2015-01-01 00:00:00+00:00,93,2015-01-04 21:00:00+00:00,28.69,0.0,0.0,0.0,0.3,0.5,1.0,0.0,4.0,5.0,1.59,Tokke_G4,Tokke,36.9,107.5,107.5,214.0,214.0,2,6.672,0.71282053,7.58,19.65,1195.2599,30.14,27.152872,1
1,2015-01-01 00:00:00+00:00,94,2015-01-04 22:00:00+00:00,28.02,0.0,0.0,0.0,0.3,0.5,1.0,0.0,4.0,5.0,1.58,Tokke_G4,Tokke,36.9,107.5,107.5,214.0,214.0,2,6.672,0.71282053,7.59,19.65,1195.2599,30.08,27.152872,1
1,2015-01-01 00:00:00+00:00,95,2015-01-04 23:00:00+00:00,28.19,0.0,0.0,0.0,0.3,0.5,1.0,0.0,4.0,5.0,1.57,Tokke_G4,Tokke,36.9,107.5,107.5,214.0,214.0,2,6.672,0.71282053,7.59,19.65,1195.2599,30.349998,27.152872,1
1,2015-01-01 00:00:00+00:00,96,2015-01-05 00:00:00+00:00,28.15,0.0,0.0,0.0,0.3,0.5,1.0,0.0,4.0,5.0,1.56,Tokke_G4,Tokke,36.9,107.5,107.5,214.0,214.0,2,6.672,0.71282053,7.63,19.65,1195.2599,30.41,27.152872,1
1,2015-01-01 00:00:00+00:00,97,2015-01-05 01:00:00+00:00,28.13,0.0,0.0,0.0,0.3,0.5,1.0,0.0,4.0,5.0,1.54,Tokke_G4,Tokke,36.9,107.5,107.5,214.0,214.0,2,6.672,0.71282053,7.6,19.65,1195.2599,30.510002,27.152872,1
1,2015-01-01 00:00:00+00:00,98,2015-01-05 02:00:00+00:00,28.05,0.0,0.0,0.0,0.3,0.5,1.0,0.0,4.0,5.0,1.53,Tokke_G4,Tokke,36.9,107.5,107.5,214.0,214.0,2,6.672,0.71282053,7.64,19.65,1195.2599,30.699999,27.152872,1
1,2015-01-01 00:00:00+00:00,99,2015-01-05 03:00:00+00:00,28.04,0.0,0.0,0.0,0.3,0.5,1.0,0.0,4.0,5.0,1.52,Tokke_G4,Tokke,36.9,107.5,107.5,214.0,214.0,2,6.672,0.71282053,7.69,19.65,1195.2599,30.780003,27.152872,1
1,2015-01-01 00:00:00+00:00,100,2015-01-05 04:00:00+00:00,28.46,0.0,0.0,0.0,0.3,0.5,1.0,0.0,4.0,5.0,1.51,Tokke_G4,Tokke,36.9,107.5,107.5,214.0,214.0,2,6.672,0.71282053,7.65,19.65,1195.2599,30.69,27.152872,1
1,2015-01-01 00:00:00+00:00,101,2015-01-05 05:00:00+00:00,28.78,0.0,0.0,0.0,0.3,0.5,1.0,0.0,4.0,5.0,1.5,Tokke_G4,Tokke,36.9,107.5,107.5,214.0,214.0,2,6.672,0.71282053,7.64,19.65,1195.2599,30.76,27.152872,1
1,2015-01-01 00:00:00+00:00,102,2015-01-05 06:00:00+00:00,30.99,0.0,0.0,0.0,0.3,0.5,1.0,0.0,4.0,5.0,1.48,Tokke_G4,Tokke,36.9,107.5,107.5,214.0,214.0,2,6.672,0.71282053,7.65,19.65,1195.2599,30.74,27.152872,1
1,2015-01-01 00:00:00+00:00,103,2015-01-05 07:00:00+00:00,38.15,0.0,0.0,0.0,0.3,0.5,1.0,0.0,4.0,5.0,1.47,Tokke_G4,Tokke,36.9,107.5,107.5,214.0,214.0,2,6.672,0.71282053,7.69,19.65,1195.2599,30.85,27.152872,1
1,2015-01-01 00:00:00+00:00,104,2015-01-05 08:00:00+00:00,41.51,0.0,0.0,0.0,0.3,0.5,1.0,0.0,4.0,5.0,1.46,Tokke_G4,Tokke,36.9,107.5,107.5,214.0,214.0,2,6.672,0.71282053,7.69,19.65,1195.2599,30.78,27.152872,1
1,2015-01-01 00:00:00+00:00,105,2015-01-05 09:00:00+00:00,40.46,0.0,0.0,0.0,0.3,0.5,1.0,0.0,4.0,5.0,1.46,Tokke_G4,Tokke,36.9,107.5,107.5,214.0,214.0,2,6.672,0.71282053,7.66,19.65,1195.2599,30.68,27.152872,1
1,2015-01-01 00:00:00+00:00,106,2015-01-05 10:00:00+00:00,40.97,0.0,0.0,0.0,0.3,0.5,1.0,0.0,4.0,5.0,1.45,Tokke_G4,Tokke,36.9,107.5,107.5,214.0,214.0,2,6.672,0.71282053,7.69,19.65,1195.2599,30.689999,27.152872,1
1,2015-01-01 00:00:00+00:00,107,2015-01-05 11:00:00+00:00,38.66,0.0,0.0,0.0,0.3,0.5,1.0,0.0,4.0,5.0,1.45,Tokke_G4,Tokke,36.9,107.5,107.5,214.0,214.0,2,6.672,0.71282053,7.7,19.65,1195.2599,30.7,27.152872,1
1,2015-01-01 00:00:00+00:00,108,2015-01-05 12:00:00+00:00,36.44,0.0,0.0,0.0,0.3,0.5,1.0,0.0,4.0,5.0,1.45,Tokke_G4,Tokke,36.9,107.5,107.5,214.0,214.0,2,6.672,0.71282053,7.7,19.65,1195.2599,30.61,27.152872,1
1,2015-01-01 00:00:00+00:00,109,2015-01-05 13:00:00+00:00,37.74,0.0,0.0,0.0,0.3,0.5,1.0,0.0,4.0,5.0,1.45,Tokke_G4,Tokke,36.9,107.5,107.5,214.0,214.0,2,6.672,0.71282053,7.7,19.65,1195.2599,30.560001,27.152872,1
1,2015-01-01 00:00:00+00:00,110,2015-01-05 14:00:00+00:00,43.1,0.0,0.0,0.0,0.3,0.5,1.0,0.0,4.0,5.0,1.45,Tokke_G4,Tokke,36.9,107.5,107.5,214.0,214.0,2,6.672,0.71282053,7.7,19.65,1195.2599,30.439999,27.152872,1
1,2015-01-01 00:00:00+00:00,111,2015-01-05 15:00:00+00:00,46.7,0.0,0.0,0.0,0.3,0.5,1.0,0.0,4.0,5.0,1.44,Tokke_G4,Tokke,36.9,107.5,107.5,214.0,214.0,2,6.672,0.71282053,7.7,19.65,1195.2599,30.369999,27.152872,1
1,2015-01-01 00:00:00+00:00,112,2015-01-05 16:00:00+00:00,56.78,0.0,0.0,0.0,0.3,0.5,1.0,0.0,4.0,5.0,1.44,Tokke_G4,Tokke,36.9,107.5,107.5,214.0,214.0,2,6.672,0.71282053,7.7,19.65,1195.2599,30.319996,27.152872,1
1,2015-01-01 00:00:00+00:00,113,2015-01-05 17:00:00+00:00,36.49,0.0,0.0,0.0,0.3,0.5,1.0,0.0,4.0,5.0,1.45,Tokke_G4,Tokke,36.9,107.5,107.5,214.0,214.0,2,6.672,0.71282053,7.71,19.65,1195.2599,30.310001,27.152872,1
1,2015-01-01 00:00:00+00:00,114,2015-01-05 18:00:00+00:00,32.43,0.0,0.0,0.0,0.3,0.5,1.0,0.0,4.0,5.0,1.44,Tokke_G4,Tokke,36.9,107.5,107.5,214.0,214.0,2,6.672,0.71282053,7.75,19.65,1195.2599,30.28,27.152872,1
1,2015-01-01 00:00:00+00:00,115,2015-01-05 19:00:00+00:00,31.39,0.0,0.0,0.0,0.3,0.5,1.0,0.0,4.0,5.0,1.43,Tokke_G4,Tokke,36.9,107.5,107.5,214.0,214.0,2,6.672,0.71282053,7.71,19.65,1195.2599,30.150002,27.152872,1
1,2015-01-01 00:00:00+00:00,116,2015-01-05 20:00:00+00:00,30.29,0.0,0.0,0.0,0.3,0.5,1.0,0.0,4.0,5.0,1.43,Tokke_G4,Tokke,36.9,107.5,107.5,214.0,214.0,2,6.672,0.71282053,7.7,19.65,1195.2599,30.02,27.152872,1
1,2015-01-01 00:00:00+00:00,117,2015-01-05 21:00:00+00:00,29.43,0.0,0.0,0.0,0.3,0.5,1.0,0.0,4.0,5.0,1.43,Tokke_G4,Tokke,36.9,107.5,107.5,214.0,214.0,2,6.672,0.71282053,7.71,19.65,1195.2599,29.93,27.152872,1
1,2015-01-01 00:00:00+00:00,118,2015-01-05 22:00:00+00:00,29.09,0.0,0.0,0.0,0.3,0.5,1.0,0.0,4.0,5.0,1.44,Tokke_G4,Tokke,36.9,107.5,107.5,214.0,214.0,2,6.672,0.71282053,7.75,19.65,1195.2599,29.92,27.152872,1
1,2015-01-01 00:00:00+00:00,119,2015-01-05 23:00:00+00:00,28.08,0.0,0.0,0.0,0.3,0.5,1.0,0.0,4.0,5.0,1.44,Tokke_G4,Tokke,36.9,107.5,107.5,214.0,214.0,2,6.672,0.71282053,7.72,19.65,1195.2599,29.779999,27.152872,1
1,2015-01-01 00:00:00+00:00,120,2015-01-06 00:00:00+00:00,27.94,0.0,0.0,0.0,0.3,0.5,1.0,0.0,4.0,5.0,1.44,Tokke_G4,Tokke,36.9,107.5,107.5,214.0,214.0,2,6.672,0.71282053,7.75,19.65,1195.2599,29.759998,27.152872,1
1,2015-01-01 00:00:00+00:00,121,2015-01-06 01:00:00+00:00,27.91,0.0,0.0,0.0,0.3,0.5,1.0,0.0,4.0,5.0,1.44,Tokke_G4,Tokke,36.9,107.5,107.5,214.0,214.0,2,6.672,0.71282053,7.71,19.65,1195.2599,29.619999,27.152872,1
1,2015-01-01 00:00:00+00:00,122,2015-01-06 02:00:00+00:00,27.89,0.0,0.0,0.0,0.3,0.5,1.0,0.0,4.0,5.0,1.44,Tokke_G4,Tokke,36.9,107.5,107.5,214.0,214.0,2,6.672,0.71282053,7.71,19.65,1195.2599,29.579998,27.152872,1
1,2015-01-01 00:00:00+00:00,123,2015-01-06 03:00:00+00:00,27.89,0.0,0.0,0.0,0.3,0.5,1.0,0.0,4.0,5.0,1.44,Tokke_G4,Tokke,36.9,107.5,107.5,214.0,214.0,2,6.672,0.71282053,7.75,19.65,1195.2599,29.58,27.152872,1
1,2015-01-01 00:00:00+00:00,124,2015-01-06 04:00:00+00:00,28.01,0.0,0.0,0.0,0.3,0.5,1.0,0.0,4.0,5.0,1.44,Tokke_G4,Tokke,36.9,107.5,107.5,214.0,214.0,2,6.672,0.71282053,7.71,19.65,1195.2599,29.470001,27.152872,1
1,2015-01-01 00:00:00+00:00,125,2015-01-06 05:00:00+00:00,28.73,0.0,0.0,0.0,0.3,0.5,1.0,0.0,4.0,5.0,1.44,Tokke_G4,Tokke,36.9,107.5,107.5,214.0,214.0,2,6.672,0.71282053,7.7,19.65,1195.2599,29.39,27.152872,1
1,2015-01-01 00:00:00+00:00,126,2015-01-06 06:00:00+00:00,30.03,0.0,0.0,0.0,0.3,0.5,1.0,0.0,4.0,5.0,1.43,Tokke_G4,Tokke,36.9,107.5,107.5,214.0,214.0,2,6.672,0.71282053,7.71,19.65,1195.2599,29.349998,27.152872,1
1,2015-01-01 00:00:00+00:00,127,2015-01-06 07:00:00+00:00,30.5,0.0,0.0,0.0,0.3,0.5,1.0,0.0,4.0,5.0,1.42,Tokke_G4,Tokke,36.9,107.5,107.5,214.0,214.0,2,6.672,0.71282053,7.75,19.65,1195.2599,29.34,27.152872,1
1,2015-01-01 00:00:00+00:00,128,2015-01-06 08:00:00+00:00,30.35,0.0,0.0,0.0,0.3,0.5,1.0,0.0,4.0,5.0,1.42,Tokke_G4,Tokke,36.9,107.5,107.5,214.0,214.0,2,6.672,0.71282053,7.72,19.65,1195.2599,29.18,27.152872,1
1,2015-01-01 00:00:00+00:00,129,2015-01-06 09:00:00+00:00,30.53,0.0,0.0,0.0,0.3,0.5,1.0,0.0,4.0,5.0,1.42,Tokke_G4,Tokke,36.9,107.5,107.5,214.0,214.0,2,6.672,0.71282053,7.76,19.65,1195.2599,29.190002,27.152872,1
1,2015-01-01 00:00:00+00:00,130,2015-01-06 10:00:00+00:00,29.91,0.0,0.0,0.0,0.3,0.5,1.0,0.0,4.0,5.0,1.43,Tokke_G4,Tokke,36.9,107.5,107.5,214.0,214.0,2,6.672,0.71282053,7.81,19.65,1195.2599,29.269999,27.152872,1
1,2015-01-01 00:00:00+00:00,131,2015-01-06 11:00:00+00:00,29.62,0.0,0.0,0.0,0.3,0.5,1.0,0.0,4.0,5.0,1.41,Tokke_G4,Tokke,36.9,107.5,107.5,214.0,214.0,2,6.672,0.71282053,7.78,19.65,1195.2599,29.130001,27.152872,1
1,2015-01-01 00:00:00+00:00,132,2015-01-06 12:00:00+00:00,29.58,0.0,0.0,0.0,0.3,0.5,1.0,0.0,4.0,5.0,1.4,Tokke_G4,Tokke,36.9,107.5,107.5,214.0,214.0,2,6.672,0.71282053,7.81,19.65,1195.2599,29.119999,27.152872,1
1,2015-01-01 00:00:00+00:00,133,2015-01-06 13:00:00+00:00,29.57,0.0,0.0,0.0,0.3,0.5,1.0,0.0,4.0,5.0,1.41,Tokke_G4,Tokke,36.9,107.5,107.5,214.0,214.0,2,6.672,0.71282053,7.82,19.65,1195.2599,29.15,27.152872,1
1,2015-01-01 00:00:00+00:00,134,2015-01-06 14:00:00+00:00,29.62,0.0,0.0,0.0,0.3,0.5,1.0,0.0,4.0,5.0,1.41,Tokke_G4,Tokke,36.9,107.5,107.5,214.0,214.0,2,6.672,0.71282053,7.84,19.65,1195.2599,29.149998,27.152872,1
1,2015-01-01 00:00:00+00:00,135,2015-01-06 15:00:00+00:00,29.99,0.0,0.0,0.0,0.3,0.5,1.0,0.0,4.0,5.0,1.41,Tokke_G4,Tokke,36.9,107.5,107.5,214.0,214.0,2,6.672,0.71282053,7.93,19.65,1195.2599,29.269999,27.152872,1
1,2015-01-01 00:00:00+00:00,136,2015-01-06 16:00:00+00:00,29.65,0.0,0.0,0.0,0.3,0.5,1.0,0.0,4.0,5.0,1.41,Tokke_G4,Tokke,36.9,107.5,107.5,214.0,214.0,2,6.672,0.71282053,7.99,19.65,1195.2599,29.339996,27.152872,1
1,2015-01-01 00:00:00+00:00,137,2015-01-06 17:00:00+00:00,29.58,0.0,0.0,0.0,0.3,0.5,1.0,0.0,4.0,5.0,1.4,Tokke_G4,Tokke,36.9,107.5,107.5,214.0,214.0,2,6.672,0.71282053,8.02,19.65,1195.2599,29.319998,27.152872,1
1,2015-01-01 00:00:00+00:00,138,2015-01-06 18:00:00+00:00,29.0,0.0,0.0,0.0,0.3,0.5,1.0,0.0,4.0,5.0,1.4,Tokke_G4,Tokke,36.9,107.5,107.5,214.0,214.0,2,6.672,0.71282053,8.11,19.65,1195.2599,29.449997,27.152872,1
1,2015-01-01 00:00:00+00:00,139,2015-01-06 19:00:00+00:00,28.45,0.0,0.0,0.0,0.3,0.5,1.0,0.0,4.0,5.0,1.4,Tokke_G4,Tokke,36.9,107.5,107.5,214.0,214.0,2,6.672,0.71282053,8.12,19.65,1195.2599,29.499996,27.152872,1
1,2015-01-01 00:00:00+00:00,140,2015-01-06 20:00:00+00:00,28.15,0.0,0.0,0.0,0.3,0.5,1.0,0.0,4.0,5.0,1.38,Tokke_G4,Tokke,36.9,107.5,107.5,214.0,214.0,2,6.672,0.71282053,8.11,19.65,1195.2599,29.429996,27.152872,1
1,2015-01-01 00:00:00+00:00,141,2015-01-06 21:00:00+00:00,27.73,0.0,0.0,0.0,0.3,0.5,1.0,0.0,4.0,5.0,1.4,Tokke_G4,Tokke,36.9,107.5,107.5,214.0,214.0,2,6.672,0.71282053,8.07,19.65,1195.2599,29.389997,27.152872,1
1,2015-01-01 00:00:00+00:00,142,2015-01-06 22:00:00+00:00,27.32,0.0,0.0,0.0,0.3,0.5,1.0,0.0,4.0,5.0,1.39,Tokke_G4,Tokke,36.9,107.5,107.5,214.0,214.0,2,6.672,0.71282053,8.07,19.65,1195.2599,29.329998,27.152872,1
1,2015-01-01 00:00:00+00:00,143,2015-01-06 23:00:00+00:00,26.35,0.0,0.0,0.0,0.3,0.5,1.0,0.0,4.0,5.0,1.31,Tokke_G4,Tokke,36.9,107.5,107.5,214.0,214.0,2,6.672,0.71282053,8.11,19.65,1195.2599,29.23,27.152872,1
1,2015-01-01 00:00:00+00:00,144,2015-01-07 00:00:00+00:00,26.08,0.0,0.0,0.0,0.3,0.5,1.0,0.0,4.0,5.0,1.29,Tokke_G4,Tokke,36.9,107.5,107.5,214.0,214.0,2,6.672,0.71282053,8.11,19.65,1195.2599,29.25,27.152872,1
1,2015-01-01 00:00:00+00:00,145,2015-01-07 01:00:00+00:00,26.03,0.0,0.0,0.0,0.3,0.5,1.0,0.0,4.0,5.0,1.29,Tokke_G4,Tokke,36.9,107.5,107.5,214.0,214.0,2,6.672,0.71282053,8.06,19.65,1195.2599,29.060001,27.152872,1
1,2015-01-01 00:00:00+00:00,146,2015-01-07 02:00:00+00:00,26.17,0.0,0.0,0.0,0.3,0.5,1.0,0.0,4.0,5.0,1.27,Tokke_G4,Tokke,36.9,107.5,107.5,214.0,214.0,2,6.672,0.71282053,8.0,19.65,1195.2599,29.02,27.152872,1
1,2015-01-01 00:00:00+00:00,147,2015-01-07 03:00:00+00:00,26.74,0.0,0.0,0.0,0.3,0.5,1.0,0.0,4.0,5.0,1.27,Tokke_G4,Tokke,36.9,107.5,107.5,214.0,214.0,2,6.672,0.71282053,7.95,19.65,1195.2599,28.91,27.152872,1
1,2015-01-01 00:00:00+00:00,148,2015-01-07 04:00:00+00:00,27.78,0.0,0.0,0.0,0.3,0.5,1.0,0.0,4.0,5.0,1.27,Tokke_G4,Tokke,36.9,107.5,107.5,214.0,214.0,2,6.672,0.71282053,7.96,19.65,1195.2599,28.899998,27.152872,1
1,2015-01-01 00:00:00+00:00,149,2015-01-07 05:00:00+00:00,28.48,0.0,0.0,0.0,0.3,0.5,1.0,0.0,4.0,5.0,1.27,Tokke_G4,Tokke,36.9,107.5,107.5,214.0,214.0,2,6.672,0.71282053,8.04,19.65,1195.2599,28.989998,27.152872,1
1,2015-01-01 00:00:00+00:00,150,2015-01-07 06:00:00+00:00,31.53,0.0,0.0,0.0,0.3,0.5,1.0,0.0,4.0,5.0,1.27,Tokke_G4,Tokke,36.9,107.5,107.5,214.0,214.0,2,6.672,0.71282053,8.02,19.65,1195.2599,28.84,27.152872,1
1,2015-01-01 00:00:00+00:00,151,2015-01-07 07:00:00+00:00,32.54,0.0,0.0,0.0,0.3,0.5,1.0,0.0,4.0,5.0,1.27,Tokke_G4,Tokke,36.9,107.5,107.5,214.0,214.0,2,6.672,0.71282053,8.05,19.65,1195.2599,28.8,27.152872,1
1,2015-01-01 00:00:00+00:00,152,2015-01-07 08:00:00+00:00,32.24,0.0,0.0,0.0,0.3,0.5,1.0,0.0,4.0,5.0,1.26,Tokke_G4,Tokke,36.9,107.5,107.5,214.0,214.0,2,6.672,0.71282053,8.01,19.65,1195.2599,28.630001,27.152872,1
1,2015-01-01 00:00:00+00:00,153,2015-01-07 09:00:00+00:00,31.96,0.0,0.0,0.0,0.3,0.5,1.0,0.0,4.0,5.0,1.25,Tokke_G4,Tokke,36.9,107.5,107.5,214.0,214.0,2,6.672,0.71282053,8.0,19.65,1195.2599,28.560001,27.152872,1
1,2015-01-01 00:00:00+00:00,154,2015-01-07 10:00:00+00:00,31.66,0.0,0.0,0.0,0.3,0.5,1.0,0.0,4.0,5.0,1.25,Tokke_G4,Tokke,36.9,107.5,107.5,214.0,214.0,2,6.672,0.71282053,8.0,19.65,1195.2599,28.55,27.152872,1
1,2015-01-01 00:00:00+00:00,155,2015-01-07 11:00:00+00:00,30.97,0.0,0.0,0.0,0.3,0.5,1.0,0.0,4.0,5.0,1.25,Tokke_G4,Tokke,36.9,107.5,107.5,214.0,214.0,2,6.672,0.71282053,8.01,19.65,1195.2599,28.539999,27.152872,1
1,2015-01-01 00:00:00+00:00,156,2015-01-07 12:00:00+00:00,30.65,0.0,0.0,0.0,0.3,0.5,1.0,0.0,4.0,5.0,1.25,Tokke_G4,Tokke,36.9,107.5,107.5,214.0,214.0,2,6.672,0.71282053,8.05,19.65,1195.2599,28.59,27.152872,1
1,2015-01-01 00:00:00+00:00,157,2015-01-07 13:00:00+00:00,30.31,0.0,0.0,0.0,0.3,0.5,1.0,0.0,4.0,5.0,1.23,Tokke_G4,Tokke,36.9,107.5,107.5,214.0,214.0,2,6.672,0.71282053,8.02,19.65,1195.2599,28.54,27.152872,1
1,2015-01-01 00:00:00+00:00,158,2015-01-07 14:00:00+00:00,29.79,0.0,0.0,0.0,0.3,0.5,1.0,0.0,4.0,5.0,1.23,Tokke_G4,Tokke,36.9,107.5,107.5,214.0,214.0,2,6.672,0.71282053,8.05,19.65,1195.2599,28.599998,27.152872,1
1,2015-01-01 00:00:00+00:00,159,2015-01-07 15:00:00+00:00,30.72,0.0,0.0,0.0,0.3,0.5,1.0,0.0,4.0,5.0,1.21,Tokke_G4,Tokke,36.9,107.5,107.5,214.0,214.0,2,6.672,0.71282053,8.06,19.65,1195.2599,28.52,27.152872,1
1,2015-01-01 00:00:00+00:00,160,2015-01-07 16:00:00+00:00,29.56,0.0,0.0,0.0,0.3,0.5,1.0,0.0,4.0,5.0,1.2,Tokke_G4,Tokke,36.9,107.5,107.5,214.0,214.0,2,6.672,0.71282053,8.06,19.65,1195.2599,28.52,27.152872,1
1,2015-01-01 00:00:00+00:00,161,2015-01-07 17:00:00+00:00,28.84,0.0,0.0,0.0,0.3,0.5,1.0,0.0,4.0,5.0,1.2,Tokke_G4,Tokke,36.9,107.5,107.5,214.0,214.0,2,6.672,0.71282053,8.06,19.65,1195.2599,28.480003,27.152872,1
1,2015-01-01 00:00:00+00:00,162,2015-01-07 18:00:00+00:00,28.2,0.0,0.0,0.0,0.3,0.5,1.0,0.0,4.0,5.0,1.2,Tokke_G4,Tokke,36.9,107.5,107.5,214.0,214.0,2,6.672,0.71282053,8.06,19.65,1195.2599,28.45,27.152872,1
1,2015-01-01 00:00:00+00:00,163,2015-01-07 19:00:00+00:00,27.75,0.0,0.0,0.0,0.3,0.5,1.0,0.0,4.0,5.0,1.2,Tokke_G4,Tokke,36.9,107.5,107.5,214.0,214.0,2,6.672,0.71282053,8.07,19.65,1195.2599,28.44,27.152872,1
1,2015-01-01 00:00:00+00:00,164,2015-01-07 20:00:00+00:00,27.42,0.0,0.0,0.0,0.3,0.5,1.0,0.0,4.0,5.0,1.21,Tokke_G4,Tokke,36.9,107.5,107.5,214.0,214.0,2,6.672,0.71282053,8.11,19.65,1195.2599,28.5,27.152872,1
1,2015-01-01 00:00:00+00:00,165,2015-01-07 21:00:00+00:00,26.68,0.0,0.0,0.0,0.3,0.5,1.0,0.0,4.0,5.0,1.22,Tokke_G4,Tokke,36.9,107.5,107.5,214.0,214.0,2,6.672,0.71282053,8.08,19.65,1195.2599,28.460001,27.152872,1
1,2015-01-01 00:00:00+00:00,166,2015-01-07 22:00:00+00:00,26.15,0.0,0.0,0.0,0.3,0.5,1.0,0.0,4.0,5.0,1.21,Tokke_G4,Tokke,36.9,107.5,107.5,214.0,214.0,2,6.672,0.71282053,8.11,19.65,1195.2599,28.509998,27.152872,1
1,2015-01-01 00:00:00+00:00,167,2015-01-07 23:00:00+00:00,26.04,0.0,0.0,0.0,0.3,0.5,1.0,0.0,4.0,5.0,1.19,Tokke_G4,Tokke,36.9,107.5,107.5,214.0,214.0,2,6.672,0.71282053,8.13,19.65,1195.2599,28.52,27.152872,1
1,2015-01-01 00:00:00+00:00,0,2015-01-01 00:00:00+00:00,27.07,0.0,0.0,0.0,0.3,0.5,1.0,0.0,4.0,5.0,1.01,Lio_G1,Lio,14.8,43.0,43.0,163.0,163.0,1,63.929,0.83338547,0.76,6.92,96.928,1.78,16.129135,1
1,2015-01-01 00:00:00+00:00,1,2015-01-01 01:00:00+00:00,26.93,0.0,0.0,0.0,0.3,0.5,1.0,0.0,4.0,5.0,1.0,Lio_G1,Lio,14.8,43.0,43.0,163.0,163.0,1,63.929,0.83338547,0.75,6.92,96.928,1.76,16.129135,1
1,2015-01-01 00:00:00+00:00,2,2015-01-01 02:00:00+00:00,26.83,0.0,0.0,0.0,0.3,0.5,1.0,0.0,4.0,5.0,1.01,Lio_G1,Lio,14.8,43.0,43.0,163.0,163.0,1,63.929,0.83338547,0.76,6.92,96.928,1.78,16.129135,1
1,2015-01-01 00:00:00+00:00,3,2015-01-01 03:00:00+00:00,26.81,0.0,0.0,0.0,0.3,0.5,1.0,0.0,4.0,5.0,1.0,Lio_G1,Lio,14.8,43.0,43.0,163.0,163.0,1,63.929,0.83338547,0.75,6.92,96.928,1.76,16.129135,1
1,2015-01-01 00:00:00+00:00,4,2015-01-01 04:00:00+00:00,26.97,0.0,0.0,0.0,0.3,0.5,1.0,0.0,4.0,5.0,0.99,Lio_G1,Lio,14.8,43.0,43.0,163.0,163.0,1,63.929,0.83338547,0.75,6.92,96.928,1.75,16.129135,1
1,2015-01-01 00:00:00+00:00,5,2015-01-01 05:00:00+00:00,27.07,0.0,0.0,0.0,0.3,0.5,1.0,0.0,4.0,5.0,1.0,Lio_G1,Lio,14.8,43.0,43.0,163.0,163.0,1,63.929,0.83338547,0.75,6.92,96.928,1.76,16.129135,1
1,2015-01-01 00:00:00+00:00,6,2015-01-01 06:00:00+00:00,26.8,0.0,0.0,0.0,0.3,0.5,1.0,0.0,4.0,5.0,1.0,Lio_G1,Lio,14.8,43.0,43.0,163.0,163.0,1,63.929,0.83338547,0.75,6.92,96.928,1.76,16.129135,1
1,2015-01-01 00:00:00+00:00,7,2015-01-01 07:00:00+00:00,26.97,0.0,0.0,0.0,0.3,0.5,1.0,0.0,4.0,5.0,1.0,Lio_G1,Lio,14.8,43.0,43.0,163.0,163.0,1,63.929,0.83338547,0.75,6.92,96.928,1.76,16.129135,1
1,2015-01-01 00:00:00+00:00,8,2015-01-01 08:00:00+00:00,26.98,0.0,0.0,0.0,0.3,0.5,1.0,0.0,4.0,5.0,1.0,Lio_G1,Lio,14.8,43.0,43.0,163.0,163.0,1,63.929,0.83338547,0.75,6.92,96.928,1.76,16.129135,1
1,2015-01-01 00:00:00+00:00,9,2015-01-01 09:00:00+00:00,27.06,0.0,0.0,0.0,0.3,0.5,1.0,0.0,4.0,5.0,1.0,Lio_G1,Lio,14.8,43.0,43.0,163.0,163.0,1,63.929,0.83338547,0.75,6.92,96.928,1.76,16.129135,1
1,2015-01-01 00:00:00+00:00,10,2015-01-01 10:00:00+00:00,27.13,0.0,0.0,0.0,0.3,0.5,1.0,0.0,4.0,5.0,1.02,Lio_G1,Lio,14.8,43.0,43.0,163.0,163.0,1,63.929,0.83338547,0.76,6.92,96.928,1.79,16.129135,1
1,2015-01-01 00:00:00+00:00,11,2015-01-01 11:00:00+00:00,27.09,0.0,0.0,0.0,0.3,0.5,1.0,0.0,4.0,5.0,1.01,Lio_G1,Lio,14.8,43.0,43.0,163.0,163.0,1,63.929,0.83338547,0.75,6.92,96.928,1.77,16.129135,1
1,2015-01-01 00:00:00+00:00,12,2015-01-01 12:00:00+00:00,27.01,0.0,0.0,0.0,0.3,0.5,1.0,0.0,4.0,5.0,1.03,Lio_G1,Lio,14.8,43.0,43.0,163.0,163.0,1,63.929,0.83338547,0.77,6.92,96.928,1.81,16.129135,1
1,2015-01-01 00:00:00+00:00,13,2015-01-01 13:00:00+00:00,26.98,0.0,0.0,0.0,0.3,0.5,1.0,0.0,4.0,5.0,1.03,Lio_G1,Lio,14.8,43.0,43.0,163.0,163.0,1,63.929,0.83338547,0.78,6.92,96.928,1.8199999,16.129135,1
1,2015-01-01 00:00:00+00:00,14,2015-01-01 14:00:00+00:00,27.51,0.0,0.0,0.0,0.3,0.5,1.0,0.0,4.0,5.0,1.06,Lio_G1,Lio,14.8,43.0,43.0,163.0,163.0,1,63.929,0.83338547,0.79,6.92,96.928,1.8600001,16.129135,1
1,2015-01-01 00:00:00+00:00,15,2015-01-01 15:00:00+00:00,28.32,0.0,0.0,0.0,0.3,0.5,1.0,0.0,4.0,5.0,1.06,Lio_G1,Lio,14.8,43.0,43.0,163.0,163.0,1,63.929,0.83338547,0.79,6.92,96.928,1.8600001,16.129135,1
1,2015-01-01 00:00:00+00:00,16,2015-01-01 16:00:00+00:00,28.36,0.0,0.0,0.0,0.3,0.5,1.0,0.0,4.0,5.0,1.07,Lio_G1,Lio,14.8,43.0,43.0,163.0,163.0,1,63.929,0.83338547,0.8,6.92,96.928,1.8800001,16.129135,1
1,2015-01-01 00:00:00+00:00,17,2015-01-01 17:00:00+00:00,28.18,0.0,0.0,0.0,0.3,0.5,1.0,0.0,4.0,5.0,1.1,Lio_G1,Lio,14.8,43.0,43.0,163.0,163.0,1,63.929,0.83338547,0.82,6.92,96.928,1.9300001,16.129135,1
1,2015-01-01 00:00:00+00:00,18,2015-01-01 18:00:00+00:00,27.81,0.0,0.0,0.0,0.3,0.5,1.0,0.0,4.0,5.0,1.11,Lio_G1,Lio,14.8,43.0,43.0,163.0,163.0,1,63.929,0.83338547,0.83,6.92,96.928,1.95,16.129135,1
1,2015-01-01 00:00:00+00:00,19,2015-01-01 19:00:00+00:00,27.46,0.0,0.0,0.0,0.3,0.5,1.0,0.0,4.0,5.0,1.12,Lio_G1,Lio,14.8,43.0,43.0,163.0,163.0,1,63.929,0.83338547,0.84,6.92,96.928,1.97,16.129135,1
1,2015-01-01 00:00:00+00:00,20,2015-01-01 20:00:00+00:00,27.06,0.0,0.0,0.0,0.3,0.5,1.0,0.0,4.0,5.0,1.13,Lio_G1,Lio,14.8,43.0,43.0,163.0,163.0,1,63.929,0.83338547,0.84,6.92,96.928,1.98,16.129135,1
1,2015-01-01 00:00:00+00:00,21,2015-01-01 21:00:00+00:00,27.0,0.0,0.0,0.0,0.3,0.5,1.0,0.0,4.0,5.0,1.16,Lio_G1,Lio,14.8,43.0,43.0,163.0,163.0,1,63.929,0.83338547,0.87,6.92,96.928,2.04,16.129135,1
1,2015-01-01 00:00:00+00:00,22,2015-01-01 22:00:00+00:00,26.83,0.0,0.0,0.0,0.3,0.5,1.0,0.0,4.0,5.0,1.2,Lio_G1,Lio,14.8,43.0,43.0,163.0,163.0,1,63.929,0.83338547,0.9,6.92,96.928,2.1100001,16.129135,1
1,2015-01-01 00:00:00+00:00,23,2015-01-01 23:00:00+00:00,26.71,0.0,0.0,0.0,0.3,0.5,1.0,0.0,4.0,5.0,1.24,Lio_G1,Lio,14.8,43.0,43.0,163.0,163.0,1,63.929,0.83338547,0.93,6.92,96.928,2.18,16.129135,1
1,2015-01-01 00:00:00+00:00,24,2015-01-02 00:00:00+00:00,26.41,0.0,0.0,0.0,0.3,0.5,1.0,0.0,4.0,5.0,1.26,Lio_G1,Lio,14.8,43.0,43.0,163.0,163.0,1,63.929,0.83338547,0.95,6.92,96.928,2.23,16.129135,1
1,2015-01-01 00:00:00+00:00,25,2015-01-02 01:00:00+00:00,26.2,0.0,0.0,0.0,0.3,0.5,1.0,0.0,4.0,5.0,1.3,Lio_G1,Lio,14.8,43.0,43.0,163.0,163.0,1,63.929,0.83338547,0.98,6.92,96.928,2.3000002,16.129135,1
1,2015-01-01 00:00:00+00:00,26,2015-01-02 02:00:00+00:00,25.6,0.0,0.0,0.0,0.3,0.5,1.0,0.0,4.0,5.0,1.52,Lio_G1,Lio,14.8,43.0,43.0,163.0,163.0,1,63.929,0.83338547,1.14,6.92,96.928,2.67,16.129135,1
1,2015-01-01 00:00:00+00:00,27,2015-01-02 03:00:00+00:00,24.74,0.0,0.0,0.0,0.3,0.5,1.0,0.0,4.0,5.0,1.7,Lio_G1,Lio,14.8,43.0,43.0,163.0,163.0,1,63.929,0.83338547,1.27,6.92,96.928,2.99,16.129135,1
1,2015-01-01 00:00:00+00:00,28,2015-01-02 04:00:00+00:00,26.1,0.0,0.0,0.0,0.3,0.5,1.0,0.0,4.0,5.0,1.75,Lio_G1,Lio,14.8,43.0,43.0,163.0,163.0,1,63.929,0.83338547,1.31,6.92,96.928,3.07,16.129135,1
1,2015-01-01 00:00:00+00:00,29,2015-01-02 05:00:00+00:00,27.25,0.0,0.0,0.0,0.3,0.5,1.0,0.0,4.0,5.0,1.65,Lio_G1,Lio,14.8,43.0,43.0,163.0,163.0,1,63.929,0.83338547,1.24,6.92,96.928,2.9099998,16.129135,1
1,2015-01-01 00:00:00+00:00,30,2015-01-02 06:00:00+00:00,28.37,0.0,0.0,0.0,0.3,0.5,1.0,0.0,4.0,5.0,1.71,Lio_G1,Lio,14.8,43.0,43.0,163.0,163.0,1,63.929,0.83338547,1.28,6.92,96.928,3.01,16.129135,1
1,2015-01-01 00:00:00+00:00,31,2015-01-02 07:00:00+00:00,28.37,0.0,0.0,0.0,0.3,0.5,1.0,0.0,4.0,5.0,1.92,Lio_G1,Lio,14.8,43.0,43.0,163.0,163.0,1,63.929,0.83338547,1.44,6.92,96.928,3.38,16.129135,1
1,2015-01-01 00:00:00+00:00,32,2015-01-02 08:00:00+00:00,28.32,0.0,0.0,0.0,0.3,0.5,1.0,0.0,4.0,5.0,2.18,Lio_G1,Lio,14.8,43.0,43.0,163.0,163.0,1,63.929,0.83338547,1.64,6.92,96.928,3.85,16.129135,1
1,2015-01-01 00:00:00+00:00,33,2015-01-02 09:00:00+00:00,28.3,0.0,0.0,0.0,0.3,0.5,1.0,0.0,4.0,5.0,2.33,Lio_G1,Lio,14.8,43.0,43.0,163.0,163.0,1,63.929,0.83338547,1.75,6.92,96.928,4.1099997,16.129135,1
1,2015-01-01 00:00:00+00:00,34,2015-01-02 10:00:00+00:00,28.39,0.0,0.0,0.0,0.3,0.5,1.0,0.0,4.0,5.0,2.35,Lio_G1,Lio,14.8,43.0,43.0,163.0,163.0,1,63.929,0.83338547,1.77,6.92,96.928,4.15,16.129135,1
1,2015-01-01 00:00:00+00:00,35,2015-01-02 11:00:00+00:00,28.3,0.0,0.0,0.0,0.3,0.5,1.0,0.0,4.0,5.0,2.3,Lio_G1,Lio,14.8,43.0,43.0,163.0,163.0,1,63.929,0.83338547,1.72,6.92,96.928,4.04,16.129135,1
1,2015-01-01 00:00:00+00:00,36,2015-01-02 12:00:00+00:00,28.24,0.0,0.0,0.0,0.3,0.5,1.0,0.0,4.0,5.0,2.23,Lio_G1,Lio,14.8,43.0,43.0,163.0,163.0,1,63.929,0.83338547,1.68,6.92,96.928,3.94,16.129135,1
1,2015-01-01 00:00:00+00:00,37,2015-01-02 13:00:00+00:00,28.12,0.0,0.0,0.0,0.3,0.5,1.0,0.0,4.0,5.0,2.2,Lio_G1,Lio,14.8,43.0,43.0,163.0,163.0,1,63.929,0.83338547,1.65,6.92,96.928,3.88,16.129135,1
1,2015-01-01 00:00:00+00:00,38,2015-01-02 14:00:00+00:00,28.23,0.0,0.0,0.0,0.3,0.5,1.0,0.0,4.0,5.0,2.17,Lio_G1,Lio,14.8,43.0,43.0,163.0,163.0,1,63.929,0.83338547,1.63,6.92,96.928,3.8200002,16.129135,1
1,2015-01-01 00:00:00+00:00,39,2015-01-02 15:00:00+00:00,28.59,0.0,0.0,0.0,0.3,0.5,1.0,0.0,4.0,5.0,2.14,Lio_G1,Lio,14.8,43.0,43.0,163.0,163.0,1,63.929,0.83338547,1.61,6.92,96.928,3.77,16.129135,1
1,2015-01-01 00:00:00+00:00,40,2015-01-02 16:00:00+00:00,28.73,0.0,0.0,0.0,0.3,0.5,1.0,0.0,4.0,5.0,2.13,Lio_G1,Lio,14.8,43.0,43.0,163.0,163.0,1,63.929,0.83338547,1.6,6.92,96.928,3.75,16.129135,1
1,2015-01-01 00:00:00+00:00,41,2015-01-02 17:00:00+00:00,28.48,0.0,0.0,0.0,0.3,0.5,1.0,0.0,4.0,5.0,2.05,Lio_G1,Lio,14.8,43.0,43.0,163.0,163.0,1,63.929,0.83338547,1.54,6.92,96.928,3.61,16.129135,1
1,2015-01-01 00:00:00+00:00,42,2015-01-02 18:00:00+00:00,28.38,0.0,0.0,0.0,0.3,0.5,1.0,0.0,4.0,5.0,1.64,Lio_G1,Lio,14.8,43.0,43.0,163.0,163.0,1,63.929,0.83338547,1.23,6.92,96.928,2.8899999,16.129135,1
1,2015-01-01 00:00:00+00:00,43,2015-01-02 19:00:00+00:00,27.85,0.0,0.0,0.0,0.3,0.5,1.0,0.0,4.0,5.0,2.06,Lio_G1,Lio,14.8,43.0,43.0,163.0,163.0,1,63.929,0.83338547,1.55,6.92,96.928,3.6299999,16.129135,1
1,2015-01-01 00:00:00+00:00,44,2015-01-02 20:00:00+00:00,27.45,0.0,0.0,0.0,0.3,0.5,1.0,0.0,4.0,5.0,2.2,Lio_G1,Lio,14.8,43.0,43.0,163.0,163.0,1,63.929,0.83338547,1.65,6.92,96.928,3.87,16.129135,1
1,2015-01-01 00:00:00+00:00,45,2015-01-02 21:00:00+00:00,27.2,0.0,0.0,0.0,0.3,0.5,1.0,0.0,4.0,5.0,2.38,Lio_G1,Lio,14.8,43.0,43.0,163.0,163.0,1,63.929,0.83338547,1.78,6.92,96.928,4.1800003,16.129135,1
1,2015-01-01 00:00:00+00:00,46,2015-01-02 22:00:00+00:00,26.79,0.0,0.0,0.0,0.3,0.5,1.0,0.0,4.0,5.0,2.59,Lio_G1,Lio,14.8,43.0,43.0,163.0,163.0,1,63.929,0.83338547,1.95,6.92,96.928,4.5699997,16.129135,1
1,2015-01-01 00:00:00+00:00,47,2015-01-02 23:00:00+00:00,25.85,0.0,0.0,0.0,0.3,0.5,1.0,0.0,4.0,5.0,2.83,Lio_G1,Lio,14.8,43.0,43.0,163.0,163.0,1,63.929,0.83338547,2.12,6.92,96.928,4.9799995,16.129135,1
1,2015-01-01 00:00:00+00:00,48,2015-01-03 00:00:00+00:00,25.54,0.0,0.0,0.0,0.3,0.5,1.0,0.0,4.0,5.0,2.84,Lio_G1,Lio,14.8,43.0,43.0,163.0,163.0,1,63.929,0.83338547,2.13,6.92,96.928,5.0,16.129135,1
1,2015-01-01 00:00:00+00:00,49,2015-01-03 01:00:00+00:00,25.43,0.0,0.0,0.0,0.3,0.5,1.0,0.0,4.0,5.0,2.77,Lio_G1,Lio,14.8,43.0,43.0,163.0,163.0,1,63.929,0.83338547,2.08,6.92,96.928,4.88,16.129135,1
1,2015-01-01 00:00:00+00:00,50,2015-01-03 02:00:00+00:00,25.34,0.0,0.0,0.0,0.3,0.5,1.0,0.0,4.0,5.0,2.86,Lio_G1,Lio,14.8,43.0,43.0,163.0,163.0,1,63.929,0.83338547,2.15,6.92,96.928,5.04,16.129135,1
1,2015-01-01 00:00:00+00:00,51,2015-01-03 03:00:00+00:00,25.29,0.0,0.0,0.0,0.3,0.5,1.0,0.0,4.0,5.0,3.02,Lio_G1,Lio,14.8,43.0,43.0,163.0,163.0,1,63.929,0.83338547,2.26,6.92,96.928,5.31,16.129135,1
1,2015-01-01 00:00:00+00:00,52,2015-01-03 04:00:00+00:00,25.3,0.0,0.0,0.0,0.3,0.5,1.0,0.0,4.0,5.0,3.13,Lio_G1,Lio,14.8,43.0,43.0,163.0,163.0,1,63.929,0.83338547,2.35,6.92,96.928,5.51,16.129135,1
1,2015-01-01 00:00:00+00:00,53,2015-01-03 05:00:00+00:00,25.55,0.0,0.0,0.0,0.3,0.5,1.0,0.0,4.0,5.0,3.16,Lio_G1,Lio,14.8,43.0,43.0,163.0,163.0,1,63.929,0.83338547,2.37,6.92,96.928,5.56,16.129135,1
1,2015-01-01 00:00:00+00:00,54,2015-01-03 06:00:00+00:00,26.75,0.0,0.0,0.0,0.3,0.5,1.0,0.0,4.0,5.0,3.13,Lio_G1,Lio,14.8,43.0,43.0,163.0,163.0,1,63.929,0.83338547,2.35,6.92,96.928,5.51,16.129135,1
1,2015-01-01 00:00:00+00:00,55,2015-01-03 07:00:00+00:00,26.98,0.0,0.0,0.0,0.3,0.5,1.0,0.0,4.0,5.0,3.06,Lio_G1,Lio,14.8,43.0,43.0,163.0,163.0,1,63.929,0.83338547,2.3,6.92,96.928,5.39,16.129135,1
1,2015-01-01 00:00:00+00:00,56,2015-01-03 08:00:00+00:00,27.52,0.0,0.0,0.0,0.3,0.5,1.0,0.0,4.0,5.0,3.01,Lio_G1,Lio,14.8,43.0,43.0,163.0,163.0,1,63.929,0.83338547,2.26,6.92,96.928,5.31,16.129135,1
1,2015-01-01 00:00:00+00:00,57,2015-01-03 09:00:00+00:00,27.72,0.0,0.0,0.0,0.3,0.5,1.0,0.0,4.0,5.0,3.0,Lio_G1,Lio,14.8,43.0,43.0,163.0,163.0,1,63.929,0.83338547,2.25,6.92,96.928,5.2799997,16.129135,1
1,2015-01-01 00:00:00+00:00,58,2015-01-03 10:00:00+00:00,27.73,0.0,0.0,0.0,0.3,0.5,1.0,0.0,4.0,5.0,2.92,Lio_G1,Lio,14.8,43.0,43.0,163.0,163.0,1,63.929,0.83338547,2.19,6.92,96.928,5.1400003,16.129135,1
1,2015-01-01 00:00:00+00:00,59,2015-01-03 11:00:00+00:00,27.66,0.0,0.0,0.0,0.3,0.5,1.0,0.0,4.0,5.0,2.88,Lio_G1,Lio,14.8,43.0,43.0,163.0,163.0,1,63.929,0.83338547,2.16,6.92,96.928,5.07,16.129135,1
1,2015-01-01 00:00:00+00:00,60,2015-01-03 12:00:00+00:00,27.65,0.0,0.0,0.0,0.3,0.5,1.0,0.0,4.0,5.0,2.85,Lio_G1,Lio,14.8,43.0,43.0,163.0,163.0,1,63.929,0.83338547,2.14,6.92,96.928,5.0200005,16.129135,1
1,2015-01-01 00:00:00+00:00,61,2015-01-03 13:00:00+00:00,27.81,0.0,0.0,0.0,0.3,0.5,1.0,0.0,4.0,5.0,2.84,Lio_G1,Lio,14.8,43.0,43.0,163.0,163.0,1,63.929,0.83338547,2.13,6.92,96.928,5.0,16.129135,1
1,2015-01-01 00:00:00+00:00,62,2015-01-03 14:00:00+00:00,28.29,0.0,0.0,0.0,0.3,0.5,1.0,0.0,4.0,5.0,2.81,Lio_G1,Lio,14.8,43.0,43.0,163.0,163.0,1,63.929,0.83338547,2.11,6.92,96.928,4.95,16.129135,1
1,2015-01-01 00:00:00+00:00,63,2015-01-03 15:00:00+00:00,28.6,0.0,0.0,0.0,0.3,0.5,1.0,0.0,4.0,5.0,2.75,Lio_G1,Lio,14.8,43.0,43.0,163.0,163.0,1,63.929,0.83338547,2.06,6.92,96.928,4.84,16.129135,1
1,2015-01-01 00:00:00+00:00,64,2015-01-03 16:00:00+00:00,28.88,0.0,0.0,0.0,0.3,0.5,1.0,0.0,4.0,5.0,2.69,Lio_G1,Lio,14.8,43.0,43.0,163.0,163.0,1,63.929,0.83338547,2.02,6.92,96.928,4.74,16.129135,1
1,2015-01-01 00:00:00+00:00,65,2015-01-03 17:00:00+00:00,28.78,0.0,0.0,0.0,0.3,0.5,1.0,0.0,4.0,5.0,2.65,Lio_G1,Lio,14.8,43.0,43.0,163.0,163.0,1,63.929,0.83338547,1.99,6.92,96.928,4.67,16.129135,1
1,2015-01-01 00:00:00+00:00,66,2015-01-03 18:00:00+00:00,28.54,0.0,0.0,0.0,0.3,0.5,1.0,0.0,4.0,5.0,2.6,Lio_G1,Lio,14.8,43.0,43.0,163.0,163.0,1,63.929,0.83338547,1.95,6.92,96.928,4.58,16.129135,1
1,2015-01-01 00:00:00+00:00,67,2015-01-03 19:00:00+00:00,28.34,0.0,0.0,0.0,0.3,0.5,1.0,0.0,4.0,5.0,2.54,Lio_G1,Lio,14.8,43.0,43.0,163.0,163.0,1,63.929,0.83338547,1.91,6.92,96.928,4.48,16.129135,1
1,2015-01-01 00:00:00+00:00,68,2015-01-03 20:00:00+00:00,27.93,0.0,0.0,0.0,0.3,0.5,1.0,0.0,4.0,5.0,2.47,Lio_G1,Lio,14.8,43.0,43.0,163.0,163.0,1,63.929,0.83338547,1.86,6.92,96.928,4.36,16.129135,1
1,2015-01-01 00:00:00+00:00,69,2015-01-03 21:00:00+00:00,27.7,0.0,0.0,0.0,0.3,0.5,1.0,0.0,4.0,5.0,2.41,Lio_G1,Lio,14.8,43.0,43.0,163.0,163.0,1,63.929,0.83338547,1.81,6.92,96.928,4.25,16.129135,1
1,2015-01-01 00:00:00+00:00,70,2015-01-03 22:00:00+00:00,27.25,0.0,0.0,0.0,0.3,0.5,1.0,0.0,4.0,5.0,2.33,Lio_G1,Lio,14.8,43.0,43.0,163.0,163.0,1,63.929,0.83338547,1.75,6.92,96.928,4.1,16.129135,1
1,2015-01-01 00:00:00+00:00,71,2015-01-03 23:00:00+00:00,27.55,0.0,0.0,0.0,0.3,0.5,1.0,0.0,4.0,5.0,2.27,Lio_G1,Lio,14.8,43.0,43.0,163.0,163.0,1,63.929,0.83338547,1.7,6.92,96.928,3.99,16.129135,1
1,2015-01-01 00:00:00+00:00,72,2015-01-04 00:00:00+00:00,27.38,0.0,0.0,0.0,0.3,0.5,1.0,0.0,4.0,5.0,2.22,Lio_G1,Lio,14.8,43.0,43.0,163.0,163.0,1,63.929,0.83338547,1.66,6.92,96.928,3.9,16.129135,1
1,2015-01-01 00:00:00+00:00,73,2015-01-04 01:00:00+00:00,27.17,0.0,0.0,0.0,0.3,0.5,1.0,0.0,4.0,5.0,2.15,Lio_G1,Lio,14.8,43.0,43.0,163.0,163.0,1,63.929,0.83338547,1.62,6.92,96.928,3.8000002,16.129135,1
1,2015-01-01 00:00:00+00:00,74,2015-01-04 02:00:00+00:00,27.03,0.0,0.0,0.0,0.3,0.5,1.0,0.0,4.0,5.0,2.1,Lio_G1,Lio,14.8,43.0,43.0,163.0,163.0,1,63.929,0.83338547,1.58,6.92,96.928,3.71,16.129135,1
1,2015-01-01 00:00:00+00:00,75,2015-01-04 03:00:00+00:00,27.04,0.0,0.0,0.0,0.3,0.5,1.0,0.0,4.0,5.0,2.06,Lio_G1,Lio,14.8,43.0,43.0,163.0,163.0,1,63.929,0.83338547,1.55,6.92,96.928,3.6299999,16.129135,1
1,2015-01-01 00:00:00+00:00,76,2015-01-04 04:00:00+00:00,27.19,0.0,0.0,0.0,0.3,0.5,1.0,0.0,4.0,5.0,2.01,Lio_G1,Lio,14.8,43.0,43.0,163.0,163.0,1,63.929,0.83338547,1.51,6.92,96.928,3.54,16.129135,1
1,2015-01-01 00:00:00+00:00,77,2015-01-04 05:00:00+00:00,27.13,0.0,0.0,0.0,0.3,0.5,1.0,0.0,4.0,5.0,1.99,Lio_G1,Lio,14.8,43.0,43.0,163.0,163.0,1,63.929,0.83338547,1.49,6.92,96.928,3.5,16.129135,1
1,2015-01-01 00:00:00+00:00,78,2015-01-04 06:00:00+00:00,27.06,0.0,0.0,0.0,0.3,0.5,1.0,0.0,4.0,5.0,1.94,Lio_G1,Lio,14.8,43.0,43.0,163.0,163.0,1,63.929,0.83338547,1.46,6.92,96.928,3.42,16.129135,1
1,2015-01-01 00:00:00+00:00,79,2015-01-04 07:00:00+00:00,27.63,0.0,0.0,0.0,0.3,0.5,1.0,0.0,4.0,5.0,1.89,Lio_G1,Lio,14.8,43.0,43.0,163.0,163.0,1,63.929,0.83338547,1.42,6.92,96.928,3.33,16.129135,1
1,2015-01-01 00:00:00+00:00,80,2015-01-04 08:00:00+00:00,28.03,0.0,0.0,0.0,0.3,0.5,1.0,0.0,4.0,5.0,1.84,Lio_G1,Lio,14.8,43.0,43.0,163.0,163.0,1,63.929,0.83338547,1.38,6.92,96.928,3.24,16.129135,1
1,2015-01-01 00:00:00+00:00,81,2015-01-04 09:00:00+00:00,28.24,0.0,0.0,0.0,0.3,0.5,1.0,0.0,4.0,5.0,1.82,Lio_G1,Lio,14.8,43.0,43.0,163.0,163.0,1,63.929,0.83338547,1.37,6.92,96.928,3.21,16.129135,1
1,2015-01-01 00:00:00+00:00,82,2015-01-04 10:00:00+00:00,28.32,0.0,0.0,0.0,0.3,0.5,1.0,0.0,4.0,5.0,1.79,Lio_G1,Lio,14.8,43.0,43.0,163.0,163.0,1,63.929,0.83338547,1.34,6.92,96.928,3.1399999,16.129135,1
1,2015-01-01 00:00:00+00:00,83,2015-01-04 11:00:00+00:00,28.24,0.0,0.0,0.0,0.3,0.5,1.0,0.0,4.0,5.0,1.77,Lio_G1,Lio,14.8,43.0,43.0,163.0,163.0,1,63.929,0.83338547,1.33,6.92,96.928,3.12,16.129135,1
1,2015-01-01 00:00:00+00:00,84,2015-01-04 12:00:00+00:00,28.27,0.0,0.0,0.0,0.3,0.5,1.0,0.0,4.0,5.0,1.74,Lio_G1,Lio,14.8,43.0,43.0,163.0,163.0,1,63.929,0.83338547,1.3,6.92,96.928,3.06,16.129135,1
1,2015-01-01 00:00:00+00:00,85,2015-01-04 13:00:00+00:00,28.32,0.0,0.0,0.0,0.3,0.5,1.0,0.0,4.0,5.0,1.72,Lio_G1,Lio,14.8,43.0,43.0,163.0,163.0,1,63.929,0.83338547,1.29,6.92,96.928,3.02,16.129135,1
1,2015-01-01 00:00:00+00:00,86,2015-01-04 14:00:00+00:00,28.37,0.0,0.0,0.0,0.3,0.5,1.0,0.0,4.0,5.0,1.7,Lio_G1,Lio,14.8,43.0,43.0,163.0,163.0,1,63.929,0.83338547,1.28,6.92,96.928,3.0,16.129135,1
1,2015-01-01 00:00:00+00:00,87,2015-01-04 15:00:00+00:00,28.65,0.0,0.0,0.0,0.3,0.5,1.0,0.0,4.0,5.0,1.68,Lio_G1,Lio,14.8,43.0,43.0,163.0,163.0,1,63.929,0.83338547,1.26,6.92,96.928,2.96,16.129135,1
1,2015-01-01 00:00:00+00:00,88,2015-01-04 16:00:00+00:00,28.98,0.0,0.0,0.0,0.3,0.5,1.0,0.0,4.0,5.0,1.68,Lio_G1,Lio,14.8,43.0,43.0,163.0,163.0,1,63.929,0.83338547,1.26,6.92,96.928,2.96,16.129135,1
1,2015-01-01 00:00:00+00:00,89,2015-01-04 17:00:00+00:00,29.54,0.0,0.0,0.0,0.3,0.5,1.0,0.0,4.0,5.0,1.65,Lio_G1,Lio,14.8,43.0,43.0,163.0,163.0,1,63.929,0.83338547,1.24,6.92,96.928,2.9099998,16.129135,1
1,2015-01-01 00:00:00+00:00,90,2015-01-04 18:00:00+00:00,29.42,0.0,0.0,0.0,0.3,0.5,1.0,0.0,4.0,5.0,1.64,Lio_G1,Lio,14.8,43.0,43.0,163.0,163.0,1,63.929,0.83338547,1.23,6.92,96.928,2.8899999,16.129135,1
1,2015-01-01 00:00:00+00:00,91,2015-01-04 19:00:00+00:00,28.92,0.0,0.0,0.0,0.3,0.5,1.0,0.0,4.0,5.0,1.63,Lio_G1,Lio,14.8,43.0,43.0,163.0,163.0,1,63.929,0.83338547,1.23,6.92,96.928,2.88,16.129135,1
1,2015-01-01 00:00:00+00:00,92,2015-01-04 20:00:00+00:00,28.66,0.0,0.0,0.0,0.3,0.5,1.0,0.0,4.0,5.0,1.6,Lio_G1,Lio,14.8,43.0,43.0,163.0,163.0,1,63.929,0.83338547,1.2,6.92,96.928,2.8200002,16.129135,1
1,2015-01-01 00:00:00+00:00,93,2015-01-04 21:00:00+00:00,28.69,0.0,0.0,0.0,0.3,0.5,1.0,0.0,4.0,5.0,1.59,Lio_G1,Lio,14.8,43.0,43.0,163.0,163.0,1,63.929,0.83338547,1.19,6.92,96.928,2.79,16.129135,1
1,2015-01-01 00:00:00+00:00,94,2015-01-04 22:00:00+00:00,28.02,0.0,0.0,0.0,0.3,0.5,1.0,0.0,4.0,5.0,1.58,Lio_G1,Lio,14.8,43.0,43.0,163.0,163.0,1,63.929,0.83338547,1.18,6.92,96.928,2.77,16.129135,1
1,2015-01-01 00:00:00+00:00,95,2015-01-04 23:00:00+00:00,28.19,0.0,0.0,0.0,0.3,0.5,1.0,0.0,4.0,5.0,1.57,Lio_G1,Lio,14.8,43.0,43.0,163.0,163.0,1,63.929,0.83338547,1.18,6.92,96.928,2.77,16.129135,1
1,2015-01-01 00:00:00+00:00,96,2015-01-05 00:00:00+00:00,28.15,0.0,0.0,0.0,0.3,0.5,1.0,0.0,4.0,5.0,1.56,Lio_G1,Lio,14.8,43.0,43.0,163.0,163.0,1,63.929,0.83338547,1.17,6.92,96.928,2.75,16.129135,1
1,2015-01-01 00:00:00+00:00,97,2015-01-05 01:00:00+00:00,28.13,0.0,0.0,0.0,0.3,0.5,1.0,0.0,4.0,5.0,1.54,Lio_G1,Lio,14.8,43.0,43.0,163.0,163.0,1,63.929,0.83338547,1.16,6.92,96.928,2.7199998,16.129135,1
1,2015-01-01 00:00:00+00:00,98,2015-01-05 02:00:00+00:00,28.05,0.0,0.0,0.0,0.3,0.5,1.0,0.0,4.0,5.0,1.53,Lio_G1,Lio,14.8,43.0,43.0,163.0,163.0,1,63.929,0.83338547,1.15,6.92,96.928,2.69,16.129135,1
1,2015-01-01 00:00:00+00:00,99,2015-01-05 03:00:00+00:00,28.04,0.0,0.0,0.0,0.3,0.5,1.0,0.0,4.0,5.0,1.52,Lio_G1,Lio,14.8,43.0,43.0,163.0,163.0,1,63.929,0.83338547,1.14,6.92,96.928,2.67,16.129135,1
1,2015-01-01 00:00:00+00:00,100,2015-01-05 04:00:00+00:00,28.46,0.0,0.0,0.0,0.3,0.5,1.0,0.0,4.0,5.0,1.51,Lio_G1,Lio,14.8,43.0,43.0,163.0,163.0,1,63.929,0.83338547,1.14,6.92,96.928,2.67,16.129135,1
1,2015-01-01 00:00:00+00:00,101,2015-01-05 05:00:00+00:00,28.78,0.0,0.0,0.0,0.3,0.5,1.0,0.0,4.0,5.0,1.5,Lio_G1,Lio,14.8,43.0,43.0,163.0,163.0,1,63.929,0.83338547,1.13,6.92,96.928,2.65,16.129135,1
1,2015-01-01 00:00:00+00:00,102,2015-01-05 06:00:00+00:00,30.99,0.0,0.0,0.0,0.3,0.5,1.0,0.0,4.0,5.0,1.48,Lio_G1,Lio,14.8,43.0,43.0,163.0,163.0,1,63.929,0.83338547,1.11,6.92,96.928,2.6,16.129135,1
1,2015-01-01 00:00:00+00:00,103,2015-01-05 07:00:00+00:00,38.15,0.0,0.0,0.0,0.3,0.5,1.0,0.0,4.0,5.0,1.47,Lio_G1,Lio,14.8,43.0,43.0,163.0,163.0,1,63.929,0.83338547,1.11,6.92,96.928,2.6,16.129135,1
1,2015-01-01 00:00:00+00:00,104,2015-01-05 08:00:00+00:00,41.51,0.0,0.0,0.0,0.3,0.5,1.0,0.0,4.0,5.0,1.46,Lio_G1,Lio,14.8,43.0,43.0,163.0,163.0,1,63.929,0.83338547,1.1,6.92,96.928,2.58,16.129135,1
1,2015-01-01 00:00:00+00:00,105,2015-01-05 09:00:00+00:00,40.46,0.0,0.0,0.0,0.3,0.5,1.0,0.0,4.0,5.0,1.46,Lio_G1,Lio,14.8,43.0,43.0,163.0,163.0,1,63.929,0.83338547,1.09,6.92,96.928,2.56,16.129135,1
1,2015-01-01 00:00:00+00:00,106,2015-01-05 10:00:00+00:00,40.97,0.0,0.0,0.0,0.3,0.5,1.0,0.0,4.0,5.0,1.45,Lio_G1,Lio,14.8,43.0,43.0,163.0,163.0,1,63.929,0.83338547,1.09,6.92,96.928,2.56,16.129135,1
1,2015-01-01 00:00:00+00:00,107,2015-01-05 11:00:00+00:00,38.66,0.0,0.0,0.0,0.3,0.5,1.0,0.0,4.0,5.0,1.45,Lio_G1,Lio,14.8,43.0,43.0,163.0,163.0,1,63.929,0.83338547,1.09,6.92,96.928,2.56,16.129135,1
1,2015-01-01 00:00:00+00:00,108,2015-01-05 12:00:00+00:00,36.44,0.0,0.0,0.0,0.3,0.5,1.0,0.0,4.0,5.0,1.45,Lio_G1,Lio,14.8,43.0,43.0,163.0,163.0,1,63.929,0.83338547,1.09,6.92,96.928,2.56,16.129135,1
1,2015-01-01 00:00:00+00:00,109,2015-01-05 13:00:00+00:00,37.74,0.0,0.0,0.0,0.3,0.5,1.0,0.0,4.0,5.0,1.45,Lio_G1,Lio,14.8,43.0,43.0,163.0,163.0,1,63.929,0.83338547,1.09,6.92,96.928,2.56,16.129135,1
1,2015-01-01 00:00:00+00:00,110,2015-01-05 14:00:00+00:00,43.1,0.0,0.0,0.0,0.3,0.5,1.0,0.0,4.0,5.0,1.45,Lio_G1,Lio,14.8,43.0,43.0,163.0,163.0,1,63.929,0.83338547,1.09,6.92,96.928,2.56,16.129135,1
1,2015-01-01 00:00:00+00:00,111,2015-01-05 15:00:00+00:00,46.7,0.0,0.0,0.0,0.3,0.5,1.0,0.0,4.0,5.0,1.44,Lio_G1,Lio,14.8,43.0,43.0,163.0,163.0,1,63.929,0.83338547,1.08,6.92,96.928,2.5300002,16.129135,1
1,2015-01-01 00:00:00+00:00,112,2015-01-05 16:00:00+00:00,56.78,0.0,0.0,0.0,0.3,0.5,1.0,0.0,4.0,5.0,1.44,Lio_G1,Lio,14.8,43.0,43.0,163.0,163.0,1,63.929,0.83338547,1.08,6.92,96.928,2.5300002,16.129135,1
1,2015-01-01 00:00:00+00:00,113,2015-01-05 17:00:00+00:00,36.49,0.0,0.0,0.0,0.3,0.5,1.0,0.0,4.0,5.0,1.45,Lio_G1,Lio,14.8,43.0,43.0,163.0,163.0,1,63.929,0.83338547,1.09,6.92,96.928,2.56,16.129135,1
1,2015-01-01 00:00:00+00:00,114,2015-01-05 18:00:00+00:00,32.43,0.0,0.0,0.0,0.3,0.5,1.0,0.0,4.0,5.0,1.44,Lio_G1,Lio,14.8,43.0,43.0,163.0,163.0,1,63.929,0.83338547,1.08,6.92,96.928,2.5300002,16.129135,1
1,2015-01-01 00:00:00+00:00,115,2015-01-05 19:00:00+00:00,31.39,0.0,0.0,0.0,0.3,0.5,1.0,0.0,4.0,5.0,1.43,Lio_G1,Lio,14.8,43.0,43.0,163.0,163.0,1,63.929,0.83338547,1.08,6.92,96.928,2.5300002,16.129135,1
1,2015-01-01 00:00:00+00:00,116,2015-01-05 20:00:00+00:00,30.29,0.0,0.0,0.0,0.3,0.5,1.0,0.0,4.0,5.0,1.43,Lio_G1,Lio,14.8,43.0,43.0,163.0,163.0,1,63.929,0.83338547,1.07,6.92,96.928,2.5100002,16.129135,1
1,2015-01-01 00:00:00+00:00,117,2015-01-05 21:00:00+00:00,29.43,0.0,0.0,0.0,0.3,0.5,1.0,0.0,4.0,5.0,1.43,Lio_G1,Lio,14.8,43.0,43.0,163.0,163.0,1,63.929,0.83338547,1.08,6.92,96.928,2.5300002,16.129135,1
1,2015-01-01 00:00:00+00:00,118,2015-01-05 22:00:00+00:00,29.09,0.0,0.0,0.0,0.3,0.5,1.0,0.0,4.0,5.0,1.44,Lio_G1,Lio,14.8,43.0,43.0,163.0,163.0,1,63.929,0.83338547,1.08,6.92,96.928,2.5300002,16.129135,1
1,2015-01-01 00:00:00+00:00,119,2015-01-05 23:00:00+00:00,28.08,0.0,0.0,0.0,0.3,0.5,1.0,0.0,4.0,5.0,1.44,Lio_G1,Lio,14.8,43.0,43.0,163.0,163.0,1,63.929,0.83338547,1.08,6.92,96.928,2.5300002,16.129135,1
1,2015-01-01 00:00:00+00:00,120,2015-01-06 00:00:00+00:00,27.94,0.0,0.0,0.0,0.3,0.5,1.0,0.0,4.0,5.0,1.44,Lio_G1,Lio,14.8,43.0,43.0,163.0,163.0,1,63.929,0.83338547,1.08,6.92,96.928,2.5300002,16.129135,1
1,2015-01-01 00:00:00+00:00,121,2015-01-06 01:00:00+00:00,27.91,0.0,0.0,0.0,0.3,0.5,1.0,0.0,4.0,5.0,1.44,Lio_G1,Lio,14.8,43.0,43.0,163.0,163.0,1,63.929,0.83338547,1.08,6.92,96.928,2.5300002,16.129135,1
1,2015-01-01 00:00:00+00:00,122,2015-01-06 02:00:00+00:00,27.89,0.0,0.0,0.0,0.3,0.5,1.0,0.0,4.0,5.0,1.44,Lio_G1,Lio,14.8,43.0,43.0,163.0,163.0,1,63.929,0.83338547,1.08,6.92,96.928,2.5300002,16.129135,1
1,2015-01-01 00:00:00+00:00,123,2015-01-06 03:00:00+00:00,27.89,0.0,0.0,0.0,0.3,0.5,1.0,0.0,4.0,5.0,1.44,Lio_G1,Lio,14.8,43.0,43.0,163.0,163.0,1,63.929,0.83338547,1.08,6.92,96.928,2.5300002,16.129135,1
1,2015-01-01 00:00:00+00:00,124,2015-01-06 04:00:00+00:00,28.01,0.0,0.0,0.0,0.3,0.5,1.0,0.0,4.0,5.0,1.44,Lio_G1,Lio,14.8,43.0,43.0,163.0,163.0,1,63.929,0.83338547,1.08,6.92,96.928,2.5300002,16.129135,1
1,2015-01-01 00:00:00+00:00,125,2015-01-06 05:00:00+00:00,28.73,0.0,0.0,0.0,0.3,0.5,1.0,0.0,4.0,5.0,1.44,Lio_G1,Lio,14.8,43.0,43.0,163.0,163.0,1,63.929,0.83338547,1.08,6.92,96.928,2.5300002,16.129135,1
1,2015-01-01 00:00:00+00:00,126,2015-01-06 06:00:00+00:00,30.03,0.0,0.0,0.0,0.3,0.5,1.0,0.0,4.0,5.0,1.43,Lio_G1,Lio,14.8,43.0,43.0,163.0,163.0,1,63.929,0.83338547,1.08,6.92,96.928,2.5300002,16.129135,1
1,2015-01-01 00:00:00+00:00,127,2015-01-06 07:00:00+00:00,30.5,0.0,0.0,0.0,0.3,0.5,1.0,0.0,4.0,5.0,1.42,Lio_G1,Lio,14.8,43.0,43.0,163.0,163.0,1,63.929,0.83338547,1.07,6.92,96.928,2.5100002,16.129135,1
1,2015-01-01 00:00:00+00:00,128,2015-01-06 08:00:00+00:00,30.35,0.0,0.0,0.0,0.3,0.5,1.0,0.0,4.0,5.0,1.42,Lio_G1,Lio,14.8,43.0,43.0,163.0,163.0,1,63.929,0.83338547,1.06,6.92,96.928,2.4899998,16.129135,1
1,2015-01-01 00:00:00+00:00,129,2015-01-06 09:00:00+00:00,30.53,0.0,0.0,0.0,0.3,0.5,1.0,0.0,4.0,5.0,1.42,Lio_G1,Lio,14.8,43.0,43.0,163.0,163.0,1,63.929,0.83338547,1.07,6.92,96.928,2.5100002,16.129135,1
1,2015-01-01 00:00:00+00:00,130,2015-01-06 10:00:00+00:00,29.91,0.0,0.0,0.0,0.3,0.5,1.0,0.0,4.0,5.0,1.43,Lio_G1,Lio,14.8,43.0,43.0,163.0,163.0,1,63.929,0.83338547,1.07,6.92,96.928,2.52,16.129135,1
1,2015-01-01 00:00:00+00:00,131,2015-01-06 11:00:00+00:00,29.62,0.0,0.0,0.0,0.3,0.5,1.0,0.0,4.0,5.0,1.41,Lio_G1,Lio,14.8,43.0,43.0,163.0,163.0,1,63.929,0.83338547,1.06,6.92,96.928,2.4899998,16.129135,1
1,2015-01-01 00:00:00+00:00,132,2015-01-06 12:00:00+00:00,29.58,0.0,0.0,0.0,0.3,0.5,1.0,0.0,4.0,5.0,1.4,Lio_G1,Lio,14.8,43.0,43.0,163.0,163.0,1,63.929,0.83338547,1.05,6.92,96.928,2.4699998,16.129135,1
1,2015-01-01 00:00:00+00:00,133,2015-01-06 13:00:00+00:00,29.57,0.0,0.0,0.0,0.3,0.5,1.0,0.0,4.0,5.0,1.41,Lio_G1,Lio,14.8,43.0,43.0,163.0,163.0,1,63.929,0.83338547,1.06,6.92,96.928,2.48,16.129135,1
1,2015-01-01 00:00:00+00:00,134,2015-01-06 14:00:00+00:00,29.62,0.0,0.0,0.0,0.3,0.5,1.0,0.0,4.0,5.0,1.41,Lio_G1,Lio,14.8,43.0,43.0,163.0,163.0,1,63.929,0.83338547,1.06,6.92,96.928,2.48,16.129135,1
1,2015-01-01 00:00:00+00:00,135,2015-01-06 15:00:00+00:00,29.99,0.0,0.0,0.0,0.3,0.5,1.0,0.0,4.0,5.0,1.41,Lio_G1,Lio,14.8,43.0,43.0,163.0,163.0,1,63.929,0.83338547,1.06,6.92,96.928,2.48,16.129135,1
1,2015-01-01 00:00:00+00:00,136,2015-01-06 16:00:00+00:00,29.65,0.0,0.0,0.0,0.3,0.5,1.0,0.0,4.0,5.0,1.41,Lio_G1,Lio,14.8,43.0,43.0,163.0,163.0,1,63.929,0.83338547,1.06,6.92,96.928,2.48,16.129135,1
1,2015-01-01 00:00:00+00:00,137,2015-01-06 17:00:00+00:00,29.58,0.0,0.0,0.0,0.3,0.5,1.0,0.0,4.0,5.0,1.4,Lio_G1,Lio,14.8,43.0,43.0,163.0,163.0,1,63.929,0.83338547,1.05,6.92,96.928,2.46,16.129135,1
1,2015-01-01 00:00:00+00:00,138,2015-01-06 18:00:00+00:00,29.0,0.0,0.0,0.0,0.3,0.5,1.0,0.0,4.0,5.0,1.4,Lio_G1,Lio,14.8,43.0,43.0,163.0,163.0,1,63.929,0.83338547,1.05,6.92,96.928,2.46,16.129135,1
1,2015-01-01 00:00:00+00:00,139,2015-01-06 19:00:00+00:00,28.45,0.0,0.0,0.0,0.3,0.5,1.0,0.0,4.0,5.0,1.4,Lio_G1,Lio,14.8,43.0,43.0,163.0,163.0,1,63.929,0.83338547,1.05,6.92,96.928,2.46,16.129135,1
1,2015-01-01 00:00:00+00:00,140,2015-01-06 20:00:00+00:00,28.15,0.0,0.0,0.0,0.3,0.5,1.0,0.0,4.0,5.0,1.38,Lio_G1,Lio,14.8,43.0,43.0,163.0,163.0,1,63.929,0.83338547,1.04,6.92,96.928,2.44,16.129135,1
1,2015-01-01 00:00:00+00:00,141,2015-01-06 21:00:00+00:00,27.73,0.0,0.0,0.0,0.3,0.5,1.0,0.0,4.0,5.0,1.4,Lio_G1,Lio,14.8,43.0,43.0,163.0,163.0,1,63.929,0.83338547,1.05,6.92,96.928,2.4699998,16.129135,1
1,2015-01-01 00:00:00+00:00,142,2015-01-06 22:00:00+00:00,27.32,0.0,0.0,0.0,0.3,0.5,1.0,0.0,4.0,5.0,1.39,Lio_G1,Lio,14.8,43.0,43.0,163.0,163.0,1,63.929,0.83338547,1.05,6.92,96.928,2.46,16.129135,1
1,2015-01-01 00:00:00+00:00,143,2015-01-06 23:00:00+00:00,26.35,0.0,0.0,0.0,0.3,0.5,1.0,0.0,4.0,5.0,1.31,Lio_G1,Lio,14.8,43.0,43.0,163.0,163.0,1,63.929,0.83338547,0.98,6.92,96.928,2.3000002,16.129135,1
1,2015-01-01 00:00:00+00:00,144,2015-01-07 00:00:00+00:00,26.08,0.0,0.0,0.0,0.3,0.5,1.0,0.0,4.0,5.0,1.29,Lio_G1,Lio,14.8,43.0,43.0,163.0,163.0,1,63.929,0.83338547,0.97,6.92,96.928,2.28,16.129135,1
1,2015-01-01 00:00:00+00:00,145,2015-01-07 01:00:00+00:00,26.03,0.0,0.0,0.0,0.3,0.5,1.0,0.0,4.0,5.0,1.29,Lio_G1,Lio,14.8,43.0,43.0,163.0,163.0,1,63.929,0.83338547,0.97,6.92,96.928,2.27,16.129135,1
1,2015-01-01 00:00:00+00:00,146,2015-01-07 02:00:00+00:00,26.17,0.0,0.0,0.0,0.3,0.5,1.0,0.0,4.0,5.0,1.27,Lio_G1,Lio,14.8,43.0,43.0,163.0,163.0,1,63.929,0.83338547,0.95,6.92,96.928,2.23,16.129135,1
1,2015-01-01 00:00:00+00:00,147,2015-01-07 03:00:00+00:00,26.74,0.0,0.0,0.0,0.3,0.5,1.0,0.0,4.0,5.0,1.27,Lio_G1,Lio,14.8,43.0,43.0,163.0,163.0,1,63.929,0.83338547,0.95,6.92,96.928,2.23,16.129135,1
1,2015-01-01 00:00:00+00:00,148,2015-01-07 04:00:00+00:00,27.78,0.0,0.0,0.0,0.3,0.5,1.0,0.0,4.0,5.0,1.27,Lio_G1,Lio,14.8,43.0,43.0,163.0,163.0,1,63.929,0.83338547,0.95,6.92,96.928,2.23,16.129135,1
1,2015-01-01 00:00:00+00:00,149,2015-01-07 05:00:00+00:00,28.48,0.0,0.0,0.0,0.3,0.5,1.0,0.0,4.0,5.0,1.27,Lio_G1,Lio,14.8,43.0,43.0,163.0,163.0,1,63.929,0.83338547,0.95,6.92,96.928,2.23,16.129135,1
1,2015-01-01 00:00:00+00:00,150,2015-01-07 06:00:00+00:00,31.53,0.0,0.0,0.0,0.3,0.5,1.0,0.0,4.0,5.0,1.27,Lio_G1,Lio,14.8,43.0,43.0,163.0,163.0,1,63.929,0.83338547,0.95,6.92,96.928,2.23,16.129135,1
1,2015-01-01 00:00:00+00:00,151,2015-01-07 07:00:00+00:00,32.54,0.0,0.0,0.0,0.3,0.5,1.0,0.0,4.0,5.0,1.27,Lio_G1,Lio,14.8,43.0,43.0,163.0,163.0,1,63.929,0.83338547,0.95,6.92,96.928,2.23,16.129135,1
1,2015-01-01 00:00:00+00:00,152,2015-01-07 08:00:00+00:00,32.24,0.0,0.0,0.0,0.3,0.5,1.0,0.0,4.0,5.0,1.26,Lio_G1,Lio,14.8,43.0,43.0,163.0,163.0,1,63.929,0.83338547,0.95,6.92,96.928,2.23,16.129135,1
1,2015-01-01 00:00:00+00:00,153,2015-01-07 09:00:00+00:00,31.96,0.0,0.0,0.0,0.3,0.5,1.0,0.0,4.0,5.0,1.25,Lio_G1,Lio,14.8,43.0,43.0,163.0,163.0,1,63.929,0.83338547,0.94,6.92,96.928,2.2,16.129135,1
1,2015-01-01 00:00:00+00:00,154,2015-01-07 10:00:00+00:00,31.66,0.0,0.0,0.0,0.3,0.5,1.0,0.0,4.0,5.0,1.25,Lio_G1,Lio,14.8,43.0,43.0,163.0,163.0,1,63.929,0.83338547,0.94,6.92,96.928,2.2,16.129135,1
1,2015-01-01 00:00:00+00:00,155,2015-01-07 11:00:00+00:00,30.97,0.0,0.0,0.0,0.3,0.5,1.0,0.0,4.0,5.0,1.25,Lio_G1,Lio,14.8,43.0,43.0,163.0,163.0,1,63.929,0.83338547,0.94,6.92,96.928,2.2,16.129135,1
1,2015-01-01 00:00:00+00:00,156,2015-01-07 12:00:00+00:00,30.65,0.0,0.0,0.0,0.3,0.5,1.0,0.0,4.0,5.0,1.25,Lio_G1,Lio,14.8,43.0,43.0,163.0,163.0,1,63.929,0.83338547,0.94,6.92,96.928,2.2,16.129135,1
1,2015-01-01 00:00:00+00:00,157,2015-01-07 13:00:00+00:00,30.31,0.0,0.0,0.0,0.3,0.5,1.0,0.0,4.0,5.0,1.23,Lio_G1,Lio,14.8,43.0,43.0,163.0,163.0,1,63.929,0.83338547,0.93,6.92,96.928,2.18,16.129135,1
1,2015-01-01 00:00:00+00:00,158,2015-01-07 14:00:00+00:00,29.79,0.0,0.0,0.0,0.3,0.5,1.0,0.0,4.0,5.0,1.23,Lio_G1,Lio,14.8,43.0,43.0,163.0,163.0,1,63.929,0.83338547,0.92,6.92,96.928,2.16,16.129135,1
1,2015-01-01 00:00:00+00:00,159,2015-01-07 15:00:00+00:00,30.72,0.0,0.0,0.0,0.3,0.5,1.0,0.0,4.0,5.0,1.21,Lio_G1,Lio,14.8,43.0,43.0,163.0,163.0,1,63.929,0.83338547,0.91,6.92,96.928,2.13,16.129135,1
1,2015-01-01 00:00:00+00:00,160,2015-01-07 16:00:00+00:00,29.56,0.0,0.0,0.0,0.3,0.5,1.0,0.0,4.0,5.0,1.2,Lio_G1,Lio,14.8,43.0,43.0,163.0,163.0,1,63.929,0.83338547,0.9,6.92,96.928,2.12,16.129135,1
1,2015-01-01 00:00:00+00:00,161,2015-01-07 17:00:00+00:00,28.84,0.0,0.0,0.0,0.3,0.5,1.0,0.0,4.0,5.0,1.2,Lio_G1,Lio,14.8,43.0,43.0,163.0,163.0,1,63.929,0.83338547,0.9,6.92,96.928,2.12,16.129135,1
1,2015-01-01 00:00:00+00:00,162,2015-01-07 18:00:00+00:00,28.2,0.0,0.0,0.0,0.3,0.5,1.0,0.0,4.0,5.0,1.2,Lio_G1,Lio,14.8,43.0,43.0,163.0,163.0,1,63.929,0.83338547,0.9,6.92,96.928,2.12,16.129135,1
1,2015-01-01 00:00:00+00:00,163,2015-01-07 19:00:00+00:00,27.75,0.0,0.0,0.0,0.3,0.5,1.0,0.0,4.0,5.0,1.2,Lio_G1,Lio,14.8,43.0,43.0,163.0,163.0,1,63.929,0.83338547,0.9,6.92,96.928,2.12,16.129135,1
1,2015-01-01 00:00:00+00:00,164,2015-01-07 20:00:00+00:00,27.42,0.0,0.0,0.0,0.3,0.5,1.0,0.0,4.0,5.0,1.21,Lio_G1,Lio,14.8,43.0,43.0,163.0,163.0,1,63.929,0.83338547,0.91,6.92,96.928,2.13,16.129135,1
1,2015-01-01 00:00:00+00:00,165,2015-01-07 21:00:00+00:00,26.68,0.0,0.0,0.0,0.3,0.5,1.0,0.0,4.0,5.0,1.22,Lio_G1,Lio,14.8,43.0,43.0,163.0,163.0,1,63.929,0.83338547,0.92,6.92,96.928,2.16,16.129135,1
1,2015-01-01 00:00:00+00:00,166,2015-01-07 22:00:00+00:00,26.15,0.0,0.0,0.0,0.3,0.5,1.0,0.0,4.0,5.0,1.21,Lio_G1,Lio,14.8,43.0,43.0,163.0,163.0,1,63.929,0.83338547,0.9,6.92,96.928,2.12,16.129135,1
1,2015-01-01 00:00:00+00:00,167,2015-01-07 23:00:00+00:00,26.04,0.0,0.0,0.0,0.3,0.5,1.0,0.0,4.0,5.0,1.19,Lio_G1,Lio,14.8,43.0,43.0,163.0,163.0,1,63.929,0.83338547,0.89,6.92,96.928,2.0900002,16.129135,1
1,2015-01-01 00:00:00+00:00,0,2015-01-01 00:00:00+00:00,27.07,0.0,0.0,0.0,0.3,0.5,1.0,0.0,4.0,5.0,1.01,Byrte_G1,Byrte,6.9,20.0,20.0,135.0,135.0,1,32.999,0.60917485,1.02,33.97,32.999,1.02,33.97,0
1,2015-01-01 00:00:00+00:00,1,2015-01-01 01:00:00+00:00,26.93,0.0,0.0,0.0,0.3,0.5,1.0,0.0,4.0,5.0,1.0,Byrte_G1,Byrte,6.9,20.0,20.0,135.0,135.0,1,32.999,0.60917485,1.01,33.97,32.999,1.01,33.97,0
1,2015-01-01 00:00:00+00:00,2,2015-01-01 02:00:00+00:00,26.83,0.0,0.0,0.0,0.3,0.5,1.0,0.0,4.0,5.0,1.01,Byrte_G1,Byrte,6.9,20.0,20.0,135.0,135.0,1,32.999,0.60917485,1.02,33.97,32.999,1.02,33.97,0
1,2015-01-01 00:00:00+00:00,3,2015-01-01 03:00:00+00:00,26.81,0.0,0.0,0.0,0.3,0.5,1.0,0.0,4.0,5.0,1.0,Byrte_G1,Byrte,6.9,20.0,20.0,135.0,135.0,1,32.999,0.60917485,1.01,33.97,32.999,1.01,33.97,0
1,2015-01-01 00:00:00+00:00,4,2015-01-01 04:00:00+00:00,26.97,0.0,0.0,0.0,0.3,0.5,1.0,0.0,4.0,5.0,0.99,Byrte_G1,Byrte,6.9,20.0,20.0,135.0,135.0,1,32.999,0.60917485,1.0,33.97,32.999,1.0,33.97,0
1,2015-01-01 00:00:00+00:00,5,2015-01-01 05:00:00+00:00,27.07,0.0,0.0,0.0,0.3,0.5,1.0,0.0,4.0,5.0,1.0,Byrte_G1,Byrte,6.9,20.0,20.0,135.0,135.0,1,32.999,0.60917485,1.01,33.97,32.999,1.01,33.97,0
1,2015-01-01 00:00:00+00:00,6,2015-01-01 06:00:00+00:00,26.8,0.0,0.0,0.0,0.3,0.5,1.0,0.0,4.0,5.0,1.0,Byrte_G1,Byrte,6.9,20.0,20.0,135.0,135.0,1,32.999,0.60917485,1.01,33.97,32.999,1.01,33.97,0
1,2015-01-01 00:00:00+00:00,7,2015-01-01 07:00:00+00:00,26.97,0.0,0.0,0.0,0.3,0.5,1.0,0.0,4.0,5.0,1.0,Byrte_G1,Byrte,6.9,20.0,20.0,135.0,135.0,1,32.999,0.60917485,1.01,33.97,32.999,1.01,33.97,0
1,2015-01-01 00:00:00+00:00,8,2015-01-01 08:00:00+00:00,26.98,0.0,0.0,0.0,0.3,0.5,1.0,0.0,4.0,5.0,1.0,Byrte_G1,Byrte,6.9,20.0,20.0,135.0,135.0,1,32.999,0.60917485,1.01,33.97,32.999,1.01,33.97,0
1,2015-01-01 00:00:00+00:00,9,2015-01-01 09:00:00+00:00,27.06,0.0,0.0,0.0,0.3,0.5,1.0,0.0,4.0,5.0,1.0,Byrte_G1,Byrte,6.9,20.0,20.0,135.0,135.0,1,32.999,0.60917485,1.01,33.97,32.999,1.01,33.97,0
1,2015-01-01 00:00:00+00:00,10,2015-01-01 10:00:00+00:00,27.13,0.0,0.0,0.0,0.3,0.5,1.0,0.0,4.0,5.0,1.02,Byrte_G1,Byrte,6.9,20.0,20.0,135.0,135.0,1,32.999,0.60917485,1.03,33.97,32.999,1.03,33.97,0
1,2015-01-01 00:00:00+00:00,11,2015-01-01 11:00:00+00:00,27.09,0.0,0.0,0.0,0.3,0.5,1.0,0.0,4.0,5.0,1.01,Byrte_G1,Byrte,6.9,20.0,20.0,135.0,135.0,1,32.999,0.60917485,1.02,33.97,32.999,1.02,33.97,0
1,2015-01-01 00:00:00+00:00,12,2015-01-01 12:00:00+00:00,27.01,0.0,0.0,0.0,0.3,0.5,1.0,0.0,4.0,5.0,1.03,Byrte_G1,Byrte,6.9,20.0,20.0,135.0,135.0,1,32.999,0.60917485,1.04,33.97,32.999,1.04,33.97,0
1,2015-01-01 00:00:00+00:00,13,2015-01-01 13:00:00+00:00,26.98,0.0,0.0,0.0,0.3,0.5,1.0,0.0,4.0,5.0,1.03,Byrte_G1,Byrte,6.9,20.0,20.0,135.0,135.0,1,32.999,0.60917485,1.04,33.97,32.999,1.04,33.97,0
1,2015-01-01 00:00:00+00:00,14,2015-01-01 14:00:00+00:00,27.51,0.0,0.0,0.0,0.3,0.5,1.0,0.0,4.0,5.0,1.06,Byrte_G1,Byrte,6.9,20.0,20.0,135.0,135.0,1,32.999,0.60917485,1.07,33.97,32.999,1.07,33.97,0
1,2015-01-01 00:00:00+00:00,15,2015-01-01 15:00:00+00:00,28.32,0.0,0.0,0.0,0.3,0.5,1.0,0.0,4.0,5.0,1.06,Byrte_G1,Byrte,6.9,20.0,20.0,135.0,135.0,1,32.999,0.60917485,1.07,33.97,32.999,1.07,33.97,0
1,2015-01-01 00:00:00+00:00,16,2015-01-01 16:00:00+00:00,28.36,0.0,0.0,0.0,0.3,0.5,1.0,0.0,4.0,5.0,1.07,Byrte_G1,Byrte,6.9,20.0,20.0,135.0,135.0,1,32.999,0.60917485,1.08,33.97,32.999,1.08,33.97,0
1,2015-01-01 00:00:00+00:00,17,2015-01-01 17:00:00+00:00,28.18,0.0,0.0,0.0,0.3,0.5,1.0,0.0,4.0,5.0,1.1,Byrte_G1,Byrte,6.9,20.0,20.0,135.0,135.0,1,32.999,0.60917485,1.11,33.97,32.999,1.11,33.97,0
1,2015-01-01 00:00:00+00:00,18,2015-01-01 18:00:00+00:00,27.81,0.0,0.0,0.0,0.3,0.5,1.0,0.0,4.0,5.0,1.11,Byrte_G1,Byrte,6.9,20.0,20.0,135.0,135.0,1,32.999,0.60917485,1.12,33.97,32.999,1.12,33.97,0
1,2015-01-01 00:00:00+00:00,19,2015-01-01 19:00:00+00:00,27.46,0.0,0.0,0.0,0.3,0.5,1.0,0.0,4.0,5.0,1.12,Byrte_G1,Byrte,6.9,20.0,20.0,135.0,135.0,1,32.999,0.60917485,1.13,33.97,32.999,1.13,33.97,0
1,2015-01-01 00:00:00+00:00,20,2015-01-01 20:00:00+00:00,27.06,0.0,0.0,0.0,0.3,0.5,1.0,0.0,4.0,5.0,1.13,Byrte_G1,Byrte,6.9,20.0,20.0,135.0,135.0,1,32.999,0.60917485,1.14,33.97,32.999,1.14,33.97,0
1,2015-01-01 00:00:00+00:00,21,2015-01-01 21:00:00+00:00,27.0,0.0,0.0,0.0,0.3,0.5,1.0,0.0,4.0,5.0,1.16,Byrte_G1,Byrte,6.9,20.0,20.0,135.0,135.0,1,32.999,0.60917485,1.17,33.97,32.999,1.17,33.97,0
1,2015-01-01 00:00:00+00:00,22,2015-01-01 22:00:00+00:00,26.83,0.0,0.0,0.0,0.3,0.5,1.0,0.0,4.0,5.0,1.2,Byrte_G1,Byrte,6.9,20.0,20.0,135.0,135.0,1,32.999,0.60917485,1.21,33.97,32.999,1.21,33.97,0
1,2015-01-01 00:00:00+00:00,23,2015-01-01 23:00:00+00:00,26.71,0.0,0.0,0.0,0.3,0.5,1.0,0.0,4.0,5.0,1.24,Byrte_G1,Byrte,6.9,20.0,20.0,135.0,135.0,1,32.999,0.60917485,1.25,33.97,32.999,1.25,33.97,0
1,2015-01-01 00:00:00+00:00,24,2015-01-02 00:00:00+00:00,26.41,0.0,0.0,0.0,0.3,0.5,1.0,0.0,4.0,5.0,1.26,Byrte_G1,Byrte,6.9,20.0,20.0,135.0,135.0,1,32.999,0.60917485,1.28,33.97,32.999,1.28,33.97,0
1,2015-01-01 00:00:00+00:00,25,2015-01-02 01:00:00+00:00,26.2,0.0,0.0,0.0,0.3,0.5,1.0,0.0,4.0,5.0,1.3,Byrte_G1,Byrte,6.9,20.0,20.0,135.0,135.0,1,32.999,0.60917485,1.32,33.97,32.999,1.32,33.97,0
1,2015-01-01 00:00:00+00:00,26,2015-01-02 02:00:00+00:00,25.6,0.0,0.0,0.0,0.3,0.5,1.0,0.0,4.0,5.0,1.52,Byrte_G1,Byrte,6.9,20.0,20.0,135.0,135.0,1,32.999,0.60917485,1.53,33.97,32.999,1.53,33.97,0
1,2015-01-01 00:00:00+00:00,27,2015-01-02 03:00:00+00:00,24.74,0.0,0.0,0.0,0.3,0.5,1.0,0.0,4.0,5.0,1.7,Byrte_G1,Byrte,6.9,20.0,20.0,135.0,135.0,1,32.999,0.60917485,1.72,33.97,32.999,1.72,33.97,0
1,2015-01-01 00:00:00+00:00,28,2015-01-02 04:00:00+00:00,26.1,0.0,0.0,0.0,0.3,0.5,1.0,0.0,4.0,5.0,1.75,Byrte_G1,Byrte,6.9,20.0,20.0,135.0,135.0,1,32.999,0.60917485,1.76,33.97,32.999,1.76,33.97,0
1,2015-01-01 00:00:00+00:00,29,2015-01-02 05:00:00+00:00,27.25,0.0,0.0,0.0,0.3,0.5,1.0,0.0,4.0,5.0,1.65,Byrte_G1,Byrte,6.9,20.0,20.0,135.0,135.0,1,32.999,0.60917485,1.67,33.97,32.999,1.67,33.97,0
1,2015-01-01 00:00:00+00:00,30,2015-01-02 06:00:00+00:00,28.37,0.0,0.0,0.0,0.3,0.5,1.0,0.0,4.0,5.0,1.71,Byrte_G1,Byrte,6.9,20.0,20.0,135.0,135.0,1,32.999,0.60917485,1.73,33.97,32.999,1.73,33.97,0
1,2015-01-01 00:00:00+00:00,31,2015-01-02 07:00:00+00:00,28.37,0.0,0.0,0.0,0.3,0.5,1.0,0.0,4.0,5.0,1.92,Byrte_G1,Byrte,6.9,20.0,20.0,135.0,135.0,1,32.999,0.60917485,1.94,33.97,32.999,1.94,33.97,0
1,2015-01-01 00:00:00+00:00,32,2015-01-02 08:00:00+00:00,28.32,0.0,0.0,0.0,0.3,0.5,1.0,0.0,4.0,5.0,2.18,Byrte_G1,Byrte,6.9,20.0,20.0,135.0,135.0,1,32.999,0.60917485,2.21,33.97,32.999,2.21,33.97,0
1,2015-01-01 00:00:00+00:00,33,2015-01-02 09:00:00+00:00,28.3,0.0,0.0,0.0,0.3,0.5,1.0,0.0,4.0,5.0,2.33,Byrte_G1,Byrte,6.9,20.0,20.0,135.0,135.0,1,32.999,0.60917485,2.36,33.97,32.999,2.36,33.97,0
1,2015-01-01 00:00:00+00:00,34,2015-01-02 10:00:00+00:00,28.39,0.0,0.0,0.0,0.3,0.5,1.0,0.0,4.0,5.0,2.35,Byrte_G1,Byrte,6.9,20.0,20.0,135.0,135.0,1,32.999,0.60917485,2.38,33.97,32.999,2.38,33.97,0
1,2015-01-01 00:00:00+00:00,35,2015-01-02 11:00:00+00:00,28.3,0.0,0.0,0.0,0.3,0.5,1.0,0.0,4.0,5.0,2.3,Byrte_G1,Byrte,6.9,20.0,20.0,135.0,135.0,1,32.999,0.60917485,2.32,33.97,32.999,2.32,33.97,0
1,2015-01-01 00:00:00+00:00,36,2015-01-02 12:00:00+00:00,28.24,0.0,0.0,0.0,0.3,0.5,1.0,0.0,4.0,5.0,2.23,Byrte_G1,Byrte,6.9,20.0,20.0,135.0,135.0,1,32.999,0.60917485,2.26,33.97,32.999,2.26,33.97,0
1,2015-01-01 00:00:00+00:00,37,2015-01-02 13:00:00+00:00,28.12,0.0,0.0,0.0,0.3,0.5,1.0,0.0,4.0,5.0,2.2,Byrte_G1,Byrte,6.9,20.0,20.0,135.0,135.0,1,32.999,0.60917485,2.23,33.97,32.999,2.23,33.97,0
1,2015-01-01 00:00:00+00:00,38,2015-01-02 14:00:00+00:00,28.23,0.0,0.0,0.0,0.3,0.5,1.0,0.0,4.0,5.0,2.17,Byrte_G1,Byrte,6.9,20.0,20.0,135.0,135.0,1,32.999,0.60917485,2.19,33.97,32.999,2.19,33.97,0
1,2015-01-01 00:00:00+00:00,39,2015-01-02 15:00:00+00:00,28.59,0.0,0.0,0.0,0.3,0.5,1.0,0.0,4.0,5.0,2.14,Byrte_G1,Byrte,6.9,20.0,20.0,135.0,135.0,1,32.999,0.60917485,2.16,33.97,32.999,2.16,33.97,0
1,2015-01-01 00:00:00+00:00,40,2015-01-02 16:00:00+00:00,28.73,0.0,0.0,0.0,0.3,0.5,1.0,0.0,4.0,5.0,2.13,Byrte_G1,Byrte,6.9,20.0,20.0,135.0,135.0,1,32.999,0.60917485,2.15,33.97,32.999,2.15,33.97,0
1,2015-01-01 00:00:00+00:00,41,2015-01-02 17:00:00+00:00,28.48,0.0,0.0,0.0,0.3,0.5,1.0,0.0,4.0,5.0,2.05,Byrte_G1,Byrte,6.9,20.0,20.0,135.0,135.0,1,32.999,0.60917485,2.07,33.97,32.999,2.07,33.97,0
1,2015-01-01 00:00:00+00:00,42,2015-01-02 18:00:00+00:00,28.38,0.0,0.0,0.0,0.3,0.5,1.0,0.0,4.0,5.0,1.64,Byrte_G1,Byrte,6.9,20.0,20.0,135.0,135.0,1,32.999,0.60917485,1.66,33.97,32.999,1.66,33.97,0
1,2015-01-01 00:00:00+00:00,43,2015-01-02 19:00:00+00:00,27.85,0.0,0.0,0.0,0.3,0.5,1.0,0.0,4.0,5.0,2.06,Byrte_G1,Byrte,6.9,20.0,20.0,135.0,135.0,1,32.999,0.60917485,2.08,33.97,32.999,2.08,33.97,0
1,2015-01-01 00:00:00+00:00,44,2015-01-02 20:00:00+00:00,27.45,0.0,0.0,0.0,0.3,0.5,1.0,0.0,4.0,5.0,2.2,Byrte_G1,Byrte,6.9,20.0,20.0,135.0,135.0,1,32.999,0.60917485,2.22,33.97,32.999,2.22,33.97,0
1,2015-01-01 00:00:00+00:00,45,2015-01-02 21:00:00+00:00,27.2,0.0,0.0,0.0,0.3,0.5,1.0,0.0,4.0,5.0,2.38,Byrte_G1,Byrte,6.9,20.0,20.0,135.0,135.0,1,32.999,0.60917485,2.4,33.97,32.999,2.4,33.97,0
1,2015-01-01 00:00:00+00:00,46,2015-01-02 22:00:00+00:00,26.79,0.0,0.0,0.0,0.3,0.5,1.0,0.0,4.0,5.0,2.59,Byrte_G1,Byrte,6.9,20.0,20.0,135.0,135.0,1,32.999,0.60917485,2.62,33.97,32.999,2.62,33.97,0
1,2015-01-01 00:00:00+00:00,47,2015-01-02 23:00:00+00:00,25.85,0.0,0.0,0.0,0.3,0.5,1.0,0.0,4.0,5.0,2.83,Byrte_G1,Byrte,6.9,20.0,20.0,135.0,135.0,1,32.999,0.60917485,2.86,33.97,32.999,2.86,33.97,0
1,2015-01-01 00:00:00+00:00,48,2015-01-03 00:00:00+00:00,25.54,0.0,0.0,0.0,0.3,0.5,1.0,0.0,4.0,5.0,2.84,Byrte_G1,Byrte,6.9,20.0,20.0,135.0,135.0,1,32.999,0.60917485,2.87,33.97,32.999,2.87,33.97,0
1,2015-01-01 00:00:00+00:00,49,2015-01-03 01:00:00+00:00,25.43,0.0,0.0,0.0,0.3,0.5,1.0,0.0,4.0,5.0,2.77,Byrte_G1,Byrte,6.9,20.0,20.0,135.0,135.0,1,32.999,0.60917485,2.8,33.97,32.999,2.8,33.97,0
1,2015-01-01 00:00:00+00:00,50,2015-01-03 02:00:00+00:00,25.34,0.0,0.0,0.0,0.3,0.5,1.0,0.0,4.0,5.0,2.86,Byrte_G1,Byrte,6.9,20.0,20.0,135.0,135.0,1,32.999,0.60917485,2.89,33.97,32.999,2.89,33.97,0
1,2015-01-01 00:00:00+00:00,51,2015-01-03 03:00:00+00:00,25.29,0.0,0.0,0.0,0.3,0.5,1.0,0.0,4.0,5.0,3.02,Byrte_G1,Byrte,6.9,20.0,20.0,135.0,135.0,1,32.999,0.60917485,3.05,33.97,32.999,3.05,33.97,0
1,2015-01-01 00:00:00+00:00,52,2015-01-03 04:00:00+00:00,25.3,0.0,0.0,0.0,0.3,0.5,1.0,0.0,4.0,5.0,3.13,Byrte_G1,Byrte,6.9,20.0,20.0,135.0,135.0,1,32.999,0.60917485,3.16,33.97,32.999,3.16,33.97,0
1,2015-01-01 00:00:00+00:00,53,2015-01-03 05:00:00+00:00,25.55,0.0,0.0,0.0,0.3,0.5,1.0,0.0,4.0,5.0,3.16,Byrte_G1,Byrte,6.9,20.0,20.0,135.0,135.0,1,32.999,0.60917485,3.19,33.97,32.999,3.19,33.97,0
1,2015-01-01 00:00:00+00:00,54,2015-01-03 06:00:00+00:00,26.75,0.0,0.0,0.0,0.3,0.5,1.0,0.0,4.0,5.0,3.13,Byrte_G1,Byrte,6.9,20.0,20.0,135.0,135.0,1,32.999,0.60917485,3.16,33.97,32.999,3.16,33.97,0
1,2015-01-01 00:00:00+00:00,55,2015-01-03 07:00:00+00:00,26.98,0.0,0.0,0.0,0.3,0.5,1.0,0.0,4.0,5.0,3.06,Byrte_G1,Byrte,6.9,20.0,20.0,135.0,135.0,1,32.999,0.60917485,3.09,33.97,32.999,3.09,33.97,0
1,2015-01-01 00:00:00+00:00,56,2015-01-03 08:00:00+00:00,27.52,0.0,0.0,0.0,0.3,0.5,1.0,0.0,4.0,5.0,3.01,Byrte_G1,Byrte,6.9,20.0,20.0,135.0,135.0,1,32.999,0.60917485,3.05,33.97,32.999,3.05,33.97,0
1,2015-01-01 00:00:00+00:00,57,2015-01-03 09:00:00+00:00,27.72,0.0,0.0,0.0,0.3,0.5,1.0,0.0,4.0,5.0,3.0,Byrte_G1,Byrte,6.9,20.0,20.0,135.0,135.0,1,32.999,0.60917485,3.03,33.97,32.999,3.03,33.97,0
1,2015-01-01 00:00:00+00:00,58,2015-01-03 10:00:00+00:00,27.73,0.0,0.0,0.0,0.3,0.5,1.0,0.0,4.0,5.0,2.92,Byrte_G1,Byrte,6.9,20.0,20.0,135.0,135.0,1,32.999,0.60917485,2.95,33.97,32.999,2.95,33.97,0
1,2015-01-01 00:00:00+00:00,59,2015-01-03 11:00:00+00:00,27.66,0.0,0.0,0.0,0.3,0.5,1.0,0.0,4.0,5.0,2.88,Byrte_G1,Byrte,6.9,20.0,20.0,135.0,135.0,1,32.999,0.60917485,2.91,33.97,32.999,2.91,33.97,0
1,2015-01-01 00:00:00+00:00,60,2015-01-03 12:00:00+00:00,27.65,0.0,0.0,0.0,0.3,0.5,1.0,0.0,4.0,5.0,2.85,Byrte_G1,Byrte,6.9,20.0,20.0,135.0,135.0,1,32.999,0.60917485,2.88,33.97,32.999,2.88,33.97,0
1,2015-01-01 00:00:00+00:00,61,2015-01-03 13:00:00+00:00,27.81,0.0,0.0,0.0,0.3,0.5,1.0,0.0,4.0,5.0,2.84,Byrte_G1,Byrte,6.9,20.0,20.0,135.0,135.0,1,32.999,0.60917485,2.87,33.97,32.999,2.87,33.97,0
1,2015-01-01 00:00:00+00:00,62,2015-01-03 14:00:00+00:00,28.29,0.0,0.0,0.0,0.3,0.5,1.0,0.0,4.0,5.0,2.81,Byrte_G1,Byrte,6.9,20.0,20.0,135.0,135.0,1,32.999,0.60917485,2.84,33.97,32.999,2.84,33.97,0
1,2015-01-01 00:00:00+00:00,63,2015-01-03 15:00:00+00:00,28.6,0.0,0.0,0.0,0.3,0.5,1.0,0.0,4.0,5.0,2.75,Byrte_G1,Byrte,6.9,20.0,20.0,135.0,135.0,1,32.999,0.60917485,2.78,33.97,32.999,2.78,33.97,0
1,2015-01-01 00:00:00+00:00,64,2015-01-03 16:00:00+00:00,28.88,0.0,0.0,0.0,0.3,0.5,1.0,0.0,4.0,5.0,2.69,Byrte_G1,Byrte,6.9,20.0,20.0,135.0,135.0,1,32.999,0.60917485,2.72,33.97,32.999,2.72,33.97,0
1,2015-01-01 00:00:00+00:00,65,2015-01-03 17:00:00+00:00,28.78,0.0,0.0,0.0,0.3,0.5,1.0,0.0,4.0,5.0,2.65,Byrte_G1,Byrte,6.9,20.0,20.0,135.0,135.0,1,32.999,0.60917485,2.68,33.97,32.999,2.68,33.97,0
1,2015-01-01 00:00:00+00:00,66,2015-01-03 18:00:00+00:00,28.54,0.0,0.0,0.0,0.3,0.5,1.0,0.0,4.0,5.0,2.6,Byrte_G1,Byrte,6.9,20.0,20.0,135.0,135.0,1,32.999,0.60917485,2.63,33.97,32.999,2.63,33.97,0
1,2015-01-01 00:00:00+00:00,67,2015-01-03 19:00:00+00:00,28.34,0.0,0.0,0.0,0.3,0.5,1.0,0.0,4.0,5.0,2.54,Byrte_G1,Byrte,6.9,20.0,20.0,135.0,135.0,1,32.999,0.60917485,2.57,33.97,32.999,2.57,33.97,0
1,2015-01-01 00:00:00+00:00,68,2015-01-03 20:00:00+00:00,27.93,0.0,0.0,0.0,0.3,0.5,1.0,0.0,4.0,5.0,2.47,Byrte_G1,Byrte,6.9,20.0,20.0,135.0,135.0,1,32.999,0.60917485,2.5,33.97,32.999,2.5,33.97,0
1,2015-01-01 00:00:00+00:00,69,2015-01-03 21:00:00+00:00,27.7,0.0,0.0,0.0,0.3,0.5,1.0,0.0,4.0,5.0,2.41,Byrte_G1,Byrte,6.9,20.0,20.0,135.0,135.0,1,32.999,0.60917485,2.44,33.97,32.999,2.44,33.97,0
1,2015-01-01 00:00:00+00:00,70,2015-01-03 22:00:00+00:00,27.25,0.0,0.0,0.0,0.3,0.5,1.0,0.0,4.0,5.0,2.33,Byrte_G1,Byrte,6.9,20.0,20.0,135.0,135.0,1,32.999,0.60917485,2.35,33.97,32.999,2.35,33.97,0
1,2015-01-01 00:00:00+00:00,71,2015-01-03 23:00:00+00:00,27.55,0.0,0.0,0.0,0.3,0.5,1.0,0.0,4.0,5.0,2.27,Byrte_G1,Byrte,6.9,20.0,20.0,135.0,135.0,1,32.999,0.60917485,2.29,33.97,32.999,2.29,33.97,0
1,2015-01-01 00:00:00+00:00,72,2015-01-04 00:00:00+00:00,27.38,0.0,0.0,0.0,0.3,0.5,1.0,0.0,4.0,5.0,2.22,Byrte_G1,Byrte,6.9,20.0,20.0,135.0,135.0,1,32.999,0.60917485,2.24,33.97,32.999,2.24,33.97,0
1,2015-01-01 00:00:00+00:00,73,2015-01-04 01:00:00+00:00,27.17,0.0,0.0,0.0,0.3,0.5,1.0,0.0,4.0,5.0,2.15,Byrte_G1,Byrte,6.9,20.0,20.0,135.0,135.0,1,32.999,0.60917485,2.18,33.97,32.999,2.18,33.97,0
1,2015-01-01 00:00:00+00:00,74,2015-01-04 02:00:00+00:00,27.03,0.0,0.0,0.0,0.3,0.5,1.0,0.0,4.0,5.0,2.1,Byrte_G1,Byrte,6.9,20.0,20.0,135.0,135.0,1,32.999,0.60917485,2.13,33.97,32.999,2.13,33.97,0
1,2015-01-01 00:00:00+00:00,75,2015-01-04 03:00:00+00:00,27.04,0.0,0.0,0.0,0.3,0.5,1.0,0.0,4.0,5.0,2.06,Byrte_G1,Byrte,6.9,20.0,20.0,135.0,135.0,1,32.999,0.60917485,2.08,33.97,32.999,2.08,33.97,0
1,2015-01-01 00:00:00+00:00,76,2015-01-04 04:00:00+00:00,27.19,0.0,0.0,0.0,0.3,0.5,1.0,0.0,4.0,5.0,2.01,Byrte_G1,Byrte,6.9,20.0,20.0,135.0,135.0,1,32.999,0.60917485,2.03,33.97,32.999,2.03,33.97,0
1,2015-01-01 00:00:00+00:00,77,2015-01-04 05:00:00+00:00,27.13,0.0,0.0,0.0,0.3,0.5,1.0,0.0,4.0,5.0,1.99,Byrte_G1,Byrte,6.9,20.0,20.0,135.0,135.0,1,32.999,0.60917485,2.01,33.97,32.999,2.01,33.97,0
1,2015-01-01 00:00:00+00:00,78,2015-01-04 06:00:00+00:00,27.06,0.0,0.0,0.0,0.3,0.5,1.0,0.0,4.0,5.0,1.94,Byrte_G1,Byrte,6.9,20.0,20.0,135.0,135.0,1,32.999,0.60917485,1.96,33.97,32.999,1.96,33.97,0
1,2015-01-01 00:00:00+00:00,79,2015-01-04 07:00:00+00:00,27.63,0.0,0.0,0.0,0.3,0.5,1.0,0.0,4.0,5.0,1.89,Byrte_G1,Byrte,6.9,20.0,20.0,135.0,135.0,1,32.999,0.60917485,1.91,33.97,32.999,1.91,33.97,0
1,2015-01-01 00:00:00+00:00,80,2015-01-04 08:00:00+00:00,28.03,0.0,0.0,0.0,0.3,0.5,1.0,0.0,4.0,5.0,1.84,Byrte_G1,Byrte,6.9,20.0,20.0,135.0,135.0,1,32.999,0.60917485,1.86,33.97,32.999,1.86,33.97,0
1,2015-01-01 00:00:00+00:00,81,2015-01-04 09:00:00+00:00,28.24,0.0,0.0,0.0,0.3,0.5,1.0,0.0,4.0,5.0,1.82,Byrte_G1,Byrte,6.9,20.0,20.0,135.0,135.0,1,32.999,0.60917485,1.84,33.97,32.999,1.84,33.97,0
1,2015-01-01 00:00:00+00:00,82,2015-01-04 10:00:00+00:00,28.32,0.0,0.0,0.0,0.3,0.5,1.0,0.0,4.0,5.0,1.79,Byrte_G1,Byrte,6.9,20.0,20.0,135.0,135.0,1,32.999,0.60917485,1.8,33.97,32.999,1.8,33.97,0
1,2015-01-01 00:00:00+00:00,83,2015-01-04 11:00:00+00:00,28.24,0.0,0.0,0.0,0.3,0.5,1.0,0.0,4.0,5.0,1.77,Byrte_G1,Byrte,6.9,20.0,20.0,135.0,135.0,1,32.999,0.60917485,1.79,33.97,32.999,1.79,33.97,0
1,2015-01-01 00:00:00+00:00,84,2015-01-04 12:00:00+00:00,28.27,0.0,0.0,0.0,0.3,0.5,1.0,0.0,4.0,5.0,1.74,Byrte_G1,Byrte,6.9,20.0,20.0,135.0,135.0,1,32.999,0.60917485,1.76,33.97,32.999,1.76,33.97,0
1,2015-01-01 00:00:00+00:00,85,2015-01-04 13:00:00+00:00,28.32,0.0,0.0,0.0,0.3,0.5,1.0,0.0,4.0,5.0,1.72,Byrte_G1,Byrte,6.9,20.0,20.0,135.0,135.0,1,32.999,0.60917485,1.73,33.97,32.999,1.73,33.97,0
1,2015-01-01 00:00:00+00:00,86,2015-01-04 14:00:00+00:00,28.37,0.0,0.0,0.0,0.3,0.5,1.0,0.0,4.0,5.0,1.7,Byrte_G1,Byrte,6.9,20.0,20.0,135.0,135.0,1,32.999,0.60917485,1.72,33.97,32.999,1.72,33.97,0
1,2015-01-01 00:00:00+00:00,87,2015-01-04 15:00:00+00:00,28.65,0.0,0.0,0.0,0.3,0.5,1.0,0.0,4.0,5.0,1.68,Byrte_G1,Byrte,6.9,20.0,20.0,135.0,135.0,1,32.999,0.60917485,1.7,33.97,32.999,1.7,33.97,0
1,2015-01-01 00:00:00+00:00,88,2015-01-04 16:00:00+00:00,28.98,0.0,0.0,0.0,0.3,0.5,1.0,0.0,4.0,5.0,1.68,Byrte_G1,Byrte,6.9,20.0,20.0,135.0,135.0,1,32.999,0.60917485,1.7,33.97,32.999,1.7,33.97,0
1,2015-01-01 00:00:00+00:00,89,2015-01-04 17:00:00+00:00,29.54,0.0,0.0,0.0,0.3,0.5,1.0,0.0,4.0,5.0,1.65,Byrte_G1,Byrte,6.9,20.0,20.0,135.0,135.0,1,32.999,0.60917485,1.67,33.97,32.999,1.67,33.97,0
1,2015-01-01 00:00:00+00:00,90,2015-01-04 18:00:00+00:00,29.42,0.0,0.0,0.0,0.3,0.5,1.0,0.0,4.0,5.0,1.64,Byrte_G1,Byrte,6.9,20.0,20.0,135.0,135.0,1,32.999,0.60917485,1.66,33.97,32.999,1.66,33.97,0
1,2015-01-01 00:00:00+00:00,91,2015-01-04 19:00:00+00:00,28.92,0.0,0.0,0.0,0.3,0.5,1.0,0.0,4.0,5.0,1.63,Byrte_G1,Byrte,6.9,20.0,20.0,135.0,135.0,1,32.999,0.60917485,1.65,33.97,32.999,1.65,33.97,0
1,2015-01-01 00:00:00+00:00,92,2015-01-04 20:00:00+00:00,28.66,0.0,0.0,0.0,0.3,0.5,1.0,0.0,4.0,5.0,1.6,Byrte_G1,Byrte,6.9,20.0,20.0,135.0,135.0,1,32.999,0.60917485,1.62,33.97,32.999,1.62,33.97,0
1,2015-01-01 00:00:00+00:00,93,2015-01-04 21:00:00+00:00,28.69,0.0,0.0,0.0,0.3,0.5,1.0,0.0,4.0,5.0,1.59,Byrte_G1,Byrte,6.9,20.0,20.0,135.0,135.0,1,32.999,0.60917485,1.6,33.97,32.999,1.6,33.97,0
1,2015-01-01 00:00:00+00:00,94,2015-01-04 22:00:00+00:00,28.02,0.0,0.0,0.0,0.3,0.5,1.0,0.0,4.0,5.0,1.58,Byrte_G1,Byrte,6.9,20.0,20.0,135.0,135.0,1,32.999,0.60917485,1.59,33.97,32.999,1.59,33.97,0
1,2015-01-01 00:00:00+00:00,95,2015-01-04 23:00:00+00:00,28.19,0.0,0.0,0.0,0.3,0.5,1.0,0.0,4.0,5.0,1.57,Byrte_G1,Byrte,6.9,20.0,20.0,135.0,135.0,1,32.999,0.60917485,1.59,33.97,32.999,1.59,33.97,0
1,2015-01-01 00:00:00+00:00,96,2015-01-05 00:00:00+00:00,28.15,0.0,0.0,0.0,0.3,0.5,1.0,0.0,4.0,5.0,1.56,Byrte_G1,Byrte,6.9,20.0,20.0,135.0,135.0,1,32.999,0.60917485,1.58,33.97,32.999,1.58,33.97,0
1,2015-01-01 00:00:00+00:00,97,2015-01-05 01:00:00+00:00,28.13,0.0,0.0,0.0,0.3,0.5,1.0,0.0,4.0,5.0,1.54,Byrte_G1,Byrte,6.9,20.0,20.0,135.0,135.0,1,32.999,0.60917485,1.56,33.97,32.999,1.56,33.97,0
1,2015-01-01 00:00:00+00:00,98,2015-01-05 02:00:00+00:00,28.05,0.0,0.0,0.0,0.3,0.5,1.0,0.0,4.0,5.0,1.53,Byrte_G1,Byrte,6.9,20.0,20.0,135.0,135.0,1,32.999,0.60917485,1.54,33.97,32.999,1.54,33.97,0
1,2015-01-01 00:00:00+00:00,99,2015-01-05 03:00:00+00:00,28.04,0.0,0.0,0.0,0.3,0.5,1.0,0.0,4.0,5.0,1.52,Byrte_G1,Byrte,6.9,20.0,20.0,135.0,135.0,1,32.999,0.60917485,1.53,33.97,32.999,1.53,33.97,0
1,2015-01-01 00:00:00+00:00,100,2015-01-05 04:00:00+00:00,28.46,0.0,0.0,0.0,0.3,0.5,1.0,0.0,4.0,5.0,1.51,Byrte_G1,Byrte,6.9,20.0,20.0,135.0,135.0,1,32.999,0.60917485,1.53,33.97,32.999,1.53,33.97,0
1,2015-01-01 00:00:00+00:00,101,2015-01-05 05:00:00+00:00,28.78,0.0,0.0,0.0,0.3,0.5,1.0,0.0,4.0,5.0,1.5,Byrte_G1,Byrte,6.9,20.0,20.0,135.0,135.0,1,32.999,0.60917485,1.52,33.97,32.999,1.52,33.97,0
1,2015-01-01 00:00:00+00:00,102,2015-01-05 06:00:00+00:00,30.99,0.0,0.0,0.0,0.3,0.5,1.0,0.0,4.0,5.0,1.48,Byrte_G1,Byrte,6.9,20.0,20.0,135.0,135.0,1,32.999,0.60917485,1.49,33.97,32.999,1.49,33.97,0
1,2015-01-01 00:00:00+00:00,103,2015-01-05 07:00:00+00:00,38.15,0.0,0.0,0.0,0.3,0.5,1.0,0.0,4.0,5.0,1.47,Byrte_G1,Byrte,6.9,20.0,20.0,135.0,135.0,1,32.999,0.60917485,1.49,33.97,32.999,1.49,33.97,1
1,2015-01-01 00:00:00+00:00,104,2015-01-05 08:00:00+00:00,41.51,0.0,0.0,0.0,0.3,0.5,1.0,0.0,4.0,5.0,1.46,Byrte_G1,Byrte,6.9,20.0,20.0,135.0,135.0,1,32.999,0.60917485,1.48,33.97,32.999,1.48,33.97,1
1,2015-01-01 00:00:00+00:00,105,2015-01-05 09:00:00+00:00,40.46,0.0,0.0,0.0,0.3,0.5,1.0,0.0,4.0,5.0,1.46,Byrte_G1,Byrte,6.9,20.0,20.0,135.0,135.0,1,32.999,0.60917485,1.47,33.97,32.999,1.47,33.97,1
1,2015-01-01 00:00:00+00:00,106,2015-01-05 10:00:00+00:00,40.97,0.0,0.0,0.0,0.3,0.5,1.0,0.0,4.0,5.0,1.45,Byrte_G1,Byrte,6.9,20.0,20.0,135.0,135.0,1,32.999,0.60917485,1.47,33.97,32.999,1.47,33.97,1
1,2015-01-01 00:00:00+00:00,107,2015-01-05 11:00:00+00:00,38.66,0.0,0.0,0.0,0.3,0.5,1.0,0.0,4.0,5.0,1.45,Byrte_G1,Byrte,6.9,20.0,20.0,135.0,135.0,1,32.999,0.60917485,1.47,33.97,32.999,1.47,33.97,1
1,2015-01-01 00:00:00+00:00,108,2015-01-05 12:00:00+00:00,36.44,0.0,0.0,0.0,0.3,0.5,1.0,0.0,4.0,5.0,1.45,Byrte_G1,Byrte,6.9,20.0,20.0,135.0,135.0,1,32.999,0.60917485,1.47,33.97,32.999,1.47,33.97,1
1,2015-01-01 00:00:00+00:00,109,2015-01-05 13:00:00+00:00,37.74,0.0,0.0,0.0,0.3,0.5,1.0,0.0,4.0,5.0,1.45,Byrte_G1,Byrte,6.9,20.0,20.0,135.0,135.0,1,32.999,0.60917485,1.47,33.97,32.999,1.47,33.97,1
1,2015-01-01 00:00:00+00:00,110,2015-01-05 14:00:00+00:00,43.1,0.0,0.0,0.0,0.3,0.5,1.0,0.0,4.0,5.0,1.45,Byrte_G1,Byrte,6.9,20.0,20.0,135.0,135.0,1,32.999,0.60917485,1.47,33.97,32.999,1.47,33.97,1
1,2015-01-01 00:00:00+00:00,111,2015-01-05 15:00:00+00:00,46.7,0.0,0.0,0.0,0.3,0.5,1.0,0.0,4.0,5.0,1.44,Byrte_G1,Byrte,6.9,20.0,20.0,135.0,135.0,1,32.999,0.60917485,1.45,33.97,32.999,1.45,33.97,1
1,2015-01-01 00:00:00+00:00,112,2015-01-05 16:00:00+00:00,56.78,0.0,0.0,0.0,0.3,0.5,1.0,0.0,4.0,5.0,1.44,Byrte_G1,Byrte,6.9,20.0,20.0,135.0,135.0,1,32.999,0.60917485,1.45,33.97,32.999,1.45,33.97,1
1,2015-01-01 00:00:00+00:00,113,2015-01-05 17:00:00+00:00,36.49,0.0,0.0,0.0,0.3,0.5,1.0,0.0,4.0,5.0,1.45,Byrte_G1,Byrte,6.9,20.0,20.0,135.0,135.0,1,32.999,0.60917485,1.47,33.97,32.999,1.47,33.97,1
1,2015-01-01 00:00:00+00:00,114,2015-01-05 18:00:00+00:00,32.43,0.0,0.0,0.0,0.3,0.5,1.0,0.0,4.0,5.0,1.44,Byrte_G1,Byrte,6.9,20.0,20.0,135.0,135.0,1,32.999,0.60917485,1.45,33.97,32.999,1.45,33.97,0
1,2015-01-01 00:00:00+00:00,115,2015-01-05 19:00:00+00:00,31.39,0.0,0.0,0.0,0.3,0.5,1.0,0.0,4.0,5.0,1.43,Byrte_G1,Byrte,6.9,20.0,20.0,135.0,135.0,1,32.999,0.60917485,1.45,33.97,32.999,1.45,33.97,0
1,2015-01-01 00:00:00+00:00,116,2015-01-05 20:00:00+00:00,30.29,0.0,0.0,0.0,0.3,0.5,1.0,0.0,4.0,5.0,1.43,Byrte_G1,Byrte,6.9,20.0,20.0,135.0,135.0,1,32.999,0.60917485,1.44,33.97,32.999,1.44,33.97,0
1,2015-01-01 00:00:00+00:00,117,2015-01-05 21:00:00+00:00,29.43,0.0,0.0,0.0,0.3,0.5,1.0,0.0,4.0,5.0,1.43,Byrte_G1,Byrte,6.9,20.0,20.0,135.0,135.0,1,32.999,0.60917485,1.45,33.97,32.999,1.45,33.97,0
1,2015-01-01 00:00:00+00:00,118,2015-01-05 22:00:00+00:00,29.09,0.0,0.0,0.0,0.3,0.5,1.0,0.0,4.0,5.0,1.44,Byrte_G1,Byrte,6.9,20.0,20.0,135.0,135.0,1,32.999,0.60917485,1.45,33.97,32.999,1.45,33.97,0
1,2015-01-01 00:00:00+00:00,119,2015-01-05 23:00:00+00:00,28.08,0.0,0.0,0.0,0.3,0.5,1.0,0.0,4.0,5.0,1.44,Byrte_G1,Byrte,6.9,20.0,20.0,135.0,135.0,1,32.999,0.60917485,1.45,33.97,32.999,1.45,33.97,0
1,2015-01-01 00:00:00+00:00,120,2015-01-06 00:00:00+00:00,27.94,0.0,0.0,0.0,0.3,0.5,1.0,0.0,4.0,5.0,1.44,Byrte_G1,Byrte,6.9,20.0,20.0,135.0,135.0,1,32.999,0.60917485,1.45,33.97,32.999,1.45,33.97,0
1,2015-01-01 00:00:00+00:00,121,2015-01-06 01:00:00+00:00,27.91,0.0,0.0,0.0,0.3,0.5,1.0,0.0,4.0,5.0,1.44,Byrte_G1,Byrte,6.9,20.0,20.0,135.0,135.0,1,32.999,0.60917485,1.45,33.97,32.999,1.45,33.97,0
1,2015-01-01 00:00:00+00:00,122,2015-01-06 02:00:00+00:00,27.89,0.0,0.0,0.0,0.3,0.5,1.0,0.0,4.0,5.0,1.44,Byrte_G1,Byrte,6.9,20.0,20.0,135.0,135.0,1,32.999,0.60917485,1.45,33.97,32.999,1.45,33.97,0
1,2015-01-01 00:00:00+00:00,123,2015-01-06 03:00:00+00:00,27.89,0.0,0.0,0.0,0.3,0.5,1.0,0.0,4.0,5.0,1.44,Byrte_G1,Byrte,6.9,20.0,20.0,135.0,135.0,1,32.999,0.60917485,1.45,33.97,32.999,1.45,33.97,0
1,2015-01-01 00:00:00+00:00,124,2015-01-06 04:00:00+00:00,28.01,0.0,0.0,0.0,0.3,0.5,1.0,0.0,4.0,5.0,1.44,Byrte_G1,Byrte,6.9,20.0,20.0,135.0,135.0,1,32.999,0.60917485,1.45,33.97,32.999,1.45,33.97,0
1,2015-01-01 00:00:00+00:00,125,2015-01-06 05:00:00+00:00,28.73,0.0,0.0,0.0,0.3,0.5,1.0,0.0,4.0,5.0,1.44,Byrte_G1,Byrte,6.9,20.0,20.0,135.0,135.0,1,32.999,0.60917485,1.45,33.97,32.999,1.45,33.97,0
1,2015-01-01 00:00:00+00:00,126,2015-01-06 06:00:00+00:00,30.03,0.0,0.0,0.0,0.3,0.5,1.0,0.0,4.0,5.0,1.43,Byrte_G1,Byrte,6.9,20.0,20.0,135.0,135.0,1,32.999,0.60917485,1.45,33.97,32.999,1.45,33.97,0
1,2015-01-01 00:00:00+00:00,127,2015-01-06 07:00:00+00:00,30.5,0.0,0.0,0.0,0.3,0.5,1.0,0.0,4.0,5.0,1.42,Byrte_G1,Byrte,6.9,20.0,20.0,135.0,135.0,1,32.999,0.60917485,1.44,33.97,32.999,1.44,33.97,0
1,2015-01-01 00:00:00+00:00,128,2015-01-06 08:00:00+00:00,30.35,0.0,0.0,0.0,0.3,0.5,1.0,0.0,4.0,5.0,1.42,Byrte_G1,Byrte,6.9,20.0,20.0,135.0,135.0,1,32.999,0.60917485,1.43,33.97,32.999,1.43,33.97,0
1,2015-01-01 00:00:00+00:00,129,2015-01-06 09:00:00+00:00,30.53,0.0,0.0,0.0,0.3,0.5,1.0,0.0,4.0,5.0,1.42,Byrte_G1,Byrte,6.9,20.0,20.0,135.0,135.0,1,32.999,0.60917485,1.44,33.97,32.999,1.44,33.97,0
1,2015-01-01 00:00:00+00:00,130,2015-01-06 10:00:00+00:00,29.91,0.0,0.0,0.0,0.3,0.5,1.0,0.0,4.0,5.0,1.43,Byrte_G1,Byrte,6.9,20.0,20.0,135.0,135.0,1,32.999,0.60917485,1.45,33.97,32.999,1.45,33.97,0
1,2015-01-01 00:00:00+00:00,131,2015-01-06 11:00:00+00:00,29.62,0.0,0.0,0.0,0.3,0.5,1.0,0.0,4.0,5.0,1.41,Byrte_G1,Byrte,6.9,20.0,20.0,135.0,135.0,1,32.999,0.60917485,1.43,33.97,32.999,1.43,33.97,0
1,2015-01-01 00:00:00+00:00,132,2015-01-06 12:00:00+00:00,29.58,0.0,0.0,0.0,0.3,0.5,1.0,0.0,4.0,5.0,1.4,Byrte_G1,Byrte,6.9,20.0,20.0,135.0,135.0,1,32.999,0.60917485,1.42,33.97,32.999,1.42,33.97,0
1,2015-01-01 00:00:00+00:00,133,2015-01-06 13:00:00+00:00,29.57,0.0,0.0,0.0,0.3,0.5,1.0,0.0,4.0,5.0,1.41,Byrte_G1,Byrte,6.9,20.0,20.0,135.0,135.0,1,32.999,0.60917485,1.42,33.97,32.999,1.42,33.97,0
1,2015-01-01 00:00:00+00:00,134,2015-01-06 14:00:00+00:00,29.62,0.0,0.0,0.0,0.3,0.5,1.0,0.0,4.0,5.0,1.41,Byrte_G1,Byrte,6.9,20.0,20.0,135.0,135.0,1,32.999,0.60917485,1.42,33.97,32.999,1.42,33.97,0
1,2015-01-01 00:00:00+00:00,135,2015-01-06 15:00:00+00:00,29.99,0.0,0.0,0.0,0.3,0.5,1.0,0.0,4.0,5.0,1.41,Byrte_G1,Byrte,6.9,20.0,20.0,135.0,135.0,1,32.999,0.60917485,1.42,33.97,32.999,1.42,33.97,0
1,2015-01-01 00:00:00+00:00,136,2015-01-06 16:00:00+00:00,29.65,0.0,0.0,0.0,0.3,0.5,1.0,0.0,4.0,5.0,1.41,Byrte_G1,Byrte,6.9,20.0,20.0,135.0,135.0,1,32.999,0.60917485,1.42,33.97,32.999,1.42,33.97,0
1,2015-01-01 00:00:00+00:00,137,2015-01-06 17:00:00+00:00,29.58,0.0,0.0,0.0,0.3,0.5,1.0,0.0,4.0,5.0,1.4,Byrte_G1,Byrte,6.9,20.0,20.0,135.0,135.0,1,32.999,0.60917485,1.41,33.97,32.999,1.41,33.97,0
1,2015-01-01 00:00:00+00:00,138,2015-01-06 18:00:00+00:00,29.0,0.0,0.0,0.0,0.3,0.5,1.0,0.0,4.0,5.0,1.4,Byrte_G1,Byrte,6.9,20.0,20.0,135.0,135.0,1,32.999,0.60917485,1.41,33.97,32.999,1.41,33.97,0
1,2015-01-01 00:00:00+00:00,139,2015-01-06 19:00:00+00:00,28.45,0.0,0.0,0.0,0.3,0.5,1.0,0.0,4.0,5.0,1.4,Byrte_G1,Byrte,6.9,20.0,20.0,135.0,135.0,1,32.999,0.60917485,1.41,33.97,32.999,1.41,33.97,0
1,2015-01-01 00:00:00+00:00,140,2015-01-06 20:00:00+00:00,28.15,0.0,0.0,0.0,0.3,0.5,1.0,0.0,4.0,5.0,1.38,Byrte_G1,Byrte,6.9,20.0,20.0,135.0,135.0,1,32.999,0.60917485,1.4,33.97,32.999,1.4,33.97,0
1,2015-01-01 00:00:00+00:00,141,2015-01-06 21:00:00+00:00,27.73,0.0,0.0,0.0,0.3,0.5,1.0,0.0,4.0,5.0,1.4,Byrte_G1,Byrte,6.9,20.0,20.0,135.0,135.0,1,32.999,0.60917485,1.42,33.97,32.999,1.42,33.97,0
1,2015-01-01 00:00:00+00:00,142,2015-01-06 22:00:00+00:00,27.32,0.0,0.0,0.0,0.3,0.5,1.0,0.0,4.0,5.0,1.39,Byrte_G1,Byrte,6.9,20.0,20.0,135.0,135.0,1,32.999,0.60917485,1.41,33.97,32.999,1.41,33.97,0
1,2015-01-01 00:00:00+00:00,143,2015-01-06 23:00:00+00:00,26.35,0.0,0.0,0.0,0.3,0.5,1.0,0.0,4.0,5.0,1.31,Byrte_G1,Byrte,6.9,20.0,20.0,135.0,135.0,1,32.999,0.60917485,1.32,33.97,32.999,1.32,33.97,0
1,2015-01-01 00:00:00+00:00,144,2015-01-07 00:00:00+00:00,26.08,0.0,0.0,0.0,0.3,0.5,1.0,0.0,4.0,5.0,1.29,Byrte_G1,Byrte,6.9,20.0,20.0,135.0,135.0,1,32.999,0.60917485,1.31,33.97,32.999,1.31,33.97,0
1,2015-01-01 00:00:00+00:00,145,2015-01-07 01:00:00+00:00,26.03,0.0,0.0,0.0,0.3,0.5,1.0,0.0,4.0,5.0,1.29,Byrte_G1,Byrte,6.9,20.0,20.0,135.0,135.0,1,32.999,0.60917485,1.3,33.97,32.999,1.3,33.97,0
1,2015-01-01 00:00:00+00:00,146,2015-01-07 02:00:00+00:00,26.17,0.0,0.0,0.0,0.3,0.5,1.0,0.0,4.0,5.0,1.27,Byrte_G1,Byrte,6.9,20.0,20.0,135.0,135.0,1,32.999,0.60917485,1.28,33.97,32.999,1.28,33.97,0
1,2015-01-01 00:00:00+00:00,147,2015-01-07 03:00:00+00:00,26.74,0.0,0.0,0.0,0.3,0.5,1.0,0.0,4.0,5.0,1.27,Byrte_G1,Byrte,6.9,20.0,20.0,135.0,135.0,1,32.999,0.60917485,1.28,33.97,32.999,1.28,33.97,0
1,2015-01-01 00:00:00+00:00,148,2015-01-07 04:00:00+00:00,27.78,0.0,0.0,0.0,0.3,0.5,1.0,0.0,4.0,5.0,1.27,Byrte_G1,Byrte,6.9,20.0,20.0,135.0,135.0,1,32.999,0.60917485,1.28,33.97,32.999,1.28,33.97,0
1,2015-01-01 00:00:00+00:00,149,2015-01-07 05:00:00+00:00,28.48,0.0,0.0,0.0,0.3,0.5,1.0,0.0,4.0,5.0,1.27,Byrte_G1,Byrte,6.9,20.0,20.0,135.0,135.0,1,32.999,0.60917485,1.28,33.97,32.999,1.28,33.97,0
1,2015-01-01 00:00:00+00:00,150,2015-01-07 06:00:00+00:00,31.53,0.0,0.0,0.0,0.3,0.5,1.0,0.0,4.0,5.0,1.27,Byrte_G1,Byrte,6.9,20.0,20.0,135.0,135.0,1,32.999,0.60917485,1.28,33.97,32.999,1.28,33.97,0
1,2015-01-01 00:00:00+00:00,151,2015-01-07 07:00:00+00:00,32.54,0.0,0.0,0.0,0.3,0.5,1.0,0.0,4.0,5.0,1.27,Byrte_G1,Byrte,6.9,20.0,20.0,135.0,135.0,1,32.999,0.60917485,1.28,33.97,32.999,1.28,33.97,0
1,2015-01-01 00:00:00+00:00,152,2015-01-07 08:00:00+00:00,32.24,0.0,0.0,0.0,0.3,0.5,1.0,0.0,4.0,5.0,1.26,Byrte_G1,Byrte,6.9,20.0,20.0,135.0,135.0,1,32.999,0.60917485,1.28,33.97,32.999,1.28,33.97,0
1,2015-01-01 00:00:00+00:00,153,2015-01-07 09:00:00+00:00,31.96,0.0,0.0,0.0,0.3,0.5,1.0,0.0,4.0,5.0,1.25,Byrte_G1,Byrte,6.9,20.0,20.0,135.0,135.0,1,32.999,0.60917485,1.26,33.97,32.999,1.26,33.97,0
1,2015-01-01 00:00:00+00:00,154,2015-01-07 10:00:00+00:00,31.66,0.0,0.0,0.0,0.3,0.5,1.0,0.0,4.0,5.0,1.25,Byrte_G1,Byrte,6.9,20.0,20.0,135.0,135.0,1,32.999,0.60917485,1.26,33.97,32.999,1.26,33.97,0
1,2015-01-01 00:00:00+00:00,155,2015-01-07 11:00:00+00:00,30.97,0.0,0.0,0.0,0.3,0.5,1.0,0.0,4.0,5.0,1.25,Byrte_G1,Byrte,6.9,20.0,20.0,135.0,135.0,1,32.999,0.60917485,1.26,33.97,32.999,1.26,33.97,0
1,2015-01-01 00:00:00+00:00,156,2015-01-07 12:00:00+00:00,30.65,0.0,0.0,0.0,0.3,0.5,1.0,0.0,4.0,5.0,1.25,Byrte_G1,Byrte,6.9,20.0,20.0,135.0,135.0,1,32.999,0.60917485,1.26,33.97,32.999,1.26,33.97,0
1,2015-01-01 00:00:00+00:00,157,2015-01-07 13:00:00+00:00,30.31,0.0,0.0,0.0,0.3,0.5,1.0,0.0,4.0,5.0,1.23,Byrte_G1,Byrte,6.9,20.0,20.0,135.0,135.0,1,32.999,0.60917485,1.25,33.97,32.999,1.25,33.97,0
1,2015-01-01 00:00:00+00:00,158,2015-01-07 14:00:00+00:00,29.79,0.0,0.0,0.0,0.3,0.5,1.0,0.0,4.0,5.0,1.23,Byrte_G1,Byrte,6.9,20.0,20.0,135.0,135.0,1,32.999,0.60917485,1.24,33.97,32.999,1.24,33.97,0
1,2015-01-01 00:00:00+00:00,159,2015-01-07 15:00:00+00:00,30.72,0.0,0.0,0.0,0.3,0.5,1.0,0.0,4.0,5.0,1.21,Byrte_G1,Byrte,6.9,20.0,20.0,135.0,135.0,1,32.999,0.60917485,1.22,33.97,32.999,1.22,33.97,0
1,2015-01-01 00:00:00+00:00,160,2015-01-07 16:00:00+00:00,29.56,0.0,0.0,0.0,0.3,0.5,1.0,0.0,4.0,5.0,1.2,Byrte_G1,Byrte,6.9,20.0,20.0,135.0,135.0,1,32.999,0.60917485,1.22,33.97,32.999,1.22,33.97,0
1,2015-01-01 00:00:00+00:00,161,2015-01-07 17:00:00+00:00,28.84,0.0,0.0,0.0,0.3,0.5,1.0,0.0,4.0,5.0,1.2,Byrte_G1,Byrte,6.9,20.0,20.0,135.0,135.0,1,32.999,0.60917485,1.22,33.97,32.999,1.22,33.97,0
1,2015-01-01 00:00:00+00:00,162,2015-01-07 18:00:00+00:00,28.2,0.0,0.0,0.0,0.3,0.5,1.0,0.0,4.0,5.0,1.2,Byrte_G1,Byrte,6.9,20.0,20.0,135.0,135.0,1,32.999,0.60917485,1.22,33.97,32.999,1.22,33.97,0
1,2015-01-01 00:00:00+00:00,163,2015-01-07 19:00:00+00:00,27.75,0.0,0.0,0.0,0.3,0.5,1.0,0.0,4.0,5.0,1.2,Byrte_G1,Byrte,6.9,20.0,20.0,135.0,135.0,1,32.999,0.60917485,1.22,33.97,32.999,1.22,33.97,0
1,2015-01-01 00:00:00+00:00,164,2015-01-07 20:00:00+00:00,27.42,0.0,0.0,0.0,0.3,0.5,1.0,0.0,4.0,5.0,1.21,Byrte_G1,Byrte,6.9,20.0,20.0,135.0,135.0,1,32.999,0.60917485,1.22,33.97,32.999,1.22,33.97,0
1,2015-01-01 00:00:00+00:00,165,2015-01-07 21:00:00+00:00,26.68,0.0,0.0,0.0,0.3,0.5,1.0,0.0,4.0,5.0,1.22,Byrte_G1,Byrte,6.9,20.0,20.0,135.0,135.0,1,32.999,0.60917485,1.24,33.97,32.999,1.24,33.97,0
1,2015-01-01 00:00:00+00:00,166,2015-01-07 22:00:00+00:00,26.15,0.0,0.0,0.0,0.3,0.5,1.0,0.0,4.0,5.0,1.21,Byrte_G1,Byrte,6.9,20.0,20.0,135.0,135.0,1,32.999,0.60917485,1.22,33.97,32.999,1.22,33.97,0
1,2015-01-01 00:00:00+00:00,167,2015-01-07 23:00:00+00:00,26.04,0.0,0.0,0.0,0.3,0.5,1.0,0.0,4.0,5.0,1.19,Byrte_G1,Byrte,6.9,20.0,20.0,135.0,135.0,1,32.999,0.60917485,1.2,33.97,32.999,1.2,33.97,0
1,2015-01-01 00:00:00+00:00,0,2015-01-01 00:00:00+00:00,27.07,0.0,0.0,0.0,0.3,0.5,1.0,0.0,4.0,5.0,1.01,Vinje_G1,Vinje,34.4,100.0,100.0,198.0,198.0,1,9.796,0.3738931,0.25,25.3,1157.897,18.98,27.814562,1
1,2015-01-01 00:00:00+00:00,1,2015-01-01 01:00:00+00:00,26.93,0.0,0.0,0.0,0.3,0.5,1.0,0.0,4.0,5.0,1.0,Vinje_G1,Vinje,34.4,100.0,100.0,198.0,198.0,1,9.796,0.3738931,0.25,25.3,1157.897,18.91,27.814562,1
1,2015-01-01 00:00:00+00:00,2,2015-01-01 02:00:00+00:00,26.83,0.0,0.0,0.0,0.3,0.5,1.0,0.0,4.0,5.0,1.01,Vinje_G1,Vinje,34.4,100.0,100.0,198.0,198.0,1,9.796,0.3738931,0.25,25.3,1157.897,18.8,27.814562,1
1,2015-01-01 00:00:00+00:00,3,2015-01-01 03:00:00+00:00,26.81,0.0,0.0,0.0,0.3,0.5,1.0,0.0,4.0,5.0,1.0,Vinje_G1,Vinje,34.4,100.0,100.0,198.0,198.0,1,9.796,0.3738931,0.25,25.3,1157.897,18.8,27.814562,1
1,2015-01-01 00:00:00+00:00,4,2015-01-01 04:00:00+00:00,26.97,0.0,0.0,0.0,0.3,0.5,1.0,0.0,4.0,5.0,0.99,Vinje_G1,Vinje,34.4,100.0,100.0,198.0,198.0,1,9.796,0.3738931,0.25,25.3,1157.897,18.72,27.814562,1
1,2015-01-01 00:00:00+00:00,5,2015-01-01 05:00:00+00:00,27.07,0.0,0.0,0.0,0.3,0.5,1.0,0.0,4.0,5.0,1.0,Vinje_G1,Vinje,34.4,100.0,100.0,198.0,198.0,1,9.796,0.3738931,0.25,25.3,1157.897,18.710001,27.814562,1
1,2015-01-01 00:00:00+00:00,6,2015-01-01 06:00:00+00:00,26.8,0.0,0.0,0.0,0.3,0.5,1.0,0.0,4.0,5.0,1.0,Vinje_G1,Vinje,34.4,100.0,100.0,198.0,198.0,1,9.796,0.3738931,0.25,25.3,1157.897,18.650002,27.814562,1
1,2015-01-01 00:00:00+00:00,7,2015-01-01 07:00:00+00:00,26.97,0.0,0.0,0.0,0.3,0.5,1.0,0.0,4.0,5.0,1.0,Vinje_G1,Vinje,34.4,100.0,100.0,198.0,198.0,1,9.796,0.3738931,0.25,25.3,1157.897,18.67,27.814562,1
1,2015-01-01 00:00:00+00:00,8,2015-01-01 08:00:00+00:00,26.98,0.0,0.0,0.0,0.3,0.5,1.0,0.0,4.0,5.0,1.0,Vinje_G1,Vinje,34.4,100.0,100.0,198.0,198.0,1,9.796,0.3738931,0.25,25.3,1157.897,18.730001,27.814562,1
1,2015-01-01 00:00:00+00:00,9,2015-01-01 09:00:00+00:00,27.06,0.0,0.0,0.0,0.3,0.5,1.0,0.0,4.0,5.0,1.0,Vinje_G1,Vinje,34.4,100.0,100.0,198.0,198.0,1,9.796,0.3738931,0.25,25.3,1157.897,18.61,27.814562,1
1,2015-01-01 00:00:00+00:00,10,2015-01-01 10:00:00+00:00,27.13,0.0,0.0,0.0,0.3,0.5,1.0,0.0,4.0,5.0,1.02,Vinje_G1,Vinje,34.4,100.0,100.0,198.0,198.0,1,9.796,0.3738931,0.25,25.3,1157.897,18.66,27.814562,1
1,2015-01-01 00:00:00+00:00,11,2015-01-01 11:00:00+00:00,27.09,0.0,0.0,0.0,0.3,0.5,1.0,0.0,4.0,5.0,1.01,Vinje_G1,Vinje,34.4,100.0,100.0,198.0,198.0,1,9.796,0.3738931,0.25,25.3,1157.897,18.62,27.814562,1
1,2015-01-01 00:00:00+00:00,12,2015-01-01 12:00:00+00:00,27.01,0.0,0.0,0.0,0.3,0.5,1.0,0.0,4.0,5.0,1.03,Vinje_G1,Vinje,34.4,100.0,100.0,198.0,198.0,1,9.796,0.3738931,0.25,25.3,1157.897,18.650002,27.814562,1
1,2015-01-01 00:00:00+00:00,13,2015-01-01 13:00:00+00:00,26.98,0.0,0.0,0.0,0.3,0.5,1.0,0.0,4.0,5.0,1.03,Vinje_G1,Vinje,34.4,100.0,100.0,198.0,198.0,1,9.796,0.3738931,0.25,25.3,1157.897,18.63,27.814562,1
1,2015-01-01 00:00:00+00:00,14,2015-01-01 14:00:00+00:00,27.51,0.0,0.0,0.0,0.3,0.5,1.0,0.0,4.0,5.0,1.06,Vinje_G1,Vinje,34.4,100.0,100.0,198.0,198.0,1,9.796,0.3738931,0.25,25.3,1157.897,18.74,27.814562,1
1,2015-01-01 00:00:00+00:00,15,2015-01-01 15:00:00+00:00,28.32,0.0,0.0,0.0,0.3,0.5,1.0,0.0,4.0,5.0,1.06,Vinje_G1,Vinje,34.4,100.0,100.0,198.0,198.0,1,9.796,0.3738931,0.25,25.3,1157.897,18.699999,27.814562,1
1,2015-01-01 00:00:00+00:00,16,2015-01-01 16:00:00+00:00,28.36,0.0,0.0,0.0,0.3,0.5,1.0,0.0,4.0,5.0,1.07,Vinje_G1,Vinje,34.4,100.0,100.0,198.0,198.0,1,9.796,0.3738931,0.26,25.3,1157.897,18.71,27.814562,1
1,2015-01-01 00:00:00+00:00,17,2015-01-01 17:00:00+00:00,28.18,0.0,0.0,0.0,0.3,0.5,1.0,0.0,4.0,5.0,1.1,Vinje_G1,Vinje,34.4,100.0,100.0,198.0,198.0,1,9.796,0.3738931,0.26,25.3,1157.897,18.74,27.814562,1
1,2015-01-01 00:00:00+00:00,18,2015-01-01 18:00:00+00:00,27.81,0.0,0.0,0.0,0.3,0.5,1.0,0.0,4.0,5.0,1.11,Vinje_G1,Vinje,34.4,100.0,100.0,198.0,198.0,1,9.796,0.3738931,0.26,25.3,1157.897,18.77,27.814562,1
1,2015-01-01 00:00:00+00:00,19,2015-01-01 19:00:00+00:00,27.46,0.0,0.0,0.0,0.3,0.5,1.0,0.0,4.0,5.0,1.12,Vinje_G1,Vinje,34.4,100.0,100.0,198.0,198.0,1,9.796,0.3738931,0.26,25.3,1157.897,18.789999,27.814562,1
1,2015-01-01 00:00:00+00:00,20,2015-01-01 20:00:00+00:00,27.06,0.0,0.0,0.0,0.3,0.5,1.0,0.0,4.0,5.0,1.13,Vinje_G1,Vinje,34.4,100.0,100.0,198.0,198.0,1,9.796,0.3738931,0.26,25.3,1157.897,18.93,27.814562,1
1,2015-01-01 00:00:00+00:00,21,2015-01-01 21:00:00+00:00,27.0,0.0,0.0,0.0,0.3,0.5,1.0,0.0,4.0,5.0,1.16,Vinje_G1,Vinje,34.4,100.0,100.0,198.0,198.0,1,9.796,0.3738931,0.26,25.3,1157.897,18.980001,27.814562,1
1,2015-01-01 00:00:00+00:00,22,2015-01-01 22:00:00+00:00,26.83,0.0,0.0,0.0,0.3,0.5,1.0,0.0,4.0,5.0,1.2,Vinje_G1,Vinje,34.4,100.0,100.0,198.0,198.0,1,9.796,0.3738931,0.26,25.3,1157.897,19.02,27.814562,1
1,2015-01-01 00:00:00+00:00,23,2015-01-01 23:00:00+00:00,26.71,0.0,0.0,0.0,0.3,0.5,1.0,0.0,4.0,5.0,1.24,Vinje_G1,Vinje,34.4,100.0,100.0,198.0,198.0,1,9.796,0.3738931,0.26,25.3,1157.897,19.18,27.814562,1
1,2015-01-01 00:00:00+00:00,24,2015-01-02 00:00:00+00:00,26.41,0.0,0.0,0.0,0.3,0.5,1.0,0.0,4.0,5.0,1.26,Vinje_G1,Vinje,34.4,100.0,100.0,198.0,198.0,1,9.796,0.3738931,0.26,25.3,1157.897,19.31,27.814562,1
1,2015-01-01 00:00:00+00:00,25,2015-01-02 01:00:00+00:00,26.2,0.0,0.0,0.0,0.3,0.5,1.0,0.0,4.0,5.0,1.3,Vinje_G1,Vinje,34.4,100.0,100.0,198.0,198.0,1,9.796,0.3738931,0.26,25.3,1157.897,19.52,27.814562,1
1,2015-01-01 00:00:00+00:00,26,2015-01-02 02:00:00+00:00,25.6,0.0,0.0,0.0,0.3,0.5,1.0,0.0,4.0,5.0,1.52,Vinje_G1,Vinje,34.4,100.0,100.0,198.0,198.0,1,9.796,0.3738931,0.27,25.3,1157.897,20.190002,27.814562,1
1,2015-01-01 00:00:00+00:00,27,2015-01-02 03:00:00+00:00,24.74,0.0,0.0,0.0,0.3,0.5,1.0,0.0,4.0,5.0,1.7,Vinje_G1,Vinje,34.4,100.0,100.0,198.0,198.0,1,9.796,0.3738931,0.27,25.3,1157.897,21.05,27.814562,1
1,2015-01-01 00:00:00+00:00,28,2015-01-02 04:00:00+00:00,26.1,0.0,0.0,0.0,0.3,0.5,1.0,0.0,4.0,5.0,1.75,Vinje_G1,Vinje,34.4,100.0,100.0,198.0,198.0,1,9.796,0.3738931,0.27,25.3,1157.897,21.02,27.814562,1
1,2015-01-01 00:00:00+00:00,29,2015-01-02 05:00:00+00:00,27.25,0.0,0.0,0.0,0.3,0.5,1.0,0.0,4.0,5.0,1.65,Vinje_G1,Vinje,34.4,100.0,100.0,198.0,198.0,1,9.796,0.3738931,0.26,25.3,1157.897,20.910002,27.814562,1
1,2015-01-01 00:00:00+00:00,30,2015-01-02 06:00:00+00:00,28.37,0.0,0.0,0.0,0.3,0.5,1.0,0.0,4.0,5.0,1.71,Vinje_G1,Vinje,34.4,100.0,100.0,198.0,198.0,1,9.796,0.3738931,0.26,25.3,1157.897,21.06,27.814562,1
1,2015-01-01 00:00:00+00:00,31,2015-01-02 07:00:00+00:00,28.37,0.0,0.0,0.0,0.3,0.5,1.0,0.0,4.0,5.0,1.92,Vinje_G1,Vinje,34.4,100.0,100.0,198.0,198.0,1,9.796,0.3738931,0.27,25.3,1157.897,21.43,27.814562,1
1,2015-01-01 00:00:00+00:00,32,2015-01-02 08:00:00+00:00,28.32,0.0,0.0,0.0,0.3,0.5,1.0,0.0,4.0,5.0,2.18,Vinje_G1,Vinje,34.4,100.0,100.0,198.0,198.0,1,9.796,0.3738931,0.27,25.3,1157.897,21.990002,27.814562,1
1,2015-01-01 00:00:00+00:00,33,2015-01-02 09:00:00+00:00,28.3,0.0,0.0,0.0,0.3,0.5,1.0,0.0,4.0,5.0,2.33,Vinje_G1,Vinje,34.4,100.0,100.0,198.0,198.0,1,9.796,0.3738931,0.27,25.3,1157.897,22.349998,27.814562,1
1,2015-01-01 00:00:00+00:00,34,2015-01-02 10:00:00+00:00,28.39,0.0,0.0,0.0,0.3,0.5,1.0,0.0,4.0,5.0,2.35,Vinje_G1,Vinje,34.4,100.0,100.0,198.0,198.0,1,9.796,0.3738931,0.27,25.3,1157.897,22.4,27.814562,1
1,2015-01-01 00:00:00+00:00,35,2015-01-02 11:00:00+00:00,28.3,0.0,0.0,0.0,0.3,0.5,1.0,0.0,4.0,5.0,2.3,Vinje_G1,Vinje,34.4,100.0,100.0,198.0,198.0,1,9.796,0.3738931,0.27,25.3,1157.897,22.33,27.814562,1
1,2015-01-01 00:00:00+00:00,36,2015-01-02 12:00:00+00:00,28.24,0.0,0.0,0.0,0.3,0.5,1.0,0.0,4.0,5.0,2.23,Vinje_G1,Vinje,34.4,100.0,100.0,198.0,198.0,1,9.796,0.3738931,0.27,25.3,1157.897,22.34,27.814562,1
1,2015-01-01 00:00:00+00:00,37,2015-01-02 13:00:00+00:00,28.12,0.0,0.0,0.0,0.3,0.5,1.0,0.0,4.0,5.0,2.2,Vinje_G1,Vinje,34.4,100.0,100.0,198.0,198.0,1,9.796,0.3738931,0.27,25.3,1157.897,22.270002,27.814562,1
1,2015-01-01 00:00:00+00:00,38,2015-01-02 14:00:00+00:00,28.23,0.0,0.0,0.0,0.3,0.5,1.0,0.0,4.0,5.0,2.17,Vinje_G1,Vinje,34.4,100.0,100.0,198.0,198.0,1,9.796,0.3738931,0.28,25.3,1157.897,22.300001,27.814562,1
1,2015-01-01 00:00:00+00:00,39,2015-01-02 15:00:00+00:00,28.59,0.0,0.0,0.0,0.3,0.5,1.0,0.0,4.0,5.0,2.14,Vinje_G1,Vinje,34.4,100.0,100.0,198.0,198.0,1,9.796,0.3738931,0.28,25.3,1157.897,22.43,27.814562,1
1,2015-01-01 00:00:00+00:00,40,2015-01-02 16:00:00+00:00,28.73,0.0,0.0,0.0,0.3,0.5,1.0,0.0,4.0,5.0,2.13,Vinje_G1,Vinje,34.4,100.0,100.0,198.0,198.0,1,9.796,0.3738931,0.29,25.3,1157.897,22.590002,27.814562,1
1,2015-01-01 00:00:00+00:00,41,2015-01-02 17:00:00+00:00,28.48,0.0,0.0,0.0,0.3,0.5,1.0,0.0,4.0,5.0,2.05,Vinje_G1,Vinje,34.4,100.0,100.0,198.0,198.0,1,9.796,0.3738931,0.29,25.3,1157.897,22.560001,27.814562,1
1,2015-01-01 00:00:00+00:00,42,2015-01-02 18:00:00+00:00,28.38,0.0,0.0,0.0,0.3,0.5,1.0,0.0,4.0,5.0,1.64,Vinje_G1,Vinje,34.4,100.0,100.0,198.0,198.0,1,9.796,0.3738931,0.29,25.3,1157.897,21.890001,27.814562,1
1,2015-01-01 00:00:00+00:00,43,2015-01-02 19:00:00+00:00,27.85,0.0,0.0,0.0,0.3,0.5,1.0,0.0,4.0,5.0,2.06,Vinje_G1,Vinje,34.4,100.0,100.0,198.0,198.0,1,9.796,0.3738931,0.29,25.3,1157.897,22.54,27.814562,1
1,2015-01-01 00:00:00+00:00,44,2015-01-02 20:00:00+00:00,27.45,0.0,0.0,0.0,0.3,0.5,1.0,0.0,4.0,5.0,2.2,Vinje_G1,Vinje,34.4,100.0,100.0,198.0,198.0,1,9.796,0.3738931,0.3,25.3,1157.897,22.8,27.814562,1
1,2015-01-01 00:00:00+00:00,45,2015-01-02 21:00:00+00:00,27.2,0.0,0.0,0.0,0.3,0.5,1.0,0.0,4.0,5.0,2.38,Vinje_G1,Vinje,34.4,100.0,100.0,198.0,198.0,1,9.796,0.3738931,0.3,25.3,1157.897,22.970001,27.814562,1
1,2015-01-01 00:00:00+00:00,46,2015-01-02 22:00:00+00:00,26.79,0.0,0.0,0.0,0.3,0.5,1.0,0.0,4.0,5.0,2.59,Vinje_G1,Vinje,34.4,100.0,100.0,198.0,198.0,1,9.796,0.3738931,0.3,25.3,1157.897,23.129997,27.814562,1
1,2015-01-01 00:00:00+00:00,47,2015-01-02 23:00:00+00:00,25.85,0.0,0.0,0.0,0.3,0.5,1.0,0.0,4.0,5.0,2.83,Vinje_G1,Vinje,34.4,100.0,100.0,198.0,198.0,1,9.796,0.3738931,0.31,25.3,1157.897,23.499998,27.814562,1
1,2015-01-01 00:00:00+00:00,48,2015-01-03 00:00:00+00:00,25.54,0.0,0.0,0.0,0.3,0.5,1.0,0.0,4.0,5.0,2.84,Vinje_G1,Vinje,34.4,100.0,100.0,198.0,198.0,1,9.796,0.3738931,0.32,25.3,1157.897,23.619999,27.814562,1
1,2015-01-01 00:00:00+00:00,49,2015-01-03 01:00:00+00:00,25.43,0.0,0.0,0.0,0.3,0.5,1.0,0.0,4.0,5.0,2.77,Vinje_G1,Vinje,34.4,100.0,100.0,198.0,198.0,1,9.796,0.3738931,0.32,25.3,1157.897,23.61,27.814562,1
1,2015-01-01 00:00:00+00:00,50,2015-01-03 02:00:00+00:00,25.34,0.0,0.0,0.0,0.3,0.5,1.0,0.0,4.0,5.0,2.86,Vinje_G1,Vinje,34.4,100.0,100.0,198.0,198.0,1,9.796,0.3738931,0.33,25.3,1157.897,23.67,27.814562,1
1,2015-01-01 00:00:00+00:00,51,2015-01-03 03:00:00+00:00,25.29,0.0,0.0,0.0,0.3,0.5,1.0,0.0,4.0,5.0,3.02,Vinje_G1,Vinje,34.4,100.0,100.0,198.0,198.0,1,9.796,0.3738931,0.33,25.3,1157.897,23.93,27.814562,1
1,2015-01-01 00:00:00+00:00,52,2015-01-03 04:00:00+00:00,25.3,0.0,0.0,0.0,0.3,0.5,1.0,0.0,4.0,5.0,3.13,Vinje_G1,Vinje,34.4,100.0,100.0,198.0,198.0,1,9.796,0.3738931,0.34,25.3,1157.897,24.130001,27.814562,1
1,2015-01-01 00:00:00+00:00,53,2015-01-03 05:00:00+00:00,25.55,0.0,0.0,0.0,0.3,0.5,1.0,0.0,4.0,5.0,3.16,Vinje_G1,Vinje,34.4,100.0,100.0,198.0,198.0,1,9.796,0.3738931,0.34,25.3,1157.897,24.25,27.814562,1
1,2015-01-01 00:00:00+00:00,54,2015-01-03 06:00:00+00:00,26.75,0.0,0.0,0.0,0.3,0.5,1.0,0.0,4.0,5.0,3.13,Vinje_G1,Vinje,34.4,100.0,100.0,198.0,198.0,1,9.796,0.3738931,0.34,25.3,1157.897,24.289999,27.814562,1
1,2015-01-01 00:00:00+00:00,55,2015-01-03 07:00:00+00:00,26.98,0.0,0.0,0.0,0.3,0.5,1.0,0.0,4.0,5.0,3.06,Vinje_G1,Vinje,34.4,100.0,100.0,198.0,198.0,1,9.796,0.3738931,0.34,25.3,1157.897,24.26,27.814562,1
1,2015-01-01 00:00:00+00:00,56,2015-01-03 08:00:00+00:00,27.52,0.0,0.0,0.0,0.3,0.5,1.0,0.0,4.0,5.0,3.01,Vinje_G1,Vinje,34.4,100.0,100.0,198.0,198.0,1,9.796,0.3738931,0.34,25.3,1157.897,24.289999,27.814562,1
1,2015-01-01 00:00:00+00:00,57,2015-01-03 09:00:00+00:00,27.72,0.0,0.0,0.0,0.3,0.5,1.0,0.0,4.0,5.0,3.0,Vinje_G1,Vinje,34.4,100.0,100.0,198.0,198.0,1,9.796,0.3738931,0.34,25.3,1157.897,24.449999,27.814562,1
1,2015-01-01 00:00:00+00:00,58,2015-01-03 10:00:00+00:00,27.73,0.0,0.0,0.0,0.3,0.5,1.0,0.0,4.0,5.0,2.92,Vinje_G1,Vinje,34.4,100.0,100.0,198.0,198.0,1,9.796,0.3738931,0.35,25.3,1157.897,24.52,27.814562,1
1,2015-01-01 00:00:00+00:00,59,2015-01-03 11:00:00+00:00,27.66,0.0,0.0,0.0,0.3,0.5,1.0,0.0,4.0,5.0,2.88,Vinje_G1,Vinje,34.4,100.0,100.0,198.0,198.0,1,9.796,0.3738931,0.35,25.3,1157.897,24.740002,27.814562,1
1,2015-01-01 00:00:00+00:00,60,2015-01-03 12:00:00+00:00,27.65,0.0,0.0,0.0,0.3,0.5,1.0,0.0,4.0,5.0,2.85,Vinje_G1,Vinje,34.4,100.0,100.0,198.0,198.0,1,9.796,0.3738931,0.35,25.3,1157.897,24.79,27.814562,1
1,2015-01-01 00:00:00+00:00,61,2015-01-03 13:00:00+00:00,27.81,0.0,0.0,0.0,0.3,0.5,1.0,0.0,4.0,5.0,2.84,Vinje_G1,Vinje,34.4,100.0,100.0,198.0,198.0,1,9.796,0.3738931,0.35,25.3,1157.897,24.650002,27.814562,1
1,2015-01-01 00:00:00+00:00,62,2015-01-03 14:00:00+00:00,28.29,0.0,0.0,0.0,0.3,0.5,1.0,0.0,4.0,5.0,2.81,Vinje_G1,Vinje,34.4,100.0,100.0,198.0,198.0,1,9.796,0.3738931,0.35,25.3,1157.897,24.65,27.814562,1
1,2015-01-01 00:00:00+00:00,63,2015-01-03 15:00:00+00:00,28.6,0.0,0.0,0.0,0.3,0.5,1.0,0.0,4.0,5.0,2.75,Vinje_G1,Vinje,34.4,100.0,100.0,198.0,198.0,1,9.796,0.3738931,0.35,25.3,1157.897,24.45,27.814562,1
1,2015-01-01 00:00:00+00:00,64,2015-01-03 16:00:00+00:00,28.88,0.0,0.0,0.0,0.3,0.5,1.0,0.0,4.0,5.0,2.69,Vinje_G1,Vinje,34.4,100.0,100.0,198.0,198.0,1,9.796,0.3738931,0.35,25.3,1157.897,24.380001,27.814562,1
1,2015-01-01 00:00:00+00:00,65,2015-01-03 17:00:00+00:00,28.78,0.0,0.0,0.0,0.3,0.5,1.0,0.0,4.0,5.0,2.65,Vinje_G1,Vinje,34.4,100.0,100.0,198.0,198.0,1,9.796,0.3738931,0.35,25.3,1157.897,24.27,27.814562,1
1,2015-01-01 00:00:00+00:00,66,2015-01-03 18:00:00+00:00,28.54,0.0,0.0,0.0,0.3,0.5,1.0,0.0,4.0,5.0,2.6,Vinje_G1,Vinje,34.4,100.0,100.0,198.0,198.0,1,9.796,0.3738931,0.35,25.3,1157.897,24.18,27.814562,1
1,2015-01-01 00:00:00+00:00,67,2015-01-03 19:00:00+00:00,28.34,0.0,0.0,0.0,0.3,0.5,1.0,0.0,4.0,5.0,2.54,Vinje_G1,Vinje,34.4,100.0,100.0,198.0,198.0,1,9.796,0.3738931,0.35,25.3,1157.897,24.130001,27.814562,1
1,2015-01-01 00:00:00+00:00,68,2015-01-03 20:00:00+00:00,27.93,0.0,0.0,0.0,0.3,0.5,1.0,0.0,4.0,5.0,2.47,Vinje_G1,Vinje,34.4,100.0,100.0,198.0,198.0,1,9.796,0.3738931,0.35,25.3,1157.897,24.01,27.814562,1
1,2015-01-01 00:00:00+00:00,69,2015-01-03 21:00:00+00:00,27.7,0.0,0.0,0.0,0.3,0.5,1.0,0.0,4.0,5.0,2.41,Vinje_G1,Vinje,34.4,100.0,100.0,198.0,198.0,1,9.796,0.3738931,0.35,25.3,1157.897,23.790003,27.814562,1
1,2015-01-01 00:00:00+00:00,70,2015-01-03 22:00:00+00:00,27.25,0.0,0.0,0.0,0.3,0.5,1.0,0.0,4.0,5.0,2.33,Vinje_G1,Vinje,34.4,100.0,100.0,198.0,198.0,1,9.796,0.3738931,0.35,25.3,1157.897,23.689999,27.814562,1
1,2015-01-01 00:00:00+00:00,71,2015-01-03 23:00:00+00:00,27.55,0.0,0.0,0.0,0.3,0.5,1.0,0.0,4.0,5.0,2.27,Vinje_G1,Vinje,34.4,100.0,100.0,198.0,198.0,1,9.796,0.3738931,0.35,25.3,1157.897,23.62,27.814562,1
1,2015-01-01 00:00:00+00:00,72,2015-01-04 00:00:00+00:00,27.38,0.0,0.0,0.0,0.3,0.5,1.0,0.0,4.0,5.0,2.22,Vinje_G1,Vinje,34.4,100.0,100.0,198.0,198.0,1,9.796,0.3738931,0.35,25.3,1157.897,23.31,27.814562,1
1,2015-01-01 00:00:00+00:00,73,2015-01-04 01:00:00+00:00,27.17,0.0,0.0,0.0,0.3,0.5,1.0,0.0,4.0,5.0,2.15,Vinje_G1,Vinje,34.4,100.0,100.0,198.0,198.0,1,9.796,0.3738931,0.35,25.3,1157.897,22.87,27.814562,1
1,2015-01-01 00:00:00+00:00,74,2015-01-04 02:00:00+00:00,27.03,0.0,0.0,0.0,0.3,0.5,1.0,0.0,4.0,5.0,2.1,Vinje_G1,Vinje,34.4,100.0,100.0,198.0,198.0,1,9.796,0.3738931,0.35,25.3,1157.897,22.45,27.814562,1
1,2015-01-01 00:00:00+00:00,75,2015-01-04 03:00:00+00:00,27.04,0.0,0.0,0.0,0.3,0.5,1.0,0.0,4.0,5.0,2.06,Vinje_G1,Vinje,34.4,100.0,100.0,198.0,198.0,1,9.796,0.3738931,0.35,25.3,1157.897,22.289999,27.814562,1
1,2015-01-01 00:00:00+00:00,76,2015-01-04 04:00:00+00:00,27.19,0.0,0.0,0.0,0.3,0.5,1.0,0.0,4.0,5.0,2.01,Vinje_G1,Vinje,34.4,100.0,100.0,198.0,198.0,1,9.796,0.3738931,0.35,25.3,1157.897,22.18,27.814562,1
1,2015-01-01 00:00:00+00:00,77,2015-01-04 05:00:00+00:00,27.13,0.0,0.0,0.0,0.3,0.5,1.0,0.0,4.0,5.0,1.99,Vinje_G1,Vinje,34.4,100.0,100.0,198.0,198.0,1,9.796,0.3738931,0.35,25.3,1157.897,22.110003,27.814562,1
1,2015-01-01 00:00:00+00:00,78,2015-01-04 06:00:00+00:00,27.06,0.0,0.0,0.0,0.3,0.5,1.0,0.0,4.0,5.0,1.94,Vinje_G1,Vinje,34.4,100.0,100.0,198.0,198.0,1,9.796,0.3738931,0.36,25.3,1157.897,22.07,27.814562,1
1,2015-01-01 00:00:00+00:00,79,2015-01-04 07:00:00+00:00,27.63,0.0,0.0,0.0,0.3,0.5,1.0,0.0,4.0,5.0,1.89,Vinje_G1,Vinje,34.4,100.0,100.0,198.0,198.0,1,9.796,0.3738931,0.36,25.3,1157.897,21.880001,27.814562,1
1,2015-01-01 00:00:00+00:00,80,2015-01-04 08:00:00+00:00,28.03,0.0,0.0,0.0,0.3,0.5,1.0,0.0,4.0,5.0,1.84,Vinje_G1,Vinje,34.4,100.0,100.0,198.0,198.0,1,9.796,0.3738931,0.36,25.3,1157.897,21.810001,27.814562,1
1,2015-01-01 00:00:00+00:00,81,2015-01-04 09:00:00+00:00,28.24,0.0,0.0,0.0,0.3,0.5,1.0,0.0,4.0,5.0,1.82,Vinje_G1,Vinje,34.4,100.0,100.0,198.0,198.0,1,9.796,0.3738931,0.36,25.3,1157.897,21.68,27.814562,1
1,2015-01-01 00:00:00+00:00,82,2015-01-04 10:00:00+00:00,28.32,0.0,0.0,0.0,0.3,0.5,1.0,0.0,4.0,5.0,1.79,Vinje_G1,Vinje,34.4,100.0,100.0,198.0,198.0,1,9.796,0.3738931,0.36,25.3,1157.897,21.630001,27.814562,1
1,2015-01-01 00:00:00+00:00,83,2015-01-04 11:00:00+00:00,28.24,0.0,0.0,0.0,0.3,0.5,1.0,0.0,4.0,5.0,1.77,Vinje_G1,Vinje,34.4,100.0,100.0,198.0,198.0,1,9.796,0.3738931,0.36,25.3,1157.897,21.730001,27.814562,1
1,2015-01-01 00:00:00+00:00,84,2015-01-04 12:00:00+00:00,28.27,0.0,0.0,0.0,0.3,0.5,1.0,0.0,4.0,5.0,1.74,Vinje_G1,Vinje,34.4,100.0,100.0,198.0,198.0,1,9.796,0.3738931,0.36,25.3,1157.897,21.85,27.814562,1
1,2015-01-01 00:00:00+00:00,85,2015-01-04 13:00:00+00:00,28.32,0.0,0.0,0.0,0.3,0.5,1.0,0.0,4.0,5.0,1.72,Vinje_G1,Vinje,34.4,100.0,100.0,198.0,198.0,1,9.796,0.3738931,0.36,25.3,1157.897,21.800001,27.814562,1
1,2015-01-01 00:00:00+00:00,86,2015-01-04 14:00:00+00:00,28.37,0.0,0.0,0.0,0.3,0.5,1.0,0.0,4.0,5.0,1.7,Vinje_G1,Vinje,34.4,100.0,100.0,198.0,198.0,1,9.796,0.3738931,0.36,25.3,1157.897,21.67,27.814562,1
1,2015-01-01 00:00:00+00:00,87,2015-01-04 15:00:00+00:00,28.65,0.0,0.0,0.0,0.3,0.5,1.0,0.0,4.0,5.0,1.68,Vinje_G1,Vinje,34.4,100.0,100.0,198.0,198.0,1,9.796,0.3738931,0.36,25.3,1157.897,21.58,27.814562,1
1,2015-01-01 00:00:00+00:00,88,2015-01-04 16:00:00+00:00,28.98,0.0,0.0,0.0,0.3,0.5,1.0,0.0,4.0,5.0,1.68,Vinje_G1,Vinje,34.4,100.0,100.0,198.0,198.0,1,9.796,0.3738931,0.36,25.3,1157.897,21.360003,27.814562,1
1,2015-01-01 00:00:00+00:00,89,2015-01-04 17:00:00+00:00,29.54,0.0,0.0,0.0,0.3,0.5,1.0,0.0,4.0,5.0,1.65,Vinje_G1,Vinje,34.4,100.0,100.0,198.0,198.0,1,9.796,0.3738931,0.36,25.3,1157.897,21.419998,27.814562,1
1,2015-01-01 00:00:00+00:00,90,2015-01-04 18:00:00+00:00,29.42,0.0,0.0,0.0,0.3,0.5,1.0,0.0,4.0,5.0,1.64,Vinje_G1,Vinje,34.4,100.0,100.0,198.0,198.0,1,9.796,0.3738931,0.36,25.3,1157.897,21.720001,27.814562,1
1,2015-01-01 00:00:00+00:00,91,2015-01-04 19:00:00+00:00,28.92,0.0,0.0,0.0,0.3,0.5,1.0,0.0,4.0,5.0,1.63,Vinje_G1,Vinje,34.4,100.0,100.0,198.0,198.0,1,9.796,0.3738931,0.36,25.3,1157.897,22.090002,27.814562,1
1,2015-01-01 00:00:00+00:00,92,2015-01-04 20:00:00+00:00,28.66,0.0,0.0,0.0,0.3,0.5,1.0,0.0,4.0,5.0,1.6,Vinje_G1,Vinje,34.4,100.0,100.0,198.0,198.0,1,9.796,0.3738931,0.36,25.3,1157.897,22.080002,27.814562,1
1,2015-01-01 00:00:00+00:00,93,2015-01-04 21:00:00+00:00,28.69,0.0,0.0,0.0,0.3,0.5,1.0,0.0,4.0,5.0,1.59,Vinje_G1,Vinje,34.4,100.0,100.0,198.0,198.0,1,9.796,0.3738931,0.36,25.3,1157.897,21.99,27.814562,1
1,2015-01-01 00:00:00+00:00,94,2015-01-04 22:00:00+00:00,28.02,0.0,0.0,0.0,0.3,0.5,1.0,0.0,4.0,5.0,1.58,Vinje_G1,Vinje,34.4,100.0,100.0,198.0,198.0,1,9.796,0.3738931,0.36,25.3,1157.897,21.929998,27.814562,1
1,2015-01-01 00:00:00+00:00,95,2015-01-04 23:00:00+00:00,28.19,0.0,0.0,0.0,0.3,0.5,1.0,0.0,4.0,5.0,1.57,Vinje_G1,Vinje,34.4,100.0,100.0,198.0,198.0,1,9.796,0.3738931,0.36,25.3,1157.897,22.2,27.814562,1
1,2015-01-01 00:00:00+00:00,96,2015-01-05 00:00:00+00:00,28.15,0.0,0.0,0.0,0.3,0.5,1.0,0.0,4.0,5.0,1.56,Vinje_G1,Vinje,34.4,100.0,100.0,198.0,198.0,1,9.796,0.3738931,0.37,25.3,1157.897,22.220001,27.814562,1
1,2015-01-01 00:00:00+00:00,97,2015-01-05 01:00:00+00:00,28.13,0.0,0.0,0.0,0.3,0.5,1.0,0.0,4.0,5.0,1.54,Vinje_G1,Vinje,34.4,100.0,100.0,198.0,198.0,1,9.796,0.3738931,0.36,25.3,1157.897,22.360003,27.814562,1
1,2015-01-01 00:00:00+00:00,98,2015-01-05 02:00:00+00:00,28.05,0.0,0.0,0.0,0.3,0.5,1.0,0.0,4.0,5.0,1.53,Vinje_G1,Vinje,34.4,100.0,100.0,198.0,198.0,1,9.796,0.3738931,0.37,25.3,1157.897,22.51,27.814562,1
1,2015-01-01 00:00:00+00:00,99,2015-01-05 03:00:00+00:00,28.04,0.0,0.0,0.0,0.3,0.5,1.0,0.0,4.0,5.0,1.52,Vinje_G1,Vinje,34.4,100.0,100.0,198.0,198.0,1,9.796,0.3738931,0.37,25.3,1157.897,22.550003,27.814562,1
1,2015-01-01 00:00:00+00:00,100,2015-01-05 04:00:00+00:00,28.46,0.0,0.0,0.0,0.3,0.5,1.0,0.0,4.0,5.0,1.51,Vinje_G1,Vinje,34.4,100.0,100.0,198.0,198.0,1,9.796,0.3738931,0.37,25.3,1157.897,22.5,27.814562,1
1,2015-01-01 00:00:00+00:00,101,2015-01-05 05:00:00+00:00,28.78,0.0,0.0,0.0,0.3,0.5,1.0,0.0,4.0,5.0,1.5,Vinje_G1,Vinje,34.4,100.0,100.0,198.0,198.0,1,9.796,0.3738931,0.37,25.3,1157.897,22.580002,27.814562,1
1,2015-01-01 00:00:00+00:00,102,2015-01-05 06:00:00+00:00,30.99,0.0,0.0,0.0,0.3,0.5,1.0,0.0,4.0,5.0,1.48,Vinje_G1,Vinje,34.4,100.0,100.0,198.0,198.0,1,9.796,0.3738931,0.37,25.3,1157.897,22.560001,27.814562,1
1,2015-01-01 00:00:00+00:00,103,2015-01-05 07:00:00+00:00,38.15,0.0,0.0,0.0,0.3,0.5,1.0,0.0,4.0,5.0,1.47,Vinje_G1,Vinje,34.4,100.0,100.0,198.0,198.0,1,9.796,0.3738931,0.37,25.3,1157.897,22.630001,27.814562,1
1,2015-01-01 00:00:00+00:00,104,2015-01-05 08:00:00+00:00,41.51,0.0,0.0,0.0,0.3,0.5,1.0,0.0,4.0,5.0,1.46,Vinje_G1,Vinje,34.4,100.0,100.0,198.0,198.0,1,9.796,0.3738931,0.37,25.3,1157.897,22.560001,27.814562,1
1,2015-01-01 00:00:00+00:00,105,2015-01-05 09:00:00+00:00,40.46,0.0,0.0,0.0,0.3,0.5,1.0,0.0,4.0,5.0,1.46,Vinje_G1,Vinje,34.4,100.0,100.0,198.0,198.0,1,9.796,0.3738931,0.37,25.3,1157.897,22.500002,27.814562,1
1,2015-01-01 00:00:00+00:00,106,2015-01-05 10:00:00+00:00,40.97,0.0,0.0,0.0,0.3,0.5,1.0,0.0,4.0,5.0,1.45,Vinje_G1,Vinje,34.4,100.0,100.0,198.0,198.0,1,9.796,0.3738931,0.37,25.3,1157.897,22.48,27.814562,1
1,2015-01-01 00:00:00+00:00,107,2015-01-05 11:00:00+00:00,38.66,0.0,0.0,0.0,0.3,0.5,1.0,0.0,4.0,5.0,1.45,Vinje_G1,Vinje,34.4,100.0,100.0,198.0,198.0,1,9.796,0.3738931,0.37,25.3,1157.897,22.480001,27.814562,1
1,2015-01-01 00:00:00+00:00,108,2015-01-05 12:00:00+00:00,36.44,0.0,0.0,0.0,0.3,0.5,1.0,0.0,4.0,5.0,1.45,Vinje_G1,Vinje,34.4,100.0,100.0,198.0,198.0,1,9.796,0.3738931,0.37,25.3,1157.897,22.390001,27.814562,1
1,2015-01-01 00:00:00+00:00,109,2015-01-05 13:00:00+00:00,37.74,0.0,0.0,0.0,0.3,0.5,1.0,0.0,4.0,5.0,1.45,Vinje_G1,Vinje,34.4,100.0,100.0,198.0,198.0,1,9.796,0.3738931,0.37,25.3,1157.897,22.340002,27.814562,1
1,2015-01-01 00:00:00+00:00,110,2015-01-05 14:00:00+00:00,43.1,0.0,0.0,0.0,0.3,0.5,1.0,0.0,4.0,5.0,1.45,Vinje_G1,Vinje,34.4,100.0,100.0,198.0,198.0,1,9.796,0.3738931,0.37,25.3,1157.897,22.22,27.814562,1
1,2015-01-01 00:00:00+00:00,111,2015-01-05 15:00:00+00:00,46.7,0.0,0.0,0.0,0.3,0.5,1.0,0.0,4.0,5.0,1.44,Vinje_G1,Vinje,34.4,100.0,100.0,198.0,198.0,1,9.796,0.3738931,0.37,25.3,1157.897,22.150002,27.814562,1
1,2015-01-01 00:00:00+00:00,112,2015-01-05 16:00:00+00:00,56.78,0.0,0.0,0.0,0.3,0.5,1.0,0.0,4.0,5.0,1.44,Vinje_G1,Vinje,34.4,100.0,100.0,198.0,198.0,1,9.796,0.3738931,0.37,25.3,1157.897,22.099998,27.814562,1
1,2015-01-01 00:00:00+00:00,113,2015-01-05 17:00:00+00:00,36.49,0.0,0.0,0.0,0.3,0.5,1.0,0.0,4.0,5.0,1.45,Vinje_G1,Vinje,34.4,100.0,100.0,198.0,198.0,1,9.796,0.3738931,0.37,25.3,1157.897,22.08,27.814562,1
1,2015-01-01 00:00:00+00:00,114,2015-01-05 18:00:00+00:00,32.43,0.0,0.0,0.0,0.3,0.5,1.0,0.0,4.0,5.0,1.44,Vinje_G1,Vinje,34.4,100.0,100.0,198.0,198.0,1,9.796,0.3738931,0.37,25.3,1157.897,22.010002,27.814562,1
1,2015-01-01 00:00:00+00:00,115,2015-01-05 19:00:00+00:00,31.39,0.0,0.0,0.0,0.3,0.5,1.0,0.0,4.0,5.0,1.43,Vinje_G1,Vinje,34.4,100.0,100.0,198.0,198.0,1,9.796,0.3738931,0.37,25.3,1157.897,21.92,27.814562,1
1,2015-01-01 00:00:00+00:00,116,2015-01-05 20:00:00+00:00,30.29,0.0,0.0,0.0,0.3,0.5,1.0,0.0,4.0,5.0,1.43,Vinje_G1,Vinje,34.4,100.0,100.0,198.0,198.0,1,9.796,0.3738931,0.37,25.3,1157.897,21.810003,27.814562,1
1,2015-01-01 00:00:00+00:00,117,2015-01-05 21:00:00+00:00,29.43,0.0,0.0,0.0,0.3,0.5,1.0,0.0,4.0,5.0,1.43,Vinje_G1,Vinje,34.4,100.0,100.0,198.0,198.0,1,9.796,0.3738931,0.37,25.3,1157.897,21.7,27.814562,1
1,2015-01-01 00:00:00+00:00,118,2015-01-05 22:00:00+00:00,29.09,0.0,0.0,0.0,0.3,0.5,1.0,0.0,4.0,5.0,1.44,Vinje_G1,Vinje,34.4,100.0,100.0,198.0,198.0,1,9.796,0.3738931,0.37,25.3,1157.897,21.650002,27.814562,1
1,2015-01-01 00:00:00+00:00,119,2015-01-05 23:00:00+00:00,28.08,0.0,0.0,0.0,0.3,0.5,1.0,0.0,4.0,5.0,1.44,Vinje_G1,Vinje,34.4,100.0,100.0,198.0,198.0,1,9.796,0.3738931,0.37,25.3,1157.897,21.539999,27.814562,1
1,2015-01-01 00:00:00+00:00,120,2015-01-06 00:00:00+00:00,27.94,0.0,0.0,0.0,0.3,0.5,1.0,0.0,4.0,5.0,1.44,Vinje_G1,Vinje,34.4,100.0,100.0,198.0,198.0,1,9.796,0.3738931,0.37,25.3,1157.897,21.49,27.814562,1
1,2015-01-01 00:00:00+00:00,121,2015-01-06 01:00:00+00:00,27.91,0.0,0.0,0.0,0.3,0.5,1.0,0.0,4.0,5.0,1.44,Vinje_G1,Vinje,34.4,100.0,100.0,198.0,198.0,1,9.796,0.3738931,0.37,25.3,1157.897,21.39,27.814562,1
1,2015-01-01 00:00:00+00:00,122,2015-01-06 02:00:00+00:00,27.89,0.0,0.0,0.0,0.3,0.5,1.0,0.0,4.0,5.0,1.44,Vinje_G1,Vinje,34.4,100.0,100.0,198.0,198.0,1,9.796,0.3738931,0.37,25.3,1157.897,21.349998,27.814562,1
1,2015-01-01 00:00:00+00:00,123,2015-01-06 03:00:00+00:00,27.89,0.0,0.0,0.0,0.3,0.5,1.0,0.0,4.0,5.0,1.44,Vinje_G1,Vinje,34.4,100.0,100.0,198.0,198.0,1,9.796,0.3738931,0.37,25.3,1157.897,21.31,27.814562,1
1,2015-01-01 00:00:00+00:00,124,2015-01-06 04:00:00+00:00,28.01,0.0,0.0,0.0,0.3,0.5,1.0,0.0,4.0,5.0,1.44,Vinje_G1,Vinje,34.4,100.0,100.0,198.0,198.0,1,9.796,0.3738931,0.37,25.3,1157.897,21.240002,27.814562,1
1,2015-01-01 00:00:00+00:00,125,2015-01-06 05:00:00+00:00,28.73,0.0,0.0,0.0,0.3,0.5,1.0,0.0,4.0,5.0,1.44,Vinje_G1,Vinje,34.4,100.0,100.0,198.0,198.0,1,9.796,0.3738931,0.37,25.3,1157.897,21.17,27.814562,1
1,2015-01-01 00:00:00+00:00,126,2015-01-06 06:00:00+00:00,30.03,0.0,0.0,0.0,0.3,0.5,1.0,0.0,4.0,5.0,1.43,Vinje_G1,Vinje,34.4,100.0,100.0,198.0,198.0,1,9.796,0.3738931,0.37,25.3,1157.897,21.12,27.814562,1
1,2015-01-01 00:00:00+00:00,127,2015-01-06 07:00:00+00:00,30.5,0.0,0.0,0.0,0.3,0.5,1.0,0.0,4.0,5.0,1.42,Vinje_G1,Vinje,34.4,100.0,100.0,198.0,198.0,1,9.796,0.3738931,0.37,25.3,1157.897,21.080002,27.814562,1
1,2015-01-01 00:00:00+00:00,128,2015-01-06 08:00:00+00:00,30.35,0.0,0.0,0.0,0.3,0.5,1.0,0.0,4.0,5.0,1.42,Vinje_G1,Vinje,34.4,100.0,100.0,198.0,198.0,1,9.796,0.3738931,0.37,25.3,1157.897,20.95,27.814562,1
1,2015-01-01 00:00:00+00:00,129,2015-01-06 09:00:00+00:00,30.53,0.0,0.0,0.0,0.3,0.5,1.0,0.0,4.0,5.0,1.42,Vinje_G1,Vinje,34.4,100.0,100.0,198.0,198.0,1,9.796,0.3738931,0.37,25.3,1157.897,20.92,27.814562,1
1,2015-01-01 00:00:00+00:00,130,2015-01-06 10:00:00+00:00,29.91,0.0,0.0,0.0,0.3,0.5,1.0,0.0,4.0,5.0,1.43,Vinje_G1,Vinje,34.4,100.0,100.0,198.0,198.0,1,9.796,0.3738931,0.37,25.3,1157.897,20.94,27.814562,1
1,2015-01-01 00:00:00+00:00,131,2015-01-06 11:00:00+00:00,29.62,0.0,0.0,0.0,0.3,0.5,1.0,0.0,4.0,5.0,1.41,Vinje_G1,Vinje,34.4,100.0,100.0,198.0,198.0,1,9.796,0.3738931,0.37,25.3,1157.897,20.84,27.814562,1
1,2015-01-01 00:00:00+00:00,132,2015-01-06 12:00:00+00:00,29.58,0.0,0.0,0.0,0.3,0.5,1.0,0.0,4.0,5.0,1.4,Vinje_G1,Vinje,34.4,100.0,100.0,198.0,198.0,1,9.796,0.3738931,0.37,25.3,1157.897,20.800001,27.814562,1
1,2015-01-01 00:00:00+00:00,133,2015-01-06 13:00:00+00:00,29.57,0.0,0.0,0.0,0.3,0.5,1.0,0.0,4.0,5.0,1.41,Vinje_G1,Vinje,34.4,100.0,100.0,198.0,198.0,1,9.796,0.3738931,0.37,25.3,1157.897,20.820002,27.814562,1
1,2015-01-01 00:00:00+00:00,134,2015-01-06 14:00:00+00:00,29.62,0.0,0.0,0.0,0.3,0.5,1.0,0.0,4.0,5.0,1.41,Vinje_G1,Vinje,34.4,100.0,100.0,198.0,198.0,1,9.796,0.3738931,0.38,25.3,1157.897,20.8,27.814562,1
1,2015-01-01 00:00:00+00:00,135,2015-01-06 15:00:00+00:00,29.99,0.0,0.0,0.0,0.3,0.5,1.0,0.0,4.0,5.0,1.41,Vinje_G1,Vinje,34.4,100.0,100.0,198.0,198.0,1,9.796,0.3738931,0.38,25.3,1157.897,20.829998,27.814562,1
1,2015-01-01 00:00:00+00:00,136,2015-01-06 16:00:00+00:00,29.65,0.0,0.0,0.0,0.3,0.5,1.0,0.0,4.0,5.0,1.41,Vinje_G1,Vinje,34.4,100.0,100.0,198.0,198.0,1,9.796,0.3738931,0.38,25.3,1157.897,20.839998,27.814562,1
1,2015-01-01 00:00:00+00:00,137,2015-01-06 17:00:00+00:00,29.58,0.0,0.0,0.0,0.3,0.5,1.0,0.0,4.0,5.0,1.4,Vinje_G1,Vinje,34.4,100.0,100.0,198.0,198.0,1,9.796,0.3738931,0.38,25.3,1157.897,20.799997,27.814562,1
1,2015-01-01 00:00:00+00:00,138,2015-01-06 18:00:00+00:00,29.0,0.0,0.0,0.0,0.3,0.5,1.0,0.0,4.0,5.0,1.4,Vinje_G1,Vinje,34.4,100.0,100.0,198.0,198.0,1,9.796,0.3738931,0.39,25.3,1157.897,20.839998,27.814562,1
1,2015-01-01 00:00:00+00:00,139,2015-01-06 19:00:00+00:00,28.45,0.0,0.0,0.0,0.3,0.5,1.0,0.0,4.0,5.0,1.4,Vinje_G1,Vinje,34.4,100.0,100.0,198.0,198.0,1,9.796,0.3738931,0.39,25.3,1157.897,20.88,27.814562,1
1,2015-01-01 00:00:00+00:00,140,2015-01-06 20:00:00+00:00,28.15,0.0,0.0,0.0,0.3,0.5,1.0,0.0,4.0,5.0,1.38,Vinje_G1,Vinje,34.4,100.0,100.0,198.0,198.0,1,9.796,0.3738931,0.39,25.3,1157.897,20.82,27.814562,1
1,2015-01-01 00:00:00+00:00,141,2015-01-06 21:00:00+00:00,27.73,0.0,0.0,0.0,0.3,0.5,1.0,0.0,4.0,5.0,1.4,Vinje_G1,Vinje,34.4,100.0,100.0,198.0,198.0,1,9.796,0.3738931,0.39,25.3,1157.897,20.809998,27.814562,1
1,2015-01-01 00:00:00+00:00,142,2015-01-06 22:00:00+00:00,27.32,0.0,0.0,0.0,0.3,0.5,1.0,0.0,4.0,5.0,1.39,Vinje_G1,Vinje,34.4,100.0,100.0,198.0,198.0,1,9.796,0.3738931,0.39,25.3,1157.897,20.759998,27.814562,1
1,2015-01-01 00:00:00+00:00,143,2015-01-06 23:00:00+00:00,26.35,0.0,0.0,0.0,0.3,0.5,1.0,0.0,4.0,5.0,1.31,Vinje_G1,Vinje,34.4,100.0,100.0,198.0,198.0,1,9.796,0.3738931,0.39,25.3,1157.897,20.65,27.814562,1
1,2015-01-01 00:00:00+00:00,144,2015-01-07 00:00:00+00:00,26.08,0.0,0.0,0.0,0.3,0.5,1.0,0.0,4.0,5.0,1.29,Vinje_G1,Vinje,34.4,100.0,100.0,198.0,198.0,1,9.796,0.3738931,0.39,25.3,1157.897,20.679998,27.814562,1
1,2015-01-01 00:00:00+00:00,145,2015-01-07 01:00:00+00:00,26.03,0.0,0.0,0.0,0.3,0.5,1.0,0.0,4.0,5.0,1.29,Vinje_G1,Vinje,34.4,100.0,100.0,198.0,198.0,1,9.796,0.3738931,0.39,25.3,1157.897,20.54,27.814562,1
1,2015-01-01 00:00:00+00:00,146,2015-01-07 02:00:00+00:00,26.17,0.0,0.0,0.0,0.3,0.5,1.0,0.0,4.0,5.0,1.27,Vinje_G1,Vinje,34.4,100.0,100.0,198.0,198.0,1,9.796,0.3738931,0.38,25.3,1157.897,20.57,27.814562,1
1,2015-01-01 00:00:00+00:00,147,2015-01-07 03:00:00+00:00,26.74,0.0,0.0,0.0,0.3,0.5,1.0,0.0,4.0,5.0,1.27,Vinje_G1,Vinje,34.4,100.0,100.0,198.0,198.0,1,9.796,0.3738931,0.38,25.3,1157.897,20.51,27.814562,1
1,2015-01-01 00:00:00+00:00,148,2015-01-07 04:00:00+00:00,27.78,0.0,0.0,0.0,0.3,0.5,1.0,0.0,4.0,5.0,1.27,Vinje_G1,Vinje,34.4,100.0,100.0,198.0,198.0,1,9.796,0.3738931,0.38,25.3,1157.897,20.489998,27.814562,1
1,2015-01-01 00:00:00+00:00,149,2015-01-07 05:00:00+00:00,28.48,0.0,0.0,0.0,0.3,0.5,1.0,0.0,4.0,5.0,1.27,Vinje_G1,Vinje,34.4,100.0,100.0,198.0,198.0,1,9.796,0.3738931,0.38,25.3,1157.897,20.499998,27.814562,1
1,2015-01-01 00:00:00+00:00,150,2015-01-07 06:00:00+00:00,31.53,0.0,0.0,0.0,0.3,0.5,1.0,0.0,4.0,5.0,1.27,Vinje_G1,Vinje,34.4,100.0,100.0,198.0,198.0,1,9.796,0.3738931,0.38,25.3,1157.897,20.369999,27.814562,1
1,2015-01-01 00:00:00+00:00,151,2015-01-07 07:00:00+00:00,32.54,0.0,0.0,0.0,0.3,0.5,1.0,0.0,4.0,5.0,1.27,Vinje_G1,Vinje,34.4,100.0,100.0,198.0,198.0,1,9.796,0.3738931,0.39,25.3,1157.897,20.3,27.814562,1
1,2015-01-01 00:00:00+00:00,152,2015-01-07 08:00:00+00:00,32.24,0.0,0.0,0.0,0.3,0.5,1.0,0.0,4.0,5.0,1.26,Vinje_G1,Vinje,34.4,100.0,100.0,198.0,198.0,1,9.796,0.3738931,0.38,25.3,1157.897,20.17,27.814562,1
1,2015-01-01 00:00:00+00:00,153,2015-01-07 09:00:00+00:00,31.96,0.0,0.0,0.0,0.3,0.5,1.0,0.0,4.0,5.0,1.25,Vinje_G1,Vinje,34.4,100.0,100.0,198.0,198.0,1,9.796,0.3738931,0.38,25.3,1157.897,20.11,27.814562,1
1,2015-01-01 00:00:00+00:00,154,2015-01-07 10:00:00+00:00,31.66,0.0,0.0,0.0,0.3,0.5,1.0,0.0,4.0,5.0,1.25,Vinje_G1,Vinje,34.4,100.0,100.0,198.0,198.0,1,9.796,0.3738931,0.38,25.3,1157.897,20.099998,27.814562,1
1,2015-01-01 00:00:00+00:00,155,2015-01-07 11:00:00+00:00,30.97,0.0,0.0,0.0,0.3,0.5,1.0,0.0,4.0,5.0,1.25,Vinje_G1,Vinje,34.4,100.0,100.0,198.0,198.0,1,9.796,0.3738931,0.38,25.3,1157.897,20.079998,27.814562,1
1,2015-01-01 00:00:00+00:00,156,2015-01-07 12:00:00+00:00,30.65,0.0,0.0,0.0,0.3,0.5,1.0,0.0,4.0,5.0,1.25,Vinje_G1,Vinje,34.4,100.0,100.0,198.0,198.0,1,9.796,0.3738931,0.39,25.3,1157.897,20.099998,27.814562,1
1,2015-01-01 00:00:00+00:00,157,2015-01-07 13:00:00+00:00,30.31,0.0,0.0,0.0,0.3,0.5,1.0,0.0,4.0,5.0,1.23,Vinje_G1,Vinje,34.4,100.0,100.0,198.0,198.0,1,9.796,0.3738931,0.38,25.3,1157.897,20.08,27.814562,1
1,2015-01-01 00:00:00+00:00,158,2015-01-07 14:00:00+00:00,29.79,0.0,0.0,0.0,0.3,0.5,1.0,0.0,4.0,5.0,1.23,Vinje_G1,Vinje,34.4,100.0,100.0,198.0,198.0,1,9.796,0.3738931,0.39,25.3,1157.897,20.11,27.814562,1
1,2015-01-01 00:00:00+00:00,159,2015-01-07 15:00:00+00:00,30.72,0.0,0.0,0.0,0.3,0.5,1.0,0.0,4.0,5.0,1.21,Vinje_G1,Vinje,34.4,100.0,100.0,198.0,198.0,1,9.796,0.3738931,0.39,25.3,1157.897,20.029999,27.814562,1
1,2015-01-01 00:00:00+00:00,160,2015-01-07 16:00:00+00:00,29.56,0.0,0.0,0.0,0.3,0.5,1.0,0.0,4.0,5.0,1.2,Vinje_G1,Vinje,34.4,100.0,100.0,198.0,198.0,1,9.796,0.3738931,0.39,25.3,1157.897,20.03,27.814562,1
1,2015-01-01 00:00:00+00:00,161,2015-01-07 17:00:00+00:00,28.84,0.0,0.0,0.0,0.3,0.5,1.0,0.0,4.0,5.0,1.2,Vinje_G1,Vinje,34.4,100.0,100.0,198.0,198.0,1,9.796,0.3738931,0.39,25.3,1157.897,19.99,27.814562,1
1,2015-01-01 00:00:00+00:00,162,2015-01-07 18:00:00+00:00,28.2,0.0,0.0,0.0,0.3,0.5,1.0,0.0,4.0,5.0,1.2,Vinje_G1,Vinje,34.4,100.0,100.0,198.0,198.0,1,9.796,0.3738931,0.39,25.3,1157.897,19.960001,27.814562,1
1,2015-01-01 00:00:00+00:00,163,2015-01-07 19:00:00+00:00,27.75,0.0,0.0,0.0,0.3,0.5,1.0,0.0,4.0,5.0,1.2,Vinje_G1,Vinje,34.4,100.0,100.0,198.0,198.0,1,9.796,0.3738931,0.39,25.3,1157.897,19.94,27.814562,1
1,2015-01-01 00:00:00+00:00,164,2015-01-07 20:00:00+00:00,27.42,0.0,0.0,0.0,0.3,0.5,1.0,0.0,4.0,5.0,1.21,Vinje_G1,Vinje,34.4,100.0,100.0,198.0,198.0,1,9.796,0.3738931,0.39,25.3,1157.897,19.960001,27.814562,1
1,2015-01-01 00:00:00+00:00,165,2015-01-07 21:00:00+00:00,26.68,0.0,0.0,0.0,0.3,0.5,1.0,0.0,4.0,5.0,1.22,Vinje_G1,Vinje,34.4,100.0,100.0,198.0,198.0,1,9.796,0.3738931,0.39,25.3,1157.897,19.939999,27.814562,1
1,2015-01-01 00:00:00+00:00,166,2015-01-07 22:00:00+00:00,26.15,0.0,0.0,0.0,0.3,0.5,1.0,0.0,4.0,5.0,1.21,Vinje_G1,Vinje,34.4,100.0,100.0,198.0,198.0,1,9.796,0.3738931,0.39,25.3,1157.897,19.97,27.814562,1
1,2015-01-01 00:00:00+00:00,167,2015-01-07 23:00:00+00:00,26.04,0.0,0.0,0.0,0.3,0.5,1.0,0.0,4.0,5.0,1.19,Vinje_G1,Vinje,34.4,100.0,100.0,198.0,198.0,1,9.796,0.3738931,0.39,25.3,1157.897,19.96,27.814562,1
1,2015-01-01 00:00:00+00:00,0,2015-01-01 00:00:00+00:00,27.07,0.0,0.0,0.0,0.3,0.5,1.0,0.0,4.0,5.0,1.01,Vinje_G2,Vinje,34.4,100.0,100.0,198.0,198.0,2,9.796,0.3738931,0.25,25.3,1157.897,18.98,27.814562,1
1,2015-01-01 00:00:00+00:00,1,2015-01-01 01:00:00+00:00,26.93,0.0,0.0,0.0,0.3,0.5,1.0,0.0,4.0,5.0,1.0,Vinje_G2,Vinje,34.4,100.0,100.0,198.0,198.0,2,9.796,0.3738931,0.25,25.3,1157.897,18.91,27.814562,1
1,2015-01-01 00:00:00+00:00,2,2015-01-01 02:00:00+00:00,26.83,0.0,0.0,0.0,0.3,0.5,1.0,0.0,4.0,5.0,1.01,Vinje_G2,Vinje,34.4,100.0,100.0,198.0,198.0,2,9.796,0.3738931,0.25,25.3,1157.897,18.8,27.814562,1
1,2015-01-01 00:00:00+00:00,3,2015-01-01 03:00:00+00:00,26.81,0.0,0.0,0.0,0.3,0.5,1.0,0.0,4.0,5.0,1.0,Vinje_G2,Vinje,34.4,100.0,100.0,198.0,198.0,2,9.796,0.3738931,0.25,25.3,1157.897,18.8,27.814562,1
1,2015-01-01 00:00:00+00:00,4,2015-01-01 04:00:00+00:00,26.97,0.0,0.0,0.0,0.3,0.5,1.0,0.0,4.0,5.0,0.99,Vinje_G2,Vinje,34.4,100.0,100.0,198.0,198.0,2,9.796,0.3738931,0.25,25.3,1157.897,18.72,27.814562,1
1,2015-01-01 00:00:00+00:00,5,2015-01-01 05:00:00+00:00,27.07,0.0,0.0,0.0,0.3,0.5,1.0,0.0,4.0,5.0,1.0,Vinje_G2,Vinje,34.4,100.0,100.0,198.0,198.0,2,9.796,0.3738931,0.25,25.3,1157.897,18.710001,27.814562,1
1,2015-01-01 00:00:00+00:00,6,2015-01-01 06:00:00+00:00,26.8,0.0,0.0,0.0,0.3,0.5,1.0,0.0,4.0,5.0,1.0,Vinje_G2,Vinje,34.4,100.0,100.0,198.0,198.0,2,9.796,0.3738931,0.25,25.3,1157.897,18.650002,27.814562,1
1,2015-01-01 00:00:00+00:00,7,2015-01-01 07:00:00+00:00,26.97,0.0,0.0,0.0,0.3,0.5,1.0,0.0,4.0,5.0,1.0,Vinje_G2,Vinje,34.4,100.0,100.0,198.0,198.0,2,9.796,0.3738931,0.25,25.3,1157.897,18.67,27.814562,1
1,2015-01-01 00:00:00+00:00,8,2015-01-01 08:00:00+00:00,26.98,0.0,0.0,0.0,0.3,0.5,1.0,0.0,4.0,5.0,1.0,Vinje_G2,Vinje,34.4,100.0,100.0,198.0,198.0,2,9.796,0.3738931,0.25,25.3,1157.897,18.730001,27.814562,1
1,2015-01-01 00:00:00+00:00,9,2015-01-01 09:00:00+00:00,27.06,0.0,0.0,0.0,0.3,0.5,1.0,0.0,4.0,5.0,1.0,Vinje_G2,Vinje,34.4,100.0,100.0,198.0,198.0,2,9.796,0.3738931,0.25,25.3,1157.897,18.61,27.814562,1
1,2015-01-01 00:00:00+00:00,10,2015-01-01 10:00:00+00:00,27.13,0.0,0.0,0.0,0.3,0.5,1.0,0.0,4.0,5.0,1.02,Vinje_G2,Vinje,34.4,100.0,100.0,198.0,198.0,2,9.796,0.3738931,0.25,25.3,1157.897,18.66,27.814562,1
1,2015-01-01 00:00:00+00:00,11,2015-01-01 11:00:00+00:00,27.09,0.0,0.0,0.0,0.3,0.5,1.0,0.0,4.0,5.0,1.01,Vinje_G2,Vinje,34.4,100.0,100.0,198.0,198.0,2,9.796,0.3738931,0.25,25.3,1157.897,18.62,27.814562,1
1,2015-01-01 00:00:00+00:00,12,2015-01-01 12:00:00+00:00,27.01,0.0,0.0,0.0,0.3,0.5,1.0,0.0,4.0,5.0,1.03,Vinje_G2,Vinje,34.4,100.0,100.0,198.0,198.0,2,9.796,0.3738931,0.25,25.3,1157.897,18.650002,27.814562,1
1,2015-01-01 00:00:00+00:00,13,2015-01-01 13:00:00+00:00,26.98,0.0,0.0,0.0,0.3,0.5,1.0,0.0,4.0,5.0,1.03,Vinje_G2,Vinje,34.4,100.0,100.0,198.0,198.0,2,9.796,0.3738931,0.25,25.3,1157.897,18.63,27.814562,1
1,2015-01-01 00:00:00+00:00,14,2015-01-01 14:00:00+00:00,27.51,0.0,0.0,0.0,0.3,0.5,1.0,0.0,4.0,5.0,1.06,Vinje_G2,Vinje,34.4,100.0,100.0,198.0,198.0,2,9.796,0.3738931,0.25,25.3,1157.897,18.74,27.814562,1
1,2015-01-01 00:00:00+00:00,15,2015-01-01 15:00:00+00:00,28.32,0.0,0.0,0.0,0.3,0.5,1.0,0.0,4.0,5.0,1.06,Vinje_G2,Vinje,34.4,100.0,100.0,198.0,198.0,2,9.796,0.3738931,0.25,25.3,1157.897,18.699999,27.814562,1
1,2015-01-01 00:00:00+00:00,16,2015-01-01 16:00:00+00:00,28.36,0.0,0.0,0.0,0.3,0.5,1.0,0.0,4.0,5.0,1.07,Vinje_G2,Vinje,34.4,100.0,100.0,198.0,198.0,2,9.796,0.3738931,0.26,25.3,1157.897,18.71,27.814562,1
1,2015-01-01 00:00:00+00:00,17,2015-01-01 17:00:00+00:00,28.18,0.0,0.0,0.0,0.3,0.5,1.0,0.0,4.0,5.0,1.1,Vinje_G2,Vinje,34.4,100.0,100.0,198.0,198.0,2,9.796,0.3738931,0.26,25.3,1157.897,18.74,27.814562,1
1,2015-01-01 00:00:00+00:00,18,2015-01-01 18:00:00+00:00,27.81,0.0,0.0,0.0,0.3,0.5,1.0,0.0,4.0,5.0,1.11,Vinje_G2,Vinje,34.4,100.0,100.0,198.0,198.0,2,9.796,0.3738931,0.26,25.3,1157.897,18.77,27.814562,1
1,2015-01-01 00:00:00+00:00,19,2015-01-01 19:00:00+00:00,27.46,0.0,0.0,0.0,0.3,0.5,1.0,0.0,4.0,5.0,1.12,Vinje_G2,Vinje,34.4,100.0,100.0,198.0,198.0,2,9.796,0.3738931,0.26,25.3,1157.897,18.789999,27.814562,1
1,2015-01-01 00:00:00+00:00,20,2015-01-01 20:00:00+00:00,27.06,0.0,0.0,0.0,0.3,0.5,1.0,0.0,4.0,5.0,1.13,Vinje_G2,Vinje,34.4,100.0,100.0,198.0,198.0,2,9.796,0.3738931,0.26,25.3,1157.897,18.93,27.814562,1
1,2015-01-01 00:00:00+00:00,21,2015-01-01 21:00:00+00:00,27.0,0.0,0.0,0.0,0.3,0.5,1.0,0.0,4.0,5.0,1.16,Vinje_G2,Vinje,34.4,100.0,100.0,198.0,198.0,2,9.796,0.3738931,0.26,25.3,1157.897,18.980001,27.814562,1
1,2015-01-01 00:00:00+00:00,22,2015-01-01 22:00:00+00:00,26.83,0.0,0.0,0.0,0.3,0.5,1.0,0.0,4.0,5.0,1.2,Vinje_G2,Vinje,34.4,100.0,100.0,198.0,198.0,2,9.796,0.3738931,0.26,25.3,1157.897,19.02,27.814562,1
1,2015-01-01 00:00:00+00:00,23,2015-01-01 23:00:00+00:00,26.71,0.0,0.0,0.0,0.3,0.5,1.0,0.0,4.0,5.0,1.24,Vinje_G2,Vinje,34.4,100.0,100.0,198.0,198.0,2,9.796,0.3738931,0.26,25.3,1157.897,19.18,27.814562,1
1,2015-01-01 00:00:00+00:00,24,2015-01-02 00:00:00+00:00,26.41,0.0,0.0,0.0,0.3,0.5,1.0,0.0,4.0,5.0,1.26,Vinje_G2,Vinje,34.4,100.0,100.0,198.0,198.0,2,9.796,0.3738931,0.26,25.3,1157.897,19.31,27.814562,1
1,2015-01-01 00:00:00+00:00,25,2015-01-02 01:00:00+00:00,26.2,0.0,0.0,0.0,0.3,0.5,1.0,0.0,4.0,5.0,1.3,Vinje_G2,Vinje,34.4,100.0,100.0,198.0,198.0,2,9.796,0.3738931,0.26,25.3,1157.897,19.52,27.814562,1
1,2015-01-01 00:00:00+00:00,26,2015-01-02 02:00:00+00:00,25.6,0.0,0.0,0.0,0.3,0.5,1.0,0.0,4.0,5.0,1.52,Vinje_G2,Vinje,34.4,100.0,100.0,198.0,198.0,2,9.796,0.3738931,0.27,25.3,1157.897,20.190002,27.814562,1
1,2015-01-01 00:00:00+00:00,27,2015-01-02 03:00:00+00:00,24.74,0.0,0.0,0.0,0.3,0.5,1.0,0.0,4.0,5.0,1.7,Vinje_G2,Vinje,34.4,100.0,100.0,198.0,198.0,2,9.796,0.3738931,0.27,25.3,1157.897,21.05,27.814562,1
1,2015-01-01 00:00:00+00:00,28,2015-01-02 04:00:00+00:00,26.1,0.0,0.0,0.0,0.3,0.5,1.0,0.0,4.0,5.0,1.75,Vinje_G2,Vinje,34.4,100.0,100.0,198.0,198.0,2,9.796,0.3738931,0.27,25.3,1157.897,21.02,27.814562,1
1,2015-01-01 00:00:00+00:00,29,2015-01-02 05:00:00+00:00,27.25,0.0,0.0,0.0,0.3,0.5,1.0,0.0,4.0,5.0,1.65,Vinje_G2,Vinje,34.4,100.0,100.0,198.0,198.0,2,9.796,0.3738931,0.26,25.3,1157.897,20.910002,27.814562,1
1,2015-01-01 00:00:00+00:00,30,2015-01-02 06:00:00+00:00,28.37,0.0,0.0,0.0,0.3,0.5,1.0,0.0,4.0,5.0,1.71,Vinje_G2,Vinje,34.4,100.0,100.0,198.0,198.0,2,9.796,0.3738931,0.26,25.3,1157.897,21.06,27.814562,1
1,2015-01-01 00:00:00+00:00,31,2015-01-02 07:00:00+00:00,28.37,0.0,0.0,0.0,0.3,0.5,1.0,0.0,4.0,5.0,1.92,Vinje_G2,Vinje,34.4,100.0,100.0,198.0,198.0,2,9.796,0.3738931,0.27,25.3,1157.897,21.43,27.814562,1
1,2015-01-01 00:00:00+00:00,32,2015-01-02 08:00:00+00:00,28.32,0.0,0.0,0.0,0.3,0.5,1.0,0.0,4.0,5.0,2.18,Vinje_G2,Vinje,34.4,100.0,100.0,198.0,198.0,2,9.796,0.3738931,0.27,25.3,1157.897,21.990002,27.814562,1
1,2015-01-01 00:00:00+00:00,33,2015-01-02 09:00:00+00:00,28.3,0.0,0.0,0.0,0.3,0.5,1.0,0.0,4.0,5.0,2.33,Vinje_G2,Vinje,34.4,100.0,100.0,198.0,198.0,2,9.796,0.3738931,0.27,25.3,1157.897,22.349998,27.814562,1
1,2015-01-01 00:00:00+00:00,34,2015-01-02 10:00:00+00:00,28.39,0.0,0.0,0.0,0.3,0.5,1.0,0.0,4.0,5.0,2.35,Vinje_G2,Vinje,34.4,100.0,100.0,198.0,198.0,2,9.796,0.3738931,0.27,25.3,1157.897,22.4,27.814562,1
1,2015-01-01 00:00:00+00:00,35,2015-01-02 11:00:00+00:00,28.3,0.0,0.0,0.0,0.3,0.5,1.0,0.0,4.0,5.0,2.3,Vinje_G2,Vinje,34.4,100.0,100.0,198.0,198.0,2,9.796,0.3738931,0.27,25.3,1157.897,22.33,27.814562,1
1,2015-01-01 00:00:00+00:00,36,2015-01-02 12:00:00+00:00,28.24,0.0,0.0,0.0,0.3,0.5,1.0,0.0,4.0,5.0,2.23,Vinje_G2,Vinje,34.4,100.0,100.0,198.0,198.0,2,9.796,0.3738931,0.27,25.3,1157.897,22.34,27.814562,1
1,2015-01-01 00:00:00+00:00,37,2015-01-02 13:00:00+00:00,28.12,0.0,0.0,0.0,0.3,0.5,1.0,0.0,4.0,5.0,2.2,Vinje_G2,Vinje,34.4,100.0,100.0,198.0,198.0,2,9.796,0.3738931,0.27,25.3,1157.897,22.270002,27.814562,1
1,2015-01-01 00:00:00+00:00,38,2015-01-02 14:00:00+00:00,28.23,0.0,0.0,0.0,0.3,0.5,1.0,0.0,4.0,5.0,2.17,Vinje_G2,Vinje,34.4,100.0,100.0,198.0,198.0,2,9.796,0.3738931,0.28,25.3,1157.897,22.300001,27.814562,1
1,2015-01-01 00:00:00+00:00,39,2015-01-02 15:00:00+00:00,28.59,0.0,0.0,0.0,0.3,0.5,1.0,0.0,4.0,5.0,2.14,Vinje_G2,Vinje,34.4,100.0,100.0,198.0,198.0,2,9.796,0.3738931,0.28,25.3,1157.897,22.43,27.814562,1
1,2015-01-01 00:00:00+00:00,40,2015-01-02 16:00:00+00:00,28.73,0.0,0.0,0.0,0.3,0.5,1.0,0.0,4.0,5.0,2.13,Vinje_G2,Vinje,34.4,100.0,100.0,198.0,198.0,2,9.796,0.3738931,0.29,25.3,1157.897,22.590002,27.814562,1
1,2015-01-01 00:00:00+00:00,41,2015-01-02 17:00:00+00:00,28.48,0.0,0.0,0.0,0.3,0.5,1.0,0.0,4.0,5.0,2.05,Vinje_G2,Vinje,34.4,100.0,100.0,198.0,198.0,2,9.796,0.3738931,0.29,25.3,1157.897,22.560001,27.814562,1
1,2015-01-01 00:00:00+00:00,42,2015-01-02 18:00:00+00:00,28.38,0.0,0.0,0.0,0.3,0.5,1.0,0.0,4.0,5.0,1.64,Vinje_G2,Vinje,34.4,100.0,100.0,198.0,198.0,2,9.796,0.3738931,0.29,25.3,1157.897,21.890001,27.814562,1
1,2015-01-01 00:00:00+00:00,43,2015-01-02 19:00:00+00:00,27.85,0.0,0.0,0.0,0.3,0.5,1.0,0.0,4.0,5.0,2.06,Vinje_G2,Vinje,34.4,100.0,100.0,198.0,198.0,2,9.796,0.3738931,0.29,25.3,1157.897,22.54,27.814562,1
1,2015-01-01 00:00:00+00:00,44,2015-01-02 20:00:00+00:00,27.45,0.0,0.0,0.0,0.3,0.5,1.0,0.0,4.0,5.0,2.2,Vinje_G2,Vinje,34.4,100.0,100.0,198.0,198.0,2,9.796,0.3738931,0.3,25.3,1157.897,22.8,27.814562,1
1,2015-01-01 00:00:00+00:00,45,2015-01-02 21:00:00+00:00,27.2,0.0,0.0,0.0,0.3,0.5,1.0,0.0,4.0,5.0,2.38,Vinje_G2,Vinje,34.4,100.0,100.0,198.0,198.0,2,9.796,0.3738931,0.3,25.3,1157.897,22.970001,27.814562,1
1,2015-01-01 00:00:00+00:00,46,2015-01-02 22:00:00+00:00,26.79,0.0,0.0,0.0,0.3,0.5,1.0,0.0,4.0,5.0,2.59,Vinje_G2,Vinje,34.4,100.0,100.0,198.0,198.0,2,9.796,0.3738931,0.3,25.3,1157.897,23.129997,27.814562,1
1,2015-01-01 00:00:00+00:00,47,2015-01-02 23:00:00+00:00,25.85,0.0,0.0,0.0,0.3,0.5,1.0,0.0,4.0,5.0,2.83,Vinje_G2,Vinje,34.4,100.0,100.0,198.0,198.0,2,9.796,0.3738931,0.31,25.3,1157.897,23.499998,27.814562,1
1,2015-01-01 00:00:00+00:00,48,2015-01-03 00:00:00+00:00,25.54,0.0,0.0,0.0,0.3,0.5,1.0,0.0,4.0,5.0,2.84,Vinje_G2,Vinje,34.4,100.0,100.0,198.0,198.0,2,9.796,0.3738931,0.32,25.3,1157.897,23.619999,27.814562,1
1,2015-01-01 00:00:00+00:00,49,2015-01-03 01:00:00+00:00,25.43,0.0,0.0,0.0,0.3,0.5,1.0,0.0,4.0,5.0,2.77,Vinje_G2,Vinje,34.4,100.0,100.0,198.0,198.0,2,9.796,0.3738931,0.32,25.3,1157.897,23.61,27.814562,1
1,2015-01-01 00:00:00+00:00,50,2015-01-03 02:00:00+00:00,25.34,0.0,0.0,0.0,0.3,0.5,1.0,0.0,4.0,5.0,2.86,Vinje_G2,Vinje,34.4,100.0,100.0,198.0,198.0,2,9.796,0.3738931,0.33,25.3,1157.897,23.67,27.814562,1
1,2015-01-01 00:00:00+00:00,51,2015-01-03 03:00:00+00:00,25.29,0.0,0.0,0.0,0.3,0.5,1.0,0.0,4.0,5.0,3.02,Vinje_G2,Vinje,34.4,100.0,100.0,198.0,198.0,2,9.796,0.3738931,0.33,25.3,1157.897,23.93,27.814562,1
1,2015-01-01 00:00:00+00:00,52,2015-01-03 04:00:00+00:00,25.3,0.0,0.0,0.0,0.3,0.5,1.0,0.0,4.0,5.0,3.13,Vinje_G2,Vinje,34.4,100.0,100.0,198.0,198.0,2,9.796,0.3738931,0.34,25.3,1157.897,24.130001,27.814562,1
1,2015-01-01 00:00:00+00:00,53,2015-01-03 05:00:00+00:00,25.55,0.0,0.0,0.0,0.3,0.5,1.0,0.0,4.0,5.0,3.16,Vinje_G2,Vinje,34.4,100.0,100.0,198.0,198.0,2,9.796,0.3738931,0.34,25.3,1157.897,24.25,27.814562,1
1,2015-01-01 00:00:00+00:00,54,2015-01-03 06:00:00+00:00,26.75,0.0,0.0,0.0,0.3,0.5,1.0,0.0,4.0,5.0,3.13,Vinje_G2,Vinje,34.4,100.0,100.0,198.0,198.0,2,9.796,0.3738931,0.34,25.3,1157.897,24.289999,27.814562,1
1,2015-01-01 00:00:00+00:00,55,2015-01-03 07:00:00+00:00,26.98,0.0,0.0,0.0,0.3,0.5,1.0,0.0,4.0,5.0,3.06,Vinje_G2,Vinje,34.4,100.0,100.0,198.0,198.0,2,9.796,0.3738931,0.34,25.3,1157.897,24.26,27.814562,1
1,2015-01-01 00:00:00+00:00,56,2015-01-03 08:00:00+00:00,27.52,0.0,0.0,0.0,0.3,0.5,1.0,0.0,4.0,5.0,3.01,Vinje_G2,Vinje,34.4,100.0,100.0,198.0,198.0,2,9.796,0.3738931,0.34,25.3,1157.897,24.289999,27.814562,1
1,2015-01-01 00:00:00+00:00,57,2015-01-03 09:00:00+00:00,27.72,0.0,0.0,0.0,0.3,0.5,1.0,0.0,4.0,5.0,3.0,Vinje_G2,Vinje,34.4,100.0,100.0,198.0,198.0,2,9.796,0.3738931,0.34,25.3,1157.897,24.449999,27.814562,1
1,2015-01-01 00:00:00+00:00,58,2015-01-03 10:00:00+00:00,27.73,0.0,0.0,0.0,0.3,0.5,1.0,0.0,4.0,5.0,2.92,Vinje_G2,Vinje,34.4,100.0,100.0,198.0,198.0,2,9.796,0.3738931,0.35,25.3,1157.897,24.52,27.814562,1
1,2015-01-01 00:00:00+00:00,59,2015-01-03 11:00:00+00:00,27.66,0.0,0.0,0.0,0.3,0.5,1.0,0.0,4.0,5.0,2.88,Vinje_G2,Vinje,34.4,100.0,100.0,198.0,198.0,2,9.796,0.3738931,0.35,25.3,1157.897,24.740002,27.814562,1
1,2015-01-01 00:00:00+00:00,60,2015-01-03 12:00:00+00:00,27.65,0.0,0.0,0.0,0.3,0.5,1.0,0.0,4.0,5.0,2.85,Vinje_G2,Vinje,34.4,100.0,100.0,198.0,198.0,2,9.796,0.3738931,0.35,25.3,1157.897,24.79,27.814562,1
1,2015-01-01 00:00:00+00:00,61,2015-01-03 13:00:00+00:00,27.81,0.0,0.0,0.0,0.3,0.5,1.0,0.0,4.0,5.0,2.84,Vinje_G2,Vinje,34.4,100.0,100.0,198.0,198.0,2,9.796,0.3738931,0.35,25.3,1157.897,24.650002,27.814562,1
1,2015-01-01 00:00:00+00:00,62,2015-01-03 14:00:00+00:00,28.29,0.0,0.0,0.0,0.3,0.5,1.0,0.0,4.0,5.0,2.81,Vinje_G2,Vinje,34.4,100.0,100.0,198.0,198.0,2,9.796,0.3738931,0.35,25.3,1157.897,24.65,27.814562,1
1,2015-01-01 00:00:00+00:00,63,2015-01-03 15:00:00+00:00,28.6,0.0,0.0,0.0,0.3,0.5,1.0,0.0,4.0,5.0,2.75,Vinje_G2,Vinje,34.4,100.0,100.0,198.0,198.0,2,9.796,0.3738931,0.35,25.3,1157.897,24.45,27.814562,1
1,2015-01-01 00:00:00+00:00,64,2015-01-03 16:00:00+00:00,28.88,0.0,0.0,0.0,0.3,0.5,1.0,0.0,4.0,5.0,2.69,Vinje_G2,Vinje,34.4,100.0,100.0,198.0,198.0,2,9.796,0.3738931,0.35,25.3,1157.897,24.380001,27.814562,1
1,2015-01-01 00:00:00+00:00,65,2015-01-03 17:00:00+00:00,28.78,0.0,0.0,0.0,0.3,0.5,1.0,0.0,4.0,5.0,2.65,Vinje_G2,Vinje,34.4,100.0,100.0,198.0,198.0,2,9.796,0.3738931,0.35,25.3,1157.897,24.27,27.814562,1
1,2015-01-01 00:00:00+00:00,66,2015-01-03 18:00:00+00:00,28.54,0.0,0.0,0.0,0.3,0.5,1.0,0.0,4.0,5.0,2.6,Vinje_G2,Vinje,34.4,100.0,100.0,198.0,198.0,2,9.796,0.3738931,0.35,25.3,1157.897,24.18,27.814562,1
1,2015-01-01 00:00:00+00:00,67,2015-01-03 19:00:00+00:00,28.34,0.0,0.0,0.0,0.3,0.5,1.0,0.0,4.0,5.0,2.54,Vinje_G2,Vinje,34.4,100.0,100.0,198.0,198.0,2,9.796,0.3738931,0.35,25.3,1157.897,24.130001,27.814562,1
1,2015-01-01 00:00:00+00:00,68,2015-01-03 20:00:00+00:00,27.93,0.0,0.0,0.0,0.3,0.5,1.0,0.0,4.0,5.0,2.47,Vinje_G2,Vinje,34.4,100.0,100.0,198.0,198.0,2,9.796,0.3738931,0.35,25.3,1157.897,24.01,27.814562,1
1,2015-01-01 00:00:00+00:00,69,2015-01-03 21:00:00+00:00,27.7,0.0,0.0,0.0,0.3,0.5,1.0,0.0,4.0,5.0,2.41,Vinje_G2,Vinje,34.4,100.0,100.0,198.0,198.0,2,9.796,0.3738931,0.35,25.3,1157.897,23.790003,27.814562,1
1,2015-01-01 00:00:00+00:00,70,2015-01-03 22:00:00+00:00,27.25,0.0,0.0,0.0,0.3,0.5,1.0,0.0,4.0,5.0,2.33,Vinje_G2,Vinje,34.4,100.0,100.0,198.0,198.0,2,9.796,0.3738931,0.35,25.3,1157.897,23.689999,27.814562,1
1,2015-01-01 00:00:00+00:00,71,2015-01-03 23:00:00+00:00,27.55,0.0,0.0,0.0,0.3,0.5,1.0,0.0,4.0,5.0,2.27,Vinje_G2,Vinje,34.4,100.0,100.0,198.0,198.0,2,9.796,0.3738931,0.35,25.3,1157.897,23.62,27.814562,1
1,2015-01-01 00:00:00+00:00,72,2015-01-04 00:00:00+00:00,27.38,0.0,0.0,0.0,0.3,0.5,1.0,0.0,4.0,5.0,2.22,Vinje_G2,Vinje,34.4,100.0,100.0,198.0,198.0,2,9.796,0.3738931,0.35,25.3,1157.897,23.31,27.814562,1
1,2015-01-01 00:00:00+00:00,73,2015-01-04 01:00:00+00:00,27.17,0.0,0.0,0.0,0.3,0.5,1.0,0.0,4.0,5.0,2.15,Vinje_G2,Vinje,34.4,100.0,100.0,198.0,198.0,2,9.796,0.3738931,0.35,25.3,1157.897,22.87,27.814562,1
1,2015-01-01 00:00:00+00:00,74,2015-01-04 02:00:00+00:00,27.03,0.0,0.0,0.0,0.3,0.5,1.0,0.0,4.0,5.0,2.1,Vinje_G2,Vinje,34.4,100.0,100.0,198.0,198.0,2,9.796,0.3738931,0.35,25.3,1157.897,22.45,27.814562,1
1,2015-01-01 00:00:00+00:00,75,2015-01-04 03:00:00+00:00,27.04,0.0,0.0,0.0,0.3,0.5,1.0,0.0,4.0,5.0,2.06,Vinje_G2,Vinje,34.4,100.0,100.0,198.0,198.0,2,9.796,0.3738931,0.35,25.3,1157.897,22.289999,27.814562,1
1,2015-01-01 00:00:00+00:00,76,2015-01-04 04:00:00+00:00,27.19,0.0,0.0,0.0,0.3,0.5,1.0,0.0,4.0,5.0,2.01,Vinje_G2,Vinje,34.4,100.0,100.0,198.0,198.0,2,9.796,0.3738931,0.35,25.3,1157.897,22.18,27.814562,1
1,2015-01-01 00:00:00+00:00,77,2015-01-04 05:00:00+00:00,27.13,0.0,0.0,0.0,0.3,0.5,1.0,0.0,4.0,5.0,1.99,Vinje_G2,Vinje,34.4,100.0,100.0,198.0,198.0,2,9.796,0.3738931,0.35,25.3,1157.897,22.110003,27.814562,1
1,2015-01-01 00:00:00+00:00,78,2015-01-04 06:00:00+00:00,27.06,0.0,0.0,0.0,0.3,0.5,1.0,0.0,4.0,5.0,1.94,Vinje_G2,Vinje,34.4,100.0,100.0,198.0,198.0,2,9.796,0.3738931,0.36,25.3,1157.897,22.07,27.814562,1
1,2015-01-01 00:00:00+00:00,79,2015-01-04 07:00:00+00:00,27.63,0.0,0.0,0.0,0.3,0.5,1.0,0.0,4.0,5.0,1.89,Vinje_G2,Vinje,34.4,100.0,100.0,198.0,198.0,2,9.796,0.3738931,0.36,25.3,1157.897,21.880001,27.814562,1
1,2015-01-01 00:00:00+00:00,80,2015-01-04 08:00:00+00:00,28.03,0.0,0.0,0.0,0.3,0.5,1.0,0.0,4.0,5.0,1.84,Vinje_G2,Vinje,34.4,100.0,100.0,198.0,198.0,2,9.796,0.3738931,0.36,25.3,1157.897,21.810001,27.814562,1
1,2015-01-01 00:00:00+00:00,81,2015-01-04 09:00:00+00:00,28.24,0.0,0.0,0.0,0.3,0.5,1.0,0.0,4.0,5.0,1.82,Vinje_G2,Vinje,34.4,100.0,100.0,198.0,198.0,2,9.796,0.3738931,0.36,25.3,1157.897,21.68,27.814562,1
1,2015-01-01 00:00:00+00:00,82,2015-01-04 10:00:00+00:00,28.32,0.0,0.0,0.0,0.3,0.5,1.0,0.0,4.0,5.0,1.79,Vinje_G2,Vinje,34.4,100.0,100.0,198.0,198.0,2,9.796,0.3738931,0.36,25.3,1157.897,21.630001,27.814562,1
1,2015-01-01 00:00:00+00:00,83,2015-01-04 11:00:00+00:00,28.24,0.0,0.0,0.0,0.3,0.5,1.0,0.0,4.0,5.0,1.77,Vinje_G2,Vinje,34.4,100.0,100.0,198.0,198.0,2,9.796,0.3738931,0.36,25.3,1157.897,21.730001,27.814562,1
1,2015-01-01 00:00:00+00:00,84,2015-01-04 12:00:00+00:00,28.27,0.0,0.0,0.0,0.3,0.5,1.0,0.0,4.0,5.0,1.74,Vinje_G2,Vinje,34.4,100.0,100.0,198.0,198.0,2,9.796,0.3738931,0.36,25.3,1157.897,21.85,27.814562,1
1,2015-01-01 00:00:00+00:00,85,2015-01-04 13:00:00+00:00,28.32,0.0,0.0,0.0,0.3,0.5,1.0,0.0,4.0,5.0,1.72,Vinje_G2,Vinje,34.4,100.0,100.0,198.0,198.0,2,9.796,0.3738931,0.36,25.3,1157.897,21.800001,27.814562,1
1,2015-01-01 00:00:00+00:00,86,2015-01-04 14:00:00+00:00,28.37,0.0,0.0,0.0,0.3,0.5,1.0,0.0,4.0,5.0,1.7,Vinje_G2,Vinje,34.4,100.0,100.0,198.0,198.0,2,9.796,0.3738931,0.36,25.3,1157.897,21.67,27.814562,1
1,2015-01-01 00:00:00+00:00,87,2015-01-04 15:00:00+00:00,28.65,0.0,0.0,0.0,0.3,0.5,1.0,0.0,4.0,5.0,1.68,Vinje_G2,Vinje,34.4,100.0,100.0,198.0,198.0,2,9.796,0.3738931,0.36,25.3,1157.897,21.58,27.814562,1
1,2015-01-01 00:00:00+00:00,88,2015-01-04 16:00:00+00:00,28.98,0.0,0.0,0.0,0.3,0.5,1.0,0.0,4.0,5.0,1.68,Vinje_G2,Vinje,34.4,100.0,100.0,198.0,198.0,2,9.796,0.3738931,0.36,25.3,1157.897,21.360003,27.814562,1
1,2015-01-01 00:00:00+00:00,89,2015-01-04 17:00:00+00:00,29.54,0.0,0.0,0.0,0.3,0.5,1.0,0.0,4.0,5.0,1.65,Vinje_G2,Vinje,34.4,100.0,100.0,198.0,198.0,2,9.796,0.3738931,0.36,25.3,1157.897,21.419998,27.814562,1
1,2015-01-01 00:00:00+00:00,90,2015-01-04 18:00:00+00:00,29.42,0.0,0.0,0.0,0.3,0.5,1.0,0.0,4.0,5.0,1.64,Vinje_G2,Vinje,34.4,100.0,100.0,198.0,198.0,2,9.796,0.3738931,0.36,25.3,1157.897,21.720001,27.814562,1
1,2015-01-01 00:00:00+00:00,91,2015-01-04 19:00:00+00:00,28.92,0.0,0.0,0.0,0.3,0.5,1.0,0.0,4.0,5.0,1.63,Vinje_G2,Vinje,34.4,100.0,100.0,198.0,198.0,2,9.796,0.3738931,0.36,25.3,1157.897,22.090002,27.814562,1
1,2015-01-01 00:00:00+00:00,92,2015-01-04 20:00:00+00:00,28.66,0.0,0.0,0.0,0.3,0.5,1.0,0.0,4.0,5.0,1.6,Vinje_G2,Vinje,34.4,100.0,100.0,198.0,198.0,2,9.796,0.3738931,0.36,25.3,1157.897,22.080002,27.814562,1
1,2015-01-01 00:00:00+00:00,93,2015-01-04 21:00:00+00:00,28.69,0.0,0.0,0.0,0.3,0.5,1.0,0.0,4.0,5.0,1.59,Vinje_G2,Vinje,34.4,100.0,100.0,198.0,198.0,2,9.796,0.3738931,0.36,25.3,1157.897,21.99,27.814562,1
1,2015-01-01 00:00:00+00:00,94,2015-01-04 22:00:00+00:00,28.02,0.0,0.0,0.0,0.3,0.5,1.0,0.0,4.0,5.0,1.58,Vinje_G2,Vinje,34.4,100.0,100.0,198.0,198.0,2,9.796,0.3738931,0.36,25.3,1157.897,21.929998,27.814562,1
1,2015-01-01 00:00:00+00:00,95,2015-01-04 23:00:00+00:00,28.19,0.0,0.0,0.0,0.3,0.5,1.0,0.0,4.0,5.0,1.57,Vinje_G2,Vinje,34.4,100.0,100.0,198.0,198.0,2,9.796,0.3738931,0.36,25.3,1157.897,22.2,27.814562,1
1,2015-01-01 00:00:00+00:00,96,2015-01-05 00:00:00+00:00,28.15,0.0,0.0,0.0,0.3,0.5,1.0,0.0,4.0,5.0,1.56,Vinje_G2,Vinje,34.4,100.0,100.0,198.0,198.0,2,9.796,0.3738931,0.37,25.3,1157.897,22.220001,27.814562,1
1,2015-01-01 00:00:00+00:00,97,2015-01-05 01:00:00+00:00,28.13,0.0,0.0,0.0,0.3,0.5,1.0,0.0,4.0,5.0,1.54,Vinje_G2,Vinje,34.4,100.0,100.0,198.0,198.0,2,9.796,0.3738931,0.36,25.3,1157.897,22.360003,27.814562,1
1,2015-01-01 00:00:00+00:00,98,2015-01-05 02:00:00+00:00,28.05,0.0,0.0,0.0,0.3,0.5,1.0,0.0,4.0,5.0,1.53,Vinje_G2,Vinje,34.4,100.0,100.0,198.0,198.0,2,9.796,0.3738931,0.37,25.3,1157.897,22.51,27.814562,1
1,2015-01-01 00:00:00+00:00,99,2015-01-05 03:00:00+00:00,28.04,0.0,0.0,0.0,0.3,0.5,1.0,0.0,4.0,5.0,1.52,Vinje_G2,Vinje,34.4,100.0,100.0,198.0,198.0,2,9.796,0.3738931,0.37,25.3,1157.897,22.550003,27.814562,1
1,2015-01-01 00:00:00+00:00,100,2015-01-05 04:00:00+00:00,28.46,0.0,0.0,0.0,0.3,0.5,1.0,0.0,4.0,5.0,1.51,Vinje_G2,Vinje,34.4,100.0,100.0,198.0,198.0,2,9.796,0.3738931,0.37,25.3,1157.897,22.5,27.814562,1
1,2015-01-01 00:00:00+00:00,101,2015-01-05 05:00:00+00:00,28.78,0.0,0.0,0.0,0.3,0.5,1.0,0.0,4.0,5.0,1.5,Vinje_G2,Vinje,34.4,100.0,100.0,198.0,198.0,2,9.796,0.3738931,0.37,25.3,1157.897,22.580002,27.814562,1
1,2015-01-01 00:00:00+00:00,102,2015-01-05 06:00:00+00:00,30.99,0.0,0.0,0.0,0.3,0.5,1.0,0.0,4.0,5.0,1.48,Vinje_G2,Vinje,34.4,100.0,100.0,198.0,198.0,2,9.796,0.3738931,0.37,25.3,1157.897,22.560001,27.814562,1
1,2015-01-01 00:00:00+00:00,103,2015-01-05 07:00:00+00:00,38.15,0.0,0.0,0.0,0.3,0.5,1.0,0.0,4.0,5.0,1.47,Vinje_G2,Vinje,34.4,100.0,100.0,198.0,198.0,2,9.796,0.3738931,0.37,25.3,1157.897,22.630001,27.814562,1
1,2015-01-01 00:00:00+00:00,104,2015-01-05 08:00:00+00:00,41.51,0.0,0.0,0.0,0.3,0.5,1.0,0.0,4.0,5.0,1.46,Vinje_G2,Vinje,34.4,100.0,100.0,198.0,198.0,2,9.796,0.3738931,0.37,25.3,1157.897,22.560001,27.814562,1
1,2015-01-01 00:00:00+00:00,105,2015-01-05 09:00:00+00:00,40.46,0.0,0.0,0.0,0.3,0.5,1.0,0.0,4.0,5.0,1.46,Vinje_G2,Vinje,34.4,100.0,100.0,198.0,198.0,2,9.796,0.3738931,0.37,25.3,1157.897,22.500002,27.814562,1
1,2015-01-01 00:00:00+00:00,106,2015-01-05 10:00:00+00:00,40.97,0.0,0.0,0.0,0.3,0.5,1.0,0.0,4.0,5.0,1.45,Vinje_G2,Vinje,34.4,100.0,100.0,198.0,198.0,2,9.796,0.3738931,0.37,25.3,1157.897,22.48,27.814562,1
1,2015-01-01 00:00:00+00:00,107,2015-01-05 11:00:00+00:00,38.66,0.0,0.0,0.0,0.3,0.5,1.0,0.0,4.0,5.0,1.45,Vinje_G2,Vinje,34.4,100.0,100.0,198.0,198.0,2,9.796,0.3738931,0.37,25.3,1157.897,22.480001,27.814562,1
1,2015-01-01 00:00:00+00:00,108,2015-01-05 12:00:00+00:00,36.44,0.0,0.0,0.0,0.3,0.5,1.0,0.0,4.0,5.0,1.45,Vinje_G2,Vinje,34.4,100.0,100.0,198.0,198.0,2,9.796,0.3738931,0.37,25.3,1157.897,22.390001,27.814562,1
1,2015-01-01 00:00:00+00:00,109,2015-01-05 13:00:00+00:00,37.74,0.0,0.0,0.0,0.3,0.5,1.0,0.0,4.0,5.0,1.45,Vinje_G2,Vinje,34.4,100.0,100.0,198.0,198.0,2,9.796,0.3738931,0.37,25.3,1157.897,22.340002,27.814562,1
1,2015-01-01 00:00:00+00:00,110,2015-01-05 14:00:00+00:00,43.1,0.0,0.0,0.0,0.3,0.5,1.0,0.0,4.0,5.0,1.45,Vinje_G2,Vinje,34.4,100.0,100.0,198.0,198.0,2,9.796,0.3738931,0.37,25.3,1157.897,22.22,27.814562,1
1,2015-01-01 00:00:00+00:00,111,2015-01-05 15:00:00+00:00,46.7,0.0,0.0,0.0,0.3,0.5,1.0,0.0,4.0,5.0,1.44,Vinje_G2,Vinje,34.4,100.0,100.0,198.0,198.0,2,9.796,0.3738931,0.37,25.3,1157.897,22.150002,27.814562,1
1,2015-01-01 00:00:00+00:00,112,2015-01-05 16:00:00+00:00,56.78,0.0,0.0,0.0,0.3,0.5,1.0,0.0,4.0,5.0,1.44,Vinje_G2,Vinje,34.4,100.0,100.0,198.0,198.0,2,9.796,0.3738931,0.37,25.3,1157.897,22.099998,27.814562,1
1,2015-01-01 00:00:00+00:00,113,2015-01-05 17:00:00+00:00,36.49,0.0,0.0,0.0,0.3,0.5,1.0,0.0,4.0,5.0,1.45,Vinje_G2,Vinje,34.4,100.0,100.0,198.0,198.0,2,9.796,0.3738931,0.37,25.3,1157.897,22.08,27.814562,1
1,2015-01-01 00:00:00+00:00,114,2015-01-05 18:00:00+00:00,32.43,0.0,0.0,0.0,0.3,0.5,1.0,0.0,4.0,5.0,1.44,Vinje_G2,Vinje,34.4,100.0,100.0,198.0,198.0,2,9.796,0.3738931,0.37,25.3,1157.897,22.010002,27.814562,1
1,2015-01-01 00:00:00+00:00,115,2015-01-05 19:00:00+00:00,31.39,0.0,0.0,0.0,0.3,0.5,1.0,0.0,4.0,5.0,1.43,Vinje_G2,Vinje,34.4,100.0,100.0,198.0,198.0,2,9.796,0.3738931,0.37,25.3,1157.897,21.92,27.814562,1
1,2015-01-01 00:00:00+00:00,116,2015-01-05 20:00:00+00:00,30.29,0.0,0.0,0.0,0.3,0.5,1.0,0.0,4.0,5.0,1.43,Vinje_G2,Vinje,34.4,100.0,100.0,198.0,198.0,2,9.796,0.3738931,0.37,25.3,1157.897,21.810003,27.814562,1
1,2015-01-01 00:00:00+00:00,117,2015-01-05 21:00:00+00:00,29.43,0.0,0.0,0.0,0.3,0.5,1.0,0.0,4.0,5.0,1.43,Vinje_G2,Vinje,34.4,100.0,100.0,198.0,198.0,2,9.796,0.3738931,0.37,25.3,1157.897,21.7,27.814562,1
1,2015-01-01 00:00:00+00:00,118,2015-01-05 22:00:00+00:00,29.09,0.0,0.0,0.0,0.3,0.5,1.0,0.0,4.0,5.0,1.44,Vinje_G2,Vinje,34.4,100.0,100.0,198.0,198.0,2,9.796,0.3738931,0.37,25.3,1157.897,21.650002,27.814562,1
1,2015-01-01 00:00:00+00:00,119,2015-01-05 23:00:00+00:00,28.08,0.0,0.0,0.0,0.3,0.5,1.0,0.0,4.0,5.0,1.44,Vinje_G2,Vinje,34.4,100.0,100.0,198.0,198.0,2,9.796,0.3738931,0.37,25.3,1157.897,21.539999,27.814562,1
1,2015-01-01 00:00:00+00:00,120,2015-01-06 00:00:00+00:00,27.94,0.0,0.0,0.0,0.3,0.5,1.0,0.0,4.0,5.0,1.44,Vinje_G2,Vinje,34.4,100.0,100.0,198.0,198.0,2,9.796,0.3738931,0.37,25.3,1157.897,21.49,27.814562,1
1,2015-01-01 00:00:00+00:00,121,2015-01-06 01:00:00+00:00,27.91,0.0,0.0,0.0,0.3,0.5,1.0,0.0,4.0,5.0,1.44,Vinje_G2,Vinje,34.4,100.0,100.0,198.0,198.0,2,9.796,0.3738931,0.37,25.3,1157.897,21.39,27.814562,1
1,2015-01-01 00:00:00+00:00,122,2015-01-06 02:00:00+00:00,27.89,0.0,0.0,0.0,0.3,0.5,1.0,0.0,4.0,5.0,1.44,Vinje_G2,Vinje,34.4,100.0,100.0,198.0,198.0,2,9.796,0.3738931,0.37,25.3,1157.897,21.349998,27.814562,1
1,2015-01-01 00:00:00+00:00,123,2015-01-06 03:00:00+00:00,27.89,0.0,0.0,0.0,0.3,0.5,1.0,0.0,4.0,5.0,1.44,Vinje_G2,Vinje,34.4,100.0,100.0,198.0,198.0,2,9.796,0.3738931,0.37,25.3,1157.897,21.31,27.814562,1
1,2015-01-01 00:00:00+00:00,124,2015-01-06 04:00:00+00:00,28.01,0.0,0.0,0.0,0.3,0.5,1.0,0.0,4.0,5.0,1.44,Vinje_G2,Vinje,34.4,100.0,100.0,198.0,198.0,2,9.796,0.3738931,0.37,25.3,1157.897,21.240002,27.814562,1
1,2015-01-01 00:00:00+00:00,125,2015-01-06 05:00:00+00:00,28.73,0.0,0.0,0.0,0.3,0.5,1.0,0.0,4.0,5.0,1.44,Vinje_G2,Vinje,34.4,100.0,100.0,198.0,198.0,2,9.796,0.3738931,0.37,25.3,1157.897,21.17,27.814562,1
1,2015-01-01 00:00:00+00:00,126,2015-01-06 06:00:00+00:00,30.03,0.0,0.0,0.0,0.3,0.5,1.0,0.0,4.0,5.0,1.43,Vinje_G2,Vinje,34.4,100.0,100.0,198.0,198.0,2,9.796,0.3738931,0.37,25.3,1157.897,21.12,27.814562,1
1,2015-01-01 00:00:00+00:00,127,2015-01-06 07:00:00+00:00,30.5,0.0,0.0,0.0,0.3,0.5,1.0,0.0,4.0,5.0,1.42,Vinje_G2,Vinje,34.4,100.0,100.0,198.0,198.0,2,9.796,0.3738931,0.37,25.3,1157.897,21.080002,27.814562,1
1,2015-01-01 00:00:00+00:00,128,2015-01-06 08:00:00+00:00,30.35,0.0,0.0,0.0,0.3,0.5,1.0,0.0,4.0,5.0,1.42,Vinje_G2,Vinje,34.4,100.0,100.0,198.0,198.0,2,9.796,0.3738931,0.37,25.3,1157.897,20.95,27.814562,1
1,2015-01-01 00:00:00+00:00,129,2015-01-06 09:00:00+00:00,30.53,0.0,0.0,0.0,0.3,0.5,1.0,0.0,4.0,5.0,1.42,Vinje_G2,Vinje,34.4,100.0,100.0,198.0,198.0,2,9.796,0.3738931,0.37,25.3,1157.897,20.92,27.814562,1
1,2015-01-01 00:00:00+00:00,130,2015-01-06 10:00:00+00:00,29.91,0.0,0.0,0.0,0.3,0.5,1.0,0.0,4.0,5.0,1.43,Vinje_G2,Vinje,34.4,100.0,100.0,198.0,198.0,2,9.796,0.3738931,0.37,25.3,1157.897,20.94,27.814562,1
1,2015-01-01 00:00:00+00:00,131,2015-01-06 11:00:00+00:00,29.62,0.0,0.0,0.0,0.3,0.5,1.0,0.0,4.0,5.0,1.41,Vinje_G2,Vinje,34.4,100.0,100.0,198.0,198.0,2,9.796,0.3738931,0.37,25.3,1157.897,20.84,27.814562,1
1,2015-01-01 00:00:00+00:00,132,2015-01-06 12:00:00+00:00,29.58,0.0,0.0,0.0,0.3,0.5,1.0,0.0,4.0,5.0,1.4,Vinje_G2,Vinje,34.4,100.0,100.0,198.0,198.0,2,9.796,0.3738931,0.37,25.3,1157.897,20.800001,27.814562,1
1,2015-01-01 00:00:00+00:00,133,2015-01-06 13:00:00+00:00,29.57,0.0,0.0,0.0,0.3,0.5,1.0,0.0,4.0,5.0,1.41,Vinje_G2,Vinje,34.4,100.0,100.0,198.0,198.0,2,9.796,0.3738931,0.37,25.3,1157.897,20.820002,27.814562,1
1,2015-01-01 00:00:00+00:00,134,2015-01-06 14:00:00+00:00,29.62,0.0,0.0,0.0,0.3,0.5,1.0,0.0,4.0,5.0,1.41,Vinje_G2,Vinje,34.4,100.0,100.0,198.0,198.0,2,9.796,0.3738931,0.38,25.3,1157.897,20.8,27.814562,1
1,2015-01-01 00:00:00+00:00,135,2015-01-06 15:00:00+00:00,29.99,0.0,0.0,0.0,0.3,0.5,1.0,0.0,4.0,5.0,1.41,Vinje_G2,Vinje,34.4,100.0,100.0,198.0,198.0,2,9.796,0.3738931,0.38,25.3,1157.897,20.829998,27.814562,1
1,2015-01-01 00:00:00+00:00,136,2015-01-06 16:00:00+00:00,29.65,0.0,0.0,0.0,0.3,0.5,1.0,0.0,4.0,5.0,1.41,Vinje_G2,Vinje,34.4,100.0,100.0,198.0,198.0,2,9.796,0.3738931,0.38,25.3,1157.897,20.839998,27.814562,1
1,2015-01-01 00:00:00+00:00,137,2015-01-06 17:00:00+00:00,29.58,0.0,0.0,0.0,0.3,0.5,1.0,0.0,4.0,5.0,1.4,Vinje_G2,Vinje,34.4,100.0,100.0,198.0,198.0,2,9.796,0.3738931,0.38,25.3,1157.897,20.799997,27.814562,1
1,2015-01-01 00:00:00+00:00,138,2015-01-06 18:00:00+00:00,29.0,0.0,0.0,0.0,0.3,0.5,1.0,0.0,4.0,5.0,1.4,Vinje_G2,Vinje,34.4,100.0,100.0,198.0,198.0,2,9.796,0.3738931,0.39,25.3,1157.897,20.839998,27.814562,1
1,2015-01-01 00:00:00+00:00,139,2015-01-06 19:00:00+00:00,28.45,0.0,0.0,0.0,0.3,0.5,1.0,0.0,4.0,5.0,1.4,Vinje_G2,Vinje,34.4,100.0,100.0,198.0,198.0,2,9.796,0.3738931,0.39,25.3,1157.897,20.88,27.814562,1
1,2015-01-01 00:00:00+00:00,140,2015-01-06 20:00:00+00:00,28.15,0.0,0.0,0.0,0.3,0.5,1.0,0.0,4.0,5.0,1.38,Vinje_G2,Vinje,34.4,100.0,100.0,198.0,198.0,2,9.796,0.3738931,0.39,25.3,1157.897,20.82,27.814562,1
1,2015-01-01 00:00:00+00:00,141,2015-01-06 21:00:00+00:00,27.73,0.0,0.0,0.0,0.3,0.5,1.0,0.0,4.0,5.0,1.4,Vinje_G2,Vinje,34.4,100.0,100.0,198.0,198.0,2,9.796,0.3738931,0.39,25.3,1157.897,20.809998,27.814562,1
1,2015-01-01 00:00:00+00:00,142,2015-01-06 22:00:00+00:00,27.32,0.0,0.0,0.0,0.3,0.5,1.0,0.0,4.0,5.0,1.39,Vinje_G2,Vinje,34.4,100.0,100.0,198.0,198.0,2,9.796,0.3738931,0.39,25.3,1157.897,20.759998,27.814562,1
1,2015-01-01 00:00:00+00:00,143,2015-01-06 23:00:00+00:00,26.35,0.0,0.0,0.0,0.3,0.5,1.0,0.0,4.0,5.0,1.31,Vinje_G2,Vinje,34.4,100.0,100.0,198.0,198.0,2,9.796,0.3738931,0.39,25.3,1157.897,20.65,27.814562,1
1,2015-01-01 00:00:00+00:00,144,2015-01-07 00:00:00+00:00,26.08,0.0,0.0,0.0,0.3,0.5,1.0,0.0,4.0,5.0,1.29,Vinje_G2,Vinje,34.4,100.0,100.0,198.0,198.0,2,9.796,0.3738931,0.39,25.3,1157.897,20.679998,27.814562,1
1,2015-01-01 00:00:00+00:00,145,2015-01-07 01:00:00+00:00,26.03,0.0,0.0,0.0,0.3,0.5,1.0,0.0,4.0,5.0,1.29,Vinje_G2,Vinje,34.4,100.0,100.0,198.0,198.0,2,9.796,0.3738931,0.39,25.3,1157.897,20.54,27.814562,1
1,2015-01-01 00:00:00+00:00,146,2015-01-07 02:00:00+00:00,26.17,0.0,0.0,0.0,0.3,0.5,1.0,0.0,4.0,5.0,1.27,Vinje_G2,Vinje,34.4,100.0,100.0,198.0,198.0,2,9.796,0.3738931,0.38,25.3,1157.897,20.57,27.814562,1
1,2015-01-01 00:00:00+00:00,147,2015-01-07 03:00:00+00:00,26.74,0.0,0.0,0.0,0.3,0.5,1.0,0.0,4.0,5.0,1.27,Vinje_G2,Vinje,34.4,100.0,100.0,198.0,198.0,2,9.796,0.3738931,0.38,25.3,1157.897,20.51,27.814562,1
1,2015-01-01 00:00:00+00:00,148,2015-01-07 04:00:00+00:00,27.78,0.0,0.0,0.0,0.3,0.5,1.0,0.0,4.0,5.0,1.27,Vinje_G2,Vinje,34.4,100.0,100.0,198.0,198.0,2,9.796,0.3738931,0.38,25.3,1157.897,20.489998,27.814562,1
1,2015-01-01 00:00:00+00:00,149,2015-01-07 05:00:00+00:00,28.48,0.0,0.0,0.0,0.3,0.5,1.0,0.0,4.0,5.0,1.27,Vinje_G2,Vinje,34.4,100.0,100.0,198.0,198.0,2,9.796,0.3738931,0.38,25.3,1157.897,20.499998,27.814562,1
1,2015-01-01 00:00:00+00:00,150,2015-01-07 06:00:00+00:00,31.53,0.0,0.0,0.0,0.3,0.5,1.0,0.0,4.0,5.0,1.27,Vinje_G2,Vinje,34.4,100.0,100.0,198.0,198.0,2,9.796,0.3738931,0.38,25.3,1157.897,20.369999,27.814562,1
1,2015-01-01 00:00:00+00:00,151,2015-01-07 07:00:00+00:00,32.54,0.0,0.0,0.0,0.3,0.5,1.0,0.0,4.0,5.0,1.27,Vinje_G2,Vinje,34.4,100.0,100.0,198.0,198.0,2,9.796,0.3738931,0.39,25.3,1157.897,20.3,27.814562,1
1,2015-01-01 00:00:00+00:00,152,2015-01-07 08:00:00+00:00,32.24,0.0,0.0,0.0,0.3,0.5,1.0,0.0,4.0,5.0,1.26,Vinje_G2,Vinje,34.4,100.0,100.0,198.0,198.0,2,9.796,0.3738931,0.38,25.3,1157.897,20.17,27.814562,1
1,2015-01-01 00:00:00+00:00,153,2015-01-07 09:00:00+00:00,31.96,0.0,0.0,0.0,0.3,0.5,1.0,0.0,4.0,5.0,1.25,Vinje_G2,Vinje,34.4,100.0,100.0,198.0,198.0,2,9.796,0.3738931,0.38,25.3,1157.897,20.11,27.814562,1
1,2015-01-01 00:00:00+00:00,154,2015-01-07 10:00:00+00:00,31.66,0.0,0.0,0.0,0.3,0.5,1.0,0.0,4.0,5.0,1.25,Vinje_G2,Vinje,34.4,100.0,100.0,198.0,198.0,2,9.796,0.3738931,0.38,25.3,1157.897,20.099998,27.814562,1
1,2015-01-01 00:00:00+00:00,155,2015-01-07 11:00:00+00:00,30.97,0.0,0.0,0.0,0.3,0.5,1.0,0.0,4.0,5.0,1.25,Vinje_G2,Vinje,34.4,100.0,100.0,198.0,198.0,2,9.796,0.3738931,0.38,25.3,1157.897,20.079998,27.814562,1
1,2015-01-01 00:00:00+00:00,156,2015-01-07 12:00:00+00:00,30.65,0.0,0.0,0.0,0.3,0.5,1.0,0.0,4.0,5.0,1.25,Vinje_G2,Vinje,34.4,100.0,100.0,198.0,198.0,2,9.796,0.3738931,0.39,25.3,1157.897,20.099998,27.814562,1
1,2015-01-01 00:00:00+00:00,157,2015-01-07 13:00:00+00:00,30.31,0.0,0.0,0.0,0.3,0.5,1.0,0.0,4.0,5.0,1.23,Vinje_G2,Vinje,34.4,100.0,100.0,198.0,198.0,2,9.796,0.3738931,0.38,25.3,1157.897,20.08,27.814562,1
1,2015-01-01 00:00:00+00:00,158,2015-01-07 14:00:00+00:00,29.79,0.0,0.0,0.0,0.3,0.5,1.0,0.0,4.0,5.0,1.23,Vinje_G2,Vinje,34.4,100.0,100.0,198.0,198.0,2,9.796,0.3738931,0.39,25.3,1157.897,20.11,27.814562,1
1,2015-01-01 00:00:00+00:00,159,2015-01-07 15:00:00+00:00,30.72,0.0,0.0,0.0,0.3,0.5,1.0,0.0,4.0,5.0,1.21,Vinje_G2,Vinje,34.4,100.0,100.0,198.0,198.0,2,9.796,0.3738931,0.39,25.3,1157.897,20.029999,27.814562,1
1,2015-01-01 00:00:00+00:00,160,2015-01-07 16:00:00+00:00,29.56,0.0,0.0,0.0,0.3,0.5,1.0,0.0,4.0,5.0,1.2,Vinje_G2,Vinje,34.4,100.0,100.0,198.0,198.0,2,9.796,0.3738931,0.39,25.3,1157.897,20.03,27.814562,1
1,2015-01-01 00:00:00+00:00,161,2015-01-07 17:00:00+00:00,28.84,0.0,0.0,0.0,0.3,0.5,1.0,0.0,4.0,5.0,1.2,Vinje_G2,Vinje,34.4,100.0,100.0,198.0,198.0,2,9.796,0.3738931,0.39,25.3,1157.897,19.99,27.814562,1
1,2015-01-01 00:00:00+00:00,162,2015-01-07 18:00:00+00:00,28.2,0.0,0.0,0.0,0.3,0.5,1.0,0.0,4.0,5.0,1.2,Vinje_G2,Vinje,34.4,100.0,100.0,198.0,198.0,2,9.796,0.3738931,0.39,25.3,1157.897,19.960001,27.814562,1
1,2015-01-01 00:00:00+00:00,163,2015-01-07 19:00:00+00:00,27.75,0.0,0.0,0.0,0.3,0.5,1.0,0.0,4.0,5.0,1.2,Vinje_G2,Vinje,34.4,100.0,100.0,198.0,198.0,2,9.796,0.3738931,0.39,25.3,1157.897,19.94,27.814562,1
1,2015-01-01 00:00:00+00:00,164,2015-01-07 20:00:00+00:00,27.42,0.0,0.0,0.0,0.3,0.5,1.0,0.0,4.0,5.0,1.21,Vinje_G2,Vinje,34.4,100.0,100.0,198.0,198.0,2,9.796,0.3738931,0.39,25.3,1157.897,19.960001,27.814562,1
1,2015-01-01 00:00:00+00:00,165,2015-01-07 21:00:00+00:00,26.68,0.0,0.0,0.0,0.3,0.5,1.0,0.0,4.0,5.0,1.22,Vinje_G2,Vinje,34.4,100.0,100.0,198.0,198.0,2,9.796,0.3738931,0.39,25.3,1157.897,19.939999,27.814562,1
1,2015-01-01 00:00:00+00:00,166,2015-01-07 22:00:00+00:00,26.15,0.0,0.0,0.0,0.3,0.5,1.0,0.0,4.0,5.0,1.21,Vinje_G2,Vinje,34.4,100.0,100.0,198.0,198.0,2,9.796,0.3738931,0.39,25.3,1157.897,19.97,27.814562,1
1,2015-01-01 00:00:00+00:00,167,2015-01-07 23:00:00+00:00,26.04,0.0,0.0,0.0,0.3,0.5,1.0,0.0,4.0,5.0,1.19,Vinje_G2,Vinje,34.4,100.0,100.0,198.0,198.0,2,9.796,0.3738931,0.39,25.3,1157.897,19.96,27.814562,1
1,2015-01-01 00:00:00+00:00,0,2015-01-01 00:00:00+00:00,27.07,0.0,0.0,0.0,0.3,0.5,1.0,0.0,4.0,5.0,1.01,Vinje_G3,Vinje,34.4,100.0,100.0,198.0,198.0,3,9.796,0.3738931,0.25,25.3,1157.897,18.98,27.814562,1
1,2015-01-01 00:00:00+00:00,1,2015-01-01 01:00:00+00:00,26.93,0.0,0.0,0.0,0.3,0.5,1.0,0.0,4.0,5.0,1.0,Vinje_G3,Vinje,34.4,100.0,100.0,198.0,198.0,3,9.796,0.3738931,0.25,25.3,1157.897,18.91,27.814562,1
1,2015-01-01 00:00:00+00:00,2,2015-01-01 02:00:00+00:00,26.83,0.0,0.0,0.0,0.3,0.5,1.0,0.0,4.0,5.0,1.01,Vinje_G3,Vinje,34.4,100.0,100.0,198.0,198.0,3,9.796,0.3738931,0.25,25.3,1157.897,18.8,27.814562,1
1,2015-01-01 00:00:00+00:00,3,2015-01-01 03:00:00+00:00,26.81,0.0,0.0,0.0,0.3,0.5,1.0,0.0,4.0,5.0,1.0,Vinje_G3,Vinje,34.4,100.0,100.0,198.0,198.0,3,9.796,0.3738931,0.25,25.3,1157.897,18.8,27.814562,1
1,2015-01-01 00:00:00+00:00,4,2015-01-01 04:00:00+00:00,26.97,0.0,0.0,0.0,0.3,0.5,1.0,0.0,4.0,5.0,0.99,Vinje_G3,Vinje,34.4,100.0,100.0,198.0,198.0,3,9.796,0.3738931,0.25,25.3,1157.897,18.72,27.814562,1
1,2015-01-01 00:00:00+00:00,5,2015-01-01 05:00:00+00:00,27.07,0.0,0.0,0.0,0.3,0.5,1.0,0.0,4.0,5.0,1.0,Vinje_G3,Vinje,34.4,100.0,100.0,198.0,198.0,3,9.796,0.3738931,0.25,25.3,1157.897,18.710001,27.814562,1
1,2015-01-01 00:00:00+00:00,6,2015-01-01 06:00:00+00:00,26.8,0.0,0.0,0.0,0.3,0.5,1.0,0.0,4.0,5.0,1.0,Vinje_G3,Vinje,34.4,100.0,100.0,198.0,198.0,3,9.796,0.3738931,0.25,25.3,1157.897,18.650002,27.814562,1
1,2015-01-01 00:00:00+00:00,7,2015-01-01 07:00:00+00:00,26.97,0.0,0.0,0.0,0.3,0.5,1.0,0.0,4.0,5.0,1.0,Vinje_G3,Vinje,34.4,100.0,100.0,198.0,198.0,3,9.796,0.3738931,0.25,25.3,1157.897,18.67,27.814562,1
1,2015-01-01 00:00:00+00:00,8,2015-01-01 08:00:00+00:00,26.98,0.0,0.0,0.0,0.3,0.5,1.0,0.0,4.0,5.0,1.0,Vinje_G3,Vinje,34.4,100.0,100.0,198.0,198.0,3,9.796,0.3738931,0.25,25.3,1157.897,18.730001,27.814562,1
1,2015-01-01 00:00:00+00:00,9,2015-01-01 09:00:00+00:00,27.06,0.0,0.0,0.0,0.3,0.5,1.0,0.0,4.0,5.0,1.0,Vinje_G3,Vinje,34.4,100.0,100.0,198.0,198.0,3,9.796,0.3738931,0.25,25.3,1157.897,18.61,27.814562,1
1,2015-01-01 00:00:00+00:00,10,2015-01-01 10:00:00+00:00,27.13,0.0,0.0,0.0,0.3,0.5,1.0,0.0,4.0,5.0,1.02,Vinje_G3,Vinje,34.4,100.0,100.0,198.0,198.0,3,9.796,0.3738931,0.25,25.3,1157.897,18.66,27.814562,1
1,2015-01-01 00:00:00+00:00,11,2015-01-01 11:00:00+00:00,27.09,0.0,0.0,0.0,0.3,0.5,1.0,0.0,4.0,5.0,1.01,Vinje_G3,Vinje,34.4,100.0,100.0,198.0,198.0,3,9.796,0.3738931,0.25,25.3,1157.897,18.62,27.814562,1
1,2015-01-01 00:00:00+00:00,12,2015-01-01 12:00:00+00:00,27.01,0.0,0.0,0.0,0.3,0.5,1.0,0.0,4.0,5.0,1.03,Vinje_G3,Vinje,34.4,100.0,100.0,198.0,198.0,3,9.796,0.3738931,0.25,25.3,1157.897,18.650002,27.814562,1
1,2015-01-01 00:00:00+00:00,13,2015-01-01 13:00:00+00:00,26.98,0.0,0.0,0.0,0.3,0.5,1.0,0.0,4.0,5.0,1.03,Vinje_G3,Vinje,34.4,100.0,100.0,198.0,198.0,3,9.796,0.3738931,0.25,25.3,1157.897,18.63,27.814562,1
1,2015-01-01 00:00:00+00:00,14,2015-01-01 14:00:00+00:00,27.51,0.0,0.0,0.0,0.3,0.5,1.0,0.0,4.0,5.0,1.06,Vinje_G3,Vinje,34.4,100.0,100.0,198.0,198.0,3,9.796,0.3738931,0.25,25.3,1157.897,18.74,27.814562,1
1,2015-01-01 00:00:00+00:00,15,2015-01-01 15:00:00+00:00,28.32,0.0,0.0,0.0,0.3,0.5,1.0,0.0,4.0,5.0,1.06,Vinje_G3,Vinje,34.4,100.0,100.0,198.0,198.0,3,9.796,0.3738931,0.25,25.3,1157.897,18.699999,27.814562,1
1,2015-01-01 00:00:00+00:00,16,2015-01-01 16:00:00+00:00,28.36,0.0,0.0,0.0,0.3,0.5,1.0,0.0,4.0,5.0,1.07,Vinje_G3,Vinje,34.4,100.0,100.0,198.0,198.0,3,9.796,0.3738931,0.26,25.3,1157.897,18.71,27.814562,1
1,2015-01-01 00:00:00+00:00,17,2015-01-01 17:00:00+00:00,28.18,0.0,0.0,0.0,0.3,0.5,1.0,0.0,4.0,5.0,1.1,Vinje_G3,Vinje,34.4,100.0,100.0,198.0,198.0,3,9.796,0.3738931,0.26,25.3,1157.897,18.74,27.814562,1
1,2015-01-01 00:00:00+00:00,18,2015-01-01 18:00:00+00:00,27.81,0.0,0.0,0.0,0.3,0.5,1.0,0.0,4.0,5.0,1.11,Vinje_G3,Vinje,34.4,100.0,100.0,198.0,198.0,3,9.796,0.3738931,0.26,25.3,1157.897,18.77,27.814562,1
1,2015-01-01 00:00:00+00:00,19,2015-01-01 19:00:00+00:00,27.46,0.0,0.0,0.0,0.3,0.5,1.0,0.0,4.0,5.0,1.12,Vinje_G3,Vinje,34.4,100.0,100.0,198.0,198.0,3,9.796,0.3738931,0.26,25.3,1157.897,18.789999,27.814562,1
1,2015-01-01 00:00:00+00:00,20,2015-01-01 20:00:00+00:00,27.06,0.0,0.0,0.0,0.3,0.5,1.0,0.0,4.0,5.0,1.13,Vinje_G3,Vinje,34.4,100.0,100.0,198.0,198.0,3,9.796,0.3738931,0.26,25.3,1157.897,18.93,27.814562,1
1,2015-01-01 00:00:00+00:00,21,2015-01-01 21:00:00+00:00,27.0,0.0,0.0,0.0,0.3,0.5,1.0,0.0,4.0,5.0,1.16,Vinje_G3,Vinje,34.4,100.0,100.0,198.0,198.0,3,9.796,0.3738931,0.26,25.3,1157.897,18.980001,27.814562,1
1,2015-01-01 00:00:00+00:00,22,2015-01-01 22:00:00+00:00,26.83,0.0,0.0,0.0,0.3,0.5,1.0,0.0,4.0,5.0,1.2,Vinje_G3,Vinje,34.4,100.0,100.0,198.0,198.0,3,9.796,0.3738931,0.26,25.3,1157.897,19.02,27.814562,1
1,2015-01-01 00:00:00+00:00,23,2015-01-01 23:00:00+00:00,26.71,0.0,0.0,0.0,0.3,0.5,1.0,0.0,4.0,5.0,1.24,Vinje_G3,Vinje,34.4,100.0,100.0,198.0,198.0,3,9.796,0.3738931,0.26,25.3,1157.897,19.18,27.814562,1
1,2015-01-01 00:00:00+00:00,24,2015-01-02 00:00:00+00:00,26.41,0.0,0.0,0.0,0.3,0.5,1.0,0.0,4.0,5.0,1.26,Vinje_G3,Vinje,34.4,100.0,100.0,198.0,198.0,3,9.796,0.3738931,0.26,25.3,1157.897,19.31,27.814562,1
1,2015-01-01 00:00:00+00:00,25,2015-01-02 01:00:00+00:00,26.2,0.0,0.0,0.0,0.3,0.5,1.0,0.0,4.0,5.0,1.3,Vinje_G3,Vinje,34.4,100.0,100.0,198.0,198.0,3,9.796,0.3738931,0.26,25.3,1157.897,19.52,27.814562,1
1,2015-01-01 00:00:00+00:00,26,2015-01-02 02:00:00+00:00,25.6,0.0,0.0,0.0,0.3,0.5,1.0,0.0,4.0,5.0,1.52,Vinje_G3,Vinje,34.4,100.0,100.0,198.0,198.0,3,9.796,0.3738931,0.27,25.3,1157.897,20.190002,27.814562,1
1,2015-01-01 00:00:00+00:00,27,2015-01-02 03:00:00+00:00,24.74,0.0,0.0,0.0,0.3,0.5,1.0,0.0,4.0,5.0,1.7,Vinje_G3,Vinje,34.4,100.0,100.0,198.0,198.0,3,9.796,0.3738931,0.27,25.3,1157.897,21.05,27.814562,1
1,2015-01-01 00:00:00+00:00,28,2015-01-02 04:00:00+00:00,26.1,0.0,0.0,0.0,0.3,0.5,1.0,0.0,4.0,5.0,1.75,Vinje_G3,Vinje,34.4,100.0,100.0,198.0,198.0,3,9.796,0.3738931,0.27,25.3,1157.897,21.02,27.814562,1
1,2015-01-01 00:00:00+00:00,29,2015-01-02 05:00:00+00:00,27.25,0.0,0.0,0.0,0.3,0.5,1.0,0.0,4.0,5.0,1.65,Vinje_G3,Vinje,34.4,100.0,100.0,198.0,198.0,3,9.796,0.3738931,0.26,25.3,1157.897,20.910002,27.814562,1
1,2015-01-01 00:00:00+00:00,30,2015-01-02 06:00:00+00:00,28.37,0.0,0.0,0.0,0.3,0.5,1.0,0.0,4.0,5.0,1.71,Vinje_G3,Vinje,34.4,100.0,100.0,198.0,198.0,3,9.796,0.3738931,0.26,25.3,1157.897,21.06,27.814562,1
1,2015-01-01 00:00:00+00:00,31,2015-01-02 07:00:00+00:00,28.37,0.0,0.0,0.0,0.3,0.5,1.0,0.0,4.0,5.0,1.92,Vinje_G3,Vinje,34.4,100.0,100.0,198.0,198.0,3,9.796,0.3738931,0.27,25.3,1157.897,21.43,27.814562,1
1,2015-01-01 00:00:00+00:00,32,2015-01-02 08:00:00+00:00,28.32,0.0,0.0,0.0,0.3,0.5,1.0,0.0,4.0,5.0,2.18,Vinje_G3,Vinje,34.4,100.0,100.0,198.0,198.0,3,9.796,0.3738931,0.27,25.3,1157.897,21.990002,27.814562,1
1,2015-01-01 00:00:00+00:00,33,2015-01-02 09:00:00+00:00,28.3,0.0,0.0,0.0,0.3,0.5,1.0,0.0,4.0,5.0,2.33,Vinje_G3,Vinje,34.4,100.0,100.0,198.0,198.0,3,9.796,0.3738931,0.27,25.3,1157.897,22.349998,27.814562,1
1,2015-01-01 00:00:00+00:00,34,2015-01-02 10:00:00+00:00,28.39,0.0,0.0,0.0,0.3,0.5,1.0,0.0,4.0,5.0,2.35,Vinje_G3,Vinje,34.4,100.0,100.0,198.0,198.0,3,9.796,0.3738931,0.27,25.3,1157.897,22.4,27.814562,1
1,2015-01-01 00:00:00+00:00,35,2015-01-02 11:00:00+00:00,28.3,0.0,0.0,0.0,0.3,0.5,1.0,0.0,4.0,5.0,2.3,Vinje_G3,Vinje,34.4,100.0,100.0,198.0,198.0,3,9.796,0.3738931,0.27,25.3,1157.897,22.33,27.814562,1
1,2015-01-01 00:00:00+00:00,36,2015-01-02 12:00:00+00:00,28.24,0.0,0.0,0.0,0.3,0.5,1.0,0.0,4.0,5.0,2.23,Vinje_G3,Vinje,34.4,100.0,100.0,198.0,198.0,3,9.796,0.3738931,0.27,25.3,1157.897,22.34,27.814562,1
1,2015-01-01 00:00:00+00:00,37,2015-01-02 13:00:00+00:00,28.12,0.0,0.0,0.0,0.3,0.5,1.0,0.0,4.0,5.0,2.2,Vinje_G3,Vinje,34.4,100.0,100.0,198.0,198.0,3,9.796,0.3738931,0.27,25.3,1157.897,22.270002,27.814562,1
1,2015-01-01 00:00:00+00:00,38,2015-01-02 14:00:00+00:00,28.23,0.0,0.0,0.0,0.3,0.5,1.0,0.0,4.0,5.0,2.17,Vinje_G3,Vinje,34.4,100.0,100.0,198.0,198.0,3,9.796,0.3738931,0.28,25.3,1157.897,22.300001,27.814562,1
1,2015-01-01 00:00:00+00:00,39,2015-01-02 15:00:00+00:00,28.59,0.0,0.0,0.0,0.3,0.5,1.0,0.0,4.0,5.0,2.14,Vinje_G3,Vinje,34.4,100.0,100.0,198.0,198.0,3,9.796,0.3738931,0.28,25.3,1157.897,22.43,27.814562,1
1,2015-01-01 00:00:00+00:00,40,2015-01-02 16:00:00+00:00,28.73,0.0,0.0,0.0,0.3,0.5,1.0,0.0,4.0,5.0,2.13,Vinje_G3,Vinje,34.4,100.0,100.0,198.0,198.0,3,9.796,0.3738931,0.29,25.3,1157.897,22.590002,27.814562,1
1,2015-01-01 00:00:00+00:00,41,2015-01-02 17:00:00+00:00,28.48,0.0,0.0,0.0,0.3,0.5,1.0,0.0,4.0,5.0,2.05,Vinje_G3,Vinje,34.4,100.0,100.0,198.0,198.0,3,9.796,0.3738931,0.29,25.3,1157.897,22.560001,27.814562,1
1,2015-01-01 00:00:00+00:00,42,2015-01-02 18:00:00+00:00,28.38,0.0,0.0,0.0,0.3,0.5,1.0,0.0,4.0,5.0,1.64,Vinje_G3,Vinje,34.4,100.0,100.0,198.0,198.0,3,9.796,0.3738931,0.29,25.3,1157.897,21.890001,27.814562,1
1,2015-01-01 00:00:00+00:00,43,2015-01-02 19:00:00+00:00,27.85,0.0,0.0,0.0,0.3,0.5,1.0,0.0,4.0,5.0,2.06,Vinje_G3,Vinje,34.4,100.0,100.0,198.0,198.0,3,9.796,0.3738931,0.29,25.3,1157.897,22.54,27.814562,1
1,2015-01-01 00:00:00+00:00,44,2015-01-02 20:00:00+00:00,27.45,0.0,0.0,0.0,0.3,0.5,1.0,0.0,4.0,5.0,2.2,Vinje_G3,Vinje,34.4,100.0,100.0,198.0,198.0,3,9.796,0.3738931,0.3,25.3,1157.897,22.8,27.814562,1
1,2015-01-01 00:00:00+00:00,45,2015-01-02 21:00:00+00:00,27.2,0.0,0.0,0.0,0.3,0.5,1.0,0.0,4.0,5.0,2.38,Vinje_G3,Vinje,34.4,100.0,100.0,198.0,198.0,3,9.796,0.3738931,0.3,25.3,1157.897,22.970001,27.814562,0
1,2015-01-01 00:00:00+00:00,46,2015-01-02 22:00:00+00:00,26.79,0.0,0.0,0.0,0.3,0.5,1.0,0.0,4.0,5.0,2.59,Vinje_G3,Vinje,34.4,100.0,100.0,198.0,198.0,3,9.796,0.3738931,0.3,25.3,1157.897,23.129997,27.814562,0
1,2015-01-01 00:00:00+00:00,47,2015-01-02 23:00:00+00:00,25.85,0.0,0.0,0.0,0.3,0.5,1.0,0.0,4.0,5.0,2.83,Vinje_G3,Vinje,34.4,100.0,100.0,198.0,198.0,3,9.796,0.3738931,0.31,25.3,1157.897,23.499998,27.814562,0
1,2015-01-01 00:00:00+00:00,48,2015-01-03 00:00:00+00:00,25.54,0.0,0.0,0.0,0.3,0.5,1.0,0.0,4.0,5.0,2.84,Vinje_G3,Vinje,34.4,100.0,100.0,198.0,198.0,3,9.796,0.3738931,0.32,25.3,1157.897,23.619999,27.814562,0
1,2015-01-01 00:00:00+00:00,49,2015-01-03 01:00:00+00:00,25.43,0.0,0.0,0.0,0.3,0.5,1.0,0.0,4.0,5.0,2.77,Vinje_G3,Vinje,34.4,100.0,100.0,198.0,198.0,3,9.796,0.3738931,0.32,25.3,1157.897,23.61,27.814562,0
1,2015-01-01 00:00:00+00:00,50,2015-01-03 02:00:00+00:00,25.34,0.0,0.0,0.0,0.3,0.5,1.0,0.0,4.0,5.0,2.86,Vinje_G3,Vinje,34.4,100.0,100.0,198.0,198.0,3,9.796,0.3738931,0.33,25.3,1157.897,23.67,27.814562,0
1,2015-01-01 00:00:00+00:00,51,2015-01-03 03:00:00+00:00,25.29,0.0,0.0,0.0,0.3,0.5,1.0,0.0,4.0,5.0,3.02,Vinje_G3,Vinje,34.4,100.0,100.0,198.0,198.0,3,9.796,0.3738931,0.33,25.3,1157.897,23.93,27.814562,0
1,2015-01-01 00:00:00+00:00,52,2015-01-03 04:00:00+00:00,25.3,0.0,0.0,0.0,0.3,0.5,1.0,0.0,4.0,5.0,3.13,Vinje_G3,Vinje,34.4,100.0,100.0,198.0,198.0,3,9.796,0.3738931,0.34,25.3,1157.897,24.130001,27.814562,0
1,2015-01-01 00:00:00+00:00,53,2015-01-03 05:00:00+00:00,25.55,0.0,0.0,0.0,0.3,0.5,1.0,0.0,4.0,5.0,3.16,Vinje_G3,Vinje,34.4,100.0,100.0,198.0,198.0,3,9.796,0.3738931,0.34,25.3,1157.897,24.25,27.814562,0
1,2015-01-01 00:00:00+00:00,54,2015-01-03 06:00:00+00:00,26.75,0.0,0.0,0.0,0.3,0.5,1.0,0.0,4.0,5.0,3.13,Vinje_G3,Vinje,34.4,100.0,100.0,198.0,198.0,3,9.796,0.3738931,0.34,25.3,1157.897,24.289999,27.814562,0
1,2015-01-01 00:00:00+00:00,55,2015-01-03 07:00:00+00:00,26.98,0.0,0.0,0.0,0.3,0.5,1.0,0.0,4.0,5.0,3.06,Vinje_G3,Vinje,34.4,100.0,100.0,198.0,198.0,3,9.796,0.3738931,0.34,25.3,1157.897,24.26,27.814562,0
1,2015-01-01 00:00:00+00:00,56,2015-01-03 08:00:00+00:00,27.52,0.0,0.0,0.0,0.3,0.5,1.0,0.0,4.0,5.0,3.01,Vinje_G3,Vinje,34.4,100.0,100.0,198.0,198.0,3,9.796,0.3738931,0.34,25.3,1157.897,24.289999,27.814562,0
1,2015-01-01 00:00:00+00:00,57,2015-01-03 09:00:00+00:00,27.72,0.0,0.0,0.0,0.3,0.5,1.0,0.0,4.0,5.0,3.0,Vinje_G3,Vinje,34.4,100.0,100.0,198.0,198.0,3,9.796,0.3738931,0.34,25.3,1157.897,24.449999,27.814562,0
1,2015-01-01 00:00:00+00:00,58,2015-01-03 10:00:00+00:00,27.73,0.0,0.0,0.0,0.3,0.5,1.0,0.0,4.0,5.0,2.92,Vinje_G3,Vinje,34.4,100.0,100.0,198.0,198.0,3,9.796,0.3738931,0.35,25.3,1157.897,24.52,27.814562,0
1,2015-01-01 00:00:00+00:00,59,2015-01-03 11:00:00+00:00,27.66,0.0,0.0,0.0,0.3,0.5,1.0,0.0,4.0,5.0,2.88,Vinje_G3,Vinje,34.4,100.0,100.0,198.0,198.0,3,9.796,0.3738931,0.35,25.3,1157.897,24.740002,27.814562,0
1,2015-01-01 00:00:00+00:00,60,2015-01-03 12:00:00+00:00,27.65,0.0,0.0,0.0,0.3,0.5,1.0,0.0,4.0,5.0,2.85,Vinje_G3,Vinje,34.4,100.0,100.0,198.0,198.0,3,9.796,0.3738931,0.35,25.3,1157.897,24.79,27.814562,0
1,2015-01-01 00:00:00+00:00,61,2015-01-03 13:00:00+00:00,27.81,0.0,0.0,0.0,0.3,0.5,1.0,0.0,4.0,5.0,2.84,Vinje_G3,Vinje,34.4,100.0,100.0,198.0,198.0,3,9.796,0.3738931,0.35,25.3,1157.897,24.650002,27.814562,0
1,2015-01-01 00:00:00+00:00,62,2015-01-03 14:00:00+00:00,28.29,0.0,0.0,0.0,0.3,0.5,1.0,0.0,4.0,5.0,2.81,Vinje_G3,Vinje,34.4,100.0,100.0,198.0,198.0,3,9.796,0.3738931,0.35,25.3,1157.897,24.65,27.814562,1
1,2015-01-01 00:00:00+00:00,63,2015-01-03 15:00:00+00:00,28.6,0.0,0.0,0.0,0.3,0.5,1.0,0.0,4.0,5.0,2.75,Vinje_G3,Vinje,34.4,100.0,100.0,198.0,198.0,3,9.796,0.3738931,0.35,25.3,1157.897,24.45,27.814562,1
1,2015-01-01 00:00:00+00:00,64,2015-01-03 16:00:00+00:00,28.88,0.0,0.0,0.0,0.3,0.5,1.0,0.0,4.0,5.0,2.69,Vinje_G3,Vinje,34.4,100.0,100.0,198.0,198.0,3,9.796,0.3738931,0.35,25.3,1157.897,24.380001,27.814562,1
1,2015-01-01 00:00:00+00:00,65,2015-01-03 17:00:00+00:00,28.78,0.0,0.0,0.0,0.3,0.5,1.0,0.0,4.0,5.0,2.65,Vinje_G3,Vinje,34.4,100.0,100.0,198.0,198.0,3,9.796,0.3738931,0.35,25.3,1157.897,24.27,27.814562,1
1,2015-01-01 00:00:00+00:00,66,2015-01-03 18:00:00+00:00,28.54,0.0,0.0,0.0,0.3,0.5,1.0,0.0,4.0,5.0,2.6,Vinje_G3,Vinje,34.4,100.0,100.0,198.0,198.0,3,9.796,0.3738931,0.35,25.3,1157.897,24.18,27.814562,1
1,2015-01-01 00:00:00+00:00,67,2015-01-03 19:00:00+00:00,28.34,0.0,0.0,0.0,0.3,0.5,1.0,0.0,4.0,5.0,2.54,Vinje_G3,Vinje,34.4,100.0,100.0,198.0,198.0,3,9.796,0.3738931,0.35,25.3,1157.897,24.130001,27.814562,1
1,2015-01-01 00:00:00+00:00,68,2015-01-03 20:00:00+00:00,27.93,0.0,0.0,0.0,0.3,0.5,1.0,0.0,4.0,5.0,2.47,Vinje_G3,Vinje,34.4,100.0,100.0,198.0,198.0,3,9.796,0.3738931,0.35,25.3,1157.897,24.01,27.814562,1
1,2015-01-01 00:00:00+00:00,69,2015-01-03 21:00:00+00:00,27.7,0.0,0.0,0.0,0.3,0.5,1.0,0.0,4.0,5.0,2.41,Vinje_G3,Vinje,34.4,100.0,100.0,198.0,198.0,3,9.796,0.3738931,0.35,25.3,1157.897,23.790003,27.814562,1
1,2015-01-01 00:00:00+00:00,70,2015-01-03 22:00:00+00:00,27.25,0.0,0.0,0.0,0.3,0.5,1.0,0.0,4.0,5.0,2.33,Vinje_G3,Vinje,34.4,100.0,100.0,198.0,198.0,3,9.796,0.3738931,0.35,25.3,1157.897,23.689999,27.814562,1
1,2015-01-01 00:00:00+00:00,71,2015-01-03 23:00:00+00:00,27.55,0.0,0.0,0.0,0.3,0.5,1.0,0.0,4.0,5.0,2.27,Vinje_G3,Vinje,34.4,100.0,100.0,198.0,198.0,3,9.796,0.3738931,0.35,25.3,1157.897,23.62,27.814562,1
1,2015-01-01 00:00:00+00:00,72,2015-01-04 00:00:00+00:00,27.38,0.0,0.0,0.0,0.3,0.5,1.0,0.0,4.0,5.0,2.22,Vinje_G3,Vinje,34.4,100.0,100.0,198.0,198.0,3,9.796,0.3738931,0.35,25.3,1157.897,23.31,27.814562,1
1,2015-01-01 00:00:00+00:00,73,2015-01-04 01:00:00+00:00,27.17,0.0,0.0,0.0,0.3,0.5,1.0,0.0,4.0,5.0,2.15,Vinje_G3,Vinje,34.4,100.0,100.0,198.0,198.0,3,9.796,0.3738931,0.35,25.3,1157.897,22.87,27.814562,1
1,2015-01-01 00:00:00+00:00,74,2015-01-04 02:00:00+00:00,27.03,0.0,0.0,0.0,0.3,0.5,1.0,0.0,4.0,5.0,2.1,Vinje_G3,Vinje,34.4,100.0,100.0,198.0,198.0,3,9.796,0.3738931,0.35,25.3,1157.897,22.45,27.814562,1
1,2015-01-01 00:00:00+00:00,75,2015-01-04 03:00:00+00:00,27.04,0.0,0.0,0.0,0.3,0.5,1.0,0.0,4.0,5.0,2.06,Vinje_G3,Vinje,34.4,100.0,100.0,198.0,198.0,3,9.796,0.3738931,0.35,25.3,1157.897,22.289999,27.814562,1
1,2015-01-01 00:00:00+00:00,76,2015-01-04 04:00:00+00:00,27.19,0.0,0.0,0.0,0.3,0.5,1.0,0.0,4.0,5.0,2.01,Vinje_G3,Vinje,34.4,100.0,100.0,198.0,198.0,3,9.796,0.3738931,0.35,25.3,1157.897,22.18,27.814562,1
1,2015-01-01 00:00:00+00:00,77,2015-01-04 05:00:00+00:00,27.13,0.0,0.0,0.0,0.3,0.5,1.0,0.0,4.0,5.0,1.99,Vinje_G3,Vinje,34.4,100.0,100.0,198.0,198.0,3,9.796,0.3738931,0.35,25.3,1157.897,22.110003,27.814562,1
1,2015-01-01 00:00:00+00:00,78,2015-01-04 06:00:00+00:00,27.06,0.0,0.0,0.0,0.3,0.5,1.0,0.0,4.0,5.0,1.94,Vinje_G3,Vinje,34.4,100.0,100.0,198.0,198.0,3,9.796,0.3738931,0.36,25.3,1157.897,22.07,27.814562,1
1,2015-01-01 00:00:00+00:00,79,2015-01-04 07:00:00+00:00,27.63,0.0,0.0,0.0,0.3,0.5,1.0,0.0,4.0,5.0,1.89,Vinje_G3,Vinje,34.4,100.0,100.0,198.0,198.0,3,9.796,0.3738931,0.36,25.3,1157.897,21.880001,27.814562,1
1,2015-01-01 00:00:00+00:00,80,2015-01-04 08:00:00+00:00,28.03,0.0,0.0,0.0,0.3,0.5,1.0,0.0,4.0,5.0,1.84,Vinje_G3,Vinje,34.4,100.0,100.0,198.0,198.0,3,9.796,0.3738931,0.36,25.3,1157.897,21.810001,27.814562,1
1,2015-01-01 00:00:00+00:00,81,2015-01-04 09:00:00+00:00,28.24,0.0,0.0,0.0,0.3,0.5,1.0,0.0,4.0,5.0,1.82,Vinje_G3,Vinje,34.4,100.0,100.0,198.0,198.0,3,9.796,0.3738931,0.36,25.3,1157.897,21.68,27.814562,1
1,2015-01-01 00:00:00+00:00,82,2015-01-04 10:00:00+00:00,28.32,0.0,0.0,0.0,0.3,0.5,1.0,0.0,4.0,5.0,1.79,Vinje_G3,Vinje,34.4,100.0,100.0,198.0,198.0,3,9.796,0.3738931,0.36,25.3,1157.897,21.630001,27.814562,1
1,2015-01-01 00:00:00+00:00,83,2015-01-04 11:00:00+00:00,28.24,0.0,0.0,0.0,0.3,0.5,1.0,0.0,4.0,5.0,1.77,Vinje_G3,Vinje,34.4,100.0,100.0,198.0,198.0,3,9.796,0.3738931,0.36,25.3,1157.897,21.730001,27.814562,1
1,2015-01-01 00:00:00+00:00,84,2015-01-04 12:00:00+00:00,28.27,0.0,0.0,0.0,0.3,0.5,1.0,0.0,4.0,5.0,1.74,Vinje_G3,Vinje,34.4,100.0,100.0,198.0,198.0,3,9.796,0.3738931,0.36,25.3,1157.897,21.85,27.814562,1
1,2015-01-01 00:00:00+00:00,85,2015-01-04 13:00:00+00:00,28.32,0.0,0.0,0.0,0.3,0.5,1.0,0.0,4.0,5.0,1.72,Vinje_G3,Vinje,34.4,100.0,100.0,198.0,198.0,3,9.796,0.3738931,0.36,25.3,1157.897,21.800001,27.814562,1
1,2015-01-01 00:00:00+00:00,86,2015-01-04 14:00:00+00:00,28.37,0.0,0.0,0.0,0.3,0.5,1.0,0.0,4.0,5.0,1.7,Vinje_G3,Vinje,34.4,100.0,100.0,198.0,198.0,3,9.796,0.3738931,0.36,25.3,1157.897,21.67,27.814562,1
1,2015-01-01 00:00:00+00:00,87,2015-01-04 15:00:00+00:00,28.65,0.0,0.0,0.0,0.3,0.5,1.0,0.0,4.0,5.0,1.68,Vinje_G3,Vinje,34.4,100.0,100.0,198.0,198.0,3,9.796,0.3738931,0.36,25.3,1157.897,21.58,27.814562,1
1,2015-01-01 00:00:00+00:00,88,2015-01-04 16:00:00+00:00,28.98,0.0,0.0,0.0,0.3,0.5,1.0,0.0,4.0,5.0,1.68,Vinje_G3,Vinje,34.4,100.0,100.0,198.0,198.0,3,9.796,0.3738931,0.36,25.3,1157.897,21.360003,27.814562,1
1,2015-01-01 00:00:00+00:00,89,2015-01-04 17:00:00+00:00,29.54,0.0,0.0,0.0,0.3,0.5,1.0,0.0,4.0,5.0,1.65,Vinje_G3,Vinje,34.4,100.0,100.0,198.0,198.0,3,9.796,0.3738931,0.36,25.3,1157.897,21.419998,27.814562,1
1,2015-01-01 00:00:00+00:00,90,2015-01-04 18:00:00+00:00,29.42,0.0,0.0,0.0,0.3,0.5,1.0,0.0,4.0,5.0,1.64,Vinje_G3,Vinje,34.4,100.0,100.0,198.0,198.0,3,9.796,0.3738931,0.36,25.3,1157.897,21.720001,27.814562,1
1,2015-01-01 00:00:00+00:00,91,2015-01-04 19:00:00+00:00,28.92,0.0,0.0,0.0,0.3,0.5,1.0,0.0,4.0,5.0,1.63,Vinje_G3,Vinje,34.4,100.0,100.0,198.0,198.0,3,9.796,0.3738931,0.36,25.3,1157.897,22.090002,27.814562,1
1,2015-01-01 00:00:00+00:00,92,2015-01-04 20:00:00+00:00,28.66,0.0,0.0,0.0,0.3,0.5,1.0,0.0,4.0,5.0,1.6,Vinje_G3,Vinje,34.4,100.0,100.0,198.0,198.0,3,9.796,0.3738931,0.36,25.3,1157.897,22.080002,27.814562,0
1,2015-01-01 00:00:00+00:00,93,2015-01-04 21:00:00+00:00,28.69,0.0,0.0,0.0,0.3,0.5,1.0,0.0,4.0,5.0,1.59,Vinje_G3,Vinje,34.4,100.0,100.0,198.0,198.0,3,9.796,0.3738931,0.36,25.3,1157.897,21.99,27.814562,0
1,2015-01-01 00:00:00+00:00,94,2015-01-04 22:00:00+00:00,28.02,0.0,0.0,0.0,0.3,0.5,1.0,0.0,4.0,5.0,1.58,Vinje_G3,Vinje,34.4,100.0,100.0,198.0,198.0,3,9.796,0.3738931,0.36,25.3,1157.897,21.929998,27.814562,0
1,2015-01-01 00:00:00+00:00,95,2015-01-04 23:00:00+00:00,28.19,0.0,0.0,0.0,0.3,0.5,1.0,0.0,4.0,5.0,1.57,Vinje_G3,Vinje,34.4,100.0,100.0,198.0,198.0,3,9.796,0.3738931,0.36,25.3,1157.897,22.2,27.814562,0
1,2015-01-01 00:00:00+00:00,96,2015-01-05 00:00:00+00:00,28.15,0.0,0.0,0.0,0.3,0.5,1.0,0.0,4.0,5.0,1.56,Vinje_G3,Vinje,34.4,100.0,100.0,198.0,198.0,3,9.796,0.3738931,0.37,25.3,1157.897,22.220001,27.814562,0
1,2015-01-01 00:00:00+00:00,97,2015-01-05 01:00:00+00:00,28.13,0.0,0.0,0.0,0.3,0.5,1.0,0.0,4.0,5.0,1.54,Vinje_G3,Vinje,34.4,100.0,100.0,198.0,198.0,3,9.796,0.3738931,0.36,25.3,1157.897,22.360003,27.814562,0
1,2015-01-01 00:00:00+00:00,98,2015-01-05 02:00:00+00:00,28.05,0.0,0.0,0.0,0.3,0.5,1.0,0.0,4.0,5.0,1.53,Vinje_G3,Vinje,34.4,100.0,100.0,198.0,198.0,3,9.796,0.3738931,0.37,25.3,1157.897,22.51,27.814562,0
1,2015-01-01 00:00:00+00:00,99,2015-01-05 03:00:00+00:00,28.04,0.0,0.0,0.0,0.3,0.5,1.0,0.0,4.0,5.0,1.52,Vinje_G3,Vinje,34.4,100.0,100.0,198.0,198.0,3,9.796,0.3738931,0.37,25.3,1157.897,22.550003,27.814562,0
1,2015-01-01 00:00:00+00:00,100,2015-01-05 04:00:00+00:00,28.46,0.0,0.0,0.0,0.3,0.5,1.0,0.0,4.0,5.0,1.51,Vinje_G3,Vinje,34.4,100.0,100.0,198.0,198.0,3,9.796,0.3738931,0.37,25.3,1157.897,22.5,27.814562,0
1,2015-01-01 00:00:00+00:00,101,2015-01-05 05:00:00+00:00,28.78,0.0,0.0,0.0,0.3,0.5,1.0,0.0,4.0,5.0,1.5,Vinje_G3,Vinje,34.4,100.0,100.0,198.0,198.0,3,9.796,0.3738931,0.37,25.3,1157.897,22.580002,27.814562,0
1,2015-01-01 00:00:00+00:00,102,2015-01-05 06:00:00+00:00,30.99,0.0,0.0,0.0,0.3,0.5,1.0,0.0,4.0,5.0,1.48,Vinje_G3,Vinje,34.4,100.0,100.0,198.0,198.0,3,9.796,0.3738931,0.37,25.3,1157.897,22.560001,27.814562,1
1,2015-01-01 00:00:00+00:00,103,2015-01-05 07:00:00+00:00,38.15,0.0,0.0,0.0,0.3,0.5,1.0,0.0,4.0,5.0,1.47,Vinje_G3,Vinje,34.4,100.0,100.0,198.0,198.0,3,9.796,0.3738931,0.37,25.3,1157.897,22.630001,27.814562,1
1,2015-01-01 00:00:00+00:00,104,2015-01-05 08:00:00+00:00,41.51,0.0,0.0,0.0,0.3,0.5,1.0,0.0,4.0,5.0,1.46,Vinje_G3,Vinje,34.4,100.0,100.0,198.0,198.0,3,9.796,0.3738931,0.37,25.3,1157.897,22.560001,27.814562,1
1,2015-01-01 00:00:00+00:00,105,2015-01-05 09:00:00+00:00,40.46,0.0,0.0,0.0,0.3,0.5,1.0,0.0,4.0,5.0,1.46,Vinje_G3,Vinje,34.4,100.0,100.0,198.0,198.0,3,9.796,0.3738931,0.37,25.3,1157.897,22.500002,27.814562,1
1,2015-01-01 00:00:00+00:00,106,2015-01-05 10:00:00+00:00,40.97,0.0,0.0,0.0,0.3,0.5,1.0,0.0,4.0,5.0,1.45,Vinje_G3,Vinje,34.4,100.0,100.0,198.0,198.0,3,9.796,0.3738931,0.37,25.3,1157.897,22.48,27.814562,1
1,2015-01-01 00:00:00+00:00,107,2015-01-05 11:00:00+00:00,38.66,0.0,0.0,0.0,0.3,0.5,1.0,0.0,4.0,5.0,1.45,Vinje_G3,Vinje,34.4,100.0,100.0,198.0,198.0,3,9.796,0.3738931,0.37,25.3,1157.897,22.480001,27.814562,1
1,2015-01-01 00:00:00+00:00,108,2015-01-05 12:00:00+00:00,36.44,0.0,0.0,0.0,0.3,0.5,1.0,0.0,4.0,5.0,1.45,Vinje_G3,Vinje,34.4,100.0,100.0,198.0,198.0,3,9.796,0.3738931,0.37,25.3,1157.897,22.390001,27.814562,1
1,2015-01-01 00:00:00+00:00,109,2015-01-05 13:00:00+00:00,37.74,0.0,0.0,0.0,0.3,0.5,1.0,0.0,4.0,5.0,1.45,Vinje_G3,Vinje,34.4,100.0,100.0,198.0,198.0,3,9.796,0.3738931,0.37,25.3,1157.897,22.340002,27.814562,1
1,2015-01-01 00:00:00+00:00,110,2015-01-05 14:00:00+00:00,43.1,0.0,0.0,0.0,0.3,0.5,1.0,0.0,4.0,5.0,1.45,Vinje_G3,Vinje,34.4,100.0,100.0,198.0,198.0,3,9.796,0.3738931,0.37,25.3,1157.897,22.22,27.814562,1
1,2015-01-01 00:00:00+00:00,111,2015-01-05 15:00:00+00:00,46.7,0.0,0.0,0.0,0.3,0.5,1.0,0.0,4.0,5.0,1.44,Vinje_G3,Vinje,34.4,100.0,100.0,198.0,198.0,3,9.796,0.3738931,0.37,25.3,1157.897,22.150002,27.814562,1
1,2015-01-01 00:00:00+00:00,112,2015-01-05 16:00:00+00:00,56.78,0.0,0.0,0.0,0.3,0.5,1.0,0.0,4.0,5.0,1.44,Vinje_G3,Vinje,34.4,100.0,100.0,198.0,198.0,3,9.796,0.3738931,0.37,25.3,1157.897,22.099998,27.814562,1
1,2015-01-01 00:00:00+00:00,113,2015-01-05 17:00:00+00:00,36.49,0.0,0.0,0.0,0.3,0.5,1.0,0.0,4.0,5.0,1.45,Vinje_G3,Vinje,34.4,100.0,100.0,198.0,198.0,3,9.796,0.3738931,0.37,25.3,1157.897,22.08,27.814562,1
1,2015-01-01 00:00:00+00:00,114,2015-01-05 18:00:00+00:00,32.43,0.0,0.0,0.0,0.3,0.5,1.0,0.0,4.0,5.0,1.44,Vinje_G3,Vinje,34.4,100.0,100.0,198.0,198.0,3,9.796,0.3738931,0.37,25.3,1157.897,22.010002,27.814562,1
1,2015-01-01 00:00:00+00:00,115,2015-01-05 19:00:00+00:00,31.39,0.0,0.0,0.0,0.3,0.5,1.0,0.0,4.0,5.0,1.43,Vinje_G3,Vinje,34.4,100.0,100.0,198.0,198.0,3,9.796,0.3738931,0.37,25.3,1157.897,21.92,27.814562,1
1,2015-01-01 00:00:00+00:00,116,2015-01-05 20:00:00+00:00,30.29,0.0,0.0,0.0,0.3,0.5,1.0,0.0,4.0,5.0,1.43,Vinje_G3,Vinje,34.4,100.0,100.0,198.0,198.0,3,9.796,0.3738931,0.37,25.3,1157.897,21.810003,27.814562,1
1,2015-01-01 00:00:00+00:00,117,2015-01-05 21:00:00+00:00,29.43,0.0,0.0,0.0,0.3,0.5,1.0,0.0,4.0,5.0,1.43,Vinje_G3,Vinje,34.4,100.0,100.0,198.0,198.0,3,9.796,0.3738931,0.37,25.3,1157.897,21.7,27.814562,1
1,2015-01-01 00:00:00+00:00,118,2015-01-05 22:00:00+00:00,29.09,0.0,0.0,0.0,0.3,0.5,1.0,0.0,4.0,5.0,1.44,Vinje_G3,Vinje,34.4,100.0,100.0,198.0,198.0,3,9.796,0.3738931,0.37,25.3,1157.897,21.650002,27.814562,1
1,2015-01-01 00:00:00+00:00,119,2015-01-05 23:00:00+00:00,28.08,0.0,0.0,0.0,0.3,0.5,1.0,0.0,4.0,5.0,1.44,Vinje_G3,Vinje,34.4,100.0,100.0,198.0,198.0,3,9.796,0.3738931,0.37,25.3,1157.897,21.539999,27.814562,1
1,2015-01-01 00:00:00+00:00,120,2015-01-06 00:00:00+00:00,27.94,0.0,0.0,0.0,0.3,0.5,1.0,0.0,4.0,5.0,1.44,Vinje_G3,Vinje,34.4,100.0,100.0,198.0,198.0,3,9.796,0.3738931,0.37,25.3,1157.897,21.49,27.814562,1
1,2015-01-01 00:00:00+00:00,121,2015-01-06 01:00:00+00:00,27.91,0.0,0.0,0.0,0.3,0.5,1.0,0.0,4.0,5.0,1.44,Vinje_G3,Vinje,34.4,100.0,100.0,198.0,198.0,3,9.796,0.3738931,0.37,25.3,1157.897,21.39,27.814562,1
1,2015-01-01 00:00:00+00:00,122,2015-01-06 02:00:00+00:00,27.89,0.0,0.0,0.0,0.3,0.5,1.0,0.0,4.0,5.0,1.44,Vinje_G3,Vinje,34.4,100.0,100.0,198.0,198.0,3,9.796,0.3738931,0.37,25.3,1157.897,21.349998,27.814562,1
1,2015-01-01 00:00:00+00:00,123,2015-01-06 03:00:00+00:00,27.89,0.0,0.0,0.0,0.3,0.5,1.0,0.0,4.0,5.0,1.44,Vinje_G3,Vinje,34.4,100.0,100.0,198.0,198.0,3,9.796,0.3738931,0.37,25.3,1157.897,21.31,27.814562,1
1,2015-01-01 00:00:00+00:00,124,2015-01-06 04:00:00+00:00,28.01,0.0,0.0,0.0,0.3,0.5,1.0,0.0,4.0,5.0,1.44,Vinje_G3,Vinje,34.4,100.0,100.0,198.0,198.0,3,9.796,0.3738931,0.37,25.3,1157.897,21.240002,27.814562,1
1,2015-01-01 00:00:00+00:00,125,2015-01-06 05:00:00+00:00,28.73,0.0,0.0,0.0,0.3,0.5,1.0,0.0,4.0,5.0,1.44,Vinje_G3,Vinje,34.4,100.0,100.0,198.0,198.0,3,9.796,0.3738931,0.37,25.3,1157.897,21.17,27.814562,1
1,2015-01-01 00:00:00+00:00,126,2015-01-06 06:00:00+00:00,30.03,0.0,0.0,0.0,0.3,0.5,1.0,0.0,4.0,5.0,1.43,Vinje_G3,Vinje,34.4,100.0,100.0,198.0,198.0,3,9.796,0.3738931,0.37,25.3,1157.897,21.12,27.814562,1
1,2015-01-01 00:00:00+00:00,127,2015-01-06 07:00:00+00:00,30.5,0.0,0.0,0.0,0.3,0.5,1.0,0.0,4.0,5.0,1.42,Vinje_G3,Vinje,34.4,100.0,100.0,198.0,198.0,3,9.796,0.3738931,0.37,25.3,1157.897,21.080002,27.814562,1
1,2015-01-01 00:00:00+00:00,128,2015-01-06 08:00:00+00:00,30.35,0.0,0.0,0.0,0.3,0.5,1.0,0.0,4.0,5.0,1.42,Vinje_G3,Vinje,34.4,100.0,100.0,198.0,198.0,3,9.796,0.3738931,0.37,25.3,1157.897,20.95,27.814562,1
1,2015-01-01 00:00:00+00:00,129,2015-01-06 09:00:00+00:00,30.53,0.0,0.0,0.0,0.3,0.5,1.0,0.0,4.0,5.0,1.42,Vinje_G3,Vinje,34.4,100.0,100.0,198.0,198.0,3,9.796,0.3738931,0.37,25.3,1157.897,20.92,27.814562,1
1,2015-01-01 00:00:00+00:00,130,2015-01-06 10:00:00+00:00,29.91,0.0,0.0,0.0,0.3,0.5,1.0,0.0,4.0,5.0,1.43,Vinje_G3,Vinje,34.4,100.0,100.0,198.0,198.0,3,9.796,0.3738931,0.37,25.3,1157.897,20.94,27.814562,1
1,2015-01-01 00:00:00+00:00,131,2015-01-06 11:00:00+00:00,29.62,0.0,0.0,0.0,0.3,0.5,1.0,0.0,4.0,5.0,1.41,Vinje_G3,Vinje,34.4,100.0,100.0,198.0,198.0,3,9.796,0.3738931,0.37,25.3,1157.897,20.84,27.814562,1
1,2015-01-01 00:00:00+00:00,132,2015-01-06 12:00:00+00:00,29.58,0.0,0.0,0.0,0.3,0.5,1.0,0.0,4.0,5.0,1.4,Vinje_G3,Vinje,34.4,100.0,100.0,198.0,198.0,3,9.796,0.3738931,0.37,25.3,1157.897,20.800001,27.814562,1
1,2015-01-01 00:00:00+00:00,133,2015-01-06 13:00:00+00:00,29.57,0.0,0.0,0.0,0.3,0.5,1.0,0.0,4.0,5.0,1.41,Vinje_G3,Vinje,34.4,100.0,100.0,198.0,198.0,3,9.796,0.3738931,0.37,25.3,1157.897,20.820002,27.814562,1
1,2015-01-01 00:00:00+00:00,134,2015-01-06 14:00:00+00:00,29.62,0.0,0.0,0.0,0.3,0.5,1.0,0.0,4.0,5.0,1.41,Vinje_G3,Vinje,34.4,100.0,100.0,198.0,198.0,3,9.796,0.3738931,0.38,25.3,1157.897,20.8,27.814562,1
1,2015-01-01 00:00:00+00:00,135,2015-01-06 15:00:00+00:00,29.99,0.0,0.0,0.0,0.3,0.5,1.0,0.0,4.0,5.0,1.41,Vinje_G3,Vinje,34.4,100.0,100.0,198.0,198.0,3,9.796,0.3738931,0.38,25.3,1157.897,20.829998,27.814562,1
1,2015-01-01 00:00:00+00:00,136,2015-01-06 16:00:00+00:00,29.65,0.0,0.0,0.0,0.3,0.5,1.0,0.0,4.0,5.0,1.41,Vinje_G3,Vinje,34.4,100.0,100.0,198.0,198.0,3,9.796,0.3738931,0.38,25.3,1157.897,20.839998,27.814562,1
1,2015-01-01 00:00:00+00:00,137,2015-01-06 17:00:00+00:00,29.58,0.0,0.0,0.0,0.3,0.5,1.0,0.0,4.0,5.0,1.4,Vinje_G3,Vinje,34.4,100.0,100.0,198.0,198.0,3,9.796,0.3738931,0.38,25.3,1157.897,20.799997,27.814562,1
1,2015-01-01 00:00:00+00:00,138,2015-01-06 18:00:00+00:00,29.0,0.0,0.0,0.0,0.3,0.5,1.0,0.0,4.0,5.0,1.4,Vinje_G3,Vinje,34.4,100.0,100.0,198.0,198.0,3,9.796,0.3738931,0.39,25.3,1157.897,20.839998,27.814562,1
1,2015-01-01 00:00:00+00:00,139,2015-01-06 19:00:00+00:00,28.45,0.0,0.0,0.0,0.3,0.5,1.0,0.0,4.0,5.0,1.4,Vinje_G3,Vinje,34.4,100.0,100.0,198.0,198.0,3,9.796,0.3738931,0.39,25.3,1157.897,20.88,27.814562,1
1,2015-01-01 00:00:00+00:00,140,2015-01-06 20:00:00+00:00,28.15,0.0,0.0,0.0,0.3,0.5,1.0,0.0,4.0,5.0,1.38,Vinje_G3,Vinje,34.4,100.0,100.0,198.0,198.0,3,9.796,0.3738931,0.39,25.3,1157.897,20.82,27.814562,1
1,2015-01-01 00:00:00+00:00,141,2015-01-06 21:00:00+00:00,27.73,0.0,0.0,0.0,0.3,0.5,1.0,0.0,4.0,5.0,1.4,Vinje_G3,Vinje,34.4,100.0,100.0,198.0,198.0,3,9.796,0.3738931,0.39,25.3,1157.897,20.809998,27.814562,0
1,2015-01-01 00:00:00+00:00,142,2015-01-06 22:00:00+00:00,27.32,0.0,0.0,0.0,0.3,0.5,1.0,0.0,4.0,5.0,1.39,Vinje_G3,Vinje,34.4,100.0,100.0,198.0,198.0,3,9.796,0.3738931,0.39,25.3,1157.897,20.759998,27.814562,0
1,2015-01-01 00:00:00+00:00,143,2015-01-06 23:00:00+00:00,26.35,0.0,0.0,0.0,0.3,0.5,1.0,0.0,4.0,5.0,1.31,Vinje_G3,Vinje,34.4,100.0,100.0,198.0,198.0,3,9.796,0.3738931,0.39,25.3,1157.897,20.65,27.814562,0
1,2015-01-01 00:00:00+00:00,144,2015-01-07 00:00:00+00:00,26.08,0.0,0.0,0.0,0.3,0.5,1.0,0.0,4.0,5.0,1.29,Vinje_G3,Vinje,34.4,100.0,100.0,198.0,198.0,3,9.796,0.3738931,0.39,25.3,1157.897,20.679998,27.814562,0
1,2015-01-01 00:00:00+00:00,145,2015-01-07 01:00:00+00:00,26.03,0.0,0.0,0.0,0.3,0.5,1.0,0.0,4.0,5.0,1.29,Vinje_G3,Vinje,34.4,100.0,100.0,198.0,198.0,3,9.796,0.3738931,0.39,25.3,1157.897,20.54,27.814562,0
1,2015-01-01 00:00:00+00:00,146,2015-01-07 02:00:00+00:00,26.17,0.0,0.0,0.0,0.3,0.5,1.0,0.0,4.0,5.0,1.27,Vinje_G3,Vinje,34.4,100.0,100.0,198.0,198.0,3,9.796,0.3738931,0.38,25.3,1157.897,20.57,27.814562,0
1,2015-01-01 00:00:00+00:00,147,2015-01-07 03:00:00+00:00,26.74,0.0,0.0,0.0,0.3,0.5,1.0,0.0,4.0,5.0,1.27,Vinje_G3,Vinje,34.4,100.0,100.0,198.0,198.0,3,9.796,0.3738931,0.38,25.3,1157.897,20.51,27.814562,0
1,2015-01-01 00:00:00+00:00,148,2015-01-07 04:00:00+00:00,27.78,0.0,0.0,0.0,0.3,0.5,1.0,0.0,4.0,5.0,1.27,Vinje_G3,Vinje,34.4,100.0,100.0,198.0,198.0,3,9.796,0.3738931,0.38,25.3,1157.897,20.489998,27.814562,0
1,2015-01-01 00:00:00+00:00,149,2015-01-07 05:00:00+00:00,28.48,0.0,0.0,0.0,0.3,0.5,1.0,0.0,4.0,5.0,1.27,Vinje_G3,Vinje,34.4,100.0,100.0,198.0,198.0,3,9.796,0.3738931,0.38,25.3,1157.897,20.499998,27.814562,0
1,2015-01-01 00:00:00+00:00,150,2015-01-07 06:00:00+00:00,31.53,0.0,0.0,0.0,0.3,0.5,1.0,0.0,4.0,5.0,1.27,Vinje_G3,Vinje,34.4,100.0,100.0,198.0,198.0,3,9.796,0.3738931,0.38,25.3,1157.897,20.369999,27.814562,1
1,2015-01-01 00:00:00+00:00,151,2015-01-07 07:00:00+00:00,32.54,0.0,0.0,0.0,0.3,0.5,1.0,0.0,4.0,5.0,1.27,Vinje_G3,Vinje,34.4,100.0,100.0,198.0,198.0,3,9.796,0.3738931,0.39,25.3,1157.897,20.3,27.814562,1
1,2015-01-01 00:00:00+00:00,152,2015-01-07 08:00:00+00:00,32.24,0.0,0.0,0.0,0.3,0.5,1.0,0.0,4.0,5.0,1.26,Vinje_G3,Vinje,34.4,100.0,100.0,198.0,198.0,3,9.796,0.3738931,0.38,25.3,1157.897,20.17,27.814562,1
1,2015-01-01 00:00:00+00:00,153,2015-01-07 09:00:00+00:00,31.96,0.0,0.0,0.0,0.3,0.5,1.0,0.0,4.0,5.0,1.25,Vinje_G3,Vinje,34.4,100.0,100.0,198.0,198.0,3,9.796,0.3738931,0.38,25.3,1157.897,20.11,27.814562,1
1,2015-01-01 00:00:00+00:00,154,2015-01-07 10:00:00+00:00,31.66,0.0,0.0,0.0,0.3,0.5,1.0,0.0,4.0,5.0,1.25,Vinje_G3,Vinje,34.4,100.0,100.0,198.0,198.0,3,9.796,0.3738931,0.38,25.3,1157.897,20.099998,27.814562,1
1,2015-01-01 00:00:00+00:00,155,2015-01-07 11:00:00+00:00,30.97,0.0,0.0,0.0,0.3,0.5,1.0,0.0,4.0,5.0,1.25,Vinje_G3,Vinje,34.4,100.0,100.0,198.0,198.0,3,9.796,0.3738931,0.38,25.3,1157.897,20.079998,27.814562,1
1,2015-01-01 00:00:00+00:00,156,2015-01-07 12:00:00+00:00,30.65,0.0,0.0,0.0,0.3,0.5,1.0,0.0,4.0,5.0,1.25,Vinje_G3,Vinje,34.4,100.0,100.0,198.0,198.0,3,9.796,0.3738931,0.39,25.3,1157.897,20.099998,27.814562,1
1,2015-01-01 00:00:00+00:00,157,2015-01-07 13:00:00+00:00,30.31,0.0,0.0,0.0,0.3,0.5,1.0,0.0,4.0,5.0,1.23,Vinje_G3,Vinje,34.4,100.0,100.0,198.0,198.0,3,9.796,0.3738931,0.38,25.3,1157.897,20.08,27.814562,1
1,2015-01-01 00:00:00+00:00,158,2015-01-07 14:00:00+00:00,29.79,0.0,0.0,0.0,0.3,0.5,1.0,0.0,4.0,5.0,1.23,Vinje_G3,Vinje,34.4,100.0,100.0,198.0,198.0,3,9.796,0.3738931,0.39,25.3,1157.897,20.11,27.814562,1
1,2015-01-01 00:00:00+00:00,159,2015-01-07 15:00:00+00:00,30.72,0.0,0.0,0.0,0.3,0.5,1.0,0.0,4.0,5.0,1.21,Vinje_G3,Vinje,34.4,100.0,100.0,198.0,198.0,3,9.796,0.3738931,0.39,25.3,1157.897,20.029999,27.814562,1
1,2015-01-01 00:00:00+00:00,160,2015-01-07 16:00:00+00:00,29.56,0.0,0.0,0.0,0.3,0.5,1.0,0.0,4.0,5.0,1.2,Vinje_G3,Vinje,34.4,100.0,100.0,198.0,198.0,3,9.796,0.3738931,0.39,25.3,1157.897,20.03,27.814562,1
1,2015-01-01 00:00:00+00:00,161,2015-01-07 17:00:00+00:00,28.84,0.0,0.0,0.0,0.3,0.5,1.0,0.0,4.0,5.0,1.2,Vinje_G3,Vinje,34.4,100.0,100.0,198.0,198.0,3,9.796,0.3738931,0.39,25.3,1157.897,19.99,27.814562,1
1,2015-01-01 00:00:00+00:00,162,2015-01-07 18:00:00+00:00,28.2,0.0,0.0,0.0,0.3,0.5,1.0,0.0,4.0,5.0,1.2,Vinje_G3,Vinje,34.4,100.0,100.0,198.0,198.0,3,9.796,0.3738931,0.39,25.3,1157.897,19.960001,27.814562,1
1,2015-01-01 00:00:00+00:00,163,2015-01-07 19:00:00+00:00,27.75,0.0,0.0,0.0,0.3,0.5,1.0,0.0,4.0,5.0,1.2,Vinje_G3,Vinje,34.4,100.0,100.0,198.0,198.0,3,9.796,0.3738931,0.39,25.3,1157.897,19.94,27.814562,1
1,2015-01-01 00:00:00+00:00,164,2015-01-07 20:00:00+00:00,27.42,0.0,0.0,0.0,0.3,0.5,1.0,0.0,4.0,5.0,1.21,Vinje_G3,Vinje,34.4,100.0,100.0,198.0,198.0,3,9.796,0.3738931,0.39,25.3,1157.897,19.960001,27.814562,0
1,2015-01-01 00:00:00+00:00,165,2015-01-07 21:00:00+00:00,26.68,0.0,0.0,0.0,0.3,0.5,1.0,0.0,4.0,5.0,1.22,Vinje_G3,Vinje,34.4,100.0,100.0,198.0,198.0,3,9.796,0.3738931,0.39,25.3,1157.897,19.939999,27.814562,0
1,2015-01-01 00:00:00+00:00,166,2015-01-07 22:00:00+00:00,26.15,0.0,0.0,0.0,0.3,0.5,1.0,0.0,4.0,5.0,1.21,Vinje_G3,Vinje,34.4,100.0,100.0,198.0,198.0,3,9.796,0.3738931,0.39,25.3,1157.897,19.97,27.814562,0
1,2015-01-01 00:00:00+00:00,167,2015-01-07 23:00:00+00:00,26.04,0.0,0.0,0.0,0.3,0.5,1.0,0.0,4.0,5.0,1.19,Vinje_G3,Vinje,34.4,100.0,100.0,198.0,198.0,3,9.796,0.3738931,0.39,25.3,1157.897,19.96,27.814562,0
1,2015-01-01 00:00:00+00:00,0,2015-01-01 00:00:00+00:00,27.07,0.0,0.0,0.0,0.3,0.5,1.0,0.0,4.0,5.0,1.01,Haukeli_G1,Haukeli,0.3,4.9,4.9,143.0,143.0,1,0.15,0.5,0.03,3.82,30.691,0.36,3.82,1
1,2015-01-01 00:00:00+00:00,1,2015-01-01 01:00:00+00:00,26.93,0.0,0.0,0.0,0.3,0.5,1.0,0.0,4.0,5.0,1.0,Haukeli_G1,Haukeli,0.3,4.9,4.9,143.0,143.0,1,0.15,0.5,0.03,3.82,30.691,0.36,3.82,1
1,2015-01-01 00:00:00+00:00,2,2015-01-01 02:00:00+00:00,26.83,0.0,0.0,0.0,0.3,0.5,1.0,0.0,4.0,5.0,1.01,Haukeli_G1,Haukeli,0.3,4.9,4.9,143.0,143.0,1,0.15,0.5,0.03,3.82,30.691,0.36,3.82,1
1,2015-01-01 00:00:00+00:00,3,2015-01-01 03:00:00+00:00,26.81,0.0,0.0,0.0,0.3,0.5,1.0,0.0,4.0,5.0,1.0,Haukeli_G1,Haukeli,0.3,4.9,4.9,143.0,143.0,1,0.15,0.5,0.03,3.82,30.691,0.35,3.82,1
1,2015-01-01 00:00:00+00:00,4,2015-01-01 04:00:00+00:00,26.97,0.0,0.0,0.0,0.3,0.5,1.0,0.0,4.0,5.0,0.99,Haukeli_G1,Haukeli,0.3,4.9,4.9,143.0,143.0,1,0.15,0.5,0.03,3.82,30.691,0.35,3.82,1
1,2015-01-01 00:00:00+00:00,5,2015-01-01 05:00:00+00:00,27.07,0.0,0.0,0.0,0.3,0.5,1.0,0.0,4.0,5.0,1.0,Haukeli_G1,Haukeli,0.3,4.9,4.9,143.0,143.0,1,0.15,0.5,0.03,3.82,30.691,0.35,3.82,1
1,2015-01-01 00:00:00+00:00,6,2015-01-01 06:00:00+00:00,26.8,0.0,0.0,0.0,0.3,0.5,1.0,0.0,4.0,5.0,1.0,Haukeli_G1,Haukeli,0.3,4.9,4.9,143.0,143.0,1,0.15,0.5,0.03,3.82,30.691,0.35,3.82,1
1,2015-01-01 00:00:00+00:00,7,2015-01-01 07:00:00+00:00,26.97,0.0,0.0,0.0,0.3,0.5,1.0,0.0,4.0,5.0,1.0,Haukeli_G1,Haukeli,0.3,4.9,4.9,143.0,143.0,1,0.15,0.5,0.03,3.82,30.691,0.35,3.82,1
1,2015-01-01 00:00:00+00:00,8,2015-01-01 08:00:00+00:00,26.98,0.0,0.0,0.0,0.3,0.5,1.0,0.0,4.0,5.0,1.0,Haukeli_G1,Haukeli,0.3,4.9,4.9,143.0,143.0,1,0.15,0.5,0.03,3.82,30.691,0.35,3.82,1
1,2015-01-01 00:00:00+00:00,9,2015-01-01 09:00:00+00:00,27.06,0.0,0.0,0.0,0.3,0.5,1.0,0.0,4.0,5.0,1.0,Haukeli_G1,Haukeli,0.3,4.9,4.9,143.0,143.0,1,0.15,0.5,0.03,3.82,30.691,0.35,3.82,1
1,2015-01-01 00:00:00+00:00,10,2015-01-01 10:00:00+00:00,27.13,0.0,0.0,0.0,0.3,0.5,1.0,0.0,4.0,5.0,1.02,Haukeli_G1,Haukeli,0.3,4.9,4.9,143.0,143.0,1,0.15,0.5,0.03,3.82,30.691,0.36,3.82,1
1,2015-01-01 00:00:00+00:00,11,2015-01-01 11:00:00+00:00,27.09,0.0,0.0,0.0,0.3,0.5,1.0,0.0,4.0,5.0,1.01,Haukeli_G1,Haukeli,0.3,4.9,4.9,143.0,143.0,1,0.15,0.5,0.03,3.82,30.691,0.36,3.82,1
1,2015-01-01 00:00:00+00:00,12,2015-01-01 12:00:00+00:00,27.01,0.0,0.0,0.0,0.3,0.5,1.0,0.0,4.0,5.0,1.03,Haukeli_G1,Haukeli,0.3,4.9,4.9,143.0,143.0,1,0.15,0.5,0.03,3.82,30.691,0.36,3.82,1
1,2015-01-01 00:00:00+00:00,13,2015-01-01 13:00:00+00:00,26.98,0.0,0.0,0.0,0.3,0.5,1.0,0.0,4.0,5.0,1.03,Haukeli_G1,Haukeli,0.3,4.9,4.9,143.0,143.0,1,0.15,0.5,0.03,3.82,30.691,0.37,3.82,1
1,2015-01-01 00:00:00+00:00,14,2015-01-01 14:00:00+00:00,27.51,0.0,0.0,0.0,0.3,0.5,1.0,0.0,4.0,5.0,1.06,Haukeli_G1,Haukeli,0.3,4.9,4.9,143.0,143.0,1,0.15,0.5,0.04,3.82,30.691,0.38,3.82,1
1,2015-01-01 00:00:00+00:00,15,2015-01-01 15:00:00+00:00,28.32,0.0,0.0,0.0,0.3,0.5,1.0,0.0,4.0,5.0,1.06,Haukeli_G1,Haukeli,0.3,4.9,4.9,143.0,143.0,1,0.15,0.5,0.04,3.82,30.691,0.38,3.82,1
1,2015-01-01 00:00:00+00:00,16,2015-01-01 16:00:00+00:00,28.36,0.0,0.0,0.0,0.3,0.5,1.0,0.0,4.0,5.0,1.07,Haukeli_G1,Haukeli,0.3,4.9,4.9,143.0,143.0,1,0.15,0.5,0.04,3.82,30.691,0.39,3.82,1
1,2015-01-01 00:00:00+00:00,17,2015-01-01 17:00:00+00:00,28.18,0.0,0.0,0.0,0.3,0.5,1.0,0.0,4.0,5.0,1.1,Haukeli_G1,Haukeli,0.3,4.9,4.9,143.0,143.0,1,0.15,0.5,0.04,3.82,30.691,0.4,3.82,1
1,2015-01-01 00:00:00+00:00,18,2015-01-01 18:00:00+00:00,27.81,0.0,0.0,0.0,0.3,0.5,1.0,0.0,4.0,5.0,1.11,Haukeli_G1,Haukeli,0.3,4.9,4.9,143.0,143.0,1,0.15,0.5,0.04,3.82,30.691,0.4,3.82,1
1,2015-01-01 00:00:00+00:00,19,2015-01-01 19:00:00+00:00,27.46,0.0,0.0,0.0,0.3,0.5,1.0,0.0,4.0,5.0,1.12,Haukeli_G1,Haukeli,0.3,4.9,4.9,143.0,143.0,1,0.15,0.5,0.04,3.82,30.691,0.4,3.82,1
1,2015-01-01 00:00:00+00:00,20,2015-01-01 20:00:00+00:00,27.06,0.0,0.0,0.0,0.3,0.5,1.0,0.0,4.0,5.0,1.13,Haukeli_G1,Haukeli,0.3,4.9,4.9,143.0,143.0,1,0.15,0.5,0.04,3.82,30.691,0.41,3.82,1
1,2015-01-01 00:00:00+00:00,21,2015-01-01 21:00:00+00:00,27.0,0.0,0.0,0.0,0.3,0.5,1.0,0.0,4.0,5.0,1.16,Haukeli_G1,Haukeli,0.3,4.9,4.9,143.0,143.0,1,0.15,0.5,0.04,3.82,30.691,0.42,3.82,1
1,2015-01-01 00:00:00+00:00,22,2015-01-01 22:00:00+00:00,26.83,0.0,0.0,0.0,0.3,0.5,1.0,0.0,4.0,5.0,1.2,Haukeli_G1,Haukeli,0.3,4.9,4.9,143.0,143.0,1,0.15,0.5,0.04,3.82,30.691,0.42999998,3.82,1
1,2015-01-01 00:00:00+00:00,23,2015-01-01 23:00:00+00:00,26.71,0.0,0.0,0.0,0.3,0.5,1.0,0.0,4.0,5.0,1.24,Haukeli_G1,Haukeli,0.3,4.9,4.9,143.0,143.0,1,0.15,0.5,0.04,3.82,30.691,0.44,3.82,1
1,2015-01-01 00:00:00+00:00,24,2015-01-02 00:00:00+00:00,26.41,0.0,0.0,0.0,0.3,0.5,1.0,0.0,4.0,5.0,1.26,Haukeli_G1,Haukeli,0.3,4.9,4.9,143.0,143.0,1,0.15,0.5,0.04,3.82,30.691,0.45,3.82,1
1,2015-01-01 00:00:00+00:00,25,2015-01-02 01:00:00+00:00,26.2,0.0,0.0,0.0,0.3,0.5,1.0,0.0,4.0,5.0,1.3,Haukeli_G1,Haukeli,0.3,4.9,4.9,143.0,143.0,1,0.15,0.5,0.04,3.82,30.691,0.45999998,3.82,1
1,2015-01-01 00:00:00+00:00,26,2015-01-02 02:00:00+00:00,25.6,0.0,0.0,0.0,0.3,0.5,1.0,0.0,4.0,5.0,1.52,Haukeli_G1,Haukeli,0.3,4.9,4.9,143.0,143.0,1,0.15,0.5,0.05,3.82,30.691,0.54,3.82,1
1,2015-01-01 00:00:00+00:00,27,2015-01-02 03:00:00+00:00,24.74,0.0,0.0,0.0,0.3,0.5,1.0,0.0,4.0,5.0,1.7,Haukeli_G1,Haukeli,0.3,4.9,4.9,143.0,143.0,1,0.15,0.5,0.06,3.82,30.691,0.61,3.82,1
1,2015-01-01 00:00:00+00:00,28,2015-01-02 04:00:00+00:00,26.1,0.0,0.0,0.0,0.3,0.5,1.0,0.0,4.0,5.0,1.75,Haukeli_G1,Haukeli,0.3,4.9,4.9,143.0,143.0,1,0.15,0.5,0.06,3.82,30.691,0.63,3.82,1
1,2015-01-01 00:00:00+00:00,29,2015-01-02 05:00:00+00:00,27.25,0.0,0.0,0.0,0.3,0.5,1.0,0.0,4.0,5.0,1.65,Haukeli_G1,Haukeli,0.3,4.9,4.9,143.0,143.0,1,0.15,0.5,0.05,3.82,30.691,0.59000003,3.82,1
1,2015-01-01 00:00:00+00:00,30,2015-01-02 06:00:00+00:00,28.37,0.0,0.0,0.0,0.3,0.5,1.0,0.0,4.0,5.0,1.71,Haukeli_G1,Haukeli,0.3,4.9,4.9,143.0,143.0,1,0.15,0.5,0.06,3.82,30.691,0.62,3.82,1
1,2015-01-01 00:00:00+00:00,31,2015-01-02 07:00:00+00:00,28.37,0.0,0.0,0.0,0.3,0.5,1.0,0.0,4.0,5.0,1.92,Haukeli_G1,Haukeli,0.3,4.9,4.9,143.0,143.0,1,0.15,0.5,0.06,3.82,30.691,0.68,3.82,1
1,2015-01-01 00:00:00+00:00,32,2015-01-02 08:00:00+00:00,28.32,0.0,0.0,0.0,0.3,0.5,1.0,0.0,4.0,5.0,2.18,Haukeli_G1,Haukeli,0.3,4.9,4.9,143.0,143.0,1,0.15,0.5,0.07,3.82,30.691,0.78,3.82,1
1,2015-01-01 00:00:00+00:00,33,2015-01-02 09:00:00+00:00,28.3,0.0,0.0,0.0,0.3,0.5,1.0,0.0,4.0,5.0,2.33,Haukeli_G1,Haukeli,0.3,4.9,4.9,143.0,143.0,1,0.15,0.5,0.08,3.82,30.691,0.84,3.82,1
1,2015-01-01 00:00:00+00:00,34,2015-01-02 10:00:00+00:00,28.39,0.0,0.0,0.0,0.3,0.5,1.0,0.0,4.0,5.0,2.35,Haukeli_G1,Haukeli,0.3,4.9,4.9,143.0,143.0,1,0.15,0.5,0.08,3.82,30.691,0.84,3.82,1
1,2015-01-01 00:00:00+00:00,35,2015-01-02 11:00:00+00:00,28.3,0.0,0.0,0.0,0.3,0.5,1.0,0.0,4.0,5.0,2.3,Haukeli_G1,Haukeli,0.3,4.9,4.9,143.0,143.0,1,0.15,0.5,0.08,3.82,30.691,0.83,3.82,1
1,2015-01-01 00:00:00+00:00,36,2015-01-02 12:00:00+00:00,28.24,0.0,0.0,0.0,0.3,0.5,1.0,0.0,4.0,5.0,2.23,Haukeli_G1,Haukeli,0.3,4.9,4.9,143.0,143.0,1,0.15,0.5,0.07,3.82,30.691,0.8,3.82,1
1,2015-01-01 00:00:00+00:00,37,2015-01-02 13:00:00+00:00,28.12,0.0,0.0,0.0,0.3,0.5,1.0,0.0,4.0,5.0,2.2,Haukeli_G1,Haukeli,0.3,4.9,4.9,143.0,143.0,1,0.15,0.5,0.07,3.82,30.691,0.79,3.82,1
1,2015-01-01 00:00:00+00:00,38,2015-01-02 14:00:00+00:00,28.23,0.0,0.0,0.0,0.3,0.5,1.0,0.0,4.0,5.0,2.17,Haukeli_G1,Haukeli,0.3,4.9,4.9,143.0,143.0,1,0.15,0.5,0.07,3.82,30.691,0.77,3.82,1
1,2015-01-01 00:00:00+00:00,39,2015-01-02 15:00:00+00:00,28.59,0.0,0.0,0.0,0.3,0.5,1.0,0.0,4.0,5.0,2.14,Haukeli_G1,Haukeli,0.3,4.9,4.9,143.0,143.0,1,0.15,0.5,0.07,3.82,30.691,0.77,3.82,1
1,2015-01-01 00:00:00+00:00,40,2015-01-02 16:00:00+00:00,28.73,0.0,0.0,0.0,0.3,0.5,1.0,0.0,4.0,5.0,2.13,Haukeli_G1,Haukeli,0.3,4.9,4.9,143.0,143.0,1,0.15,0.5,0.07,3.82,30.691,0.76,3.82,1
1,2015-01-01 00:00:00+00:00,41,2015-01-02 17:00:00+00:00,28.48,0.0,0.0,0.0,0.3,0.5,1.0,0.0,4.0,5.0,2.05,Haukeli_G1,Haukeli,0.3,4.9,4.9,143.0,143.0,1,0.15,0.5,0.07,3.82,30.691,0.73,3.82,1
1,2015-01-01 00:00:00+00:00,42,2015-01-02 18:00:00+00:00,28.38,0.0,0.0,0.0,0.3,0.5,1.0,0.0,4.0,5.0,1.64,Haukeli_G1,Haukeli,0.3,4.9,4.9,143.0,143.0,1,0.15,0.5,0.05,3.82,30.691,0.58,3.82,1
1,2015-01-01 00:00:00+00:00,43,2015-01-02 19:00:00+00:00,27.85,0.0,0.0,0.0,0.3,0.5,1.0,0.0,4.0,5.0,2.06,Haukeli_G1,Haukeli,0.3,4.9,4.9,143.0,143.0,1,0.15,0.5,0.07,3.82,30.691,0.74,3.82,1
1,2015-01-01 00:00:00+00:00,44,2015-01-02 20:00:00+00:00,27.45,0.0,0.0,0.0,0.3,0.5,1.0,0.0,4.0,5.0,2.2,Haukeli_G1,Haukeli,0.3,4.9,4.9,143.0,143.0,1,0.15,0.5,0.07,3.82,30.691,0.78,3.82,1
1,2015-01-01 00:00:00+00:00,45,2015-01-02 21:00:00+00:00,27.2,0.0,0.0,0.0,0.3,0.5,1.0,0.0,4.0,5.0,2.38,Haukeli_G1,Haukeli,0.3,4.9,4.9,143.0,143.0,1,0.15,0.5,0.08,3.82,30.691,0.84999996,3.82,1
1,2015-01-01 00:00:00+00:00,46,2015-01-02 22:00:00+00:00,26.79,0.0,0.0,0.0,0.3,0.5,1.0,0.0,4.0,5.0,2.59,Haukeli_G1,Haukeli,0.3,4.9,4.9,143.0,143.0,1,0.15,0.5,0.09,3.82,30.691,0.92999995,3.82,1
1,2015-01-01 00:00:00+00:00,47,2015-01-02 23:00:00+00:00,25.85,0.0,0.0,0.0,0.3,0.5,1.0,0.0,4.0,5.0,2.83,Haukeli_G1,Haukeli,0.3,4.9,4.9,143.0,143.0,1,0.15,0.5,0.09,3.82,30.691,1.01,3.82,1
1,2015-01-01 00:00:00+00:00,48,2015-01-03 00:00:00+00:00,25.54,0.0,0.0,0.0,0.3,0.5,1.0,0.0,4.0,5.0,2.84,Haukeli_G1,Haukeli,0.3,4.9,4.9,143.0,143.0,1,0.15,0.5,0.09,3.82,30.691,1.01,3.82,1
1,2015-01-01 00:00:00+00:00,49,2015-01-03 01:00:00+00:00,25.43,0.0,0.0,0.0,0.3,0.5,1.0,0.0,4.0,5.0,2.77,Haukeli_G1,Haukeli,0.3,4.9,4.9,143.0,143.0,1,0.15,0.5,0.09,3.82,30.691,0.99,3.82,1
1,2015-01-01 00:00:00+00:00,50,2015-01-03 02:00:00+00:00,25.34,0.0,0.0,0.0,0.3,0.5,1.0,0.0,4.0,5.0,2.86,Haukeli_G1,Haukeli,0.3,4.9,4.9,143.0,143.0,1,0.15,0.5,0.09,3.82,30.691,1.02,3.82,1
1,2015-01-01 00:00:00+00:00,51,2015-01-03 03:00:00+00:00,25.29,0.0,0.0,0.0,0.3,0.5,1.0,0.0,4.0,5.0,3.02,Haukeli_G1,Haukeli,0.3,4.9,4.9,143.0,143.0,1,0.15,0.5,0.1,3.82,30.691,1.08,3.82,1
1,2015-01-01 00:00:00+00:00,52,2015-01-03 04:00:00+00:00,25.3,0.0,0.0,0.0,0.3,0.5,1.0,0.0,4.0,5.0,3.13,Haukeli_G1,Haukeli,0.3,4.9,4.9,143.0,143.0,1,0.15,0.5,0.1,3.82,30.691,1.12,3.82,1
1,2015-01-01 00:00:00+00:00,53,2015-01-03 05:00:00+00:00,25.55,0.0,0.0,0.0,0.3,0.5,1.0,0.0,4.0,5.0,3.16,Haukeli_G1,Haukeli,0.3,4.9,4.9,143.0,143.0,1,0.15,0.5,0.1,3.82,30.691,1.13,3.82,1
1,2015-01-01 00:00:00+00:00,54,2015-01-03 06:00:00+00:00,26.75,0.0,0.0,0.0,0.3,0.5,1.0,0.0,4.0,5.0,3.13,Haukeli_G1,Haukeli,0.3,4.9,4.9,143.0,143.0,1,0.15,0.5,0.1,3.82,30.691,1.12,3.82,1
1,2015-01-01 00:00:00+00:00,55,2015-01-03 07:00:00+00:00,26.98,0.0,0.0,0.0,0.3,0.5,1.0,0.0,4.0,5.0,3.06,Haukeli_G1,Haukeli,0.3,4.9,4.9,143.0,143.0,1,0.15,0.5,0.1,3.82,30.691,1.09,3.82,1
1,2015-01-01 00:00:00+00:00,56,2015-01-03 08:00:00+00:00,27.52,0.0,0.0,0.0,0.3,0.5,1.0,0.0,4.0,5.0,3.01,Haukeli_G1,Haukeli,0.3,4.9,4.9,143.0,143.0,1,0.15,0.5,0.1,3.82,30.691,1.08,3.82,1
1,2015-01-01 00:00:00+00:00,57,2015-01-03 09:00:00+00:00,27.72,0.0,0.0,0.0,0.3,0.5,1.0,0.0,4.0,5.0,3.0,Haukeli_G1,Haukeli,0.3,4.9,4.9,143.0,143.0,1,0.15,0.5,0.1,3.82,30.691,1.07,3.82,1
1,2015-01-01 00:00:00+00:00,58,2015-01-03 10:00:00+00:00,27.73,0.0,0.0,0.0,0.3,0.5,1.0,0.0,4.0,5.0,2.92,Haukeli_G1,Haukeli,0.3,4.9,4.9,143.0,143.0,1,0.15,0.5,0.1,3.82,30.691,1.05,3.82,1
1,2015-01-01 00:00:00+00:00,59,2015-01-03 11:00:00+00:00,27.66,0.0,0.0,0.0,0.3,0.5,1.0,0.0,4.0,5.0,2.88,Haukeli_G1,Haukeli,0.3,4.9,4.9,143.0,143.0,1,0.15,0.5,0.1,3.82,30.691,1.04,3.82,1
1,2015-01-01 00:00:00+00:00,60,2015-01-03 12:00:00+00:00,27.65,0.0,0.0,0.0,0.3,0.5,1.0,0.0,4.0,5.0,2.85,Haukeli_G1,Haukeli,0.3,4.9,4.9,143.0,143.0,1,0.15,0.5,0.09,3.82,30.691,1.02,3.82,1
1,2015-01-01 00:00:00+00:00,61,2015-01-03 13:00:00+00:00,27.81,0.0,0.0,0.0,0.3,0.5,1.0,0.0,4.0,5.0,2.84,Haukeli_G1,Haukeli,0.3,4.9,4.9,143.0,143.0,1,0.15,0.5,0.09,3.82,30.691,1.01,3.82,1
1,2015-01-01 00:00:00+00:00,62,2015-01-03 14:00:00+00:00,28.29,0.0,0.0,0.0,0.3,0.5,1.0,0.0,4.0,5.0,2.81,Haukeli_G1,Haukeli,0.3,4.9,4.9,143.0,143.0,1,0.15,0.5,0.09,3.82,30.691,1.0,3.82,1
1,2015-01-01 00:00:00+00:00,63,2015-01-03 15:00:00+00:00,28.6,0.0,0.0,0.0,0.3,0.5,1.0,0.0,4.0,5.0,2.75,Haukeli_G1,Haukeli,0.3,4.9,4.9,143.0,143.0,1,0.15,0.5,0.09,3.82,30.691,0.98,3.82,1
1,2015-01-01 00:00:00+00:00,64,2015-01-03 16:00:00+00:00,28.88,0.0,0.0,0.0,0.3,0.5,1.0,0.0,4.0,5.0,2.69,Haukeli_G1,Haukeli,0.3,4.9,4.9,143.0,143.0,1,0.15,0.5,0.09,3.82,30.691,0.96000004,3.82,1
1,2015-01-01 00:00:00+00:00,65,2015-01-03 17:00:00+00:00,28.78,0.0,0.0,0.0,0.3,0.5,1.0,0.0,4.0,5.0,2.65,Haukeli_G1,Haukeli,0.3,4.9,4.9,143.0,143.0,1,0.15,0.5,0.09,3.82,30.691,0.95000005,3.82,1
1,2015-01-01 00:00:00+00:00,66,2015-01-03 18:00:00+00:00,28.54,0.0,0.0,0.0,0.3,0.5,1.0,0.0,4.0,5.0,2.6,Haukeli_G1,Haukeli,0.3,4.9,4.9,143.0,143.0,1,0.15,0.5,0.09,3.82,30.691,0.92999995,3.82,1
1,2015-01-01 00:00:00+00:00,67,2015-01-03 19:00:00+00:00,28.34,0.0,0.0,0.0,0.3,0.5,1.0,0.0,4.0,5.0,2.54,Haukeli_G1,Haukeli,0.3,4.9,4.9,143.0,143.0,1,0.15,0.5,0.08,3.82,30.691,0.90999997,3.82,1
1,2015-01-01 00:00:00+00:00,68,2015-01-03 20:00:00+00:00,27.93,0.0,0.0,0.0,0.3,0.5,1.0,0.0,4.0,5.0,2.47,Haukeli_G1,Haukeli,0.3,4.9,4.9,143.0,143.0,1,0.15,0.5,0.08,3.82,30.691,0.88,3.82,1
1,2015-01-01 00:00:00+00:00,69,2015-01-03 21:00:00+00:00,27.7,0.0,0.0,0.0,0.3,0.5,1.0,0.0,4.0,5.0,2.41,Haukeli_G1,Haukeli,0.3,4.9,4.9,143.0,143.0,1,0.15,0.5,0.08,3.82,30.691,0.85999995,3.82,1
1,2015-01-01 00:00:00+00:00,70,2015-01-03 22:00:00+00:00,27.25,0.0,0.0,0.0,0.3,0.5,1.0,0.0,4.0,5.0,2.33,Haukeli_G1,Haukeli,0.3,4.9,4.9,143.0,143.0,1,0.15,0.5,0.08,3.82,30.691,0.84,3.82,1
1,2015-01-01 00:00:00+00:00,71,2015-01-03 23:00:00+00:00,27.55,0.0,0.0,0.0,0.3,0.5,1.0,0.0,4.0,5.0,2.27,Haukeli_G1,Haukeli,0.3,4.9,4.9,143.0,143.0,1,0.15,0.5,0.08,3.82,30.691,0.82,3.82,1
1,2015-01-01 00:00:00+00:00,72,2015-01-04 00:00:00+00:00,27.38,0.0,0.0,0.0,0.3,0.5,1.0,0.0,4.0,5.0,2.22,Haukeli_G1,Haukeli,0.3,4.9,4.9,143.0,143.0,1,0.15,0.5,0.07,3.82,30.691,0.79,3.82,1
1,2015-01-01 00:00:00+00:00,73,2015-01-04 01:00:00+00:00,27.17,0.0,0.0,0.0,0.3,0.5,1.0,0.0,4.0,5.0,2.15,Haukeli_G1,Haukeli,0.3,4.9,4.9,143.0,143.0,1,0.15,0.5,0.07,3.82,30.691,0.77,3.82,1
1,2015-01-01 00:00:00+00:00,74,2015-01-04 02:00:00+00:00,27.03,0.0,0.0,0.0,0.3,0.5,1.0,0.0,4.0,5.0,2.1,Haukeli_G1,Haukeli,0.3,4.9,4.9,143.0,143.0,1,0.15,0.5,0.07,3.82,30.691,0.75,3.82,1
1,2015-01-01 00:00:00+00:00,75,2015-01-04 03:00:00+00:00,27.04,0.0,0.0,0.0,0.3,0.5,1.0,0.0,4.0,5.0,2.06,Haukeli_G1,Haukeli,0.3,4.9,4.9,143.0,143.0,1,0.15,0.5,0.07,3.82,30.691,0.74,3.82,1
1,2015-01-01 00:00:00+00:00,76,2015-01-04 04:00:00+00:00,27.19,0.0,0.0,0.0,0.3,0.5,1.0,0.0,4.0,5.0,2.01,Haukeli_G1,Haukeli,0.3,4.9,4.9,143.0,143.0,1,0.15,0.5,0.07,3.82,30.691,0.71999997,3.82,1
1,2015-01-01 00:00:00+00:00,77,2015-01-04 05:00:00+00:00,27.13,0.0,0.0,0.0,0.3,0.5,1.0,0.0,4.0,5.0,1.99,Haukeli_G1,Haukeli,0.3,4.9,4.9,143.0,143.0,1,0.15,0.5,0.07,3.82,30.691,0.71999997,3.82,1
1,2015-01-01 00:00:00+00:00,78,2015-01-04 06:00:00+00:00,27.06,0.0,0.0,0.0,0.3,0.5,1.0,0.0,4.0,5.0,1.94,Haukeli_G1,Haukeli,0.3,4.9,4.9,143.0,143.0,1,0.15,0.5,0.06,3.82,30.691,0.69,3.82,1
1,2015-01-01 00:00:00+00:00,79,2015-01-04 07:00:00+00:00,27.63,0.0,0.0,0.0,0.3,0.5,1.0,0.0,4.0,5.0,1.89,Haukeli_G1,Haukeli,0.3,4.9,4.9,143.0,143.0,1,0.15,0.5,0.06,3.82,30.691,0.68,3.82,1
1,2015-01-01 00:00:00+00:00,80,2015-01-04 08:00:00+00:00,28.03,0.0,0.0,0.0,0.3,0.5,1.0,0.0,4.0,5.0,1.84,Haukeli_G1,Haukeli,0.3,4.9,4.9,143.0,143.0,1,0.15,0.5,0.06,3.82,30.691,0.66,3.82,1
1,2015-01-01 00:00:00+00:00,81,2015-01-04 09:00:00+00:00,28.24,0.0,0.0,0.0,0.3,0.5,1.0,0.0,4.0,5.0,1.82,Haukeli_G1,Haukeli,0.3,4.9,4.9,143.0,143.0,1,0.15,0.5,0.06,3.82,30.691,0.65,3.82,1
1,2015-01-01 00:00:00+00:00,82,2015-01-04 10:00:00+00:00,28.32,0.0,0.0,0.0,0.3,0.5,1.0,0.0,4.0,5.0,1.79,Haukeli_G1,Haukeli,0.3,4.9,4.9,143.0,143.0,1,0.15,0.5,0.06,3.82,30.691,0.64,3.82,1
1,2015-01-01 00:00:00+00:00,83,2015-01-04 11:00:00+00:00,28.24,0.0,0.0,0.0,0.3,0.5,1.0,0.0,4.0,5.0,1.77,Haukeli_G1,Haukeli,0.3,4.9,4.9,143.0,143.0,1,0.15,0.5,0.06,3.82,30.691,0.63,3.82,1
1,2015-01-01 00:00:00+00:00,84,2015-01-04 12:00:00+00:00,28.27,0.0,0.0,0.0,0.3,0.5,1.0,0.0,4.0,5.0,1.74,Haukeli_G1,Haukeli,0.3,4.9,4.9,143.0,143.0,1,0.15,0.5,0.06,3.82,30.691,0.62,3.82,1
1,2015-01-01 00:00:00+00:00,85,2015-01-04 13:00:00+00:00,28.32,0.0,0.0,0.0,0.3,0.5,1.0,0.0,4.0,5.0,1.72,Haukeli_G1,Haukeli,0.3,4.9,4.9,143.0,143.0,1,0.15,0.5,0.06,3.82,30.691,0.62,3.82,1
1,2015-01-01 00:00:00+00:00,86,2015-01-04 14:00:00+00:00,28.37,0.0,0.0,0.0,0.3,0.5,1.0,0.0,4.0,5.0,1.7,Haukeli_G1,Haukeli,0.3,4.9,4.9,143.0,143.0,1,0.15,0.5,0.06,3.82,30.691,0.61,3.82,1
1,2015-01-01 00:00:00+00:00,87,2015-01-04 15:00:00+00:00,28.65,0.0,0.0,0.0,0.3,0.5,1.0,0.0,4.0,5.0,1.68,Haukeli_G1,Haukeli,0.3,4.9,4.9,143.0,143.0,1,0.15,0.5,0.06,3.82,30.691,0.61,3.82,1
1,2015-01-01 00:00:00+00:00,88,2015-01-04 16:00:00+00:00,28.98,0.0,0.0,0.0,0.3,0.5,1.0,0.0,4.0,5.0,1.68,Haukeli_G1,Haukeli,0.3,4.9,4.9,143.0,143.0,1,0.15,0.5,0.06,3.82,30.691,0.61,3.82,1
1,2015-01-01 00:00:00+00:00,89,2015-01-04 17:00:00+00:00,29.54,0.0,0.0,0.0,0.3,0.5,1.0,0.0,4.0,5.0,1.65,Haukeli_G1,Haukeli,0.3,4.9,4.9,143.0,143.0,1,0.15,0.5,0.05,3.82,30.691,0.59000003,3.82,1
1,2015-01-01 00:00:00+00:00,90,2015-01-04 18:00:00+00:00,29.42,0.0,0.0,0.0,0.3,0.5,1.0,0.0,4.0,5.0,1.64,Haukeli_G1,Haukeli,0.3,4.9,4.9,143.0,143.0,1,0.15,0.5,0.05,3.82,30.691,0.58,3.82,1
1,2015-01-01 00:00:00+00:00,91,2015-01-04 19:00:00+00:00,28.92,0.0,0.0,0.0,0.3,0.5,1.0,0.0,4.0,5.0,1.63,Haukeli_G1,Haukeli,0.3,4.9,4.9,143.0,143.0,1,0.15,0.5,0.05,3.82,30.691,0.58,3.82,1
1,2015-01-01 00:00:00+00:00,92,2015-01-04 20:00:00+00:00,28.66,0.0,0.0,0.0,0.3,0.5,1.0,0.0,4.0,5.0,1.6,Haukeli_G1,Haukeli,0.3,4.9,4.9,143.0,143.0,1,0.15,0.5,0.05,3.82,30.691,0.57,3.82,1
1,2015-01-01 00:00:00+00:00,93,2015-01-04 21:00:00+00:00,28.69,0.0,0.0,0.0,0.3,0.5,1.0,0.0,4.0,5.0,1.59,Haukeli_G1,Haukeli,0.3,4.9,4.9,143.0,143.0,1,0.15,0.5,0.05,3.82,30.691,0.57,3.82,1
1,2015-01-01 00:00:00+00:00,94,2015-01-04 22:00:00+00:00,28.02,0.0,0.0,0.0,0.3,0.5,1.0,0.0,4.0,5.0,1.58,Haukeli_G1,Haukeli,0.3,4.9,4.9,143.0,143.0,1,0.15,0.5,0.05,3.82,30.691,0.56,3.82,1
1,2015-01-01 00:00:00+00:00,95,2015-01-04 23:00:00+00:00,28.19,0.0,0.0,0.0,0.3,0.5,1.0,0.0,4.0,5.0,1.57,Haukeli_G1,Haukeli,0.3,4.9,4.9,143.0,143.0,1,0.15,0.5,0.05,3.82,30.691,0.56,3.82,1
1,2015-01-01 00:00:00+00:00,96,2015-01-05 00:00:00+00:00,28.15,0.0,0.0,0.0,0.3,0.5,1.0,0.0,4.0,5.0,1.56,Haukeli_G1,Haukeli,0.3,4.9,4.9,143.0,143.0,1,0.15,0.5,0.05,3.82,30.691,0.56,3.82,1
1,2015-01-01 00:00:00+00:00,97,2015-01-05 01:00:00+00:00,28.13,0.0,0.0,0.0,0.3,0.5,1.0,0.0,4.0,5.0,1.54,Haukeli_G1,Haukeli,0.3,4.9,4.9,143.0,143.0,1,0.15,0.5,0.05,3.82,30.691,0.55,3.82,1
1,2015-01-01 00:00:00+00:00,98,2015-01-05 02:00:00+00:00,28.05,0.0,0.0,0.0,0.3,0.5,1.0,0.0,4.0,5.0,1.53,Haukeli_G1,Haukeli,0.3,4.9,4.9,143.0,143.0,1,0.15,0.5,0.05,3.82,30.691,0.55,3.82,1
1,2015-01-01 00:00:00+00:00,99,2015-01-05 03:00:00+00:00,28.04,0.0,0.0,0.0,0.3,0.5,1.0,0.0,4.0,5.0,1.52,Haukeli_G1,Haukeli,0.3,4.9,4.9,143.0,143.0,1,0.15,0.5,0.05,3.82,30.691,0.54,3.82,1
1,2015-01-01 00:00:00+00:00,100,2015-01-05 04:00:00+00:00,28.46,0.0,0.0,0.0,0.3,0.5,1.0,0.0,4.0,5.0,1.51,Haukeli_G1,Haukeli,0.3,4.9,4.9,143.0,143.0,1,0.15,0.5,0.05,3.82,30.691,0.54,3.82,1
1,2015-01-01 00:00:00+00:00,101,2015-01-05 05:00:00+00:00,28.78,0.0,0.0,0.0,0.3,0.5,1.0,0.0,4.0,5.0,1.5,Haukeli_G1,Haukeli,0.3,4.9,4.9,143.0,143.0,1,0.15,0.5,0.05,3.82,30.691,0.54,3.82,1
1,2015-01-01 00:00:00+00:00,102,2015-01-05 06:00:00+00:00,30.99,0.0,0.0,0.0,0.3,0.5,1.0,0.0,4.0,5.0,1.48,Haukeli_G1,Haukeli,0.3,4.9,4.9,143.0,143.0,1,0.15,0.5,0.05,3.82,30.691,0.53,3.82,1
1,2015-01-01 00:00:00+00:00,103,2015-01-05 07:00:00+00:00,38.15,0.0,0.0,0.0,0.3,0.5,1.0,0.0,4.0,5.0,1.47,Haukeli_G1,Haukeli,0.3,4.9,4.9,143.0,143.0,1,0.15,0.5,0.05,3.82,30.691,0.53,3.82,1
1,2015-01-01 00:00:00+00:00,104,2015-01-05 08:00:00+00:00,41.51,0.0,0.0,0.0,0.3,0.5,1.0,0.0,4.0,5.0,1.46,Haukeli_G1,Haukeli,0.3,4.9,4.9,143.0,143.0,1,0.15,0.5,0.05,3.82,30.691,0.53,3.82,1
1,2015-01-01 00:00:00+00:00,105,2015-01-05 09:00:00+00:00,40.46,0.0,0.0,0.0,0.3,0.5,1.0,0.0,4.0,5.0,1.46,Haukeli_G1,Haukeli,0.3,4.9,4.9,143.0,143.0,1,0.15,0.5,0.05,3.82,30.691,0.52,3.82,1
1,2015-01-01 00:00:00+00:00,106,2015-01-05 10:00:00+00:00,40.97,0.0,0.0,0.0,0.3,0.5,1.0,0.0,4.0,5.0,1.45,Haukeli_G1,Haukeli,0.3,4.9,4.9,143.0,143.0,1,0.15,0.5,0.05,3.82,30.691,0.52,3.82,1
1,2015-01-01 00:00:00+00:00,107,2015-01-05 11:00:00+00:00,38.66,0.0,0.0,0.0,0.3,0.5,1.0,0.0,4.0,5.0,1.45,Haukeli_G1,Haukeli,0.3,4.9,4.9,143.0,143.0,1,0.15,0.5,0.05,3.82,30.691,0.52,3.82,1
1,2015-01-01 00:00:00+00:00,108,2015-01-05 12:00:00+00:00,36.44,0.0,0.0,0.0,0.3,0.5,1.0,0.0,4.0,5.0,1.45,Haukeli_G1,Haukeli,0.3,4.9,4.9,143.0,143.0,1,0.15,0.5,0.05,3.82,30.691,0.52,3.82,1
1,2015-01-01 00:00:00+00:00,109,2015-01-05 13:00:00+00:00,37.74,0.0,0.0,0.0,0.3,0.5,1.0,0.0,4.0,5.0,1.45,Haukeli_G1,Haukeli,0.3,4.9,4.9,143.0,143.0,1,0.15,0.5,0.05,3.82,30.691,0.52,3.82,1
1,2015-01-01 00:00:00+00:00,110,2015-01-05 14:00:00+00:00,43.1,0.0,0.0,0.0,0.3,0.5,1.0,0.0,4.0,5.0,1.45,Haukeli_G1,Haukeli,0.3,4.9,4.9,143.0,143.0,1,0.15,0.5,0.05,3.82,30.691,0.52,3.82,1
1,2015-01-01 00:00:00+00:00,111,2015-01-05 15:00:00+00:00,46.7,0.0,0.0,0.0,0.3,0.5,1.0,0.0,4.0,5.0,1.44,Haukeli_G1,Haukeli,0.3,4.9,4.9,143.0,143.0,1,0.15,0.5,0.05,3.82,30.691,0.52,3.82,1
1,2015-01-01 00:00:00+00:00,112,2015-01-05 16:00:00+00:00,56.78,0.0,0.0,0.0,0.3,0.5,1.0,0.0,4.0,5.0,1.44,Haukeli_G1,Haukeli,0.3,4.9,4.9,143.0,143.0,1,0.15,0.5,0.05,3.82,30.691,0.52,3.82,1
1,2015-01-01 00:00:00+00:00,113,2015-01-05 17:00:00+00:00,36.49,0.0,0.0,0.0,0.3,0.5,1.0,0.0,4.0,5.0,1.45,Haukeli_G1,Haukeli,0.3,4.9,4.9,143.0,143.0,1,0.15,0.5,0.05,3.82,30.691,0.52,3.82,1
1,2015-01-01 00:00:00+00:00,114,2015-01-05 18:00:00+00:00,32.43,0.0,0.0,0.0,0.3,0.5,1.0,0.0,4.0,5.0,1.44,Haukeli_G1,Haukeli,0.3,4.9,4.9,143.0,143.0,1,0.15,0.5,0.05,3.82,30.691,0.52,3.82,1
1,2015-01-01 00:00:00+00:00,115,2015-01-05 19:00:00+00:00,31.39,0.0,0.0,0.0,0.3,0.5,1.0,0.0,4.0,5.0,1.43,Haukeli_G1,Haukeli,0.3,4.9,4.9,143.0,143.0,1,0.15,0.5,0.05,3.82,30.691,0.52,3.82,1
1,2015-01-01 00:00:00+00:00,116,2015-01-05 20:00:00+00:00,30.29,0.0,0.0,0.0,0.3,0.5,1.0,0.0,4.0,5.0,1.43,Haukeli_G1,Haukeli,0.3,4.9,4.9,143.0,143.0,1,0.15,0.5,0.05,3.82,30.691,0.51,3.82,1
1,2015-01-01 00:00:00+00:00,117,2015-01-05 21:00:00+00:00,29.43,0.0,0.0,0.0,0.3,0.5,1.0,0.0,4.0,5.0,1.43,Haukeli_G1,Haukeli,0.3,4.9,4.9,143.0,143.0,1,0.15,0.5,0.05,3.82,30.691,0.52,3.82,1
1,2015-01-01 00:00:00+00:00,118,2015-01-05 22:00:00+00:00,29.09,0.0,0.0,0.0,0.3,0.5,1.0,0.0,4.0,5.0,1.44,Haukeli_G1,Haukeli,0.3,4.9,4.9,143.0,143.0,1,0.15,0.5,0.05,3.82,30.691,0.52,3.82,1
1,2015-01-01 00:00:00+00:00,119,2015-01-05 23:00:00+00:00,28.08,0.0,0.0,0.0,0.3,0.5,1.0,0.0,4.0,5.0,1.44,Haukeli_G1,Haukeli,0.3,4.9,4.9,143.0,143.0,1,0.15,0.5,0.05,3.82,30.691,0.52,3.82,1
1,2015-01-01 00:00:00+00:00,120,2015-01-06 00:00:00+00:00,27.94,0.0,0.0,0.0,0.3,0.5,1.0,0.0,4.0,5.0,1.44,Haukeli_G1,Haukeli,0.3,4.9,4.9,143.0,143.0,1,0.15,0.5,0.05,3.82,30.691,0.52,3.82,1
1,2015-01-01 00:00:00+00:00,121,2015-01-06 01:00:00+00:00,27.91,0.0,0.0,0.0,0.3,0.5,1.0,0.0,4.0,5.0,1.44,Haukeli_G1,Haukeli,0.3,4.9,4.9,143.0,143.0,1,0.15,0.5,0.05,3.82,30.691,0.52,3.82,1
1,2015-01-01 00:00:00+00:00,122,2015-01-06 02:00:00+00:00,27.89,0.0,0.0,0.0,0.3,0.5,1.0,0.0,4.0,5.0,1.44,Haukeli_G1,Haukeli,0.3,4.9,4.9,143.0,143.0,1,0.15,0.5,0.05,3.82,30.691,0.52,3.82,1
1,2015-01-01 00:00:00+00:00,123,2015-01-06 03:00:00+00:00,27.89,0.0,0.0,0.0,0.3,0.5,1.0,0.0,4.0,5.0,1.44,Haukeli_G1,Haukeli,0.3,4.9,4.9,143.0,143.0,1,0.15,0.5,0.05,3.82,30.691,0.52,3.82,1
1,2015-01-01 00:00:00+00:00,124,2015-01-06 04:00:00+00:00,28.01,0.0,0.0,0.0,0.3,0.5,1.0,0.0,4.0,5.0,1.44,Haukeli_G1,Haukeli,0.3,4.9,4.9,143.0,143.0,1,0.15,0.5,0.05,3.82,30.691,0.52,3.82,1
1,2015-01-01 00:00:00+00:00,125,2015-01-06 05:00:00+00:00,28.73,0.0,0.0,0.0,0.3,0.5,1.0,0.0,4.0,5.0,1.44,Haukeli_G1,Haukeli,0.3,4.9,4.9,143.0,143.0,1,0.15,0.5,0.05,3.82,30.691,0.52,3.82,1
1,2015-01-01 00:00:00+00:00,126,2015-01-06 06:00:00+00:00,30.03,0.0,0.0,0.0,0.3,0.5,1.0,0.0,4.0,5.0,1.43,Haukeli_G1,Haukeli,0.3,4.9,4.9,143.0,143.0,1,0.15,0.5,0.05,3.82,30.691,0.52,3.82,1
1,2015-01-01 00:00:00+00:00,127,2015-01-06 07:00:00+00:00,30.5,0.0,0.0,0.0,0.3,0.5,1.0,0.0,4.0,5.0,1.42,Haukeli_G1,Haukeli,0.3,4.9,4.9,143.0,143.0,1,0.15,0.5,0.05,3.82,30.691,0.51,3.82,1
1,2015-01-01 00:00:00+00:00,128,2015-01-06 08:00:00+00:00,30.35,0.0,0.0,0.0,0.3,0.5,1.0,0.0,4.0,5.0,1.42,Haukeli_G1,Haukeli,0.3,4.9,4.9,143.0,143.0,1,0.15,0.5,0.05,3.82,30.691,0.51,3.82,1
1,2015-01-01 00:00:00+00:00,129,2015-01-06 09:00:00+00:00,30.53,0.0,0.0,0.0,0.3,0.5,1.0,0.0,4.0,5.0,1.42,Haukeli_G1,Haukeli,0.3,4.9,4.9,143.0,143.0,1,0.15,0.5,0.05,3.82,30.691,0.51,3.82,1
1,2015-01-01 00:00:00+00:00,130,2015-01-06 10:00:00+00:00,29.91,0.0,0.0,0.0,0.3,0.5,1.0,0.0,4.0,5.0,1.43,Haukeli_G1,Haukeli,0.3,4.9,4.9,143.0,143.0,1,0.15,0.5,0.05,3.82,30.691,0.52,3.82,1
1,2015-01-01 00:00:00+00:00,131,2015-01-06 11:00:00+00:00,29.62,0.0,0.0,0.0,0.3,0.5,1.0,0.0,4.0,5.0,1.41,Haukeli_G1,Haukeli,0.3,4.9,4.9,143.0,143.0,1,0.15,0.5,0.05,3.82,30.691,0.51,3.82,1
1,2015-01-01 00:00:00+00:00,132,2015-01-06 12:00:00+00:00,29.58,0.0,0.0,0.0,0.3,0.5,1.0,0.0,4.0,5.0,1.4,Haukeli_G1,Haukeli,0.3,4.9,4.9,143.0,143.0,1,0.15,0.5,0.05,3.82,30.691,0.51,3.82,1
1,2015-01-01 00:00:00+00:00,133,2015-01-06 13:00:00+00:00,29.57,0.0,0.0,0.0,0.3,0.5,1.0,0.0,4.0,5.0,1.41,Haukeli_G1,Haukeli,0.3,4.9,4.9,143.0,143.0,1,0.15,0.5,0.05,3.82,30.691,0.51,3.82,1
1,2015-01-01 00:00:00+00:00,134,2015-01-06 14:00:00+00:00,29.62,0.0,0.0,0.0,0.3,0.5,1.0,0.0,4.0,5.0,1.41,Haukeli_G1,Haukeli,0.3,4.9,4.9,143.0,143.0,1,0.15,0.5,0.05,3.82,30.691,0.51,3.82,1
1,2015-01-01 00:00:00+00:00,135,2015-01-06 15:00:00+00:00,29.99,0.0,0.0,0.0,0.3,0.5,1.0,0.0,4.0,5.0,1.41,Haukeli_G1,Haukeli,0.3,4.9,4.9,143.0,143.0,1,0.15,0.5,0.05,3.82,30.691,0.51,3.82,1
1,2015-01-01 00:00:00+00:00,136,2015-01-06 16:00:00+00:00,29.65,0.0,0.0,0.0,0.3,0.5,1.0,0.0,4.0,5.0,1.41,Haukeli_G1,Haukeli,0.3,4.9,4.9,143.0,143.0,1,0.15,0.5,0.05,3.82,30.691,0.51,3.82,1
1,2015-01-01 00:00:00+00:00,137,2015-01-06 17:00:00+00:00,29.58,0.0,0.0,0.0,0.3,0.5,1.0,0.0,4.0,5.0,1.4,Haukeli_G1,Haukeli,0.3,4.9,4.9,143.0,143.0,1,0.15,0.5,0.05,3.82,30.691,0.5,3.82,1
1,2015-01-01 00:00:00+00:00,138,2015-01-06 18:00:00+00:00,29.0,0.0,0.0,0.0,0.3,0.5,1.0,0.0,4.0,5.0,1.4,Haukeli_G1,Haukeli,0.3,4.9,4.9,143.0,143.0,1,0.15,0.5,0.05,3.82,30.691,0.5,3.82,1
1,2015-01-01 00:00:00+00:00,139,2015-01-06 19:00:00+00:00,28.45,0.0,0.0,0.0,0.3,0.5,1.0,0.0,4.0,5.0,1.4,Haukeli_G1,Haukeli,0.3,4.9,4.9,143.0,143.0,1,0.15,0.5,0.05,3.82,30.691,0.5,3.82,1
1,2015-01-01 00:00:00+00:00,140,2015-01-06 20:00:00+00:00,28.15,0.0,0.0,0.0,0.3,0.5,1.0,0.0,4.0,5.0,1.38,Haukeli_G1,Haukeli,0.3,4.9,4.9,143.0,143.0,1,0.15,0.5,0.05,3.82,30.691,0.5,3.82,1
1,2015-01-01 00:00:00+00:00,141,2015-01-06 21:00:00+00:00,27.73,0.0,0.0,0.0,0.3,0.5,1.0,0.0,4.0,5.0,1.4,Haukeli_G1,Haukeli,0.3,4.9,4.9,143.0,143.0,1,0.15,0.5,0.05,3.82,30.691,0.51,3.82,1
1,2015-01-01 00:00:00+00:00,142,2015-01-06 22:00:00+00:00,27.32,0.0,0.0,0.0,0.3,0.5,1.0,0.0,4.0,5.0,1.39,Haukeli_G1,Haukeli,0.3,4.9,4.9,143.0,143.0,1,0.15,0.5,0.05,3.82,30.691,0.5,3.82,1
1,2015-01-01 00:00:00+00:00,143,2015-01-06 23:00:00+00:00,26.35,0.0,0.0,0.0,0.3,0.5,1.0,0.0,4.0,5.0,1.31,Haukeli_G1,Haukeli,0.3,4.9,4.9,143.0,143.0,1,0.15,0.5,0.04,3.82,30.691,0.47,3.82,1
1,2015-01-01 00:00:00+00:00,144,2015-01-07 00:00:00+00:00,26.08,0.0,0.0,0.0,0.3,0.5,1.0,0.0,4.0,5.0,1.29,Haukeli_G1,Haukeli,0.3,4.9,4.9,143.0,143.0,1,0.15,0.5,0.04,3.82,30.691,0.45999998,3.82,1
1,2015-01-01 00:00:00+00:00,145,2015-01-07 01:00:00+00:00,26.03,0.0,0.0,0.0,0.3,0.5,1.0,0.0,4.0,5.0,1.29,Haukeli_G1,Haukeli,0.3,4.9,4.9,143.0,143.0,1,0.15,0.5,0.04,3.82,30.691,0.45999998,3.82,1
1,2015-01-01 00:00:00+00:00,146,2015-01-07 02:00:00+00:00,26.17,0.0,0.0,0.0,0.3,0.5,1.0,0.0,4.0,5.0,1.27,Haukeli_G1,Haukeli,0.3,4.9,4.9,143.0,143.0,1,0.15,0.5,0.04,3.82,30.691,0.45,3.82,1
1,2015-01-01 00:00:00+00:00,147,2015-01-07 03:00:00+00:00,26.74,0.0,0.0,0.0,0.3,0.5,1.0,0.0,4.0,5.0,1.27,Haukeli_G1,Haukeli,0.3,4.9,4.9,143.0,143.0,1,0.15,0.5,0.04,3.82,30.691,0.45,3.82,1
1,2015-01-01 00:00:00+00:00,148,2015-01-07 04:00:00+00:00,27.78,0.0,0.0,0.0,0.3,0.5,1.0,0.0,4.0,5.0,1.27,Haukeli_G1,Haukeli,0.3,4.9,4.9,143.0,143.0,1,0.15,0.5,0.04,3.82,30.691,0.45,3.82,1
1,2015-01-01 00:00:00+00:00,149,2015-01-07 05:00:00+00:00,28.48,0.0,0.0,0.0,0.3,0.5,1.0,0.0,4.0,5.0,1.27,Haukeli_G1,Haukeli,0.3,4.9,4.9,143.0,143.0,1,0.15,0.5,0.04,3.82,30.691,0.45,3.82,1
1,2015-01-01 00:00:00+00:00,150,2015-01-07 06:00:00+00:00,31.53,0.0,0.0,0.0,0.3,0.5,1.0,0.0,4.0,5.0,1.27,Haukeli_G1,Haukeli,0.3,4.9,4.9,143.0,143.0,1,0.15,0.5,0.04,3.82,30.691,0.45,3.82,1
1,2015-01-01 00:00:00+00:00,151,2015-01-07 07:00:00+00:00,32.54,0.0,0.0,0.0,0.3,0.5,1.0,0.0,4.0,5.0,1.27,Haukeli_G1,Haukeli,0.3,4.9,4.9,143.0,143.0,1,0.15,0.5,0.04,3.82,30.691,0.45,3.82,1
1,2015-01-01 00:00:00+00:00,152,2015-01-07 08:00:00+00:00,32.24,0.0,0.0,0.0,0.3,0.5,1.0,0.0,4.0,5.0,1.26,Haukeli_G1,Haukeli,0.3,4.9,4.9,143.0,143.0,1,0.15,0.5,0.04,3.82,30.691,0.45,3.82,1
1,2015-01-01 00:00:00+00:00,153,2015-01-07 09:00:00+00:00,31.96,0.0,0.0,0.0,0.3,0.5,1.0,0.0,4.0,5.0,1.25,Haukeli_G1,Haukeli,0.3,4.9,4.9,143.0,143.0,1,0.15,0.5,0.04,3.82,30.691,0.45,3.82,1
1,2015-01-01 00:00:00+00:00,154,2015-01-07 10:00:00+00:00,31.66,0.0,0.0,0.0,0.3,0.5,1.0,0.0,4.0,5.0,1.25,Haukeli_G1,Haukeli,0.3,4.9,4.9,143.0,143.0,1,0.15,0.5,0.04,3.82,30.691,0.45,3.82,1
1,2015-01-01 00:00:00+00:00,155,2015-01-07 11:00:00+00:00,30.97,0.0,0.0,0.0,0.3,0.5,1.0,0.0,4.0,5.0,1.25,Haukeli_G1,Haukeli,0.3,4.9,4.9,143.0,143.0,1,0.15,0.5,0.04,3.82,30.691,0.45,3.82,1
1,2015-01-01 00:00:00+00:00,156,2015-01-07 12:00:00+00:00,30.65,0.0,0.0,0.0,0.3,0.5,1.0,0.0,4.0,5.0,1.25,Haukeli_G1,Haukeli,0.3,4.9,4.9,143.0,143.0,1,0.15,0.5,0.04,3.82,30.691,0.44,3.82,1
1,2015-01-01 00:00:00+00:00,157,2015-01-07 13:00:00+00:00,30.31,0.0,0.0,0.0,0.3,0.5,1.0,0.0,4.0,5.0,1.23,Haukeli_G1,Haukeli,0.3,4.9,4.9,143.0,143.0,1,0.15,0.5,0.04,3.82,30.691,0.44,3.82,1
1,2015-01-01 00:00:00+00:00,158,2015-01-07 14:00:00+00:00,29.79,0.0,0.0,0.0,0.3,0.5,1.0,0.0,4.0,5.0,1.23,Haukeli_G1,Haukeli,0.3,4.9,4.9,143.0,143.0,1,0.15,0.5,0.04,3.82,30.691,0.44,3.82,1
1,2015-01-01 00:00:00+00:00,159,2015-01-07 15:00:00+00:00,30.72,0.0,0.0,0.0,0.3,0.5,1.0,0.0,4.0,5.0,1.21,Haukeli_G1,Haukeli,0.3,4.9,4.9,143.0,143.0,1,0.15,0.5,0.04,3.82,30.691,0.42999998,3.82,1
1,2015-01-01 00:00:00+00:00,160,2015-01-07 16:00:00+00:00,29.56,0.0,0.0,0.0,0.3,0.5,1.0,0.0,4.0,5.0,1.2,Haukeli_G1,Haukeli,0.3,4.9,4.9,143.0,143.0,1,0.15,0.5,0.04,3.82,30.691,0.42999998,3.82,1
1,2015-01-01 00:00:00+00:00,161,2015-01-07 17:00:00+00:00,28.84,0.0,0.0,0.0,0.3,0.5,1.0,0.0,4.0,5.0,1.2,Haukeli_G1,Haukeli,0.3,4.9,4.9,143.0,143.0,1,0.15,0.5,0.04,3.82,30.691,0.42999998,3.82,1
1,2015-01-01 00:00:00+00:00,162,2015-01-07 18:00:00+00:00,28.2,0.0,0.0,0.0,0.3,0.5,1.0,0.0,4.0,5.0,1.2,Haukeli_G1,Haukeli,0.3,4.9,4.9,143.0,143.0,1,0.15,0.5,0.04,3.82,30.691,0.42999998,3.82,1
1,2015-01-01 00:00:00+00:00,163,2015-01-07 19:00:00+00:00,27.75,0.0,0.0,0.0,0.3,0.5,1.0,0.0,4.0,5.0,1.2,Haukeli_G1,Haukeli,0.3,4.9,4.9,143.0,143.0,1,0.15,0.5,0.04,3.82,30.691,0.42999998,3.82,1
1,2015-01-01 00:00:00+00:00,164,2015-01-07 20:00:00+00:00,27.42,0.0,0.0,0.0,0.3,0.5,1.0,0.0,4.0,5.0,1.21,Haukeli_G1,Haukeli,0.3,4.9,4.9,143.0,143.0,1,0.15,0.5,0.04,3.82,30.691,0.42999998,3.82,1
1,2015-01-01 00:00:00+00:00,165,2015-01-07 21:00:00+00:00,26.68,0.0,0.0,0.0,0.3,0.5,1.0,0.0,4.0,5.0,1.22,Haukeli_G1,Haukeli,0.3,4.9,4.9,143.0,143.0,1,0.15,0.5,0.04,3.82,30.691,0.44,3.82,1
1,2015-01-01 00:00:00+00:00,166,2015-01-07 22:00:00+00:00,26.15,0.0,0.0,0.0,0.3,0.5,1.0,0.0,4.0,5.0,1.21,Haukeli_G1,Haukeli,0.3,4.9,4.9,143.0,143.0,1,0.15,0.5,0.04,3.82,30.691,0.42999998,3.82,1
1,2015-01-01 00:00:00+00:00,167,2015-01-07 23:00:00+00:00,26.04,0.0,0.0,0.0,0.3,0.5,1.0,0.0,4.0,5.0,1.19,Haukeli_G1,Haukeli,0.3,4.9,4.9,143.0,143.0,1,0.15,0.5,0.04,3.82,30.691,0.42999998,3.82,1
1,2015-01-01 00:00:00+00:00,0,2015-01-01 00:00:00+00:00,27.07,0.0,0.0,0.0,0.3,0.5,1.0,0.0,4.0,5.0,1.01,Songa_G1,Songa,41.2,120.0,120.0,222.0,222.0,1,584.783,0.7797107,10.25,27.87,584.783,10.25,27.87,0
1,2015-01-01 00:00:00+00:00,1,2015-01-01 01:00:00+00:00,26.93,0.0,0.0,0.0,0.3,0.5,1.0,0.0,4.0,5.0,1.0,Songa_G1,Songa,41.2,120.0,120.0,222.0,222.0,1,584.783,0.7797107,10.16,27.87,584.783,10.16,27.87,0
1,2015-01-01 00:00:00+00:00,2,2015-01-01 02:00:00+00:00,26.83,0.0,0.0,0.0,0.3,0.5,1.0,0.0,4.0,5.0,1.01,Songa_G1,Songa,41.2,120.0,120.0,222.0,222.0,1,584.783,0.7797107,10.04,27.87,584.783,10.04,27.87,0
1,2015-01-01 00:00:00+00:00,3,2015-01-01 03:00:00+00:00,26.81,0.0,0.0,0.0,0.3,0.5,1.0,0.0,4.0,5.0,1.0,Songa_G1,Songa,41.2,120.0,120.0,222.0,222.0,1,584.783,0.7797107,10.04,27.87,584.783,10.04,27.87,0
1,2015-01-01 00:00:00+00:00,4,2015-01-01 04:00:00+00:00,26.97,0.0,0.0,0.0,0.3,0.5,1.0,0.0,4.0,5.0,0.99,Songa_G1,Songa,41.2,120.0,120.0,222.0,222.0,1,584.783,0.7797107,9.98,27.87,584.783,9.98,27.87,0
1,2015-01-01 00:00:00+00:00,5,2015-01-01 05:00:00+00:00,27.07,0.0,0.0,0.0,0.3,0.5,1.0,0.0,4.0,5.0,1.0,Songa_G1,Songa,41.2,120.0,120.0,222.0,222.0,1,584.783,0.7797107,9.96,27.87,584.783,9.96,27.87,0
1,2015-01-01 00:00:00+00:00,6,2015-01-01 06:00:00+00:00,26.8,0.0,0.0,0.0,0.3,0.5,1.0,0.0,4.0,5.0,1.0,Songa_G1,Songa,41.2,120.0,120.0,222.0,222.0,1,584.783,0.7797107,9.89,27.87,584.783,9.89,27.87,0
1,2015-01-01 00:00:00+00:00,7,2015-01-01 07:00:00+00:00,26.97,0.0,0.0,0.0,0.3,0.5,1.0,0.0,4.0,5.0,1.0,Songa_G1,Songa,41.2,120.0,120.0,222.0,222.0,1,584.783,0.7797107,9.92,27.87,584.783,9.92,27.87,0
1,2015-01-01 00:00:00+00:00,8,2015-01-01 08:00:00+00:00,26.98,0.0,0.0,0.0,0.3,0.5,1.0,0.0,4.0,5.0,1.0,Songa_G1,Songa,41.2,120.0,120.0,222.0,222.0,1,584.783,0.7797107,9.93,27.87,584.783,9.93,27.87,0
1,2015-01-01 00:00:00+00:00,9,2015-01-01 09:00:00+00:00,27.06,0.0,0.0,0.0,0.3,0.5,1.0,0.0,4.0,5.0,1.0,Songa_G1,Songa,41.2,120.0,120.0,222.0,222.0,1,584.783,0.7797107,9.860001,27.87,584.783,9.860001,27.87,0
1,2015-01-01 00:00:00+00:00,10,2015-01-01 10:00:00+00:00,27.13,0.0,0.0,0.0,0.3,0.5,1.0,0.0,4.0,5.0,1.02,Songa_G1,Songa,41.2,120.0,120.0,222.0,222.0,1,584.783,0.7797107,9.860001,27.87,584.783,9.860001,27.87,0
1,2015-01-01 00:00:00+00:00,11,2015-01-01 11:00:00+00:00,27.09,0.0,0.0,0.0,0.3,0.5,1.0,0.0,4.0,5.0,1.01,Songa_G1,Songa,41.2,120.0,120.0,222.0,222.0,1,584.783,0.7797107,9.79,27.87,584.783,9.79,27.87,0
1,2015-01-01 00:00:00+00:00,12,2015-01-01 12:00:00+00:00,27.01,0.0,0.0,0.0,0.3,0.5,1.0,0.0,4.0,5.0,1.03,Songa_G1,Songa,41.2,120.0,120.0,222.0,222.0,1,584.783,0.7797107,9.7699995,27.87,584.783,9.7699995,27.87,0
1,2015-01-01 00:00:00+00:00,13,2015-01-01 13:00:00+00:00,26.98,0.0,0.0,0.0,0.3,0.5,1.0,0.0,4.0,5.0,1.03,Songa_G1,Songa,41.2,120.0,120.0,222.0,222.0,1,584.783,0.7797107,9.75,27.87,584.783,9.75,27.87,0
1,2015-01-01 00:00:00+00:00,14,2015-01-01 14:00:00+00:00,27.51,0.0,0.0,0.0,0.3,0.5,1.0,0.0,4.0,5.0,1.06,Songa_G1,Songa,41.2,120.0,120.0,222.0,222.0,1,584.783,0.7797107,9.76,27.87,584.783,9.76,27.87,0
1,2015-01-01 00:00:00+00:00,15,2015-01-01 15:00:00+00:00,28.32,0.0,0.0,0.0,0.3,0.5,1.0,0.0,4.0,5.0,1.06,Songa_G1,Songa,41.2,120.0,120.0,222.0,222.0,1,584.783,0.7797107,9.68,27.87,584.783,9.68,27.87,0
1,2015-01-01 00:00:00+00:00,16,2015-01-01 16:00:00+00:00,28.36,0.0,0.0,0.0,0.3,0.5,1.0,0.0,4.0,5.0,1.07,Songa_G1,Songa,41.2,120.0,120.0,222.0,222.0,1,584.783,0.7797107,9.64,27.87,584.783,9.64,27.87,0
1,2015-01-01 00:00:00+00:00,17,2015-01-01 17:00:00+00:00,28.18,0.0,0.0,0.0,0.3,0.5,1.0,0.0,4.0,5.0,1.1,Songa_G1,Songa,41.2,120.0,120.0,222.0,222.0,1,584.783,0.7797107,9.59,27.87,584.783,9.59,27.87,0
1,2015-01-01 00:00:00+00:00,18,2015-01-01 18:00:00+00:00,27.81,0.0,0.0,0.0,0.3,0.5,1.0,0.0,4.0,5.0,1.11,Songa_G1,Songa,41.2,120.0,120.0,222.0,222.0,1,584.783,0.7797107,9.53,27.87,584.783,9.53,27.87,0
1,2015-01-01 00:00:00+00:00,19,2015-01-01 19:00:00+00:00,27.46,0.0,0.0,0.0,0.3,0.5,1.0,0.0,4.0,5.0,1.12,Songa_G1,Songa,41.2,120.0,120.0,222.0,222.0,1,584.783,0.7797107,9.53,27.87,584.783,9.53,27.87,0
1,2015-01-01 00:00:00+00:00,20,2015-01-01 20:00:00+00:00,27.06,0.0,0.0,0.0,0.3,0.5,1.0,0.0,4.0,5.0,1.13,Songa_G1,Songa,41.2,120.0,120.0,222.0,222.0,1,584.783,0.7797107,9.57,27.87,584.783,9.57,27.87,0
1,2015-01-01 00:00:00+00:00,21,2015-01-01 21:00:00+00:00,27.0,0.0,0.0,0.0,0.3,0.5,1.0,0.0,4.0,5.0,1.16,Songa_G1,Songa,41.2,120.0,120.0,222.0,222.0,1,584.783,0.7797107,9.54,27.87,584.783,9.54,27.87,0
1,2015-01-01 00:00:00+00:00,22,2015-01-01 22:00:00+00:00,26.83,0.0,0.0,0.0,0.3,0.5,1.0,0.0,4.0,5.0,1.2,Songa_G1,Songa,41.2,120.0,120.0,222.0,222.0,1,584.783,0.7797107,9.52,27.87,584.783,9.52,27.87,0
1,2015-01-01 00:00:00+00:00,23,2015-01-01 23:00:00+00:00,26.71,0.0,0.0,0.0,0.3,0.5,1.0,0.0,4.0,5.0,1.24,Songa_G1,Songa,41.2,120.0,120.0,222.0,222.0,1,584.783,0.7797107,9.54,27.87,584.783,9.54,27.87,0
1,2015-01-01 00:00:00+00:00,24,2015-01-02 00:00:00+00:00,26.41,0.0,0.0,0.0,0.3,0.5,1.0,0.0,4.0,5.0,1.26,Songa_G1,Songa,41.2,120.0,120.0,222.0,222.0,1,584.783,0.7797107,9.53,27.87,584.783,9.53,27.87,0
1,2015-01-01 00:00:00+00:00,25,2015-01-02 01:00:00+00:00,26.2,0.0,0.0,0.0,0.3,0.5,1.0,0.0,4.0,5.0,1.3,Songa_G1,Songa,41.2,120.0,120.0,222.0,222.0,1,584.783,0.7797107,9.58,27.87,584.783,9.58,27.87,0
1,2015-01-01 00:00:00+00:00,26,2015-01-02 02:00:00+00:00,25.6,0.0,0.0,0.0,0.3,0.5,1.0,0.0,4.0,5.0,1.52,Songa_G1,Songa,41.2,120.0,120.0,222.0,222.0,1,584.783,0.7797107,9.7,27.87,584.783,9.7,27.87,0
1,2015-01-01 00:00:00+00:00,27,2015-01-02 03:00:00+00:00,24.74,0.0,0.0,0.0,0.3,0.5,1.0,0.0,4.0,5.0,1.7,Songa_G1,Songa,41.2,120.0,120.0,222.0,222.0,1,584.783,0.7797107,10.03,27.87,584.783,10.03,27.87,0
1,2015-01-01 00:00:00+00:00,28,2015-01-02 04:00:00+00:00,26.1,0.0,0.0,0.0,0.3,0.5,1.0,0.0,4.0,5.0,1.75,Songa_G1,Songa,41.2,120.0,120.0,222.0,222.0,1,584.783,0.7797107,9.87,27.87,584.783,9.87,27.87,0
1,2015-01-01 00:00:00+00:00,29,2015-01-02 05:00:00+00:00,27.25,0.0,0.0,0.0,0.3,0.5,1.0,0.0,4.0,5.0,1.65,Songa_G1,Songa,41.2,120.0,120.0,222.0,222.0,1,584.783,0.7797107,9.91,27.87,584.783,9.91,27.87,0
1,2015-01-01 00:00:00+00:00,30,2015-01-02 06:00:00+00:00,28.37,0.0,0.0,0.0,0.3,0.5,1.0,0.0,4.0,5.0,1.71,Songa_G1,Songa,41.2,120.0,120.0,222.0,222.0,1,584.783,0.7797107,9.89,27.87,584.783,9.89,27.87,1
1,2015-01-01 00:00:00+00:00,31,2015-01-02 07:00:00+00:00,28.37,0.0,0.0,0.0,0.3,0.5,1.0,0.0,4.0,5.0,1.92,Songa_G1,Songa,41.2,120.0,120.0,222.0,222.0,1,584.783,0.7797107,9.84,27.87,584.783,9.84,27.87,1
1,2015-01-01 00:00:00+00:00,32,2015-01-02 08:00:00+00:00,28.32,0.0,0.0,0.0,0.3,0.5,1.0,0.0,4.0,5.0,2.18,Songa_G1,Songa,41.2,120.0,120.0,222.0,222.0,1,584.783,0.7797107,9.87,27.87,584.783,9.87,27.87,1
1,2015-01-01 00:00:00+00:00,33,2015-01-02 09:00:00+00:00,28.3,0.0,0.0,0.0,0.3,0.5,1.0,0.0,4.0,5.0,2.33,Songa_G1,Songa,41.2,120.0,120.0,222.0,222.0,1,584.783,0.7797107,9.87,27.87,584.783,9.87,27.87,1
1,2015-01-01 00:00:00+00:00,34,2015-01-02 10:00:00+00:00,28.39,0.0,0.0,0.0,0.3,0.5,1.0,0.0,4.0,5.0,2.35,Songa_G1,Songa,41.2,120.0,120.0,222.0,222.0,1,584.783,0.7797107,9.84,27.87,584.783,9.84,27.87,1
1,2015-01-01 00:00:00+00:00,35,2015-01-02 11:00:00+00:00,28.3,0.0,0.0,0.0,0.3,0.5,1.0,0.0,4.0,5.0,2.3,Songa_G1,Songa,41.2,120.0,120.0,222.0,222.0,1,584.783,0.7797107,9.76,27.87,584.783,9.76,27.87,1
1,2015-01-01 00:00:00+00:00,36,2015-01-02 12:00:00+00:00,28.24,0.0,0.0,0.0,0.3,0.5,1.0,0.0,4.0,5.0,2.23,Songa_G1,Songa,41.2,120.0,120.0,222.0,222.0,1,584.783,0.7797107,9.71,27.87,584.783,9.71,27.87,1
1,2015-01-01 00:00:00+00:00,37,2015-01-02 13:00:00+00:00,28.12,0.0,0.0,0.0,0.3,0.5,1.0,0.0,4.0,5.0,2.2,Songa_G1,Songa,41.2,120.0,120.0,222.0,222.0,1,584.783,0.7797107,9.63,27.87,584.783,9.63,27.87,1
1,2015-01-01 00:00:00+00:00,38,2015-01-02 14:00:00+00:00,28.23,0.0,0.0,0.0,0.3,0.5,1.0,0.0,4.0,5.0,2.17,Songa_G1,Songa,41.2,120.0,120.0,222.0,222.0,1,584.783,0.7797107,9.57,27.87,584.783,9.57,27.87,1
1,2015-01-01 00:00:00+00:00,39,2015-01-02 15:00:00+00:00,28.59,0.0,0.0,0.0,0.3,0.5,1.0,0.0,4.0,5.0,2.14,Songa_G1,Songa,41.2,120.0,120.0,222.0,222.0,1,584.783,0.7797107,9.52,27.87,584.783,9.52,27.87,1
1,2015-01-01 00:00:00+00:00,40,2015-01-02 16:00:00+00:00,28.73,0.0,0.0,0.0,0.3,0.5,1.0,0.0,4.0,5.0,2.13,Songa_G1,Songa,41.2,120.0,120.0,222.0,222.0,1,584.783,0.7797107,9.54,27.87,584.783,9.54,27.87,1
1,2015-01-01 00:00:00+00:00,41,2015-01-02 17:00:00+00:00,28.48,0.0,0.0,0.0,0.3,0.5,1.0,0.0,4.0,5.0,2.05,Songa_G1,Songa,41.2,120.0,120.0,222.0,222.0,1,584.783,0.7797107,9.55,27.87,584.783,9.55,27.87,1
1,2015-01-01 00:00:00+00:00,42,2015-01-02 18:00:00+00:00,28.38,0.0,0.0,0.0,0.3,0.5,1.0,0.0,4.0,5.0,1.64,Songa_G1,Songa,41.2,120.0,120.0,222.0,222.0,1,584.783,0.7797107,9.43,27.87,584.783,9.43,27.87,1
1,2015-01-01 00:00:00+00:00,43,2015-01-02 19:00:00+00:00,27.85,0.0,0.0,0.0,0.3,0.5,1.0,0.0,4.0,5.0,2.06,Songa_G1,Songa,41.2,120.0,120.0,222.0,222.0,1,584.783,0.7797107,9.3,27.87,584.783,9.3,27.87,1
1,2015-01-01 00:00:00+00:00,44,2015-01-02 20:00:00+00:00,27.45,0.0,0.0,0.0,0.3,0.5,1.0,0.0,4.0,5.0,2.2,Songa_G1,Songa,41.2,120.0,120.0,222.0,222.0,1,584.783,0.7797107,9.14,27.87,584.783,9.14,27.87,0
1,2015-01-01 00:00:00+00:00,45,2015-01-02 21:00:00+00:00,27.2,0.0,0.0,0.0,0.3,0.5,1.0,0.0,4.0,5.0,2.38,Songa_G1,Songa,41.2,120.0,120.0,222.0,222.0,1,584.783,0.7797107,8.85,27.87,584.783,8.85,27.87,0
1,2015-01-01 00:00:00+00:00,46,2015-01-02 22:00:00+00:00,26.79,0.0,0.0,0.0,0.3,0.5,1.0,0.0,4.0,5.0,2.59,Songa_G1,Songa,41.2,120.0,120.0,222.0,222.0,1,584.783,0.7797107,8.46,27.87,584.783,8.46,27.87,0
1,2015-01-01 00:00:00+00:00,47,2015-01-02 23:00:00+00:00,25.85,0.0,0.0,0.0,0.3,0.5,1.0,0.0,4.0,5.0,2.83,Songa_G1,Songa,41.2,120.0,120.0,222.0,222.0,1,584.783,0.7797107,8.26,27.87,584.783,8.26,27.87,0
1,2015-01-01 00:00:00+00:00,48,2015-01-03 00:00:00+00:00,25.54,0.0,0.0,0.0,0.3,0.5,1.0,0.0,4.0,5.0,2.84,Songa_G1,Songa,41.2,120.0,120.0,222.0,222.0,1,584.783,0.7797107,8.17,27.87,584.783,8.17,27.87,0
1,2015-01-01 00:00:00+00:00,49,2015-01-03 01:00:00+00:00,25.43,0.0,0.0,0.0,0.3,0.5,1.0,0.0,4.0,5.0,2.77,Songa_G1,Songa,41.2,120.0,120.0,222.0,222.0,1,584.783,0.7797107,8.12,27.87,584.783,8.12,27.87,0
1,2015-01-01 00:00:00+00:00,50,2015-01-03 02:00:00+00:00,25.34,0.0,0.0,0.0,0.3,0.5,1.0,0.0,4.0,5.0,2.86,Songa_G1,Songa,41.2,120.0,120.0,222.0,222.0,1,584.783,0.7797107,7.9500003,27.87,584.783,7.9500003,27.87,0
1,2015-01-01 00:00:00+00:00,51,2015-01-03 03:00:00+00:00,25.29,0.0,0.0,0.0,0.3,0.5,1.0,0.0,4.0,5.0,3.02,Songa_G1,Songa,41.2,120.0,120.0,222.0,222.0,1,584.783,0.7797107,7.87,27.87,584.783,7.87,27.87,0
1,2015-01-01 00:00:00+00:00,52,2015-01-03 04:00:00+00:00,25.3,0.0,0.0,0.0,0.3,0.5,1.0,0.0,4.0,5.0,3.13,Songa_G1,Songa,41.2,120.0,120.0,222.0,222.0,1,584.783,0.7797107,7.83,27.87,584.783,7.83,27.87,0
1,2015-01-01 00:00:00+00:00,53,2015-01-03 05:00:00+00:00,25.55,0.0,0.0,0.0,0.3,0.5,1.0,0.0,4.0,5.0,3.16,Songa_G1,Songa,41.2,120.0,120.0,222.0,222.0,1,584.783,0.7797107,7.81,27.87,584.783,7.81,27.87,0
1,2015-01-01 00:00:00+00:00,54,2015-01-03 06:00:00+00:00,26.75,0.0,0.0,0.0,0.3,0.5,1.0,0.0,4.0,5.0,3.13,Songa_G1,Songa,41.2,120.0,120.0,222.0,222.0,1,584.783,0.7797107,7.86,27.87,584.783,7.86,27.87,0
1,2015-01-01 00:00:00+00:00,55,2015-01-03 07:00:00+00:00,26.98,0.0,0.0,0.0,0.3,0.5,1.0,0.0,4.0,5.0,3.06,Songa_G1,Songa,41.2,120.0,120.0,222.0,222.0,1,584.783,0.7797107,7.9700003,27.87,584.783,7.9700003,27.87,0
1,2015-01-01 00:00:00+00:00,56,2015-01-03 08:00:00+00:00,27.52,0.0,0.0,0.0,0.3,0.5,1.0,0.0,4.0,5.0,3.01,Songa_G1,Songa,41.2,120.0,120.0,222.0,222.0,1,584.783,0.7797107,8.12,27.87,584.783,8.12,27.87,0
1,2015-01-01 00:00:00+00:00,57,2015-01-03 09:00:00+00:00,27.72,0.0,0.0,0.0,0.3,0.5,1.0,0.0,4.0,5.0,3.0,Songa_G1,Songa,41.2,120.0,120.0,222.0,222.0,1,584.783,0.7797107,8.2,27.87,584.783,8.2,27.87,0
1,2015-01-01 00:00:00+00:00,58,2015-01-03 10:00:00+00:00,27.73,0.0,0.0,0.0,0.3,0.5,1.0,0.0,4.0,5.0,2.92,Songa_G1,Songa,41.2,120.0,120.0,222.0,222.0,1,584.783,0.7797107,8.3,27.87,584.783,8.3,27.87,0
1,2015-01-01 00:00:00+00:00,59,2015-01-03 11:00:00+00:00,27.66,0.0,0.0,0.0,0.3,0.5,1.0,0.0,4.0,5.0,2.88,Songa_G1,Songa,41.2,120.0,120.0,222.0,222.0,1,584.783,0.7797107,8.41,27.87,584.783,8.41,27.87,0
1,2015-01-01 00:00:00+00:00,60,2015-01-03 12:00:00+00:00,27.65,0.0,0.0,0.0,0.3,0.5,1.0,0.0,4.0,5.0,2.85,Songa_G1,Songa,41.2,120.0,120.0,222.0,222.0,1,584.783,0.7797107,8.5,27.87,584.783,8.5,27.87,0
1,2015-01-01 00:00:00+00:00,61,2015-01-03 13:00:00+00:00,27.81,0.0,0.0,0.0,0.3,0.5,1.0,0.0,4.0,5.0,2.84,Songa_G1,Songa,41.2,120.0,120.0,222.0,222.0,1,584.783,0.7797107,8.58,27.87,584.783,8.58,27.87,1
1,2015-01-01 00:00:00+00:00,62,2015-01-03 14:00:00+00:00,28.29,0.0,0.0,0.0,0.3,0.5,1.0,0.0,4.0,5.0,2.81,Songa_G1,Songa,41.2,120.0,120.0,222.0,222.0,1,584.783,0.7797107,8.67,27.87,584.783,8.67,27.87,1
1,2015-01-01 00:00:00+00:00,63,2015-01-03 15:00:00+00:00,28.6,0.0,0.0,0.0,0.3,0.5,1.0,0.0,4.0,5.0,2.75,Songa_G1,Songa,41.2,120.0,120.0,222.0,222.0,1,584.783,0.7797107,8.67,27.87,584.783,8.67,27.87,1
1,2015-01-01 00:00:00+00:00,64,2015-01-03 16:00:00+00:00,28.88,0.0,0.0,0.0,0.3,0.5,1.0,0.0,4.0,5.0,2.69,Songa_G1,Songa,41.2,120.0,120.0,222.0,222.0,1,584.783,0.7797107,8.67,27.87,584.783,8.67,27.87,1
1,2015-01-01 00:00:00+00:00,65,2015-01-03 17:00:00+00:00,28.78,0.0,0.0,0.0,0.3,0.5,1.0,0.0,4.0,5.0,2.65,Songa_G1,Songa,41.2,120.0,120.0,222.0,222.0,1,584.783,0.7797107,8.68,27.87,584.783,8.68,27.87,1
1,2015-01-01 00:00:00+00:00,66,2015-01-03 18:00:00+00:00,28.54,0.0,0.0,0.0,0.3,0.5,1.0,0.0,4.0,5.0,2.6,Songa_G1,Songa,41.2,120.0,120.0,222.0,222.0,1,584.783,0.7797107,8.68,27.87,584.783,8.68,27.87,1
1,2015-01-01 00:00:00+00:00,67,2015-01-03 19:00:00+00:00,28.34,0.0,0.0,0.0,0.3,0.5,1.0,0.0,4.0,5.0,2.54,Songa_G1,Songa,41.2,120.0,120.0,222.0,222.0,1,584.783,0.7797107,8.74,27.87,584.783,8.74,27.87,1
1,2015-01-01 00:00:00+00:00,68,2015-01-03 20:00:00+00:00,27.93,0.0,0.0,0.0,0.3,0.5,1.0,0.0,4.0,5.0,2.47,Songa_G1,Songa,41.2,120.0,120.0,222.0,222.0,1,584.783,0.7797107,8.73,27.87,584.783,8.73,27.87,1
1,2015-01-01 00:00:00+00:00,69,2015-01-03 21:00:00+00:00,27.7,0.0,0.0,0.0,0.3,0.5,1.0,0.0,4.0,5.0,2.41,Songa_G1,Songa,41.2,120.0,120.0,222.0,222.0,1,584.783,0.7797107,8.7,27.87,584.783,8.7,27.87,0
1,2015-01-01 00:00:00+00:00,70,2015-01-03 22:00:00+00:00,27.25,0.0,0.0,0.0,0.3,0.5,1.0,0.0,4.0,5.0,2.33,Songa_G1,Songa,41.2,120.0,120.0,222.0,222.0,1,584.783,0.7797107,8.76,27.87,584.783,8.76,27.87,0
1,2015-01-01 00:00:00+00:00,71,2015-01-03 23:00:00+00:00,27.55,0.0,0.0,0.0,0.3,0.5,1.0,0.0,4.0,5.0,2.27,Songa_G1,Songa,41.2,120.0,120.0,222.0,222.0,1,584.783,0.7797107,8.75,27.87,584.783,8.75,27.87,0
1,2015-01-01 00:00:00+00:00,72,2015-01-04 00:00:00+00:00,27.38,0.0,0.0,0.0,0.3,0.5,1.0,0.0,4.0,5.0,2.22,Songa_G1,Songa,41.2,120.0,120.0,222.0,222.0,1,584.783,0.7797107,8.54,27.87,584.783,8.54,27.87,0
1,2015-01-01 00:00:00+00:00,73,2015-01-04 01:00:00+00:00,27.17,0.0,0.0,0.0,0.3,0.5,1.0,0.0,4.0,5.0,2.15,Songa_G1,Songa,41.2,120.0,120.0,222.0,222.0,1,584.783,0.7797107,8.32,27.87,584.783,8.32,27.87,0
1,2015-01-01 00:00:00+00:00,74,2015-01-04 02:00:00+00:00,27.03,0.0,0.0,0.0,0.3,0.5,1.0,0.0,4.0,5.0,2.1,Songa_G1,Songa,41.2,120.0,120.0,222.0,222.0,1,584.783,0.7797107,8.16,27.87,584.783,8.16,27.87,0
1,2015-01-01 00:00:00+00:00,75,2015-01-04 03:00:00+00:00,27.04,0.0,0.0,0.0,0.3,0.5,1.0,0.0,4.0,5.0,2.06,Songa_G1,Songa,41.2,120.0,120.0,222.0,222.0,1,584.783,0.7797107,8.11,27.87,584.783,8.11,27.87,0
1,2015-01-01 00:00:00+00:00,76,2015-01-04 04:00:00+00:00,27.19,0.0,0.0,0.0,0.3,0.5,1.0,0.0,4.0,5.0,2.01,Songa_G1,Songa,41.2,120.0,120.0,222.0,222.0,1,584.783,0.7797107,8.04,27.87,584.783,8.04,27.87,0
1,2015-01-01 00:00:00+00:00,77,2015-01-04 05:00:00+00:00,27.13,0.0,0.0,0.0,0.3,0.5,1.0,0.0,4.0,5.0,1.99,Songa_G1,Songa,41.2,120.0,120.0,222.0,222.0,1,584.783,0.7797107,8.05,27.87,584.783,8.05,27.87,0
1,2015-01-01 00:00:00+00:00,78,2015-01-04 06:00:00+00:00,27.06,0.0,0.0,0.0,0.3,0.5,1.0,0.0,4.0,5.0,1.94,Songa_G1,Songa,41.2,120.0,120.0,222.0,222.0,1,584.783,0.7797107,8.05,27.87,584.783,8.05,27.87,0
1,2015-01-01 00:00:00+00:00,79,2015-01-04 07:00:00+00:00,27.63,0.0,0.0,0.0,0.3,0.5,1.0,0.0,4.0,5.0,1.89,Songa_G1,Songa,41.2,120.0,120.0,222.0,222.0,1,584.783,0.7797107,8.05,27.87,584.783,8.05,27.87,0
1,2015-01-01 00:00:00+00:00,80,2015-01-04 08:00:00+00:00,28.03,0.0,0.0,0.0,0.3,0.5,1.0,0.0,4.0,5.0,1.84,Songa_G1,Songa,41.2,120.0,120.0,222.0,222.0,1,584.783,0.7797107,8.07,27.87,584.783,8.07,27.87,1
1,2015-01-01 00:00:00+00:00,81,2015-01-04 09:00:00+00:00,28.24,0.0,0.0,0.0,0.3,0.5,1.0,0.0,4.0,5.0,1.82,Songa_G1,Songa,41.2,120.0,120.0,222.0,222.0,1,584.783,0.7797107,8.08,27.87,584.783,8.08,27.87,1
1,2015-01-01 00:00:00+00:00,82,2015-01-04 10:00:00+00:00,28.32,0.0,0.0,0.0,0.3,0.5,1.0,0.0,4.0,5.0,1.79,Songa_G1,Songa,41.2,120.0,120.0,222.0,222.0,1,584.783,0.7797107,8.17,27.87,584.783,8.17,27.87,1
1,2015-01-01 00:00:00+00:00,83,2015-01-04 11:00:00+00:00,28.24,0.0,0.0,0.0,0.3,0.5,1.0,0.0,4.0,5.0,1.77,Songa_G1,Songa,41.2,120.0,120.0,222.0,222.0,1,584.783,0.7797107,8.29,27.87,584.783,8.29,27.87,1
1,2015-01-01 00:00:00+00:00,84,2015-01-04 12:00:00+00:00,28.27,0.0,0.0,0.0,0.3,0.5,1.0,0.0,4.0,5.0,1.74,Songa_G1,Songa,41.2,120.0,120.0,222.0,222.0,1,584.783,0.7797107,8.41,27.87,584.783,8.41,27.87,1
1,2015-01-01 00:00:00+00:00,85,2015-01-04 13:00:00+00:00,28.32,0.0,0.0,0.0,0.3,0.5,1.0,0.0,4.0,5.0,1.72,Songa_G1,Songa,41.2,120.0,120.0,222.0,222.0,1,584.783,0.7797107,8.530001,27.87,584.783,8.530001,27.87,1
1,2015-01-01 00:00:00+00:00,86,2015-01-04 14:00:00+00:00,28.37,0.0,0.0,0.0,0.3,0.5,1.0,0.0,4.0,5.0,1.7,Songa_G1,Songa,41.2,120.0,120.0,222.0,222.0,1,584.783,0.7797107,8.56,27.87,584.783,8.56,27.87,1
1,2015-01-01 00:00:00+00:00,87,2015-01-04 15:00:00+00:00,28.65,0.0,0.0,0.0,0.3,0.5,1.0,0.0,4.0,5.0,1.68,Songa_G1,Songa,41.2,120.0,120.0,222.0,222.0,1,584.783,0.7797107,8.52,27.87,584.783,8.52,27.87,1
1,2015-01-01 00:00:00+00:00,88,2015-01-04 16:00:00+00:00,28.98,0.0,0.0,0.0,0.3,0.5,1.0,0.0,4.0,5.0,1.68,Songa_G1,Songa,41.2,120.0,120.0,222.0,222.0,1,584.783,0.7797107,8.47,27.87,584.783,8.47,27.87,1
1,2015-01-01 00:00:00+00:00,89,2015-01-04 17:00:00+00:00,29.54,0.0,0.0,0.0,0.3,0.5,1.0,0.0,4.0,5.0,1.65,Songa_G1,Songa,41.2,120.0,120.0,222.0,222.0,1,584.783,0.7797107,8.62,27.87,584.783,8.62,27.87,1
1,2015-01-01 00:00:00+00:00,90,2015-01-04 18:00:00+00:00,29.42,0.0,0.0,0.0,0.3,0.5,1.0,0.0,4.0,5.0,1.64,Songa_G1,Songa,41.2,120.0,120.0,222.0,222.0,1,584.783,0.7797107,8.88,27.87,584.783,8.88,27.87,1
1,2015-01-01 00:00:00+00:00,91,2015-01-04 19:00:00+00:00,28.92,0.0,0.0,0.0,0.3,0.5,1.0,0.0,4.0,5.0,1.63,Songa_G1,Songa,41.2,120.0,120.0,222.0,222.0,1,584.783,0.7797107,9.25,27.87,584.783,9.25,27.87,1
1,2015-01-01 00:00:00+00:00,92,2015-01-04 20:00:00+00:00,28.66,0.0,0.0,0.0,0.3,0.5,1.0,0.0,4.0,5.0,1.6,Songa_G1,Songa,41.2,120.0,120.0,222.0,222.0,1,584.783,0.7797107,9.21,27.87,584.783,9.21,27.87,1
1,2015-01-01 00:00:00+00:00,93,2015-01-04 21:00:00+00:00,28.69,0.0,0.0,0.0,0.3,0.5,1.0,0.0,4.0,5.0,1.59,Songa_G1,Songa,41.2,120.0,120.0,222.0,222.0,1,584.783,0.7797107,9.29,27.87,584.783,9.29,27.87,1
1,2015-01-01 00:00:00+00:00,94,2015-01-04 22:00:00+00:00,28.02,0.0,0.0,0.0,0.3,0.5,1.0,0.0,4.0,5.0,1.58,Songa_G1,Songa,41.2,120.0,120.0,222.0,222.0,1,584.783,0.7797107,9.4,27.87,584.783,9.4,27.87,1
1,2015-01-01 00:00:00+00:00,95,2015-01-04 23:00:00+00:00,28.19,0.0,0.0,0.0,0.3,0.5,1.0,0.0,4.0,5.0,1.57,Songa_G1,Songa,41.2,120.0,120.0,222.0,222.0,1,584.783,0.7797107,9.52,27.87,584.783,9.52,27.87,1
1,2015-01-01 00:00:00+00:00,96,2015-01-05 00:00:00+00:00,28.15,0.0,0.0,0.0,0.3,0.5,1.0,0.0,4.0,5.0,1.56,Songa_G1,Songa,41.2,120.0,120.0,222.0,222.0,1,584.783,0.7797107,9.55,27.87,584.783,9.55,27.87,1
1,2015-01-01 00:00:00+00:00,97,2015-01-05 01:00:00+00:00,28.13,0.0,0.0,0.0,0.3,0.5,1.0,0.0,4.0,5.0,1.54,Songa_G1,Songa,41.2,120.0,120.0,222.0,222.0,1,584.783,0.7797107,9.63,27.87,584.783,9.63,27.87,1
1,2015-01-01 00:00:00+00:00,98,2015-01-05 02:00:00+00:00,28.05,0.0,0.0,0.0,0.3,0.5,1.0,0.0,4.0,5.0,1.53,Songa_G1,Songa,41.2,120.0,120.0,222.0,222.0,1,584.783,0.7797107,9.71,27.87,584.783,9.71,27.87,1
1,2015-01-01 00:00:00+00:00,99,2015-01-05 03:00:00+00:00,28.04,0.0,0.0,0.0,0.3,0.5,1.0,0.0,4.0,5.0,1.52,Songa_G1,Songa,41.2,120.0,120.0,222.0,222.0,1,584.783,0.7797107,9.76,27.87,584.783,9.76,27.87,1
1,2015-01-01 00:00:00+00:00,100,2015-01-05 04:00:00+00:00,28.46,0.0,0.0,0.0,0.3,0.5,1.0,0.0,4.0,5.0,1.51,Songa_G1,Songa,41.2,120.0,120.0,222.0,222.0,1,584.783,0.7797107,9.79,27.87,584.783,9.79,27.87,1
1,2015-01-01 00:00:00+00:00,101,2015-01-05 05:00:00+00:00,28.78,0.0,0.0,0.0,0.3,0.5,1.0,0.0,4.0,5.0,1.5,Songa_G1,Songa,41.2,120.0,120.0,222.0,222.0,1,584.783,0.7797107,9.860001,27.87,584.783,9.860001,27.87,1
1,2015-01-01 00:00:00+00:00,102,2015-01-05 06:00:00+00:00,30.99,0.0,0.0,0.0,0.3,0.5,1.0,0.0,4.0,5.0,1.48,Songa_G1,Songa,41.2,120.0,120.0,222.0,222.0,1,584.783,0.7797107,9.91,27.87,584.783,9.91,27.87,1
1,2015-01-01 00:00:00+00:00,103,2015-01-05 07:00:00+00:00,38.15,0.0,0.0,0.0,0.3,0.5,1.0,0.0,4.0,5.0,1.47,Songa_G1,Songa,41.2,120.0,120.0,222.0,222.0,1,584.783,0.7797107,9.969999,27.87,584.783,9.969999,27.87,1
1,2015-01-01 00:00:00+00:00,104,2015-01-05 08:00:00+00:00,41.51,0.0,0.0,0.0,0.3,0.5,1.0,0.0,4.0,5.0,1.46,Songa_G1,Songa,41.2,120.0,120.0,222.0,222.0,1,584.783,0.7797107,9.969999,27.87,584.783,9.969999,27.87,1
1,2015-01-01 00:00:00+00:00,105,2015-01-05 09:00:00+00:00,40.46,0.0,0.0,0.0,0.3,0.5,1.0,0.0,4.0,5.0,1.46,Songa_G1,Songa,41.2,120.0,120.0,222.0,222.0,1,584.783,0.7797107,9.96,27.87,584.783,9.96,27.87,1
1,2015-01-01 00:00:00+00:00,106,2015-01-05 10:00:00+00:00,40.97,0.0,0.0,0.0,0.3,0.5,1.0,0.0,4.0,5.0,1.45,Songa_G1,Songa,41.2,120.0,120.0,222.0,222.0,1,584.783,0.7797107,9.969999,27.87,584.783,9.969999,27.87,1
1,2015-01-01 00:00:00+00:00,107,2015-01-05 11:00:00+00:00,38.66,0.0,0.0,0.0,0.3,0.5,1.0,0.0,4.0,5.0,1.45,Songa_G1,Songa,41.2,120.0,120.0,222.0,222.0,1,584.783,0.7797107,9.98,27.87,584.783,9.98,27.87,1
1,2015-01-01 00:00:00+00:00,108,2015-01-05 12:00:00+00:00,36.44,0.0,0.0,0.0,0.3,0.5,1.0,0.0,4.0,5.0,1.45,Songa_G1,Songa,41.2,120.0,120.0,222.0,222.0,1,584.783,0.7797107,9.93,27.87,584.783,9.93,27.87,1
1,2015-01-01 00:00:00+00:00,109,2015-01-05 13:00:00+00:00,37.74,0.0,0.0,0.0,0.3,0.5,1.0,0.0,4.0,5.0,1.45,Songa_G1,Songa,41.2,120.0,120.0,222.0,222.0,1,584.783,0.7797107,9.89,27.87,584.783,9.89,27.87,1
1,2015-01-01 00:00:00+00:00,110,2015-01-05 14:00:00+00:00,43.1,0.0,0.0,0.0,0.3,0.5,1.0,0.0,4.0,5.0,1.45,Songa_G1,Songa,41.2,120.0,120.0,222.0,222.0,1,584.783,0.7797107,9.83,27.87,584.783,9.83,27.87,1
1,2015-01-01 00:00:00+00:00,111,2015-01-05 15:00:00+00:00,46.7,0.0,0.0,0.0,0.3,0.5,1.0,0.0,4.0,5.0,1.44,Songa_G1,Songa,41.2,120.0,120.0,222.0,222.0,1,584.783,0.7797107,9.82,27.87,584.783,9.82,27.87,1
1,2015-01-01 00:00:00+00:00,112,2015-01-05 16:00:00+00:00,56.78,0.0,0.0,0.0,0.3,0.5,1.0,0.0,4.0,5.0,1.44,Songa_G1,Songa,41.2,120.0,120.0,222.0,222.0,1,584.783,0.7797107,9.7699995,27.87,584.783,9.7699995,27.87,1
1,2015-01-01 00:00:00+00:00,113,2015-01-05 17:00:00+00:00,36.49,0.0,0.0,0.0,0.3,0.5,1.0,0.0,4.0,5.0,1.45,Songa_G1,Songa,41.2,120.0,120.0,222.0,222.0,1,584.783,0.7797107,9.76,27.87,584.783,9.76,27.87,1
1,2015-01-01 00:00:00+00:00,114,2015-01-05 18:00:00+00:00,32.43,0.0,0.0,0.0,0.3,0.5,1.0,0.0,4.0,5.0,1.44,Songa_G1,Songa,41.2,120.0,120.0,222.0,222.0,1,584.783,0.7797107,9.71,27.87,584.783,9.71,27.87,1
1,2015-01-01 00:00:00+00:00,115,2015-01-05 19:00:00+00:00,31.39,0.0,0.0,0.0,0.3,0.5,1.0,0.0,4.0,5.0,1.43,Songa_G1,Songa,41.2,120.0,120.0,222.0,222.0,1,584.783,0.7797107,9.690001,27.87,584.783,9.690001,27.87,1
1,2015-01-01 00:00:00+00:00,116,2015-01-05 20:00:00+00:00,30.29,0.0,0.0,0.0,0.3,0.5,1.0,0.0,4.0,5.0,1.43,Songa_G1,Songa,41.2,120.0,120.0,222.0,222.0,1,584.783,0.7797107,9.64,27.87,584.783,9.64,27.87,1
1,2015-01-01 00:00:00+00:00,117,2015-01-05 21:00:00+00:00,29.43,0.0,0.0,0.0,0.3,0.5,1.0,0.0,4.0,5.0,1.43,Songa_G1,Songa,41.2,120.0,120.0,222.0,222.0,1,584.783,0.7797107,9.55,27.87,584.783,9.55,27.87,1
1,2015-01-01 00:00:00+00:00,118,2015-01-05 22:00:00+00:00,29.09,0.0,0.0,0.0,0.3,0.5,1.0,0.0,4.0,5.0,1.44,Songa_G1,Songa,41.2,120.0,120.0,222.0,222.0,1,584.783,0.7797107,9.49,27.87,584.783,9.49,27.87,1
1,2015-01-01 00:00:00+00:00,119,2015-01-05 23:00:00+00:00,28.08,0.0,0.0,0.0,0.3,0.5,1.0,0.0,4.0,5.0,1.44,Songa_G1,Songa,41.2,120.0,120.0,222.0,222.0,1,584.783,0.7797107,9.43,27.87,584.783,9.43,27.87,1
1,2015-01-01 00:00:00+00:00,120,2015-01-06 00:00:00+00:00,27.94,0.0,0.0,0.0,0.3,0.5,1.0,0.0,4.0,5.0,1.44,Songa_G1,Songa,41.2,120.0,120.0,222.0,222.0,1,584.783,0.7797107,9.37,27.87,584.783,9.37,27.87,1
1,2015-01-01 00:00:00+00:00,121,2015-01-06 01:00:00+00:00,27.91,0.0,0.0,0.0,0.3,0.5,1.0,0.0,4.0,5.0,1.44,Songa_G1,Songa,41.2,120.0,120.0,222.0,222.0,1,584.783,0.7797107,9.33,27.87,584.783,9.33,27.87,1
1,2015-01-01 00:00:00+00:00,122,2015-01-06 02:00:00+00:00,27.89,0.0,0.0,0.0,0.3,0.5,1.0,0.0,4.0,5.0,1.44,Songa_G1,Songa,41.2,120.0,120.0,222.0,222.0,1,584.783,0.7797107,9.3,27.87,584.783,9.3,27.87,1
1,2015-01-01 00:00:00+00:00,123,2015-01-06 03:00:00+00:00,27.89,0.0,0.0,0.0,0.3,0.5,1.0,0.0,4.0,5.0,1.44,Songa_G1,Songa,41.2,120.0,120.0,222.0,222.0,1,584.783,0.7797107,9.25,27.87,584.783,9.25,27.87,1
1,2015-01-01 00:00:00+00:00,124,2015-01-06 04:00:00+00:00,28.01,0.0,0.0,0.0,0.3,0.5,1.0,0.0,4.0,5.0,1.44,Songa_G1,Songa,41.2,120.0,120.0,222.0,222.0,1,584.783,0.7797107,9.2,27.87,584.783,9.2,27.87,1
1,2015-01-01 00:00:00+00:00,125,2015-01-06 05:00:00+00:00,28.73,0.0,0.0,0.0,0.3,0.5,1.0,0.0,4.0,5.0,1.44,Songa_G1,Songa,41.2,120.0,120.0,222.0,222.0,1,584.783,0.7797107,9.16,27.87,584.783,9.16,27.87,1
1,2015-01-01 00:00:00+00:00,126,2015-01-06 06:00:00+00:00,30.03,0.0,0.0,0.0,0.3,0.5,1.0,0.0,4.0,5.0,1.43,Songa_G1,Songa,41.2,120.0,120.0,222.0,222.0,1,584.783,0.7797107,9.14,27.87,584.783,9.14,27.87,1
1,2015-01-01 00:00:00+00:00,127,2015-01-06 07:00:00+00:00,30.5,0.0,0.0,0.0,0.3,0.5,1.0,0.0,4.0,5.0,1.42,Songa_G1,Songa,41.2,120.0,120.0,222.0,222.0,1,584.783,0.7797107,9.1,27.87,584.783,9.1,27.87,1
1,2015-01-01 00:00:00+00:00,128,2015-01-06 08:00:00+00:00,30.35,0.0,0.0,0.0,0.3,0.5,1.0,0.0,4.0,5.0,1.42,Songa_G1,Songa,41.2,120.0,120.0,222.0,222.0,1,584.783,0.7797107,9.01,27.87,584.783,9.01,27.87,1
1,2015-01-01 00:00:00+00:00,129,2015-01-06 09:00:00+00:00,30.53,0.0,0.0,0.0,0.3,0.5,1.0,0.0,4.0,5.0,1.42,Songa_G1,Songa,41.2,120.0,120.0,222.0,222.0,1,584.783,0.7797107,8.95,27.87,584.783,8.95,27.87,1
1,2015-01-01 00:00:00+00:00,130,2015-01-06 10:00:00+00:00,29.91,0.0,0.0,0.0,0.3,0.5,1.0,0.0,4.0,5.0,1.43,Songa_G1,Songa,41.2,120.0,120.0,222.0,222.0,1,584.783,0.7797107,8.95,27.87,584.783,8.95,27.87,1
1,2015-01-01 00:00:00+00:00,131,2015-01-06 11:00:00+00:00,29.62,0.0,0.0,0.0,0.3,0.5,1.0,0.0,4.0,5.0,1.41,Songa_G1,Songa,41.2,120.0,120.0,222.0,222.0,1,584.783,0.7797107,8.91,27.87,584.783,8.91,27.87,1
1,2015-01-01 00:00:00+00:00,132,2015-01-06 12:00:00+00:00,29.58,0.0,0.0,0.0,0.3,0.5,1.0,0.0,4.0,5.0,1.4,Songa_G1,Songa,41.2,120.0,120.0,222.0,222.0,1,584.783,0.7797107,8.860001,27.87,584.783,8.860001,27.87,1
1,2015-01-01 00:00:00+00:00,133,2015-01-06 13:00:00+00:00,29.57,0.0,0.0,0.0,0.3,0.5,1.0,0.0,4.0,5.0,1.41,Songa_G1,Songa,41.2,120.0,120.0,222.0,222.0,1,584.783,0.7797107,8.860001,27.87,584.783,8.860001,27.87,1
1,2015-01-01 00:00:00+00:00,134,2015-01-06 14:00:00+00:00,29.62,0.0,0.0,0.0,0.3,0.5,1.0,0.0,4.0,5.0,1.41,Songa_G1,Songa,41.2,120.0,120.0,222.0,222.0,1,584.783,0.7797107,8.83,27.87,584.783,8.83,27.87,1
1,2015-01-01 00:00:00+00:00,135,2015-01-06 15:00:00+00:00,29.99,0.0,0.0,0.0,0.3,0.5,1.0,0.0,4.0,5.0,1.41,Songa_G1,Songa,41.2,120.0,120.0,222.0,222.0,1,584.783,0.7797107,8.8,27.87,584.783,8.8,27.87,1
1,2015-01-01 00:00:00+00:00,136,2015-01-06 16:00:00+00:00,29.65,0.0,0.0,0.0,0.3,0.5,1.0,0.0,4.0,5.0,1.41,Songa_G1,Songa,41.2,120.0,120.0,222.0,222.0,1,584.783,0.7797107,8.78,27.87,584.783,8.78,27.87,1
1,2015-01-01 00:00:00+00:00,137,2015-01-06 17:00:00+00:00,29.58,0.0,0.0,0.0,0.3,0.5,1.0,0.0,4.0,5.0,1.4,Songa_G1,Songa,41.2,120.0,120.0,222.0,222.0,1,584.783,0.7797107,8.74,27.87,584.783,8.74,27.87,1
1,2015-01-01 00:00:00+00:00,138,2015-01-06 18:00:00+00:00,29.0,0.0,0.0,0.0,0.3,0.5,1.0,0.0,4.0,5.0,1.4,Songa_G1,Songa,41.2,120.0,120.0,222.0,222.0,1,584.783,0.7797107,8.71,27.87,584.783,8.71,27.87,1
1,2015-01-01 00:00:00+00:00,139,2015-01-06 19:00:00+00:00,28.45,0.0,0.0,0.0,0.3,0.5,1.0,0.0,4.0,5.0,1.4,Songa_G1,Songa,41.2,120.0,120.0,222.0,222.0,1,584.783,0.7797107,8.73,27.87,584.783,8.73,27.87,1
1,2015-01-01 00:00:00+00:00,140,2015-01-06 20:00:00+00:00,28.15,0.0,0.0,0.0,0.3,0.5,1.0,0.0,4.0,5.0,1.38,Songa_G1,Songa,41.2,120.0,120.0,222.0,222.0,1,584.783,0.7797107,8.69,27.87,584.783,8.69,27.87,1
1,2015-01-01 00:00:00+00:00,141,2015-01-06 21:00:00+00:00,27.73,0.0,0.0,0.0,0.3,0.5,1.0,0.0,4.0,5.0,1.4,Songa_G1,Songa,41.2,120.0,120.0,222.0,222.0,1,584.783,0.7797107,8.67,27.87,584.783,8.67,27.87,0
1,2015-01-01 00:00:00+00:00,142,2015-01-06 22:00:00+00:00,27.32,0.0,0.0,0.0,0.3,0.5,1.0,0.0,4.0,5.0,1.39,Songa_G1,Songa,41.2,120.0,120.0,222.0,222.0,1,584.783,0.7797107,8.639999,27.87,584.783,8.639999,27.87,0
1,2015-01-01 00:00:00+00:00,143,2015-01-06 23:00:00+00:00,26.35,0.0,0.0,0.0,0.3,0.5,1.0,0.0,4.0,5.0,1.31,Songa_G1,Songa,41.2,120.0,120.0,222.0,222.0,1,584.783,0.7797107,8.639999,27.87,584.783,8.639999,27.87,0
1,2015-01-01 00:00:00+00:00,144,2015-01-07 00:00:00+00:00,26.08,0.0,0.0,0.0,0.3,0.5,1.0,0.0,4.0,5.0,1.29,Songa_G1,Songa,41.2,120.0,120.0,222.0,222.0,1,584.783,0.7797107,8.63,27.87,584.783,8.63,27.87,0
1,2015-01-01 00:00:00+00:00,145,2015-01-07 01:00:00+00:00,26.03,0.0,0.0,0.0,0.3,0.5,1.0,0.0,4.0,5.0,1.29,Songa_G1,Songa,41.2,120.0,120.0,222.0,222.0,1,584.783,0.7797107,8.56,27.87,584.783,8.56,27.87,0
1,2015-01-01 00:00:00+00:00,146,2015-01-07 02:00:00+00:00,26.17,0.0,0.0,0.0,0.3,0.5,1.0,0.0,4.0,5.0,1.27,Songa_G1,Songa,41.2,120.0,120.0,222.0,222.0,1,584.783,0.7797107,8.63,27.87,584.783,8.63,27.87,0
1,2015-01-01 00:00:00+00:00,147,2015-01-07 03:00:00+00:00,26.74,0.0,0.0,0.0,0.3,0.5,1.0,0.0,4.0,5.0,1.27,Songa_G1,Songa,41.2,120.0,120.0,222.0,222.0,1,584.783,0.7797107,8.639999,27.87,584.783,8.639999,27.87,0
1,2015-01-01 00:00:00+00:00,148,2015-01-07 04:00:00+00:00,27.78,0.0,0.0,0.0,0.3,0.5,1.0,0.0,4.0,5.0,1.27,Songa_G1,Songa,41.2,120.0,120.0,222.0,222.0,1,584.783,0.7797107,8.62,27.87,584.783,8.62,27.87,0
1,2015-01-01 00:00:00+00:00,149,2015-01-07 05:00:00+00:00,28.48,0.0,0.0,0.0,0.3,0.5,1.0,0.0,4.0,5.0,1.27,Songa_G1,Songa,41.2,120.0,120.0,222.0,222.0,1,584.783,0.7797107,8.57,27.87,584.783,8.57,27.87,1
1,2015-01-01 00:00:00+00:00,150,2015-01-07 06:00:00+00:00,31.53,0.0,0.0,0.0,0.3,0.5,1.0,0.0,4.0,5.0,1.27,Songa_G1,Songa,41.2,120.0,120.0,222.0,222.0,1,584.783,0.7797107,8.5,27.87,584.783,8.5,27.87,1
1,2015-01-01 00:00:00+00:00,151,2015-01-07 07:00:00+00:00,32.54,0.0,0.0,0.0,0.3,0.5,1.0,0.0,4.0,5.0,1.27,Songa_G1,Songa,41.2,120.0,120.0,222.0,222.0,1,584.783,0.7797107,8.43,27.87,584.783,8.43,27.87,1
1,2015-01-01 00:00:00+00:00,152,2015-01-07 08:00:00+00:00,32.24,0.0,0.0,0.0,0.3,0.5,1.0,0.0,4.0,5.0,1.26,Songa_G1,Songa,41.2,120.0,120.0,222.0,222.0,1,584.783,0.7797107,8.35,27.87,584.783,8.35,27.87,1
1,2015-01-01 00:00:00+00:00,153,2015-01-07 09:00:00+00:00,31.96,0.0,0.0,0.0,0.3,0.5,1.0,0.0,4.0,5.0,1.25,Songa_G1,Songa,41.2,120.0,120.0,222.0,222.0,1,584.783,0.7797107,8.32,27.87,584.783,8.32,27.87,1
1,2015-01-01 00:00:00+00:00,154,2015-01-07 10:00:00+00:00,31.66,0.0,0.0,0.0,0.3,0.5,1.0,0.0,4.0,5.0,1.25,Songa_G1,Songa,41.2,120.0,120.0,222.0,222.0,1,584.783,0.7797107,8.34,27.87,584.783,8.34,27.87,1
1,2015-01-01 00:00:00+00:00,155,2015-01-07 11:00:00+00:00,30.97,0.0,0.0,0.0,0.3,0.5,1.0,0.0,4.0,5.0,1.25,Songa_G1,Songa,41.2,120.0,120.0,222.0,222.0,1,584.783,0.7797107,8.34,27.87,584.783,8.34,27.87,1
1,2015-01-01 00:00:00+00:00,156,2015-01-07 12:00:00+00:00,30.65,0.0,0.0,0.0,0.3,0.5,1.0,0.0,4.0,5.0,1.25,Songa_G1,Songa,41.2,120.0,120.0,222.0,222.0,1,584.783,0.7797107,8.35,27.87,584.783,8.35,27.87,1
1,2015-01-01 00:00:00+00:00,157,2015-01-07 13:00:00+00:00,30.31,0.0,0.0,0.0,0.3,0.5,1.0,0.0,4.0,5.0,1.23,Songa_G1,Songa,41.2,120.0,120.0,222.0,222.0,1,584.783,0.7797107,8.4,27.87,584.783,8.4,27.87,1
1,2015-01-01 00:00:00+00:00,158,2015-01-07 14:00:00+00:00,29.79,0.0,0.0,0.0,0.3,0.5,1.0,0.0,4.0,5.0,1.23,Songa_G1,Songa,41.2,120.0,120.0,222.0,222.0,1,584.783,0.7797107,8.4,27.87,584.783,8.4,27.87,1
1,2015-01-01 00:00:00+00:00,159,2015-01-07 15:00:00+00:00,30.72,0.0,0.0,0.0,0.3,0.5,1.0,0.0,4.0,5.0,1.21,Songa_G1,Songa,41.2,120.0,120.0,222.0,222.0,1,584.783,0.7797107,8.37,27.87,584.783,8.37,27.87,1
1,2015-01-01 00:00:00+00:00,160,2015-01-07 16:00:00+00:00,29.56,0.0,0.0,0.0,0.3,0.5,1.0,0.0,4.0,5.0,1.2,Songa_G1,Songa,41.2,120.0,120.0,222.0,222.0,1,584.783,0.7797107,8.389999,27.87,584.783,8.389999,27.87,1
1,2015-01-01 00:00:00+00:00,161,2015-01-07 17:00:00+00:00,28.84,0.0,0.0,0.0,0.3,0.5,1.0,0.0,4.0,5.0,1.2,Songa_G1,Songa,41.2,120.0,120.0,222.0,222.0,1,584.783,0.7797107,8.36,27.87,584.783,8.36,27.87,1
1,2015-01-01 00:00:00+00:00,162,2015-01-07 18:00:00+00:00,28.2,0.0,0.0,0.0,0.3,0.5,1.0,0.0,4.0,5.0,1.2,Songa_G1,Songa,41.2,120.0,120.0,222.0,222.0,1,584.783,0.7797107,8.34,27.87,584.783,8.34,27.87,1
1,2015-01-01 00:00:00+00:00,163,2015-01-07 19:00:00+00:00,27.75,0.0,0.0,0.0,0.3,0.5,1.0,0.0,4.0,5.0,1.2,Songa_G1,Songa,41.2,120.0,120.0,222.0,222.0,1,584.783,0.7797107,8.34,27.87,584.783,8.34,27.87,0
1,2015-01-01 00:00:00+00:00,164,2015-01-07 20:00:00+00:00,27.42,0.0,0.0,0.0,0.3,0.5,1.0,0.0,4.0,5.0,1.21,Songa_G1,Songa,41.2,120.0,120.0,222.0,222.0,1,584.783,0.7797107,8.34,27.87,584.783,8.34,27.87,0
1,2015-01-01 00:00:00+00:00,165,2015-01-07 21:00:00+00:00,26.68,0.0,0.0,0.0,0.3,0.5,1.0,0.0,4.0,5.0,1.22,Songa_G1,Songa,41.2,120.0,120.0,222.0,222.0,1,584.783,0.7797107,8.33,27.87,584.783,8.33,27.87,0
1,2015-01-01 00:00:00+00:00,166,2015-01-07 22:00:00+00:00,26.15,0.0,0.0,0.0,0.3,0.5,1.0,0.0,4.0,5.0,1.21,Songa_G1,Songa,41.2,120.0,120.0,222.0,222.0,1,584.783,0.7797107,8.35,27.87,584.783,8.35,27.87,0
1,2015-01-01 00:00:00+00:00,167,2015-01-07 23:00:00+00:00,26.04,0.0,0.0,0.0,0.3,0.5,1.0,0.0,4.0,5.0,1.19,Songa_G1,Songa,41.2,120.0,120.0,222.0,222.0,1,584.783,0.7797107,8.35,27.87,584.783,8.35,27.87,0
1,2015-01-01 00:00:00+00:00,0,2015-01-01 00:00:00+00:00,27.07,0.0,0.0,0.0,0.3,0.5,1.0,0.0,4.0,5.0,1.01,Kjela_G1,Kjela,20.6,60.0,60.0,171.0,171.0,1,92.15,0.75347507,0.09,27.72,374.706,3.4899998,29.059511,0
1,2015-01-01 00:00:00+00:00,1,2015-01-01 01:00:00+00:00,26.93,0.0,0.0,0.0,0.3,0.5,1.0,0.0,4.0,5.0,1.0,Kjela_G1,Kjela,20.6,60.0,60.0,171.0,171.0,1,92.15,0.75347507,0.09,27.72,374.706,3.49,29.059511,0
1,2015-01-01 00:00:00+00:00,2,2015-01-01 02:00:00+00:00,26.83,0.0,0.0,0.0,0.3,0.5,1.0,0.0,4.0,5.0,1.01,Kjela_G1,Kjela,20.6,60.0,60.0,171.0,171.0,1,92.15,0.75347507,0.09,27.72,374.706,3.49,29.059511,0
1,2015-01-01 00:00:00+00:00,3,2015-01-01 03:00:00+00:00,26.81,0.0,0.0,0.0,0.3,0.5,1.0,0.0,4.0,5.0,1.0,Kjela_G1,Kjela,20.6,60.0,60.0,171.0,171.0,1,92.15,0.75347507,0.09,27.72,374.706,3.4699998,29.059511,0
1,2015-01-01 00:00:00+00:00,4,2015-01-01 04:00:00+00:00,26.97,0.0,0.0,0.0,0.3,0.5,1.0,0.0,4.0,5.0,0.99,Kjela_G1,Kjela,20.6,60.0,60.0,171.0,171.0,1,92.15,0.75347507,0.09,27.72,374.706,3.4499998,29.059511,0
1,2015-01-01 00:00:00+00:00,5,2015-01-01 05:00:00+00:00,27.07,0.0,0.0,0.0,0.3,0.5,1.0,0.0,4.0,5.0,1.0,Kjela_G1,Kjela,20.6,60.0,60.0,171.0,171.0,1,92.15,0.75347507,0.09,27.72,374.706,3.4599998,29.059511,0
1,2015-01-01 00:00:00+00:00,6,2015-01-01 06:00:00+00:00,26.8,0.0,0.0,0.0,0.3,0.5,1.0,0.0,4.0,5.0,1.0,Kjela_G1,Kjela,20.6,60.0,60.0,171.0,171.0,1,92.15,0.75347507,0.09,27.72,374.706,3.4699998,29.059511,0
1,2015-01-01 00:00:00+00:00,7,2015-01-01 07:00:00+00:00,26.97,0.0,0.0,0.0,0.3,0.5,1.0,0.0,4.0,5.0,1.0,Kjela_G1,Kjela,20.6,60.0,60.0,171.0,171.0,1,92.15,0.75347507,0.09,27.72,374.706,3.4799998,29.059511,0
1,2015-01-01 00:00:00+00:00,8,2015-01-01 08:00:00+00:00,26.98,0.0,0.0,0.0,0.3,0.5,1.0,0.0,4.0,5.0,1.0,Kjela_G1,Kjela,20.6,60.0,60.0,171.0,171.0,1,92.15,0.75347507,0.09,27.72,374.706,3.5,29.059511,0
1,2015-01-01 00:00:00+00:00,9,2015-01-01 09:00:00+00:00,27.06,0.0,0.0,0.0,0.3,0.5,1.0,0.0,4.0,5.0,1.0,Kjela_G1,Kjela,20.6,60.0,60.0,171.0,171.0,1,92.15,0.75347507,0.09,27.72,374.706,3.5,29.059511,0
1,2015-01-01 00:00:00+00:00,10,2015-01-01 10:00:00+00:00,27.13,0.0,0.0,0.0,0.3,0.5,1.0,0.0,4.0,5.0,1.02,Kjela_G1,Kjela,20.6,60.0,60.0,171.0,171.0,1,92.15,0.75347507,0.09,27.72,374.706,3.5400004,29.059511,0
1,2015-01-01 00:00:00+00:00,11,2015-01-01 11:00:00+00:00,27.09,0.0,0.0,0.0,0.3,0.5,1.0,0.0,4.0,5.0,1.01,Kjela_G1,Kjela,20.6,60.0,60.0,171.0,171.0,1,92.15,0.75347507,0.09,27.72,374.706,3.5500002,29.059511,0
1,2015-01-01 00:00:00+00:00,12,2015-01-01 12:00:00+00:00,27.01,0.0,0.0,0.0,0.3,0.5,1.0,0.0,4.0,5.0,1.03,Kjela_G1,Kjela,20.6,60.0,60.0,171.0,171.0,1,92.15,0.75347507,0.1,27.72,374.706,3.5899997,29.059511,0
1,2015-01-01 00:00:00+00:00,13,2015-01-01 13:00:00+00:00,26.98,0.0,0.0,0.0,0.3,0.5,1.0,0.0,4.0,5.0,1.03,Kjela_G1,Kjela,20.6,60.0,60.0,171.0,171.0,1,92.15,0.75347507,0.1,27.72,374.706,3.6,29.059511,0
1,2015-01-01 00:00:00+00:00,14,2015-01-01 14:00:00+00:00,27.51,0.0,0.0,0.0,0.3,0.5,1.0,0.0,4.0,5.0,1.06,Kjela_G1,Kjela,20.6,60.0,60.0,171.0,171.0,1,92.15,0.75347507,0.1,27.72,374.706,3.63,29.059511,0
1,2015-01-01 00:00:00+00:00,15,2015-01-01 15:00:00+00:00,28.32,0.0,0.0,0.0,0.3,0.5,1.0,0.0,4.0,5.0,1.06,Kjela_G1,Kjela,20.6,60.0,60.0,171.0,171.0,1,92.15,0.75347507,0.1,27.72,374.706,3.6399999,29.059511,0
1,2015-01-01 00:00:00+00:00,16,2015-01-01 16:00:00+00:00,28.36,0.0,0.0,0.0,0.3,0.5,1.0,0.0,4.0,5.0,1.07,Kjela_G1,Kjela,20.6,60.0,60.0,171.0,171.0,1,92.15,0.75347507,0.1,27.72,374.706,3.63,29.059511,0
1,2015-01-01 00:00:00+00:00,17,2015-01-01 17:00:00+00:00,28.18,0.0,0.0,0.0,0.3,0.5,1.0,0.0,4.0,5.0,1.1,Kjela_G1,Kjela,20.6,60.0,60.0,171.0,171.0,1,92.15,0.75347507,0.1,27.72,374.706,3.66,29.059511,0
1,2015-01-01 00:00:00+00:00,18,2015-01-01 18:00:00+00:00,27.81,0.0,0.0,0.0,0.3,0.5,1.0,0.0,4.0,5.0,1.11,Kjela_G1,Kjela,20.6,60.0,60.0,171.0,171.0,1,92.15,0.75347507,0.1,27.72,374.706,3.7,29.059511,0
1,2015-01-01 00:00:00+00:00,19,2015-01-01 19:00:00+00:00,27.46,0.0,0.0,0.0,0.3,0.5,1.0,0.0,4.0,5.0,1.12,Kjela_G1,Kjela,20.6,60.0,60.0,171.0,171.0,1,92.15,0.75347507,0.1,27.72,374.706,3.73,29.059511,0
1,2015-01-01 00:00:00+00:00,20,2015-01-01 20:00:00+00:00,27.06,0.0,0.0,0.0,0.3,0.5,1.0,0.0,4.0,5.0,1.13,Kjela_G1,Kjela,20.6,60.0,60.0,171.0,171.0,1,92.15,0.75347507,0.1,27.72,374.706,3.76,29.059511,0
1,2015-01-01 00:00:00+00:00,21,2015-01-01 21:00:00+00:00,27.0,0.0,0.0,0.0,0.3,0.5,1.0,0.0,4.0,5.0,1.16,Kjela_G1,Kjela,20.6,60.0,60.0,171.0,171.0,1,92.15,0.75347507,0.11,27.72,374.706,3.82,29.059511,0
1,2015-01-01 00:00:00+00:00,22,2015-01-01 22:00:00+00:00,26.83,0.0,0.0,0.0,0.3,0.5,1.0,0.0,4.0,5.0,1.2,Kjela_G1,Kjela,20.6,60.0,60.0,171.0,171.0,1,92.15,0.75347507,0.11,27.72,374.706,3.8799999,29.059511,0
1,2015-01-01 00:00:00+00:00,23,2015-01-01 23:00:00+00:00,26.71,0.0,0.0,0.0,0.3,0.5,1.0,0.0,4.0,5.0,1.24,Kjela_G1,Kjela,20.6,60.0,60.0,171.0,171.0,1,92.15,0.75347507,0.11,27.72,374.706,3.9399998,29.059511,0
1,2015-01-01 00:00:00+00:00,24,2015-01-02 00:00:00+00:00,26.41,0.0,0.0,0.0,0.3,0.5,1.0,0.0,4.0,5.0,1.26,Kjela_G1,Kjela,20.6,60.0,60.0,171.0,171.0,1,92.15,0.75347507,0.12,27.72,374.706,4.06,29.059511,0
1,2015-01-01 00:00:00+00:00,25,2015-01-02 01:00:00+00:00,26.2,0.0,0.0,0.0,0.3,0.5,1.0,0.0,4.0,5.0,1.3,Kjela_G1,Kjela,20.6,60.0,60.0,171.0,171.0,1,92.15,0.75347507,0.12,27.72,374.706,4.19,29.059511,0
1,2015-01-01 00:00:00+00:00,26,2015-01-02 02:00:00+00:00,25.6,0.0,0.0,0.0,0.3,0.5,1.0,0.0,4.0,5.0,1.52,Kjela_G1,Kjela,20.6,60.0,60.0,171.0,171.0,1,92.15,0.75347507,0.14,27.72,374.706,4.5699997,29.059511,0
1,2015-01-01 00:00:00+00:00,27,2015-01-02 03:00:00+00:00,24.74,0.0,0.0,0.0,0.3,0.5,1.0,0.0,4.0,5.0,1.7,Kjela_G1,Kjela,20.6,60.0,60.0,171.0,171.0,1,92.15,0.75347507,0.16,27.72,374.706,4.91,29.059511,0
1,2015-01-01 00:00:00+00:00,28,2015-01-02 04:00:00+00:00,26.1,0.0,0.0,0.0,0.3,0.5,1.0,0.0,4.0,5.0,1.75,Kjela_G1,Kjela,20.6,60.0,60.0,171.0,171.0,1,92.15,0.75347507,0.16,27.72,374.706,5.0,29.059511,0
1,2015-01-01 00:00:00+00:00,29,2015-01-02 05:00:00+00:00,27.25,0.0,0.0,0.0,0.3,0.5,1.0,0.0,4.0,5.0,1.65,Kjela_G1,Kjela,20.6,60.0,60.0,171.0,171.0,1,92.15,0.75347507,0.15,27.72,374.706,4.8900003,29.059511,0
1,2015-01-01 00:00:00+00:00,30,2015-01-02 06:00:00+00:00,28.37,0.0,0.0,0.0,0.3,0.5,1.0,0.0,4.0,5.0,1.71,Kjela_G1,Kjela,20.6,60.0,60.0,171.0,171.0,1,92.15,0.75347507,0.16,27.72,374.706,4.9700003,29.059511,0
1,2015-01-01 00:00:00+00:00,31,2015-01-02 07:00:00+00:00,28.37,0.0,0.0,0.0,0.3,0.5,1.0,0.0,4.0,5.0,1.92,Kjela_G1,Kjela,20.6,60.0,60.0,171.0,171.0,1,92.15,0.75347507,0.18,27.72,374.706,5.17,29.059511,0
1,2015-01-01 00:00:00+00:00,32,2015-01-02 08:00:00+00:00,28.32,0.0,0.0,0.0,0.3,0.5,1.0,0.0,4.0,5.0,2.18,Kjela_G1,Kjela,20.6,60.0,60.0,171.0,171.0,1,92.15,0.75347507,0.2,27.72,374.706,5.41,29.059511,0
1,2015-01-01 00:00:00+00:00,33,2015-01-02 09:00:00+00:00,28.3,0.0,0.0,0.0,0.3,0.5,1.0,0.0,4.0,5.0,2.33,Kjela_G1,Kjela,20.6,60.0,60.0,171.0,171.0,1,92.15,0.75347507,0.22,27.72,374.706,5.58,29.059511,0
1,2015-01-01 00:00:00+00:00,34,2015-01-02 10:00:00+00:00,28.39,0.0,0.0,0.0,0.3,0.5,1.0,0.0,4.0,5.0,2.35,Kjela_G1,Kjela,20.6,60.0,60.0,171.0,171.0,1,92.15,0.75347507,0.22,27.72,374.706,5.58,29.059511,0
1,2015-01-01 00:00:00+00:00,35,2015-01-02 11:00:00+00:00,28.3,0.0,0.0,0.0,0.3,0.5,1.0,0.0,4.0,5.0,2.3,Kjela_G1,Kjela,20.6,60.0,60.0,171.0,171.0,1,92.15,0.75347507,0.21,27.72,374.706,5.54,29.059511,0
1,2015-01-01 00:00:00+00:00,36,2015-01-02 12:00:00+00:00,28.24,0.0,0.0,0.0,0.3,0.5,1.0,0.0,4.0,5.0,2.23,Kjela_G1,Kjela,20.6,60.0,60.0,171.0,171.0,1,92.15,0.75347507,0.21,27.72,374.706,5.54,29.059511,0
1,2015-01-01 00:00:00+00:00,37,2015-01-02 13:00:00+00:00,28.12,0.0,0.0,0.0,0.3,0.5,1.0,0.0,4.0,5.0,2.2,Kjela_G1,Kjela,20.6,60.0,60.0,171.0,171.0,1,92.15,0.75347507,0.2,27.72,374.706,5.5,29.059511,0
1,2015-01-01 00:00:00+00:00,38,2015-01-02 14:00:00+00:00,28.23,0.0,0.0,0.0,0.3,0.5,1.0,0.0,4.0,5.0,2.17,Kjela_G1,Kjela,20.6,60.0,60.0,171.0,171.0,1,92.15,0.75347507,0.2,27.72,374.706,5.5,29.059511,0
1,2015-01-01 00:00:00+00:00,39,2015-01-02 15:00:00+00:00,28.59,0.0,0.0,0.0,0.3,0.5,1.0,0.0,4.0,5.0,2.14,Kjela_G1,Kjela,20.6,60.0,60.0,171.0,171.0,1,92.15,0.75347507,0.2,27.72,374.706,5.56,29.059511,0
1,2015-01-01 00:00:00+00:00,40,2015-01-02 16:00:00+00:00,28.73,0.0,0.0,0.0,0.3,0.5,1.0,0.0,4.0,5.0,2.13,Kjela_G1,Kjela,20.6,60.0,60.0,171.0,171.0,1,92.15,0.75347507,0.2,27.72,374.706,5.6299996,29.059511,0
1,2015-01-01 00:00:00+00:00,41,2015-01-02 17:00:00+00:00,28.48,0.0,0.0,0.0,0.3,0.5,1.0,0.0,4.0,5.0,2.05,Kjela_G1,Kjela,20.6,60.0,60.0,171.0,171.0,1,92.15,0.75347507,0.19,27.72,374.706,5.63,29.059511,0
1,2015-01-01 00:00:00+00:00,42,2015-01-02 18:00:00+00:00,28.38,0.0,0.0,0.0,0.3,0.5,1.0,0.0,4.0,5.0,1.64,Kjela_G1,Kjela,20.6,60.0,60.0,171.0,171.0,1,92.15,0.75347507,0.15,27.72,374.706,5.22,29.059511,0
1,2015-01-01 00:00:00+00:00,43,2015-01-02 19:00:00+00:00,27.85,0.0,0.0,0.0,0.3,0.5,1.0,0.0,4.0,5.0,2.06,Kjela_G1,Kjela,20.6,60.0,60.0,171.0,171.0,1,92.15,0.75347507,0.19,27.72,374.706,5.7200003,29.059511,0
1,2015-01-01 00:00:00+00:00,44,2015-01-02 20:00:00+00:00,27.45,0.0,0.0,0.0,0.3,0.5,1.0,0.0,4.0,5.0,2.2,Kjela_G1,Kjela,20.6,60.0,60.0,171.0,171.0,1,92.15,0.75347507,0.2,27.72,374.706,5.9700003,29.059511,0
1,2015-01-01 00:00:00+00:00,45,2015-01-02 21:00:00+00:00,27.2,0.0,0.0,0.0,0.3,0.5,1.0,0.0,4.0,5.0,2.38,Kjela_G1,Kjela,20.6,60.0,60.0,171.0,171.0,1,92.15,0.75347507,0.22,27.72,374.706,6.25,29.059511,0
1,2015-01-01 00:00:00+00:00,46,2015-01-02 22:00:00+00:00,26.79,0.0,0.0,0.0,0.3,0.5,1.0,0.0,4.0,5.0,2.59,Kjela_G1,Kjela,20.6,60.0,60.0,171.0,171.0,1,92.15,0.75347507,0.24,27.72,374.706,6.5999994,29.059511,0
1,2015-01-01 00:00:00+00:00,47,2015-01-02 23:00:00+00:00,25.85,0.0,0.0,0.0,0.3,0.5,1.0,0.0,4.0,5.0,2.83,Kjela_G1,Kjela,20.6,60.0,60.0,171.0,171.0,1,92.15,0.75347507,0.26,27.72,374.706,6.87,29.059511,0
1,2015-01-01 00:00:00+00:00,48,2015-01-03 00:00:00+00:00,25.54,0.0,0.0,0.0,0.3,0.5,1.0,0.0,4.0,5.0,2.84,Kjela_G1,Kjela,20.6,60.0,60.0,171.0,171.0,1,92.15,0.75347507,0.26,27.72,374.706,6.91,29.059511,0
1,2015-01-01 00:00:00+00:00,49,2015-01-03 01:00:00+00:00,25.43,0.0,0.0,0.0,0.3,0.5,1.0,0.0,4.0,5.0,2.77,Kjela_G1,Kjela,20.6,60.0,60.0,171.0,171.0,1,92.15,0.75347507,0.26,27.72,374.706,6.8999996,29.059511,0
1,2015-01-01 00:00:00+00:00,50,2015-01-03 02:00:00+00:00,25.34,0.0,0.0,0.0,0.3,0.5,1.0,0.0,4.0,5.0,2.86,Kjela_G1,Kjela,20.6,60.0,60.0,171.0,171.0,1,92.15,0.75347507,0.27,27.72,374.706,6.99,29.059511,0
1,2015-01-01 00:00:00+00:00,51,2015-01-03 03:00:00+00:00,25.29,0.0,0.0,0.0,0.3,0.5,1.0,0.0,4.0,5.0,3.02,Kjela_G1,Kjela,20.6,60.0,60.0,171.0,171.0,1,92.15,0.75347507,0.28,27.72,374.706,7.1399994,29.059511,0
1,2015-01-01 00:00:00+00:00,52,2015-01-03 04:00:00+00:00,25.3,0.0,0.0,0.0,0.3,0.5,1.0,0.0,4.0,5.0,3.13,Kjela_G1,Kjela,20.6,60.0,60.0,171.0,171.0,1,92.15,0.75347507,0.29,27.72,374.706,7.18,29.059511,0
1,2015-01-01 00:00:00+00:00,53,2015-01-03 05:00:00+00:00,25.55,0.0,0.0,0.0,0.3,0.5,1.0,0.0,4.0,5.0,3.16,Kjela_G1,Kjela,20.6,60.0,60.0,171.0,171.0,1,92.15,0.75347507,0.29,27.72,374.706,7.21,29.059511,0
1,2015-01-01 00:00:00+00:00,54,2015-01-03 06:00:00+00:00,26.75,0.0,0.0,0.0,0.3,0.5,1.0,0.0,4.0,5.0,3.13,Kjela_G1,Kjela,20.6,60.0,60.0,171.0,171.0,1,92.15,0.75347507,0.29,27.72,374.706,7.14,29.059511,0
1,2015-01-01 00:00:00+00:00,55,2015-01-03 07:00:00+00:00,26.98,0.0,0.0,0.0,0.3,0.5,1.0,0.0,4.0,5.0,3.06,Kjela_G1,Kjela,20.6,60.0,60.0,171.0,171.0,1,92.15,0.75347507,0.28,27.72,374.706,7.02,29.059511,0
1,2015-01-01 00:00:00+00:00,56,2015-01-03 08:00:00+00:00,27.52,0.0,0.0,0.0,0.3,0.5,1.0,0.0,4.0,5.0,3.01,Kjela_G1,Kjela,20.6,60.0,60.0,171.0,171.0,1,92.15,0.75347507,0.28,27.72,374.706,6.91,29.059511,0
1,2015-01-01 00:00:00+00:00,57,2015-01-03 09:00:00+00:00,27.72,0.0,0.0,0.0,0.3,0.5,1.0,0.0,4.0,5.0,3.0,Kjela_G1,Kjela,20.6,60.0,60.0,171.0,171.0,1,92.15,0.75347507,0.28,27.72,374.706,6.8900003,29.059511,0
1,2015-01-01 00:00:00+00:00,58,2015-01-03 10:00:00+00:00,27.73,0.0,0.0,0.0,0.3,0.5,1.0,0.0,4.0,5.0,2.92,Kjela_G1,Kjela,20.6,60.0,60.0,171.0,171.0,1,92.15,0.75347507,0.27,27.72,374.706,6.83,29.059511,0
1,2015-01-01 00:00:00+00:00,59,2015-01-03 11:00:00+00:00,27.66,0.0,0.0,0.0,0.3,0.5,1.0,0.0,4.0,5.0,2.88,Kjela_G1,Kjela,20.6,60.0,60.0,171.0,171.0,1,92.15,0.75347507,0.27,27.72,374.706,6.87,29.059511,0
1,2015-01-01 00:00:00+00:00,60,2015-01-03 12:00:00+00:00,27.65,0.0,0.0,0.0,0.3,0.5,1.0,0.0,4.0,5.0,2.85,Kjela_G1,Kjela,20.6,60.0,60.0,171.0,171.0,1,92.15,0.75347507,0.26,27.72,374.706,6.85,29.059511,0
1,2015-01-01 00:00:00+00:00,61,2015-01-03 13:00:00+00:00,27.81,0.0,0.0,0.0,0.3,0.5,1.0,0.0,4.0,5.0,2.84,Kjela_G1,Kjela,20.6,60.0,60.0,171.0,171.0,1,92.15,0.75347507,0.26,27.72,374.706,6.75,29.059511,0
1,2015-01-01 00:00:00+00:00,62,2015-01-03 14:00:00+00:00,28.29,0.0,0.0,0.0,0.3,0.5,1.0,0.0,4.0,5.0,2.81,Kjela_G1,Kjela,20.6,60.0,60.0,171.0,171.0,1,92.15,0.75347507,0.26,27.72,374.706,6.64,29.059511,0
1,2015-01-01 00:00:00+00:00,63,2015-01-03 15:00:00+00:00,28.6,0.0,0.0,0.0,0.3,0.5,1.0,0.0,4.0,5.0,2.75,Kjela_G1,Kjela,20.6,60.0,60.0,171.0,171.0,1,92.15,0.75347507,0.25,27.72,374.706,6.5299997,29.059511,0
1,2015-01-01 00:00:00+00:00,64,2015-01-03 16:00:00+00:00,28.88,0.0,0.0,0.0,0.3,0.5,1.0,0.0,4.0,5.0,2.69,Kjela_G1,Kjela,20.6,60.0,60.0,171.0,171.0,1,92.15,0.75347507,0.25,27.72,374.706,6.4599996,29.059511,0
1,2015-01-01 00:00:00+00:00,65,2015-01-03 17:00:00+00:00,28.78,0.0,0.0,0.0,0.3,0.5,1.0,0.0,4.0,5.0,2.65,Kjela_G1,Kjela,20.6,60.0,60.0,171.0,171.0,1,92.15,0.75347507,0.25,27.72,374.706,6.45,29.059511,0
1,2015-01-01 00:00:00+00:00,66,2015-01-03 18:00:00+00:00,28.54,0.0,0.0,0.0,0.3,0.5,1.0,0.0,4.0,5.0,2.6,Kjela_G1,Kjela,20.6,60.0,60.0,171.0,171.0,1,92.15,0.75347507,0.24,27.72,374.706,6.3899994,29.059511,0
1,2015-01-01 00:00:00+00:00,67,2015-01-03 19:00:00+00:00,28.34,0.0,0.0,0.0,0.3,0.5,1.0,0.0,4.0,5.0,2.54,Kjela_G1,Kjela,20.6,60.0,60.0,171.0,171.0,1,92.15,0.75347507,0.24,27.72,374.706,6.34,29.059511,0
1,2015-01-01 00:00:00+00:00,68,2015-01-03 20:00:00+00:00,27.93,0.0,0.0,0.0,0.3,0.5,1.0,0.0,4.0,5.0,2.47,Kjela_G1,Kjela,20.6,60.0,60.0,171.0,171.0,1,92.15,0.75347507,0.23,27.72,374.706,6.29,29.059511,0
1,2015-01-01 00:00:00+00:00,69,2015-01-03 21:00:00+00:00,27.7,0.0,0.0,0.0,0.3,0.5,1.0,0.0,4.0,5.0,2.41,Kjela_G1,Kjela,20.6,60.0,60.0,171.0,171.0,1,92.15,0.75347507,0.22,27.72,374.706,6.2300005,29.059511,0
1,2015-01-01 00:00:00+00:00,70,2015-01-03 22:00:00+00:00,27.25,0.0,0.0,0.0,0.3,0.5,1.0,0.0,4.0,5.0,2.33,Kjela_G1,Kjela,20.6,60.0,60.0,171.0,171.0,1,92.15,0.75347507,0.22,27.72,374.706,6.12,29.059511,0
1,2015-01-01 00:00:00+00:00,71,2015-01-03 23:00:00+00:00,27.55,0.0,0.0,0.0,0.3,0.5,1.0,0.0,4.0,5.0,2.27,Kjela_G1,Kjela,20.6,60.0,60.0,171.0,171.0,1,92.15,0.75347507,0.21,27.72,374.706,6.05,29.059511,0
1,2015-01-01 00:00:00+00:00,72,2015-01-04 00:00:00+00:00,27.38,0.0,0.0,0.0,0.3,0.5,1.0,0.0,4.0,5.0,2.22,Kjela_G1,Kjela,20.6,60.0,60.0,171.0,171.0,1,92.15,0.75347507,0.21,27.72,374.706,5.98,29.059511,0
1,2015-01-01 00:00:00+00:00,73,2015-01-04 01:00:00+00:00,27.17,0.0,0.0,0.0,0.3,0.5,1.0,0.0,4.0,5.0,2.15,Kjela_G1,Kjela,20.6,60.0,60.0,171.0,171.0,1,92.15,0.75347507,0.2,27.72,374.706,5.8599997,29.059511,0
1,2015-01-01 00:00:00+00:00,74,2015-01-04 02:00:00+00:00,27.03,0.0,0.0,0.0,0.3,0.5,1.0,0.0,4.0,5.0,2.1,Kjela_G1,Kjela,20.6,60.0,60.0,171.0,171.0,1,92.15,0.75347507,0.19,27.72,374.706,5.7799997,29.059511,0
1,2015-01-01 00:00:00+00:00,75,2015-01-04 03:00:00+00:00,27.04,0.0,0.0,0.0,0.3,0.5,1.0,0.0,4.0,5.0,2.06,Kjela_G1,Kjela,20.6,60.0,60.0,171.0,171.0,1,92.15,0.75347507,0.19,27.72,374.706,5.71,29.059511,0
1,2015-01-01 00:00:00+00:00,76,2015-01-04 04:00:00+00:00,27.19,0.0,0.0,0.0,0.3,0.5,1.0,0.0,4.0,5.0,2.01,Kjela_G1,Kjela,20.6,60.0,60.0,171.0,171.0,1,92.15,0.75347507,0.19,27.72,374.706,5.63,29.059511,0
1,2015-01-01 00:00:00+00:00,77,2015-01-04 05:00:00+00:00,27.13,0.0,0.0,0.0,0.3,0.5,1.0,0.0,4.0,5.0,1.99,Kjela_G1,Kjela,20.6,60.0,60.0,171.0,171.0,1,92.15,0.75347507,0.18,27.72,374.706,5.54,29.059511,0
1,2015-01-01 00:00:00+00:00,78,2015-01-04 06:00:00+00:00,27.06,0.0,0.0,0.0,0.3,0.5,1.0,0.0,4.0,5.0,1.94,Kjela_G1,Kjela,20.6,60.0,60.0,171.0,171.0,1,92.15,0.75347507,0.18,27.72,374.706,5.48,29.059511,0
1,2015-01-01 00:00:00+00:00,79,2015-01-04 07:00:00+00:00,27.63,0.0,0.0,0.0,0.3,0.5,1.0,0.0,4.0,5.0,1.89,Kjela_G1,Kjela,20.6,60.0,60.0,171.0,171.0,1,92.15,0.75347507,0.18,27.72,374.706,5.39,29.059511,0
1,2015-01-01 00:00:00+00:00,80,2015-01-04 08:00:00+00:00,28.03,0.0,0.0,0.0,0.3,0.5,1.0,0.0,4.0,5.0,1.84,Kjela_G1,Kjela,20.6,60.0,60.0,171.0,171.0,1,92.15,0.75347507,0.17,27.72,374.706,5.26,29.059511,0
1,2015-01-01 00:00:00+00:00,81,2015-01-04 09:00:00+00:00,28.24,0.0,0.0,0.0,0.3,0.5,1.0,0.0,4.0,5.0,1.82,Kjela_G1,Kjela,20.6,60.0,60.0,171.0,171.0,1,92.15,0.75347507,0.17,27.72,374.706,5.19,29.059511,0
1,2015-01-01 00:00:00+00:00,82,2015-01-04 10:00:00+00:00,28.32,0.0,0.0,0.0,0.3,0.5,1.0,0.0,4.0,5.0,1.79,Kjela_G1,Kjela,20.6,60.0,60.0,171.0,171.0,1,92.15,0.75347507,0.17,27.72,374.706,5.14,29.059511,0
1,2015-01-01 00:00:00+00:00,83,2015-01-04 11:00:00+00:00,28.24,0.0,0.0,0.0,0.3,0.5,1.0,0.0,4.0,5.0,1.77,Kjela_G1,Kjela,20.6,60.0,60.0,171.0,171.0,1,92.15,0.75347507,0.16,27.72,374.706,5.1,29.059511,0
1,2015-01-01 00:00:00+00:00,84,2015-01-04 12:00:00+00:00,28.27,0.0,0.0,0.0,0.3,0.5,1.0,0.0,4.0,5.0,1.74,Kjela_G1,Kjela,20.6,60.0,60.0,171.0,171.0,1,92.15,0.75347507,0.16,27.72,374.706,5.06,29.059511,0
1,2015-01-01 00:00:00+00:00,85,2015-01-04 13:00:00+00:00,28.32,0.0,0.0,0.0,0.3,0.5,1.0,0.0,4.0,5.0,1.72,Kjela_G1,Kjela,20.6,60.0,60.0,171.0,171.0,1,92.15,0.75347507,0.16,27.72,374.706,5.02,29.059511,0
1,2015-01-01 00:00:00+00:00,86,2015-01-04 14:00:00+00:00,28.37,0.0,0.0,0.0,0.3,0.5,1.0,0.0,4.0,5.0,1.7,Kjela_G1,Kjela,20.6,60.0,60.0,171.0,171.0,1,92.15,0.75347507,0.16,27.72,374.706,5.0,29.059511,1
1,2015-01-01 00:00:00+00:00,87,2015-01-04 15:00:00+00:00,28.65,0.0,0.0,0.0,0.3,0.5,1.0,0.0,4.0,5.0,1.68,Kjela_G1,Kjela,20.6,60.0,60.0,171.0,171.0,1,92.15,0.75347507,0.16,27.72,374.706,4.9700003,29.059511,1
1,2015-01-01 00:00:00+00:00,88,2015-01-04 16:00:00+00:00,28.98,0.0,0.0,0.0,0.3,0.5,1.0,0.0,4.0,5.0,1.68,Kjela_G1,Kjela,20.6,60.0,60.0,171.0,171.0,1,92.15,0.75347507,0.16,27.72,374.706,4.9300003,29.059511,1
1,2015-01-01 00:00:00+00:00,89,2015-01-04 17:00:00+00:00,29.54,0.0,0.0,0.0,0.3,0.5,1.0,0.0,4.0,5.0,1.65,Kjela_G1,Kjela,20.6,60.0,60.0,171.0,171.0,1,92.15,0.75347507,0.15,27.72,374.706,4.8900003,29.059511,1
1,2015-01-01 00:00:00+00:00,90,2015-01-04 18:00:00+00:00,29.42,0.0,0.0,0.0,0.3,0.5,1.0,0.0,4.0,5.0,1.64,Kjela_G1,Kjela,20.6,60.0,60.0,171.0,171.0,1,92.15,0.75347507,0.15,27.72,374.706,4.8900003,29.059511,1
1,2015-01-01 00:00:00+00:00,91,2015-01-04 19:00:00+00:00,28.92,0.0,0.0,0.0,0.3,0.5,1.0,0.0,4.0,5.0,1.63,Kjela_G1,Kjela,20.6,60.0,60.0,171.0,171.0,1,92.15,0.75347507,0.15,27.72,374.706,4.88,29.059511,1
1,2015-01-01 00:00:00+00:00,92,2015-01-04 20:00:00+00:00,28.66,0.0,0.0,0.0,0.3,0.5,1.0,0.0,4.0,5.0,1.6,Kjela_G1,Kjela,20.6,60.0,60.0,171.0,171.0,1,92.15,0.75347507,0.15,27.72,374.706,4.84,29.059511,1
1,2015-01-01 00:00:00+00:00,93,2015-01-04 21:00:00+00:00,28.69,0.0,0.0,0.0,0.3,0.5,1.0,0.0,4.0,5.0,1.59,Kjela_G1,Kjela,20.6,60.0,60.0,171.0,171.0,1,92.15,0.75347507,0.15,27.72,374.706,4.8,29.059511,1
1,2015-01-01 00:00:00+00:00,94,2015-01-04 22:00:00+00:00,28.02,0.0,0.0,0.0,0.3,0.5,1.0,0.0,4.0,5.0,1.58,Kjela_G1,Kjela,20.6,60.0,60.0,171.0,171.0,1,92.15,0.75347507,0.15,27.72,374.706,4.7799997,29.059511,1
1,2015-01-01 00:00:00+00:00,95,2015-01-04 23:00:00+00:00,28.19,0.0,0.0,0.0,0.3,0.5,1.0,0.0,4.0,5.0,1.57,Kjela_G1,Kjela,20.6,60.0,60.0,171.0,171.0,1,92.15,0.75347507,0.15,27.72,374.706,4.7799997,29.059511,1
1,2015-01-01 00:00:00+00:00,96,2015-01-05 00:00:00+00:00,28.15,0.0,0.0,0.0,0.3,0.5,1.0,0.0,4.0,5.0,1.56,Kjela_G1,Kjela,20.6,60.0,60.0,171.0,171.0,1,92.15,0.75347507,0.14,27.72,374.706,4.74,29.059511,1
1,2015-01-01 00:00:00+00:00,97,2015-01-05 01:00:00+00:00,28.13,0.0,0.0,0.0,0.3,0.5,1.0,0.0,4.0,5.0,1.54,Kjela_G1,Kjela,20.6,60.0,60.0,171.0,171.0,1,92.15,0.75347507,0.14,27.72,374.706,4.7,29.059511,1
1,2015-01-01 00:00:00+00:00,98,2015-01-05 02:00:00+00:00,28.05,0.0,0.0,0.0,0.3,0.5,1.0,0.0,4.0,5.0,1.53,Kjela_G1,Kjela,20.6,60.0,60.0,171.0,171.0,1,92.15,0.75347507,0.14,27.72,374.706,4.6899996,29.059511,1
1,2015-01-01 00:00:00+00:00,99,2015-01-05 03:00:00+00:00,28.04,0.0,0.0,0.0,0.3,0.5,1.0,0.0,4.0,5.0,1.52,Kjela_G1,Kjela,20.6,60.0,60.0,171.0,171.0,1,92.15,0.75347507,0.14,27.72,374.706,4.66,29.059511,1
1,2015-01-01 00:00:00+00:00,100,2015-01-05 04:00:00+00:00,28.46,0.0,0.0,0.0,0.3,0.5,1.0,0.0,4.0,5.0,1.51,Kjela_G1,Kjela,20.6,60.0,60.0,171.0,171.0,1,92.15,0.75347507,0.14,27.72,374.706,4.64,29.059511,1
1,2015-01-01 00:00:00+00:00,101,2015-01-05 05:00:00+00:00,28.78,0.0,0.0,0.0,0.3,0.5,1.0,0.0,4.0,5.0,1.5,Kjela_G1,Kjela,20.6,60.0,60.0,171.0,171.0,1,92.15,0.75347507,0.14,27.72,374.706,4.63,29.059511,1
1,2015-01-01 00:00:00+00:00,102,2015-01-05 06:00:00+00:00,30.99,0.0,0.0,0.0,0.3,0.5,1.0,0.0,4.0,5.0,1.48,Kjela_G1,Kjela,20.6,60.0,60.0,171.0,171.0,1,92.15,0.75347507,0.14,27.72,374.706,4.6,29.059511,1
1,2015-01-01 00:00:00+00:00,103,2015-01-05 07:00:00+00:00,38.15,0.0,0.0,0.0,0.3,0.5,1.0,0.0,4.0,5.0,1.47,Kjela_G1,Kjela,20.6,60.0,60.0,171.0,171.0,1,92.15,0.75347507,0.14,27.72,374.706,4.5899997,29.059511,1
1,2015-01-01 00:00:00+00:00,104,2015-01-05 08:00:00+00:00,41.51,0.0,0.0,0.0,0.3,0.5,1.0,0.0,4.0,5.0,1.46,Kjela_G1,Kjela,20.6,60.0,60.0,171.0,171.0,1,92.15,0.75347507,0.14,27.72,374.706,4.56,29.059511,1
1,2015-01-01 00:00:00+00:00,105,2015-01-05 09:00:00+00:00,40.46,0.0,0.0,0.0,0.3,0.5,1.0,0.0,4.0,5.0,1.46,Kjela_G1,Kjela,20.6,60.0,60.0,171.0,171.0,1,92.15,0.75347507,0.13,27.72,374.706,4.54,29.059511,1
1,2015-01-01 00:00:00+00:00,106,2015-01-05 10:00:00+00:00,40.97,0.0,0.0,0.0,0.3,0.5,1.0,0.0,4.0,5.0,1.45,Kjela_G1,Kjela,20.6,60.0,60.0,171.0,171.0,1,92.15,0.75347507,0.13,27.72,374.706,4.52,29.059511,1
1,2015-01-01 00:00:00+00:00,107,2015-01-05 11:00:00+00:00,38.66,0.0,0.0,0.0,0.3,0.5,1.0,0.0,4.0,5.0,1.45,Kjela_G1,Kjela,20.6,60.0,60.0,171.0,171.0,1,92.15,0.75347507,0.13,27.72,374.706,4.51,29.059511,1
1,2015-01-01 00:00:00+00:00,108,2015-01-05 12:00:00+00:00,36.44,0.0,0.0,0.0,0.3,0.5,1.0,0.0,4.0,5.0,1.45,Kjela_G1,Kjela,20.6,60.0,60.0,171.0,171.0,1,92.15,0.75347507,0.13,27.72,374.706,4.5,29.059511,1
1,2015-01-01 00:00:00+00:00,109,2015-01-05 13:00:00+00:00,37.74,0.0,0.0,0.0,0.3,0.5,1.0,0.0,4.0,5.0,1.45,Kjela_G1,Kjela,20.6,60.0,60.0,171.0,171.0,1,92.15,0.75347507,0.13,27.72,374.706,4.4900002,29.059511,1
1,2015-01-01 00:00:00+00:00,110,2015-01-05 14:00:00+00:00,43.1,0.0,0.0,0.0,0.3,0.5,1.0,0.0,4.0,5.0,1.45,Kjela_G1,Kjela,20.6,60.0,60.0,171.0,171.0,1,92.15,0.75347507,0.13,27.72,374.706,4.47,29.059511,1
1,2015-01-01 00:00:00+00:00,111,2015-01-05 15:00:00+00:00,46.7,0.0,0.0,0.0,0.3,0.5,1.0,0.0,4.0,5.0,1.44,Kjela_G1,Kjela,20.6,60.0,60.0,171.0,171.0,1,92.15,0.75347507,0.13,27.72,374.706,4.44,29.059511,1
1,2015-01-01 00:00:00+00:00,112,2015-01-05 16:00:00+00:00,56.78,0.0,0.0,0.0,0.3,0.5,1.0,0.0,4.0,5.0,1.44,Kjela_G1,Kjela,20.6,60.0,60.0,171.0,171.0,1,92.15,0.75347507,0.13,27.72,374.706,4.42,29.059511,1
1,2015-01-01 00:00:00+00:00,113,2015-01-05 17:00:00+00:00,36.49,0.0,0.0,0.0,0.3,0.5,1.0,0.0,4.0,5.0,1.45,Kjela_G1,Kjela,20.6,60.0,60.0,171.0,171.0,1,92.15,0.75347507,0.13,27.72,374.706,4.3999996,29.059511,1
1,2015-01-01 00:00:00+00:00,114,2015-01-05 18:00:00+00:00,32.43,0.0,0.0,0.0,0.3,0.5,1.0,0.0,4.0,5.0,1.44,Kjela_G1,Kjela,20.6,60.0,60.0,171.0,171.0,1,92.15,0.75347507,0.13,27.72,374.706,4.39,29.059511,1
1,2015-01-01 00:00:00+00:00,115,2015-01-05 19:00:00+00:00,31.39,0.0,0.0,0.0,0.3,0.5,1.0,0.0,4.0,5.0,1.43,Kjela_G1,Kjela,20.6,60.0,60.0,171.0,171.0,1,92.15,0.75347507,0.13,27.72,374.706,4.3799996,29.059511,1
1,2015-01-01 00:00:00+00:00,116,2015-01-05 20:00:00+00:00,30.29,0.0,0.0,0.0,0.3,0.5,1.0,0.0,4.0,5.0,1.43,Kjela_G1,Kjela,20.6,60.0,60.0,171.0,171.0,1,92.15,0.75347507,0.13,27.72,374.706,4.37,29.059511,1
1,2015-01-01 00:00:00+00:00,117,2015-01-05 21:00:00+00:00,29.43,0.0,0.0,0.0,0.3,0.5,1.0,0.0,4.0,5.0,1.43,Kjela_G1,Kjela,20.6,60.0,60.0,171.0,171.0,1,92.15,0.75347507,0.13,27.72,374.706,4.34,29.059511,1
1,2015-01-01 00:00:00+00:00,118,2015-01-05 22:00:00+00:00,29.09,0.0,0.0,0.0,0.3,0.5,1.0,0.0,4.0,5.0,1.44,Kjela_G1,Kjela,20.6,60.0,60.0,171.0,171.0,1,92.15,0.75347507,0.13,27.72,374.706,4.35,29.059511,1
1,2015-01-01 00:00:00+00:00,119,2015-01-05 23:00:00+00:00,28.08,0.0,0.0,0.0,0.3,0.5,1.0,0.0,4.0,5.0,1.44,Kjela_G1,Kjela,20.6,60.0,60.0,171.0,171.0,1,92.15,0.75347507,0.13,27.72,374.706,4.33,29.059511,1
1,2015-01-01 00:00:00+00:00,120,2015-01-06 00:00:00+00:00,27.94,0.0,0.0,0.0,0.3,0.5,1.0,0.0,4.0,5.0,1.44,Kjela_G1,Kjela,20.6,60.0,60.0,171.0,171.0,1,92.15,0.75347507,0.13,27.72,374.706,4.3199997,29.059511,1
1,2015-01-01 00:00:00+00:00,121,2015-01-06 01:00:00+00:00,27.91,0.0,0.0,0.0,0.3,0.5,1.0,0.0,4.0,5.0,1.44,Kjela_G1,Kjela,20.6,60.0,60.0,171.0,171.0,1,92.15,0.75347507,0.13,27.72,374.706,4.31,29.059511,1
1,2015-01-01 00:00:00+00:00,122,2015-01-06 02:00:00+00:00,27.89,0.0,0.0,0.0,0.3,0.5,1.0,0.0,4.0,5.0,1.44,Kjela_G1,Kjela,20.6,60.0,60.0,171.0,171.0,1,92.15,0.75347507,0.13,27.72,374.706,4.3,29.059511,1
1,2015-01-01 00:00:00+00:00,123,2015-01-06 03:00:00+00:00,27.89,0.0,0.0,0.0,0.3,0.5,1.0,0.0,4.0,5.0,1.44,Kjela_G1,Kjela,20.6,60.0,60.0,171.0,171.0,1,92.15,0.75347507,0.13,27.72,374.706,4.29,29.059511,1
1,2015-01-01 00:00:00+00:00,124,2015-01-06 04:00:00+00:00,28.01,0.0,0.0,0.0,0.3,0.5,1.0,0.0,4.0,5.0,1.44,Kjela_G1,Kjela,20.6,60.0,60.0,171.0,171.0,1,92.15,0.75347507,0.13,27.72,374.706,4.29,29.059511,1
1,2015-01-01 00:00:00+00:00,125,2015-01-06 05:00:00+00:00,28.73,0.0,0.0,0.0,0.3,0.5,1.0,0.0,4.0,5.0,1.44,Kjela_G1,Kjela,20.6,60.0,60.0,171.0,171.0,1,92.15,0.75347507,0.13,27.72,374.706,4.27,29.059511,1
1,2015-01-01 00:00:00+00:00,126,2015-01-06 06:00:00+00:00,30.03,0.0,0.0,0.0,0.3,0.5,1.0,0.0,4.0,5.0,1.43,Kjela_G1,Kjela,20.6,60.0,60.0,171.0,171.0,1,92.15,0.75347507,0.13,27.72,374.706,4.2599998,29.059511,1
1,2015-01-01 00:00:00+00:00,127,2015-01-06 07:00:00+00:00,30.5,0.0,0.0,0.0,0.3,0.5,1.0,0.0,4.0,5.0,1.42,Kjela_G1,Kjela,20.6,60.0,60.0,171.0,171.0,1,92.15,0.75347507,0.13,27.72,374.706,4.25,29.059511,1
1,2015-01-01 00:00:00+00:00,128,2015-01-06 08:00:00+00:00,30.35,0.0,0.0,0.0,0.3,0.5,1.0,0.0,4.0,5.0,1.42,Kjela_G1,Kjela,20.6,60.0,60.0,171.0,171.0,1,92.15,0.75347507,0.13,27.72,374.706,4.23,29.059511,1
1,2015-01-01 00:00:00+00:00,129,2015-01-06 09:00:00+00:00,30.53,0.0,0.0,0.0,0.3,0.5,1.0,0.0,4.0,5.0,1.42,Kjela_G1,Kjela,20.6,60.0,60.0,171.0,171.0,1,92.15,0.75347507,0.13,27.72,374.706,4.23,29.059511,1
1,2015-01-01 00:00:00+00:00,130,2015-01-06 10:00:00+00:00,29.91,0.0,0.0,0.0,0.3,0.5,1.0,0.0,4.0,5.0,1.43,Kjela_G1,Kjela,20.6,60.0,60.0,171.0,171.0,1,92.15,0.75347507,0.13,27.72,374.706,4.24,29.059511,1
1,2015-01-01 00:00:00+00:00,131,2015-01-06 11:00:00+00:00,29.62,0.0,0.0,0.0,0.3,0.5,1.0,0.0,4.0,5.0,1.41,Kjela_G1,Kjela,20.6,60.0,60.0,171.0,171.0,1,92.15,0.75347507,0.13,27.72,374.706,4.21,29.059511,1
1,2015-01-01 00:00:00+00:00,132,2015-01-06 12:00:00+00:00,29.58,0.0,0.0,0.0,0.3,0.5,1.0,0.0,4.0,5.0,1.4,Kjela_G1,Kjela,20.6,60.0,60.0,171.0,171.0,1,92.15,0.75347507,0.13,27.72,374.706,4.2,29.059511,1
1,2015-01-01 00:00:00+00:00,133,2015-01-06 13:00:00+00:00,29.57,0.0,0.0,0.0,0.3,0.5,1.0,0.0,4.0,5.0,1.41,Kjela_G1,Kjela,20.6,60.0,60.0,171.0,171.0,1,92.15,0.75347507,0.13,27.72,374.706,4.21,29.059511,1
1,2015-01-01 00:00:00+00:00,134,2015-01-06 14:00:00+00:00,29.62,0.0,0.0,0.0,0.3,0.5,1.0,0.0,4.0,5.0,1.41,Kjela_G1,Kjela,20.6,60.0,60.0,171.0,171.0,1,92.15,0.75347507,0.13,27.72,374.706,4.2,29.059511,1
1,2015-01-01 00:00:00+00:00,135,2015-01-06 15:00:00+00:00,29.99,0.0,0.0,0.0,0.3,0.5,1.0,0.0,4.0,5.0,1.41,Kjela_G1,Kjela,20.6,60.0,60.0,171.0,171.0,1,92.15,0.75347507,0.13,27.72,374.706,4.1899996,29.059511,1
1,2015-01-01 00:00:00+00:00,136,2015-01-06 16:00:00+00:00,29.65,0.0,0.0,0.0,0.3,0.5,1.0,0.0,4.0,5.0,1.41,Kjela_G1,Kjela,20.6,60.0,60.0,171.0,171.0,1,92.15,0.75347507,0.13,27.72,374.706,4.1800003,29.059511,1
1,2015-01-01 00:00:00+00:00,137,2015-01-06 17:00:00+00:00,29.58,0.0,0.0,0.0,0.3,0.5,1.0,0.0,4.0,5.0,1.4,Kjela_G1,Kjela,20.6,60.0,60.0,171.0,171.0,1,92.15,0.75347507,0.13,27.72,374.706,4.17,29.059511,1
1,2015-01-01 00:00:00+00:00,138,2015-01-06 18:00:00+00:00,29.0,0.0,0.0,0.0,0.3,0.5,1.0,0.0,4.0,5.0,1.4,Kjela_G1,Kjela,20.6,60.0,60.0,171.0,171.0,1,92.15,0.75347507,0.13,27.72,374.706,4.16,29.059511,1
1,2015-01-01 00:00:00+00:00,139,2015-01-06 19:00:00+00:00,28.45,0.0,0.0,0.0,0.3,0.5,1.0,0.0,4.0,5.0,1.4,Kjela_G1,Kjela,20.6,60.0,60.0,171.0,171.0,1,92.15,0.75347507,0.13,27.72,374.706,4.17,29.059511,1
1,2015-01-01 00:00:00+00:00,140,2015-01-06 20:00:00+00:00,28.15,0.0,0.0,0.0,0.3,0.5,1.0,0.0,4.0,5.0,1.38,Kjela_G1,Kjela,20.6,60.0,60.0,171.0,171.0,1,92.15,0.75347507,0.13,27.72,374.706,4.16,29.059511,0
1,2015-01-01 00:00:00+00:00,141,2015-01-06 21:00:00+00:00,27.73,0.0,0.0,0.0,0.3,0.5,1.0,0.0,4.0,5.0,1.4,Kjela_G1,Kjela,20.6,60.0,60.0,171.0,171.0,1,92.15,0.75347507,0.13,27.72,374.706,4.17,29.059511,0
1,2015-01-01 00:00:00+00:00,142,2015-01-06 22:00:00+00:00,27.32,0.0,0.0,0.0,0.3,0.5,1.0,0.0,4.0,5.0,1.39,Kjela_G1,Kjela,20.6,60.0,60.0,171.0,171.0,1,92.15,0.75347507,0.13,27.72,374.706,4.18,29.059511,0
1,2015-01-01 00:00:00+00:00,143,2015-01-06 23:00:00+00:00,26.35,0.0,0.0,0.0,0.3,0.5,1.0,0.0,4.0,5.0,1.31,Kjela_G1,Kjela,20.6,60.0,60.0,171.0,171.0,1,92.15,0.75347507,0.12,27.72,374.706,4.09,29.059511,0
1,2015-01-01 00:00:00+00:00,144,2015-01-07 00:00:00+00:00,26.08,0.0,0.0,0.0,0.3,0.5,1.0,0.0,4.0,5.0,1.29,Kjela_G1,Kjela,20.6,60.0,60.0,171.0,171.0,1,92.15,0.75347507,0.12,27.72,374.706,4.1400003,29.059511,0
1,2015-01-01 00:00:00+00:00,145,2015-01-07 01:00:00+00:00,26.03,0.0,0.0,0.0,0.3,0.5,1.0,0.0,4.0,5.0,1.29,Kjela_G1,Kjela,20.6,60.0,60.0,171.0,171.0,1,92.15,0.75347507,0.12,27.72,374.706,4.1099997,29.059511,0
1,2015-01-01 00:00:00+00:00,146,2015-01-07 02:00:00+00:00,26.17,0.0,0.0,0.0,0.3,0.5,1.0,0.0,4.0,5.0,1.27,Kjela_G1,Kjela,20.6,60.0,60.0,171.0,171.0,1,92.15,0.75347507,0.12,27.72,374.706,4.11,29.059511,0
1,2015-01-01 00:00:00+00:00,147,2015-01-07 03:00:00+00:00,26.74,0.0,0.0,0.0,0.3,0.5,1.0,0.0,4.0,5.0,1.27,Kjela_G1,Kjela,20.6,60.0,60.0,171.0,171.0,1,92.15,0.75347507,0.12,27.72,374.706,4.1099997,29.059511,0
1,2015-01-01 00:00:00+00:00,148,2015-01-07 04:00:00+00:00,27.78,0.0,0.0,0.0,0.3,0.5,1.0,0.0,4.0,5.0,1.27,Kjela_G1,Kjela,20.6,60.0,60.0,171.0,171.0,1,92.15,0.75347507,0.12,27.72,374.706,4.1,29.059511,0
1,2015-01-01 00:00:00+00:00,149,2015-01-07 05:00:00+00:00,28.48,0.0,0.0,0.0,0.3,0.5,1.0,0.0,4.0,5.0,1.27,Kjela_G1,Kjela,20.6,60.0,60.0,171.0,171.0,1,92.15,0.75347507,0.12,27.72,374.706,4.1,29.059511,1
1,2015-01-01 00:00:00+00:00,150,2015-01-07 06:00:00+00:00,31.53,0.0,0.0,0.0,0.3,0.5,1.0,0.0,4.0,5.0,1.27,Kjela_G1,Kjela,20.6,60.0,60.0,171.0,171.0,1,92.15,0.75347507,0.12,27.72,374.706,4.0699997,29.059511,1
1,2015-01-01 00:00:00+00:00,151,2015-01-07 07:00:00+00:00,32.54,0.0,0.0,0.0,0.3,0.5,1.0,0.0,4.0,5.0,1.27,Kjela_G1,Kjela,20.6,60.0,60.0,171.0,171.0,1,92.15,0.75347507,0.12,27.72,374.706,4.06,29.059511,1
1,2015-01-01 00:00:00+00:00,152,2015-01-07 08:00:00+00:00,32.24,0.0,0.0,0.0,0.3,0.5,1.0,0.0,4.0,5.0,1.26,Kjela_G1,Kjela,20.6,60.0,60.0,171.0,171.0,1,92.15,0.75347507,0.12,27.72,374.706,4.05,29.059511,1
1,2015-01-01 00:00:00+00:00,153,2015-01-07 09:00:00+00:00,31.96,0.0,0.0,0.0,0.3,0.5,1.0,0.0,4.0,5.0,1.25,Kjela_G1,Kjela,20.6,60.0,60.0,171.0,171.0,1,92.15,0.75347507,0.12,27.72,374.706,4.04,29.059511,1
1,2015-01-01 00:00:00+00:00,154,2015-01-07 10:00:00+00:00,31.66,0.0,0.0,0.0,0.3,0.5,1.0,0.0,4.0,5.0,1.25,Kjela_G1,Kjela,20.6,60.0,60.0,171.0,171.0,1,92.15,0.75347507,0.12,27.72,374.706,4.0299997,29.059511,1
1,2015-01-01 00:00:00+00:00,155,2015-01-07 11:00:00+00:00,30.97,0.0,0.0,0.0,0.3,0.5,1.0,0.0,4.0,5.0,1.25,Kjela_G1,Kjela,20.6,60.0,60.0,171.0,171.0,1,92.15,0.75347507,0.12,27.72,374.706,4.02,29.059511,1
1,2015-01-01 00:00:00+00:00,156,2015-01-07 12:00:00+00:00,30.65,0.0,0.0,0.0,0.3,0.5,1.0,0.0,4.0,5.0,1.25,Kjela_G1,Kjela,20.6,60.0,60.0,171.0,171.0,1,92.15,0.75347507,0.12,27.72,374.706,4.01,29.059511,1
1,2015-01-01 00:00:00+00:00,157,2015-01-07 13:00:00+00:00,30.31,0.0,0.0,0.0,0.3,0.5,1.0,0.0,4.0,5.0,1.23,Kjela_G1,Kjela,20.6,60.0,60.0,171.0,171.0,1,92.15,0.75347507,0.11,27.72,374.706,3.98,29.059511,1
1,2015-01-01 00:00:00+00:00,158,2015-01-07 14:00:00+00:00,29.79,0.0,0.0,0.0,0.3,0.5,1.0,0.0,4.0,5.0,1.23,Kjela_G1,Kjela,20.6,60.0,60.0,171.0,171.0,1,92.15,0.75347507,0.11,27.72,374.706,3.97,29.059511,1
1,2015-01-01 00:00:00+00:00,159,2015-01-07 15:00:00+00:00,30.72,0.0,0.0,0.0,0.3,0.5,1.0,0.0,4.0,5.0,1.21,Kjela_G1,Kjela,20.6,60.0,60.0,171.0,171.0,1,92.15,0.75347507,0.11,27.72,374.706,3.94,29.059511,1
1,2015-01-01 00:00:00+00:00,160,2015-01-07 16:00:00+00:00,29.56,0.0,0.0,0.0,0.3,0.5,1.0,0.0,4.0,5.0,1.2,Kjela_G1,Kjela,20.6,60.0,60.0,171.0,171.0,1,92.15,0.75347507,0.11,27.72,374.706,3.94,29.059511,1
1,2015-01-01 00:00:00+00:00,161,2015-01-07 17:00:00+00:00,28.84,0.0,0.0,0.0,0.3,0.5,1.0,0.0,4.0,5.0,1.2,Kjela_G1,Kjela,20.6,60.0,60.0,171.0,171.0,1,92.15,0.75347507,0.11,27.72,374.706,3.93,29.059511,1
1,2015-01-01 00:00:00+00:00,162,2015-01-07 18:00:00+00:00,28.2,0.0,0.0,0.0,0.3,0.5,1.0,0.0,4.0,5.0,1.2,Kjela_G1,Kjela,20.6,60.0,60.0,171.0,171.0,1,92.15,0.75347507,0.11,27.72,374.706,3.92,29.059511,0
1,2015-01-01 00:00:00+00:00,163,2015-01-07 19:00:00+00:00,27.75,0.0,0.0,0.0,0.3,0.5,1.0,0.0,4.0,5.0,1.2,Kjela_G1,Kjela,20.6,60.0,60.0,171.0,171.0,1,92.15,0.75347507,0.11,27.72,374.706,3.9,29.059511,0
1,2015-01-01 00:00:00+00:00,164,2015-01-07 20:00:00+00:00,27.42,0.0,0.0,0.0,0.3,0.5,1.0,0.0,4.0,5.0,1.21,Kjela_G1,Kjela,20.6,60.0,60.0,171.0,171.0,1,92.15,0.75347507,0.11,27.72,374.706,3.91,29.059511,0
1,2015-01-01 00:00:00+00:00,165,2015-01-07 21:00:00+00:00,26.68,0.0,0.0,0.0,0.3,0.5,1.0,0.0,4.0,5.0,1.22,Kjela_G1,Kjela,20.6,60.0,60.0,171.0,171.0,1,92.15,0.75347507,0.11,27.72,374.706,3.92,29.059511,0
1,2015-01-01 00:00:00+00:00,166,2015-01-07 22:00:00+00:00,26.15,0.0,0.0,0.0,0.3,0.5,1.0,0.0,4.0,5.0,1.21,Kjela_G1,Kjela,20.6,60.0,60.0,171.0,171.0,1,92.15,0.75347507,0.11,27.72,374.706,3.91,29.059511,0
1,2015-01-01 00:00:00+00:00,167,2015-01-07 23:00:00+00:00,26.04,0.0,0.0,0.0,0.3,0.5,1.0,0.0,4.0,5.0,1.19,Kjela_G1,Kjela,20.6,60.0,60.0,171.0,171.0,1,92.15,0.75347507,0.11,27.72,374.706,3.8999999,29.059511,0
1,2015-01-01 00:00:00+00:00,0,2015-01-01 00:00:00+00:00,27.07,0.0,0.0,0.0,0.3,0.5,1.0,0.0,4.0,5.0,1.01,Vesle Kjela_G1,Vesle Kjela,2.9,8.5,8.5,92.0,92.0,1,42.352,0.5012071,1.06,36.11,59.824,1.8699999,36.11,0
1,2015-01-01 00:00:00+00:00,1,2015-01-01 01:00:00+00:00,26.93,0.0,0.0,0.0,0.3,0.5,1.0,0.0,4.0,5.0,1.0,Vesle Kjela_G1,Vesle Kjela,2.9,8.5,8.5,92.0,92.0,1,42.352,0.5012071,1.06,36.11,59.824,1.8799999,36.11,0
1,2015-01-01 00:00:00+00:00,2,2015-01-01 02:00:00+00:00,26.83,0.0,0.0,0.0,0.3,0.5,1.0,0.0,4.0,5.0,1.01,Vesle Kjela_G1,Vesle Kjela,2.9,8.5,8.5,92.0,92.0,1,42.352,0.5012071,1.06,36.11,59.824,1.8799999,36.11,0
1,2015-01-01 00:00:00+00:00,3,2015-01-01 03:00:00+00:00,26.81,0.0,0.0,0.0,0.3,0.5,1.0,0.0,4.0,5.0,1.0,Vesle Kjela_G1,Vesle Kjela,2.9,8.5,8.5,92.0,92.0,1,42.352,0.5012071,1.06,36.11,59.824,1.8699999,36.11,0
1,2015-01-01 00:00:00+00:00,4,2015-01-01 04:00:00+00:00,26.97,0.0,0.0,0.0,0.3,0.5,1.0,0.0,4.0,5.0,0.99,Vesle Kjela_G1,Vesle Kjela,2.9,8.5,8.5,92.0,92.0,1,42.352,0.5012071,1.05,36.11,59.824,1.8599999,36.11,0
1,2015-01-01 00:00:00+00:00,5,2015-01-01 05:00:00+00:00,27.07,0.0,0.0,0.0,0.3,0.5,1.0,0.0,4.0,5.0,1.0,Vesle Kjela_G1,Vesle Kjela,2.9,8.5,8.5,92.0,92.0,1,42.352,0.5012071,1.05,36.11,59.824,1.8699999,36.11,0
1,2015-01-01 00:00:00+00:00,6,2015-01-01 06:00:00+00:00,26.8,0.0,0.0,0.0,0.3,0.5,1.0,0.0,4.0,5.0,1.0,Vesle Kjela_G1,Vesle Kjela,2.9,8.5,8.5,92.0,92.0,1,42.352,0.5012071,1.05,36.11,59.824,1.8799999,36.11,0
1,2015-01-01 00:00:00+00:00,7,2015-01-01 07:00:00+00:00,26.97,0.0,0.0,0.0,0.3,0.5,1.0,0.0,4.0,5.0,1.0,Vesle Kjela_G1,Vesle Kjela,2.9,8.5,8.5,92.0,92.0,1,42.352,0.5012071,1.05,36.11,59.824,1.8899999,36.11,0
1,2015-01-01 00:00:00+00:00,8,2015-01-01 08:00:00+00:00,26.98,0.0,0.0,0.0,0.3,0.5,1.0,0.0,4.0,5.0,1.0,Vesle Kjela_G1,Vesle Kjela,2.9,8.5,8.5,92.0,92.0,1,42.352,0.5012071,1.06,36.11,59.824,1.91,36.11,0
1,2015-01-01 00:00:00+00:00,9,2015-01-01 09:00:00+00:00,27.06,0.0,0.0,0.0,0.3,0.5,1.0,0.0,4.0,5.0,1.0,Vesle Kjela_G1,Vesle Kjela,2.9,8.5,8.5,92.0,92.0,1,42.352,0.5012071,1.07,36.11,59.824,1.9200001,36.11,0
1,2015-01-01 00:00:00+00:00,10,2015-01-01 10:00:00+00:00,27.13,0.0,0.0,0.0,0.3,0.5,1.0,0.0,4.0,5.0,1.02,Vesle Kjela_G1,Vesle Kjela,2.9,8.5,8.5,92.0,92.0,1,42.352,0.5012071,1.08,36.11,59.824,1.94,36.11,0
1,2015-01-01 00:00:00+00:00,11,2015-01-01 11:00:00+00:00,27.09,0.0,0.0,0.0,0.3,0.5,1.0,0.0,4.0,5.0,1.01,Vesle Kjela_G1,Vesle Kjela,2.9,8.5,8.5,92.0,92.0,1,42.352,0.5012071,1.09,36.11,59.824,1.97,36.11,0
1,2015-01-01 00:00:00+00:00,12,2015-01-01 12:00:00+00:00,27.01,0.0,0.0,0.0,0.3,0.5,1.0,0.0,4.0,5.0,1.03,Vesle Kjela_G1,Vesle Kjela,2.9,8.5,8.5,92.0,92.0,1,42.352,0.5012071,1.09,36.11,59.824,1.98,36.11,0
1,2015-01-01 00:00:00+00:00,13,2015-01-01 13:00:00+00:00,26.98,0.0,0.0,0.0,0.3,0.5,1.0,0.0,4.0,5.0,1.03,Vesle Kjela_G1,Vesle Kjela,2.9,8.5,8.5,92.0,92.0,1,42.352,0.5012071,1.08,36.11,59.824,1.98,36.11,0
1,2015-01-01 00:00:00+00:00,14,2015-01-01 14:00:00+00:00,27.51,0.0,0.0,0.0,0.3,0.5,1.0,0.0,4.0,5.0,1.06,Vesle Kjela_G1,Vesle Kjela,2.9,8.5,8.5,92.0,92.0,1,42.352,0.5012071,1.09,36.11,59.824,1.99,36.11,0
1,2015-01-01 00:00:00+00:00,15,2015-01-01 15:00:00+00:00,28.32,0.0,0.0,0.0,0.3,0.5,1.0,0.0,4.0,5.0,1.06,Vesle Kjela_G1,Vesle Kjela,2.9,8.5,8.5,92.0,92.0,1,42.352,0.5012071,1.08,36.11,59.824,2.0,36.11,0
1,2015-01-01 00:00:00+00:00,16,2015-01-01 16:00:00+00:00,28.36,0.0,0.0,0.0,0.3,0.5,1.0,0.0,4.0,5.0,1.07,Vesle Kjela_G1,Vesle Kjela,2.9,8.5,8.5,92.0,92.0,1,42.352,0.5012071,1.08,36.11,59.824,1.99,36.11,0
1,2015-01-01 00:00:00+00:00,17,2015-01-01 17:00:00+00:00,28.18,0.0,0.0,0.0,0.3,0.5,1.0,0.0,4.0,5.0,1.1,Vesle Kjela_G1,Vesle Kjela,2.9,8.5,8.5,92.0,92.0,1,42.352,0.5012071,1.08,36.11,59.824,1.99,36.11,0
1,2015-01-01 00:00:00+00:00,18,2015-01-01 18:00:00+00:00,27.81,0.0,0.0,0.0,0.3,0.5,1.0,0.0,4.0,5.0,1.11,Vesle Kjela_G1,Vesle Kjela,2.9,8.5,8.5,92.0,92.0,1,42.352,0.5012071,1.09,36.11,59.824,2.03,36.11,0
1,2015-01-01 00:00:00+00:00,19,2015-01-01 19:00:00+00:00,27.46,0.0,0.0,0.0,0.3,0.5,1.0,0.0,4.0,5.0,1.12,Vesle Kjela_G1,Vesle Kjela,2.9,8.5,8.5,92.0,92.0,1,42.352,0.5012071,1.09,36.11,59.824,2.04,36.11,0
1,2015-01-01 00:00:00+00:00,20,2015-01-01 20:00:00+00:00,27.06,0.0,0.0,0.0,0.3,0.5,1.0,0.0,4.0,5.0,1.13,Vesle Kjela_G1,Vesle Kjela,2.9,8.5,8.5,92.0,92.0,1,42.352,0.5012071,1.12,36.11,59.824,2.07,36.11,0
1,2015-01-01 00:00:00+00:00,21,2015-01-01 21:00:00+00:00,27.0,0.0,0.0,0.0,0.3,0.5,1.0,0.0,4.0,5.0,1.16,Vesle Kjela_G1,Vesle Kjela,2.9,8.5,8.5,92.0,92.0,1,42.352,0.5012071,1.14,36.11,59.824,2.09,36.11,0
1,2015-01-01 00:00:00+00:00,22,2015-01-01 22:00:00+00:00,26.83,0.0,0.0,0.0,0.3,0.5,1.0,0.0,4.0,5.0,1.2,Vesle Kjela_G1,Vesle Kjela,2.9,8.5,8.5,92.0,92.0,1,42.352,0.5012071,1.16,36.11,59.824,2.12,36.11,0
1,2015-01-01 00:00:00+00:00,23,2015-01-01 23:00:00+00:00,26.71,0.0,0.0,0.0,0.3,0.5,1.0,0.0,4.0,5.0,1.24,Vesle Kjela_G1,Vesle Kjela,2.9,8.5,8.5,92.0,92.0,1,42.352,0.5012071,1.16,36.11,59.824,2.1399999,36.11,0
1,2015-01-01 00:00:00+00:00,24,2015-01-02 00:00:00+00:00,26.41,0.0,0.0,0.0,0.3,0.5,1.0,0.0,4.0,5.0,1.26,Vesle Kjela_G1,Vesle Kjela,2.9,8.5,8.5,92.0,92.0,1,42.352,0.5012071,1.2,36.11,59.824,2.23,36.11,0
1,2015-01-01 00:00:00+00:00,25,2015-01-02 01:00:00+00:00,26.2,0.0,0.0,0.0,0.3,0.5,1.0,0.0,4.0,5.0,1.3,Vesle Kjela_G1,Vesle Kjela,2.9,8.5,8.5,92.0,92.0,1,42.352,0.5012071,1.22,36.11,59.824,2.3200002,36.11,0
1,2015-01-01 00:00:00+00:00,26,2015-01-02 02:00:00+00:00,25.6,0.0,0.0,0.0,0.3,0.5,1.0,0.0,4.0,5.0,1.52,Vesle Kjela_G1,Vesle Kjela,2.9,8.5,8.5,92.0,92.0,1,42.352,0.5012071,1.26,36.11,59.824,2.48,36.11,0
1,2015-01-01 00:00:00+00:00,27,2015-01-02 03:00:00+00:00,24.74,0.0,0.0,0.0,0.3,0.5,1.0,0.0,4.0,5.0,1.7,Vesle Kjela_G1,Vesle Kjela,2.9,8.5,8.5,92.0,92.0,1,42.352,0.5012071,1.3,36.11,59.824,2.62,36.11,0
1,2015-01-01 00:00:00+00:00,28,2015-01-02 04:00:00+00:00,26.1,0.0,0.0,0.0,0.3,0.5,1.0,0.0,4.0,5.0,1.75,Vesle Kjela_G1,Vesle Kjela,2.9,8.5,8.5,92.0,92.0,1,42.352,0.5012071,1.34,36.11,59.824,2.68,36.11,0
1,2015-01-01 00:00:00+00:00,29,2015-01-02 05:00:00+00:00,27.25,0.0,0.0,0.0,0.3,0.5,1.0,0.0,4.0,5.0,1.65,Vesle Kjela_G1,Vesle Kjela,2.9,8.5,8.5,92.0,92.0,1,42.352,0.5012071,1.34,36.11,59.824,2.66,36.11,0
1,2015-01-01 00:00:00+00:00,30,2015-01-02 06:00:00+00:00,28.37,0.0,0.0,0.0,0.3,0.5,1.0,0.0,4.0,5.0,1.71,Vesle Kjela_G1,Vesle Kjela,2.9,8.5,8.5,92.0,92.0,1,42.352,0.5012071,1.36,36.11,59.824,2.68,36.11,0
1,2015-01-01 00:00:00+00:00,31,2015-01-02 07:00:00+00:00,28.37,0.0,0.0,0.0,0.3,0.5,1.0,0.0,4.0,5.0,1.92,Vesle Kjela_G1,Vesle Kjela,2.9,8.5,8.5,92.0,92.0,1,42.352,0.5012071,1.38,36.11,59.824,2.6799998,36.11,0
1,2015-01-01 00:00:00+00:00,32,2015-01-02 08:00:00+00:00,28.32,0.0,0.0,0.0,0.3,0.5,1.0,0.0,4.0,5.0,2.18,Vesle Kjela_G1,Vesle Kjela,2.9,8.5,8.5,92.0,92.0,1,42.352,0.5012071,1.38,36.11,59.824,2.6599998,36.11,0
1,2015-01-01 00:00:00+00:00,33,2015-01-02 09:00:00+00:00,28.3,0.0,0.0,0.0,0.3,0.5,1.0,0.0,4.0,5.0,2.33,Vesle Kjela_G1,Vesle Kjela,2.9,8.5,8.5,92.0,92.0,1,42.352,0.5012071,1.42,36.11,59.824,2.6799998,36.11,0
1,2015-01-01 00:00:00+00:00,34,2015-01-02 10:00:00+00:00,28.39,0.0,0.0,0.0,0.3,0.5,1.0,0.0,4.0,5.0,2.35,Vesle Kjela_G1,Vesle Kjela,2.9,8.5,8.5,92.0,92.0,1,42.352,0.5012071,1.42,36.11,59.824,2.6599998,36.11,0
1,2015-01-01 00:00:00+00:00,35,2015-01-02 11:00:00+00:00,28.3,0.0,0.0,0.0,0.3,0.5,1.0,0.0,4.0,5.0,2.3,Vesle Kjela_G1,Vesle Kjela,2.9,8.5,8.5,92.0,92.0,1,42.352,0.5012071,1.45,36.11,59.824,2.69,36.11,0
1,2015-01-01 00:00:00+00:00,36,2015-01-02 12:00:00+00:00,28.24,0.0,0.0,0.0,0.3,0.5,1.0,0.0,4.0,5.0,2.23,Vesle Kjela_G1,Vesle Kjela,2.9,8.5,8.5,92.0,92.0,1,42.352,0.5012071,1.46,36.11,59.824,2.75,36.11,0
1,2015-01-01 00:00:00+00:00,37,2015-01-02 13:00:00+00:00,28.12,0.0,0.0,0.0,0.3,0.5,1.0,0.0,4.0,5.0,2.2,Vesle Kjela_G1,Vesle Kjela,2.9,8.5,8.5,92.0,92.0,1,42.352,0.5012071,1.48,36.11,59.824,2.75,36.11,0
1,2015-01-01 00:00:00+00:00,38,2015-01-02 14:00:00+00:00,28.23,0.0,0.0,0.0,0.3,0.5,1.0,0.0,4.0,5.0,2.17,Vesle Kjela_G1,Vesle Kjela,2.9,8.5,8.5,92.0,92.0,1,42.352,0.5012071,1.5,36.11,59.824,2.79,36.11,0
1,2015-01-01 00:00:00+00:00,39,2015-01-02 15:00:00+00:00,28.59,0.0,0.0,0.0,0.3,0.5,1.0,0.0,4.0,5.0,2.14,Vesle Kjela_G1,Vesle Kjela,2.9,8.5,8.5,92.0,92.0,1,42.352,0.5012071,1.5,36.11,59.824,2.87,36.11,0
1,2015-01-01 00:00:00+00:00,40,2015-01-02 16:00:00+00:00,28.73,0.0,0.0,0.0,0.3,0.5,1.0,0.0,4.0,5.0,2.13,Vesle Kjela_G1,Vesle Kjela,2.9,8.5,8.5,92.0,92.0,1,42.352,0.5012071,1.54,36.11,59.824,2.9499998,36.11,0
1,2015-01-01 00:00:00+00:00,41,2015-01-02 17:00:00+00:00,28.48,0.0,0.0,0.0,0.3,0.5,1.0,0.0,4.0,5.0,2.05,Vesle Kjela_G1,Vesle Kjela,2.9,8.5,8.5,92.0,92.0,1,42.352,0.5012071,1.55,36.11,59.824,3.03,36.11,0
1,2015-01-01 00:00:00+00:00,42,2015-01-02 18:00:00+00:00,28.38,0.0,0.0,0.0,0.3,0.5,1.0,0.0,4.0,5.0,1.64,Vesle Kjela_G1,Vesle Kjela,2.9,8.5,8.5,92.0,92.0,1,42.352,0.5012071,1.51,36.11,59.824,3.03,36.11,0
1,2015-01-01 00:00:00+00:00,43,2015-01-02 19:00:00+00:00,27.85,0.0,0.0,0.0,0.3,0.5,1.0,0.0,4.0,5.0,2.06,Vesle Kjela_G1,Vesle Kjela,2.9,8.5,8.5,92.0,92.0,1,42.352,0.5012071,1.5,36.11,59.824,3.13,36.11,0
1,2015-01-01 00:00:00+00:00,44,2015-01-02 20:00:00+00:00,27.45,0.0,0.0,0.0,0.3,0.5,1.0,0.0,4.0,5.0,2.2,Vesle Kjela_G1,Vesle Kjela,2.9,8.5,8.5,92.0,92.0,1,42.352,0.5012071,1.55,36.11,59.824,3.26,36.11,0
1,2015-01-01 00:00:00+00:00,45,2015-01-02 21:00:00+00:00,27.2,0.0,0.0,0.0,0.3,0.5,1.0,0.0,4.0,5.0,2.38,Vesle Kjela_G1,Vesle Kjela,2.9,8.5,8.5,92.0,92.0,1,42.352,0.5012071,1.54,36.11,59.824,3.37,36.11,0
1,2015-01-01 00:00:00+00:00,46,2015-01-02 22:00:00+00:00,26.79,0.0,0.0,0.0,0.3,0.5,1.0,0.0,4.0,5.0,2.59,Vesle Kjela_G1,Vesle Kjela,2.9,8.5,8.5,92.0,92.0,1,42.352,0.5012071,1.49,36.11,59.824,3.54,36.11,0
1,2015-01-01 00:00:00+00:00,47,2015-01-02 23:00:00+00:00,25.85,0.0,0.0,0.0,0.3,0.5,1.0,0.0,4.0,5.0,2.83,Vesle Kjela_G1,Vesle Kjela,2.9,8.5,8.5,92.0,92.0,1,42.352,0.5012071,1.5,36.11,59.824,3.59,36.11,0
1,2015-01-01 00:00:00+00:00,48,2015-01-03 00:00:00+00:00,25.54,0.0,0.0,0.0,0.3,0.5,1.0,0.0,4.0,5.0,2.84,Vesle Kjela_G1,Vesle Kjela,2.9,8.5,8.5,92.0,92.0,1,42.352,0.5012071,1.6,36.11,59.824,3.63,36.11,0
1,2015-01-01 00:00:00+00:00,49,2015-01-03 01:00:00+00:00,25.43,0.0,0.0,0.0,0.3,0.5,1.0,0.0,4.0,5.0,2.77,Vesle Kjela_G1,Vesle Kjela,2.9,8.5,8.5,92.0,92.0,1,42.352,0.5012071,1.59,36.11,59.824,3.6799998,36.11,0
1,2015-01-01 00:00:00+00:00,50,2015-01-03 02:00:00+00:00,25.34,0.0,0.0,0.0,0.3,0.5,1.0,0.0,4.0,5.0,2.86,Vesle Kjela_G1,Vesle Kjela,2.9,8.5,8.5,92.0,92.0,1,42.352,0.5012071,1.57,36.11,59.824,3.69,36.11,0
1,2015-01-01 00:00:00+00:00,51,2015-01-03 03:00:00+00:00,25.29,0.0,0.0,0.0,0.3,0.5,1.0,0.0,4.0,5.0,3.02,Vesle Kjela_G1,Vesle Kjela,2.9,8.5,8.5,92.0,92.0,1,42.352,0.5012071,1.58,36.11,59.824,3.69,36.11,0
1,2015-01-01 00:00:00+00:00,52,2015-01-03 04:00:00+00:00,25.3,0.0,0.0,0.0,0.3,0.5,1.0,0.0,4.0,5.0,3.13,Vesle Kjela_G1,Vesle Kjela,2.9,8.5,8.5,92.0,92.0,1,42.352,0.5012071,1.57,36.11,59.824,3.63,36.11,0
1,2015-01-01 00:00:00+00:00,53,2015-01-03 05:00:00+00:00,25.55,0.0,0.0,0.0,0.3,0.5,1.0,0.0,4.0,5.0,3.16,Vesle Kjela_G1,Vesle Kjela,2.9,8.5,8.5,92.0,92.0,1,42.352,0.5012071,1.6,36.11,59.824,3.63,36.11,0
1,2015-01-01 00:00:00+00:00,54,2015-01-03 06:00:00+00:00,26.75,0.0,0.0,0.0,0.3,0.5,1.0,0.0,4.0,5.0,3.13,Vesle Kjela_G1,Vesle Kjela,2.9,8.5,8.5,92.0,92.0,1,42.352,0.5012071,1.59,36.11,59.824,3.5900002,36.11,0
1,2015-01-01 00:00:00+00:00,55,2015-01-03 07:00:00+00:00,26.98,0.0,0.0,0.0,0.3,0.5,1.0,0.0,4.0,5.0,3.06,Vesle Kjela_G1,Vesle Kjela,2.9,8.5,8.5,92.0,92.0,1,42.352,0.5012071,1.63,36.11,59.824,3.53,36.11,0
1,2015-01-01 00:00:00+00:00,56,2015-01-03 08:00:00+00:00,27.52,0.0,0.0,0.0,0.3,0.5,1.0,0.0,4.0,5.0,3.01,Vesle Kjela_G1,Vesle Kjela,2.9,8.5,8.5,92.0,92.0,1,42.352,0.5012071,1.62,36.11,59.824,3.45,36.11,0
1,2015-01-01 00:00:00+00:00,57,2015-01-03 09:00:00+00:00,27.72,0.0,0.0,0.0,0.3,0.5,1.0,0.0,4.0,5.0,3.0,Vesle Kjela_G1,Vesle Kjela,2.9,8.5,8.5,92.0,92.0,1,42.352,0.5012071,1.65,36.11,59.824,3.44,36.11,0
1,2015-01-01 00:00:00+00:00,58,2015-01-03 10:00:00+00:00,27.73,0.0,0.0,0.0,0.3,0.5,1.0,0.0,4.0,5.0,2.92,Vesle Kjela_G1,Vesle Kjela,2.9,8.5,8.5,92.0,92.0,1,42.352,0.5012071,1.61,36.11,59.824,3.45,36.11,0
1,2015-01-01 00:00:00+00:00,59,2015-01-03 11:00:00+00:00,27.66,0.0,0.0,0.0,0.3,0.5,1.0,0.0,4.0,5.0,2.88,Vesle Kjela_G1,Vesle Kjela,2.9,8.5,8.5,92.0,92.0,1,42.352,0.5012071,1.59,36.11,59.824,3.52,36.11,0
1,2015-01-01 00:00:00+00:00,60,2015-01-03 12:00:00+00:00,27.65,0.0,0.0,0.0,0.3,0.5,1.0,0.0,4.0,5.0,2.85,Vesle Kjela_G1,Vesle Kjela,2.9,8.5,8.5,92.0,92.0,1,42.352,0.5012071,1.57,36.11,59.824,3.5300002,36.11,0
1,2015-01-01 00:00:00+00:00,61,2015-01-03 13:00:00+00:00,27.81,0.0,0.0,0.0,0.3,0.5,1.0,0.0,4.0,5.0,2.84,Vesle Kjela_G1,Vesle Kjela,2.9,8.5,8.5,92.0,92.0,1,42.352,0.5012071,1.57,36.11,59.824,3.44,36.11,0
1,2015-01-01 00:00:00+00:00,62,2015-01-03 14:00:00+00:00,28.29,0.0,0.0,0.0,0.3,0.5,1.0,0.0,4.0,5.0,2.81,Vesle Kjela_G1,Vesle Kjela,2.9,8.5,8.5,92.0,92.0,1,42.352,0.5012071,1.58,36.11,59.824,3.35,36.11,0
1,2015-01-01 00:00:00+00:00,63,2015-01-03 15:00:00+00:00,28.6,0.0,0.0,0.0,0.3,0.5,1.0,0.0,4.0,5.0,2.75,Vesle Kjela_G1,Vesle Kjela,2.9,8.5,8.5,92.0,92.0,1,42.352,0.5012071,1.57,36.11,59.824,3.31,36.11,0
1,2015-01-01 00:00:00+00:00,64,2015-01-03 16:00:00+00:00,28.88,0.0,0.0,0.0,0.3,0.5,1.0,0.0,4.0,5.0,2.69,Vesle Kjela_G1,Vesle Kjela,2.9,8.5,8.5,92.0,92.0,1,42.352,0.5012071,1.56,36.11,59.824,3.29,36.11,0
1,2015-01-01 00:00:00+00:00,65,2015-01-03 17:00:00+00:00,28.78,0.0,0.0,0.0,0.3,0.5,1.0,0.0,4.0,5.0,2.65,Vesle Kjela_G1,Vesle Kjela,2.9,8.5,8.5,92.0,92.0,1,42.352,0.5012071,1.57,36.11,59.824,3.3000002,36.11,0
1,2015-01-01 00:00:00+00:00,66,2015-01-03 18:00:00+00:00,28.54,0.0,0.0,0.0,0.3,0.5,1.0,0.0,4.0,5.0,2.6,Vesle Kjela_G1,Vesle Kjela,2.9,8.5,8.5,92.0,92.0,1,42.352,0.5012071,1.57,36.11,59.824,3.31,36.11,0
1,2015-01-01 00:00:00+00:00,67,2015-01-03 19:00:00+00:00,28.34,0.0,0.0,0.0,0.3,0.5,1.0,0.0,4.0,5.0,2.54,Vesle Kjela_G1,Vesle Kjela,2.9,8.5,8.5,92.0,92.0,1,42.352,0.5012071,1.57,36.11,59.824,3.3000002,36.11,0
1,2015-01-01 00:00:00+00:00,68,2015-01-03 20:00:00+00:00,27.93,0.0,0.0,0.0,0.3,0.5,1.0,0.0,4.0,5.0,2.47,Vesle Kjela_G1,Vesle Kjela,2.9,8.5,8.5,92.0,92.0,1,42.352,0.5012071,1.59,36.11,59.824,3.3200002,36.11,0
1,2015-01-01 00:00:00+00:00,69,2015-01-03 21:00:00+00:00,27.7,0.0,0.0,0.0,0.3,0.5,1.0,0.0,4.0,5.0,2.41,Vesle Kjela_G1,Vesle Kjela,2.9,8.5,8.5,92.0,92.0,1,42.352,0.5012071,1.59,36.11,59.824,3.33,36.11,0
1,2015-01-01 00:00:00+00:00,70,2015-01-03 22:00:00+00:00,27.25,0.0,0.0,0.0,0.3,0.5,1.0,0.0,4.0,5.0,2.33,Vesle Kjela_G1,Vesle Kjela,2.9,8.5,8.5,92.0,92.0,1,42.352,0.5012071,1.56,36.11,59.824,3.29,36.11,0
1,2015-01-01 00:00:00+00:00,71,2015-01-03 23:00:00+00:00,27.55,0.0,0.0,0.0,0.3,0.5,1.0,0.0,4.0,5.0,2.27,Vesle Kjela_G1,Vesle Kjela,2.9,8.5,8.5,92.0,92.0,1,42.352,0.5012071,1.56,36.11,59.824,3.28,36.11,0
1,2015-01-01 00:00:00+00:00,72,2015-01-04 00:00:00+00:00,27.38,0.0,0.0,0.0,0.3,0.5,1.0,0.0,4.0,5.0,2.22,Vesle Kjela_G1,Vesle Kjela,2.9,8.5,8.5,92.0,92.0,1,42.352,0.5012071,1.56,36.11,59.824,3.27,36.11,0
1,2015-01-01 00:00:00+00:00,73,2015-01-04 01:00:00+00:00,27.17,0.0,0.0,0.0,0.3,0.5,1.0,0.0,4.0,5.0,2.15,Vesle Kjela_G1,Vesle Kjela,2.9,8.5,8.5,92.0,92.0,1,42.352,0.5012071,1.54,36.11,59.824,3.24,36.11,0
1,2015-01-01 00:00:00+00:00,74,2015-01-04 02:00:00+00:00,27.03,0.0,0.0,0.0,0.3,0.5,1.0,0.0,4.0,5.0,2.1,Vesle Kjela_G1,Vesle Kjela,2.9,8.5,8.5,92.0,92.0,1,42.352,0.5012071,1.54,36.11,59.824,3.2199998,36.11,0
1,2015-01-01 00:00:00+00:00,75,2015-01-04 03:00:00+00:00,27.04,0.0,0.0,0.0,0.3,0.5,1.0,0.0,4.0,5.0,2.06,Vesle Kjela_G1,Vesle Kjela,2.9,8.5,8.5,92.0,92.0,1,42.352,0.5012071,1.53,36.11,59.824,3.19,36.11,0
1,2015-01-01 00:00:00+00:00,76,2015-01-04 04:00:00+00:00,27.19,0.0,0.0,0.0,0.3,0.5,1.0,0.0,4.0,5.0,2.01,Vesle Kjela_G1,Vesle Kjela,2.9,8.5,8.5,92.0,92.0,1,42.352,0.5012071,1.52,36.11,59.824,3.15,36.11,0
1,2015-01-01 00:00:00+00:00,77,2015-01-04 05:00:00+00:00,27.13,0.0,0.0,0.0,0.3,0.5,1.0,0.0,4.0,5.0,1.99,Vesle Kjela_G1,Vesle Kjela,2.9,8.5,8.5,92.0,92.0,1,42.352,0.5012071,1.51,36.11,59.824,3.1,36.11,0
1,2015-01-01 00:00:00+00:00,78,2015-01-04 06:00:00+00:00,27.06,0.0,0.0,0.0,0.3,0.5,1.0,0.0,4.0,5.0,1.94,Vesle Kjela_G1,Vesle Kjela,2.9,8.5,8.5,92.0,92.0,1,42.352,0.5012071,1.51,36.11,59.824,3.07,36.11,0
1,2015-01-01 00:00:00+00:00,79,2015-01-04 07:00:00+00:00,27.63,0.0,0.0,0.0,0.3,0.5,1.0,0.0,4.0,5.0,1.89,Vesle Kjela_G1,Vesle Kjela,2.9,8.5,8.5,92.0,92.0,1,42.352,0.5012071,1.51,36.11,59.824,3.03,36.11,0
1,2015-01-01 00:00:00+00:00,80,2015-01-04 08:00:00+00:00,28.03,0.0,0.0,0.0,0.3,0.5,1.0,0.0,4.0,5.0,1.84,Vesle Kjela_G1,Vesle Kjela,2.9,8.5,8.5,92.0,92.0,1,42.352,0.5012071,1.5,36.11,59.824,2.95,36.11,0
1,2015-01-01 00:00:00+00:00,81,2015-01-04 09:00:00+00:00,28.24,0.0,0.0,0.0,0.3,0.5,1.0,0.0,4.0,5.0,1.82,Vesle Kjela_G1,Vesle Kjela,2.9,8.5,8.5,92.0,92.0,1,42.352,0.5012071,1.49,36.11,59.824,2.9,36.11,0
1,2015-01-01 00:00:00+00:00,82,2015-01-04 10:00:00+00:00,28.32,0.0,0.0,0.0,0.3,0.5,1.0,0.0,4.0,5.0,1.79,Vesle Kjela_G1,Vesle Kjela,2.9,8.5,8.5,92.0,92.0,1,42.352,0.5012071,1.49,36.11,59.824,2.88,36.11,0
1,2015-01-01 00:00:00+00:00,83,2015-01-04 11:00:00+00:00,28.24,0.0,0.0,0.0,0.3,0.5,1.0,0.0,4.0,5.0,1.77,Vesle Kjela_G1,Vesle Kjela,2.9,8.5,8.5,92.0,92.0,1,42.352,0.5012071,1.48,36.11,59.824,2.8600001,36.11,0
1,2015-01-01 00:00:00+00:00,84,2015-01-04 12:00:00+00:00,28.27,0.0,0.0,0.0,0.3,0.5,1.0,0.0,4.0,5.0,1.74,Vesle Kjela_G1,Vesle Kjela,2.9,8.5,8.5,92.0,92.0,1,42.352,0.5012071,1.48,36.11,59.824,2.8400002,36.11,0
1,2015-01-01 00:00:00+00:00,85,2015-01-04 13:00:00+00:00,28.32,0.0,0.0,0.0,0.3,0.5,1.0,0.0,4.0,5.0,1.72,Vesle Kjela_G1,Vesle Kjela,2.9,8.5,8.5,92.0,92.0,1,42.352,0.5012071,1.47,36.11,59.824,2.81,36.11,0
1,2015-01-01 00:00:00+00:00,86,2015-01-04 14:00:00+00:00,28.37,0.0,0.0,0.0,0.3,0.5,1.0,0.0,4.0,5.0,1.7,Vesle Kjela_G1,Vesle Kjela,2.9,8.5,8.5,92.0,92.0,1,42.352,0.5012071,1.47,36.11,59.824,2.8000002,36.11,0
1,2015-01-01 00:00:00+00:00,87,2015-01-04 15:00:00+00:00,28.65,0.0,0.0,0.0,0.3,0.5,1.0,0.0,4.0,5.0,1.68,Vesle Kjela_G1,Vesle Kjela,2.9,8.5,8.5,92.0,92.0,1,42.352,0.5012071,1.47,36.11,59.824,2.78,36.11,0
1,2015-01-01 00:00:00+00:00,88,2015-01-04 16:00:00+00:00,28.98,0.0,0.0,0.0,0.3,0.5,1.0,0.0,4.0,5.0,1.68,Vesle Kjela_G1,Vesle Kjela,2.9,8.5,8.5,92.0,92.0,1,42.352,0.5012071,1.46,36.11,59.824,2.76,36.11,0
1,2015-01-01 00:00:00+00:00,89,2015-01-04 17:00:00+00:00,29.54,0.0,0.0,0.0,0.3,0.5,1.0,0.0,4.0,5.0,1.65,Vesle Kjela_G1,Vesle Kjela,2.9,8.5,8.5,92.0,92.0,1,42.352,0.5012071,1.45,36.11,59.824,2.74,36.11,0
1,2015-01-01 00:00:00+00:00,90,2015-01-04 18:00:00+00:00,29.42,0.0,0.0,0.0,0.3,0.5,1.0,0.0,4.0,5.0,1.64,Vesle Kjela_G1,Vesle Kjela,2.9,8.5,8.5,92.0,92.0,1,42.352,0.5012071,1.44,36.11,59.824,2.73,36.11,0
1,2015-01-01 00:00:00+00:00,91,2015-01-04 19:00:00+00:00,28.92,0.0,0.0,0.0,0.3,0.5,1.0,0.0,4.0,5.0,1.63,Vesle Kjela_G1,Vesle Kjela,2.9,8.5,8.5,92.0,92.0,1,42.352,0.5012071,1.44,36.11,59.824,2.71,36.11,0
1,2015-01-01 00:00:00+00:00,92,2015-01-04 20:00:00+00:00,28.66,0.0,0.0,0.0,0.3,0.5,1.0,0.0,4.0,5.0,1.6,Vesle Kjela_G1,Vesle Kjela,2.9,8.5,8.5,92.0,92.0,1,42.352,0.5012071,1.43,36.11,59.824,2.6999998,36.11,0
1,2015-01-01 00:00:00+00:00,93,2015-01-04 21:00:00+00:00,28.69,0.0,0.0,0.0,0.3,0.5,1.0,0.0,4.0,5.0,1.59,Vesle Kjela_G1,Vesle Kjela,2.9,8.5,8.5,92.0,92.0,1,42.352,0.5012071,1.42,36.11,59.824,2.67,36.11,0
1,2015-01-01 00:00:00+00:00,94,2015-01-04 22:00:00+00:00,28.02,0.0,0.0,0.0,0.3,0.5,1.0,0.0,4.0,5.0,1.58,Vesle Kjela_G1,Vesle Kjela,2.9,8.5,8.5,92.0,92.0,1,42.352,0.5012071,1.41,36.11,59.824,2.65,36.11,0
1,2015-01-01 00:00:00+00:00,95,2015-01-04 23:00:00+00:00,28.19,0.0,0.0,0.0,0.3,0.5,1.0,0.0,4.0,5.0,1.57,Vesle Kjela_G1,Vesle Kjela,2.9,8.5,8.5,92.0,92.0,1,42.352,0.5012071,1.41,36.11,59.824,2.6399999,36.11,0
1,2015-01-01 00:00:00+00:00,96,2015-01-05 00:00:00+00:00,28.15,0.0,0.0,0.0,0.3,0.5,1.0,0.0,4.0,5.0,1.56,Vesle Kjela_G1,Vesle Kjela,2.9,8.5,8.5,92.0,92.0,1,42.352,0.5012071,1.4,36.11,59.824,2.62,36.11,0
1,2015-01-01 00:00:00+00:00,97,2015-01-05 01:00:00+00:00,28.13,0.0,0.0,0.0,0.3,0.5,1.0,0.0,4.0,5.0,1.54,Vesle Kjela_G1,Vesle Kjela,2.9,8.5,8.5,92.0,92.0,1,42.352,0.5012071,1.39,36.11,59.824,2.6,36.11,0
1,2015-01-01 00:00:00+00:00,98,2015-01-05 02:00:00+00:00,28.05,0.0,0.0,0.0,0.3,0.5,1.0,0.0,4.0,5.0,1.53,Vesle Kjela_G1,Vesle Kjela,2.9,8.5,8.5,92.0,92.0,1,42.352,0.5012071,1.39,36.11,59.824,2.5900002,36.11,0
1,2015-01-01 00:00:00+00:00,99,2015-01-05 03:00:00+00:00,28.04,0.0,0.0,0.0,0.3,0.5,1.0,0.0,4.0,5.0,1.52,Vesle Kjela_G1,Vesle Kjela,2.9,8.5,8.5,92.0,92.0,1,42.352,0.5012071,1.38,36.11,59.824,2.5700002,36.11,0
1,2015-01-01 00:00:00+00:00,100,2015-01-05 04:00:00+00:00,28.46,0.0,0.0,0.0,0.3,0.5,1.0,0.0,4.0,5.0,1.51,Vesle Kjela_G1,Vesle Kjela,2.9,8.5,8.5,92.0,92.0,1,42.352,0.5012071,1.37,36.11,59.824,2.56,36.11,0
1,2015-01-01 00:00:00+00:00,101,2015-01-05 05:00:00+00:00,28.78,0.0,0.0,0.0,0.3,0.5,1.0,0.0,4.0,5.0,1.5,Vesle Kjela_G1,Vesle Kjela,2.9,8.5,8.5,92.0,92.0,1,42.352,0.5012071,1.37,36.11,59.824,2.55,36.11,0
1,2015-01-01 00:00:00+00:00,102,2015-01-05 06:00:00+00:00,30.99,0.0,0.0,0.0,0.3,0.5,1.0,0.0,4.0,5.0,1.48,Vesle Kjela_G1,Vesle Kjela,2.9,8.5,8.5,92.0,92.0,1,42.352,0.5012071,1.37,36.11,59.824,2.54,36.11,0
1,2015-01-01 00:00:00+00:00,103,2015-01-05 07:00:00+00:00,38.15,0.0,0.0,0.0,0.3,0.5,1.0,0.0,4.0,5.0,1.47,Vesle Kjela_G1,Vesle Kjela,2.9,8.5,8.5,92.0,92.0,1,42.352,0.5012071,1.37,36.11,59.824,2.53,36.11,1
1,2015-01-01 00:00:00+00:00,104,2015-01-05 08:00:00+00:00,41.51,0.0,0.0,0.0,0.3,0.5,1.0,0.0,4.0,5.0,1.46,Vesle Kjela_G1,Vesle Kjela,2.9,8.5,8.5,92.0,92.0,1,42.352,0.5012071,1.36,36.11,59.824,2.51,36.11,1
1,2015-01-01 00:00:00+00:00,105,2015-01-05 09:00:00+00:00,40.46,0.0,0.0,0.0,0.3,0.5,1.0,0.0,4.0,5.0,1.46,Vesle Kjela_G1,Vesle Kjela,2.9,8.5,8.5,92.0,92.0,1,42.352,0.5012071,1.36,36.11,59.824,2.51,36.11,1
1,2015-01-01 00:00:00+00:00,106,2015-01-05 10:00:00+00:00,40.97,0.0,0.0,0.0,0.3,0.5,1.0,0.0,4.0,5.0,1.45,Vesle Kjela_G1,Vesle Kjela,2.9,8.5,8.5,92.0,92.0,1,42.352,0.5012071,1.35,36.11,59.824,2.49,36.11,1
1,2015-01-01 00:00:00+00:00,107,2015-01-05 11:00:00+00:00,38.66,0.0,0.0,0.0,0.3,0.5,1.0,0.0,4.0,5.0,1.45,Vesle Kjela_G1,Vesle Kjela,2.9,8.5,8.5,92.0,92.0,1,42.352,0.5012071,1.34,36.11,59.824,2.47,36.11,1
1,2015-01-01 00:00:00+00:00,108,2015-01-05 12:00:00+00:00,36.44,0.0,0.0,0.0,0.3,0.5,1.0,0.0,4.0,5.0,1.45,Vesle Kjela_G1,Vesle Kjela,2.9,8.5,8.5,92.0,92.0,1,42.352,0.5012071,1.34,36.11,59.824,2.47,36.11,1
1,2015-01-01 00:00:00+00:00,109,2015-01-05 13:00:00+00:00,37.74,0.0,0.0,0.0,0.3,0.5,1.0,0.0,4.0,5.0,1.45,Vesle Kjela_G1,Vesle Kjela,2.9,8.5,8.5,92.0,92.0,1,42.352,0.5012071,1.33,36.11,59.824,2.46,36.11,1
1,2015-01-01 00:00:00+00:00,110,2015-01-05 14:00:00+00:00,43.1,0.0,0.0,0.0,0.3,0.5,1.0,0.0,4.0,5.0,1.45,Vesle Kjela_G1,Vesle Kjela,2.9,8.5,8.5,92.0,92.0,1,42.352,0.5012071,1.32,36.11,59.824,2.44,36.11,1
1,2015-01-01 00:00:00+00:00,111,2015-01-05 15:00:00+00:00,46.7,0.0,0.0,0.0,0.3,0.5,1.0,0.0,4.0,5.0,1.44,Vesle Kjela_G1,Vesle Kjela,2.9,8.5,8.5,92.0,92.0,1,42.352,0.5012071,1.3,36.11,59.824,2.42,36.11,1
1,2015-01-01 00:00:00+00:00,112,2015-01-05 16:00:00+00:00,56.78,0.0,0.0,0.0,0.3,0.5,1.0,0.0,4.0,5.0,1.44,Vesle Kjela_G1,Vesle Kjela,2.9,8.5,8.5,92.0,92.0,1,42.352,0.5012071,1.3,36.11,59.824,2.4099998,36.11,1
1,2015-01-01 00:00:00+00:00,113,2015-01-05 17:00:00+00:00,36.49,0.0,0.0,0.0,0.3,0.5,1.0,0.0,4.0,5.0,1.45,Vesle Kjela_G1,Vesle Kjela,2.9,8.5,8.5,92.0,92.0,1,42.352,0.5012071,1.28,36.11,59.824,2.38,36.11,1
1,2015-01-01 00:00:00+00:00,114,2015-01-05 18:00:00+00:00,32.43,0.0,0.0,0.0,0.3,0.5,1.0,0.0,4.0,5.0,1.44,Vesle Kjela_G1,Vesle Kjela,2.9,8.5,8.5,92.0,92.0,1,42.352,0.5012071,1.28,36.11,59.824,2.38,36.11,0
1,2015-01-01 00:00:00+00:00,115,2015-01-05 19:00:00+00:00,31.39,0.0,0.0,0.0,0.3,0.5,1.0,0.0,4.0,5.0,1.43,Vesle Kjela_G1,Vesle Kjela,2.9,8.5,8.5,92.0,92.0,1,42.352,0.5012071,1.28,36.11,59.824,2.38,36.11,0
1,2015-01-01 00:00:00+00:00,116,2015-01-05 20:00:00+00:00,30.29,0.0,0.0,0.0,0.3,0.5,1.0,0.0,4.0,5.0,1.43,Vesle Kjela_G1,Vesle Kjela,2.9,8.5,8.5,92.0,92.0,1,42.352,0.5012071,1.28,36.11,59.824,2.38,36.11,0
1,2015-01-01 00:00:00+00:00,117,2015-01-05 21:00:00+00:00,29.43,0.0,0.0,0.0,0.3,0.5,1.0,0.0,4.0,5.0,1.43,Vesle Kjela_G1,Vesle Kjela,2.9,8.5,8.5,92.0,92.0,1,42.352,0.5012071,1.27,36.11,59.824,2.35,36.11,0
1,2015-01-01 00:00:00+00:00,118,2015-01-05 22:00:00+00:00,29.09,0.0,0.0,0.0,0.3,0.5,1.0,0.0,4.0,5.0,1.44,Vesle Kjela_G1,Vesle Kjela,2.9,8.5,8.5,92.0,92.0,1,42.352,0.5012071,1.27,36.11,59.824,2.35,36.11,0
1,2015-01-01 00:00:00+00:00,119,2015-01-05 23:00:00+00:00,28.08,0.0,0.0,0.0,0.3,0.5,1.0,0.0,4.0,5.0,1.44,Vesle Kjela_G1,Vesle Kjela,2.9,8.5,8.5,92.0,92.0,1,42.352,0.5012071,1.27,36.11,59.824,2.3400002,36.11,0
1,2015-01-01 00:00:00+00:00,120,2015-01-06 00:00:00+00:00,27.94,0.0,0.0,0.0,0.3,0.5,1.0,0.0,4.0,5.0,1.44,Vesle Kjela_G1,Vesle Kjela,2.9,8.5,8.5,92.0,92.0,1,42.352,0.5012071,1.27,36.11,59.824,2.33,36.11,0
1,2015-01-01 00:00:00+00:00,121,2015-01-06 01:00:00+00:00,27.91,0.0,0.0,0.0,0.3,0.5,1.0,0.0,4.0,5.0,1.44,Vesle Kjela_G1,Vesle Kjela,2.9,8.5,8.5,92.0,92.0,1,42.352,0.5012071,1.26,36.11,59.824,2.32,36.11,0
1,2015-01-01 00:00:00+00:00,122,2015-01-06 02:00:00+00:00,27.89,0.0,0.0,0.0,0.3,0.5,1.0,0.0,4.0,5.0,1.44,Vesle Kjela_G1,Vesle Kjela,2.9,8.5,8.5,92.0,92.0,1,42.352,0.5012071,1.26,36.11,59.824,2.32,36.11,0
1,2015-01-01 00:00:00+00:00,123,2015-01-06 03:00:00+00:00,27.89,0.0,0.0,0.0,0.3,0.5,1.0,0.0,4.0,5.0,1.44,Vesle Kjela_G1,Vesle Kjela,2.9,8.5,8.5,92.0,92.0,1,42.352,0.5012071,1.26,36.11,59.824,2.31,36.11,0
1,2015-01-01 00:00:00+00:00,124,2015-01-06 04:00:00+00:00,28.01,0.0,0.0,0.0,0.3,0.5,1.0,0.0,4.0,5.0,1.44,Vesle Kjela_G1,Vesle Kjela,2.9,8.5,8.5,92.0,92.0,1,42.352,0.5012071,1.26,36.11,59.824,2.31,36.11,0
1,2015-01-01 00:00:00+00:00,125,2015-01-06 05:00:00+00:00,28.73,0.0,0.0,0.0,0.3,0.5,1.0,0.0,4.0,5.0,1.44,Vesle Kjela_G1,Vesle Kjela,2.9,8.5,8.5,92.0,92.0,1,42.352,0.5012071,1.26,36.11,59.824,2.3,36.11,0
1,2015-01-01 00:00:00+00:00,126,2015-01-06 06:00:00+00:00,30.03,0.0,0.0,0.0,0.3,0.5,1.0,0.0,4.0,5.0,1.43,Vesle Kjela_G1,Vesle Kjela,2.9,8.5,8.5,92.0,92.0,1,42.352,0.5012071,1.26,36.11,59.824,2.3,36.11,0
1,2015-01-01 00:00:00+00:00,127,2015-01-06 07:00:00+00:00,30.5,0.0,0.0,0.0,0.3,0.5,1.0,0.0,4.0,5.0,1.42,Vesle Kjela_G1,Vesle Kjela,2.9,8.5,8.5,92.0,92.0,1,42.352,0.5012071,1.26,36.11,59.824,2.3,36.11,0
1,2015-01-01 00:00:00+00:00,128,2015-01-06 08:00:00+00:00,30.35,0.0,0.0,0.0,0.3,0.5,1.0,0.0,4.0,5.0,1.42,Vesle Kjela_G1,Vesle Kjela,2.9,8.5,8.5,92.0,92.0,1,42.352,0.5012071,1.26,36.11,59.824,2.29,36.11,0
1,2015-01-01 00:00:00+00:00,129,2015-01-06 09:00:00+00:00,30.53,0.0,0.0,0.0,0.3,0.5,1.0,0.0,4.0,5.0,1.42,Vesle Kjela_G1,Vesle Kjela,2.9,8.5,8.5,92.0,92.0,1,42.352,0.5012071,1.26,36.11,59.824,2.29,36.11,0
1,2015-01-01 00:00:00+00:00,130,2015-01-06 10:00:00+00:00,29.91,0.0,0.0,0.0,0.3,0.5,1.0,0.0,4.0,5.0,1.43,Vesle Kjela_G1,Vesle Kjela,2.9,8.5,8.5,92.0,92.0,1,42.352,0.5012071,1.26,36.11,59.824,2.29,36.11,0
1,2015-01-01 00:00:00+00:00,131,2015-01-06 11:00:00+00:00,29.62,0.0,0.0,0.0,0.3,0.5,1.0,0.0,4.0,5.0,1.41,Vesle Kjela_G1,Vesle Kjela,2.9,8.5,8.5,92.0,92.0,1,42.352,0.5012071,1.25,36.11,59.824,2.28,36.11,0
1,2015-01-01 00:00:00+00:00,132,2015-01-06 12:00:00+00:00,29.58,0.0,0.0,0.0,0.3,0.5,1.0,0.0,4.0,5.0,1.4,Vesle Kjela_G1,Vesle Kjela,2.9,8.5,8.5,92.0,92.0,1,42.352,0.5012071,1.25,36.11,59.824,2.28,36.11,0
1,2015-01-01 00:00:00+00:00,133,2015-01-06 13:00:00+00:00,29.57,0.0,0.0,0.0,0.3,0.5,1.0,0.0,4.0,5.0,1.41,Vesle Kjela_G1,Vesle Kjela,2.9,8.5,8.5,92.0,92.0,1,42.352,0.5012071,1.24,36.11,59.824,2.28,36.11,0
1,2015-01-01 00:00:00+00:00,134,2015-01-06 14:00:00+00:00,29.62,0.0,0.0,0.0,0.3,0.5,1.0,0.0,4.0,5.0,1.41,Vesle Kjela_G1,Vesle Kjela,2.9,8.5,8.5,92.0,92.0,1,42.352,0.5012071,1.24,36.11,59.824,2.28,36.11,0
1,2015-01-01 00:00:00+00:00,135,2015-01-06 15:00:00+00:00,29.99,0.0,0.0,0.0,0.3,0.5,1.0,0.0,4.0,5.0,1.41,Vesle Kjela_G1,Vesle Kjela,2.9,8.5,8.5,92.0,92.0,1,42.352,0.5012071,1.24,36.11,59.824,2.27,36.11,0
1,2015-01-01 00:00:00+00:00,136,2015-01-06 16:00:00+00:00,29.65,0.0,0.0,0.0,0.3,0.5,1.0,0.0,4.0,5.0,1.41,Vesle Kjela_G1,Vesle Kjela,2.9,8.5,8.5,92.0,92.0,1,42.352,0.5012071,1.23,36.11,59.824,2.26,36.11,0
1,2015-01-01 00:00:00+00:00,137,2015-01-06 17:00:00+00:00,29.58,0.0,0.0,0.0,0.3,0.5,1.0,0.0,4.0,5.0,1.4,Vesle Kjela_G1,Vesle Kjela,2.9,8.5,8.5,92.0,92.0,1,42.352,0.5012071,1.23,36.11,59.824,2.26,36.11,0
1,2015-01-01 00:00:00+00:00,138,2015-01-06 18:00:00+00:00,29.0,0.0,0.0,0.0,0.3,0.5,1.0,0.0,4.0,5.0,1.4,Vesle Kjela_G1,Vesle Kjela,2.9,8.5,8.5,92.0,92.0,1,42.352,0.5012071,1.23,36.11,59.824,2.25,36.11,0
1,2015-01-01 00:00:00+00:00,139,2015-01-06 19:00:00+00:00,28.45,0.0,0.0,0.0,0.3,0.5,1.0,0.0,4.0,5.0,1.4,Vesle Kjela_G1,Vesle Kjela,2.9,8.5,8.5,92.0,92.0,1,42.352,0.5012071,1.23,36.11,59.824,2.26,36.11,0
1,2015-01-01 00:00:00+00:00,140,2015-01-06 20:00:00+00:00,28.15,0.0,0.0,0.0,0.3,0.5,1.0,0.0,4.0,5.0,1.38,Vesle Kjela_G1,Vesle Kjela,2.9,8.5,8.5,92.0,92.0,1,42.352,0.5012071,1.23,36.11,59.824,2.26,36.11,0
1,2015-01-01 00:00:00+00:00,141,2015-01-06 21:00:00+00:00,27.73,0.0,0.0,0.0,0.3,0.5,1.0,0.0,4.0,5.0,1.4,Vesle Kjela_G1,Vesle Kjela,2.9,8.5,8.5,92.0,92.0,1,42.352,0.5012071,1.24,36.11,59.824,2.26,36.11,0
1,2015-01-01 00:00:00+00:00,142,2015-01-06 22:00:00+00:00,27.32,0.0,0.0,0.0,0.3,0.5,1.0,0.0,4.0,5.0,1.39,Vesle Kjela_G1,Vesle Kjela,2.9,8.5,8.5,92.0,92.0,1,42.352,0.5012071,1.25,36.11,59.824,2.28,36.11,0
1,2015-01-01 00:00:00+00:00,143,2015-01-06 23:00:00+00:00,26.35,0.0,0.0,0.0,0.3,0.5,1.0,0.0,4.0,5.0,1.31,Vesle Kjela_G1,Vesle Kjela,2.9,8.5,8.5,92.0,92.0,1,42.352,0.5012071,1.26,36.11,59.824,2.28,36.11,0
1,2015-01-01 00:00:00+00:00,144,2015-01-07 00:00:00+00:00,26.08,0.0,0.0,0.0,0.3,0.5,1.0,0.0,4.0,5.0,1.29,Vesle Kjela_G1,Vesle Kjela,2.9,8.5,8.5,92.0,92.0,1,42.352,0.5012071,1.32,36.11,59.824,2.3400002,36.11,0
1,2015-01-01 00:00:00+00:00,145,2015-01-07 01:00:00+00:00,26.03,0.0,0.0,0.0,0.3,0.5,1.0,0.0,4.0,5.0,1.29,Vesle Kjela_G1,Vesle Kjela,2.9,8.5,8.5,92.0,92.0,1,42.352,0.5012071,1.3,36.11,59.824,2.31,36.11,0
1,2015-01-01 00:00:00+00:00,146,2015-01-07 02:00:00+00:00,26.17,0.0,0.0,0.0,0.3,0.5,1.0,0.0,4.0,5.0,1.27,Vesle Kjela_G1,Vesle Kjela,2.9,8.5,8.5,92.0,92.0,1,42.352,0.5012071,1.32,36.11,59.824,2.33,36.11,0
1,2015-01-01 00:00:00+00:00,147,2015-01-07 03:00:00+00:00,26.74,0.0,0.0,0.0,0.3,0.5,1.0,0.0,4.0,5.0,1.27,Vesle Kjela_G1,Vesle Kjela,2.9,8.5,8.5,92.0,92.0,1,42.352,0.5012071,1.31,36.11,59.824,2.33,36.11,0
1,2015-01-01 00:00:00+00:00,148,2015-01-07 04:00:00+00:00,27.78,0.0,0.0,0.0,0.3,0.5,1.0,0.0,4.0,5.0,1.27,Vesle Kjela_G1,Vesle Kjela,2.9,8.5,8.5,92.0,92.0,1,42.352,0.5012071,1.3,36.11,59.824,2.32,36.11,0
1,2015-01-01 00:00:00+00:00,149,2015-01-07 05:00:00+00:00,28.48,0.0,0.0,0.0,0.3,0.5,1.0,0.0,4.0,5.0,1.27,Vesle Kjela_G1,Vesle Kjela,2.9,8.5,8.5,92.0,92.0,1,42.352,0.5012071,1.3,36.11,59.824,2.32,36.11,0
1,2015-01-01 00:00:00+00:00,150,2015-01-07 06:00:00+00:00,31.53,0.0,0.0,0.0,0.3,0.5,1.0,0.0,4.0,5.0,1.27,Vesle Kjela_G1,Vesle Kjela,2.9,8.5,8.5,92.0,92.0,1,42.352,0.5012071,1.3,36.11,59.824,2.31,36.11,0
1,2015-01-01 00:00:00+00:00,151,2015-01-07 07:00:00+00:00,32.54,0.0,0.0,0.0,0.3,0.5,1.0,0.0,4.0,5.0,1.27,Vesle Kjela_G1,Vesle Kjela,2.9,8.5,8.5,92.0,92.0,1,42.352,0.5012071,1.3,36.11,59.824,2.3,36.11,0
1,2015-01-01 00:00:00+00:00,152,2015-01-07 08:00:00+00:00,32.24,0.0,0.0,0.0,0.3,0.5,1.0,0.0,4.0,5.0,1.26,Vesle Kjela_G1,Vesle Kjela,2.9,8.5,8.5,92.0,92.0,1,42.352,0.5012071,1.3,36.11,59.824,2.3,36.11,0
1,2015-01-01 00:00:00+00:00,153,2015-01-07 09:00:00+00:00,31.96,0.0,0.0,0.0,0.3,0.5,1.0,0.0,4.0,5.0,1.25,Vesle Kjela_G1,Vesle Kjela,2.9,8.5,8.5,92.0,92.0,1,42.352,0.5012071,1.3,36.11,59.824,2.3,36.11,0
1,2015-01-01 00:00:00+00:00,154,2015-01-07 10:00:00+00:00,31.66,0.0,0.0,0.0,0.3,0.5,1.0,0.0,4.0,5.0,1.25,Vesle Kjela_G1,Vesle Kjela,2.9,8.5,8.5,92.0,92.0,1,42.352,0.5012071,1.3,36.11,59.824,2.29,36.11,0
1,2015-01-01 00:00:00+00:00,155,2015-01-07 11:00:00+00:00,30.97,0.0,0.0,0.0,0.3,0.5,1.0,0.0,4.0,5.0,1.25,Vesle Kjela_G1,Vesle Kjela,2.9,8.5,8.5,92.0,92.0,1,42.352,0.5012071,1.29,36.11,59.824,2.28,36.11,0
1,2015-01-01 00:00:00+00:00,156,2015-01-07 12:00:00+00:00,30.65,0.0,0.0,0.0,0.3,0.5,1.0,0.0,4.0,5.0,1.25,Vesle Kjela_G1,Vesle Kjela,2.9,8.5,8.5,92.0,92.0,1,42.352,0.5012071,1.28,36.11,59.824,2.27,36.11,0
1,2015-01-01 00:00:00+00:00,157,2015-01-07 13:00:00+00:00,30.31,0.0,0.0,0.0,0.3,0.5,1.0,0.0,4.0,5.0,1.23,Vesle Kjela_G1,Vesle Kjela,2.9,8.5,8.5,92.0,92.0,1,42.352,0.5012071,1.28,36.11,59.824,2.26,36.11,0
1,2015-01-01 00:00:00+00:00,158,2015-01-07 14:00:00+00:00,29.79,0.0,0.0,0.0,0.3,0.5,1.0,0.0,4.0,5.0,1.23,Vesle Kjela_G1,Vesle Kjela,2.9,8.5,8.5,92.0,92.0,1,42.352,0.5012071,1.27,36.11,59.824,2.25,36.11,0
1,2015-01-01 00:00:00+00:00,159,2015-01-07 15:00:00+00:00,30.72,0.0,0.0,0.0,0.3,0.5,1.0,0.0,4.0,5.0,1.21,Vesle Kjela_G1,Vesle Kjela,2.9,8.5,8.5,92.0,92.0,1,42.352,0.5012071,1.27,36.11,59.824,2.24,36.11,0
1,2015-01-01 00:00:00+00:00,160,2015-01-07 16:00:00+00:00,29.56,0.0,0.0,0.0,0.3,0.5,1.0,0.0,4.0,5.0,1.2,Vesle Kjela_G1,Vesle Kjela,2.9,8.5,8.5,92.0,92.0,1,42.352,0.5012071,1.27,36.11,59.824,2.24,36.11,0
1,2015-01-01 00:00:00+00:00,161,2015-01-07 17:00:00+00:00,28.84,0.0,0.0,0.0,0.3,0.5,1.0,0.0,4.0,5.0,1.2,Vesle Kjela_G1,Vesle Kjela,2.9,8.5,8.5,92.0,92.0,1,42.352,0.5012071,1.26,36.11,59.824,2.23,36.11,0
1,2015-01-01 00:00:00+00:00,162,2015-01-07 18:00:00+00:00,28.2,0.0,0.0,0.0,0.3,0.5,1.0,0.0,4.0,5.0,1.2,Vesle Kjela_G1,Vesle Kjela,2.9,8.5,8.5,92.0,92.0,1,42.352,0.5012071,1.26,36.11,59.824,2.23,36.11,0
1,2015-01-01 00:00:00+00:00,163,2015-01-07 19:00:00+00:00,27.75,0.0,0.0,0.0,0.3,0.5,1.0,0.0,4.0,5.0,1.2,Vesle Kjela_G1,Vesle Kjela,2.9,8.5,8.5,92.0,92.0,1,42.352,0.5012071,1.25,36.11,59.824,2.21,36.11,0
1,2015-01-01 00:00:00+00:00,164,2015-01-07 20:00:00+00:00,27.42,0.0,0.0,0.0,0.3,0.5,1.0,0.0,4.0,5.0,1.21,Vesle Kjela_G1,Vesle Kjela,2.9,8.5,8.5,92.0,92.0,1,42.352,0.5012071,1.25,36.11,59.824,2.22,36.11,0
1,2015-01-01 00:00:00+00:00,165,2015-01-07 21:00:00+00:00,26.68,0.0,0.0,0.0,0.3,0.5,1.0,0.0,4.0,5.0,1.22,Vesle Kjela_G1,Vesle Kjela,2.9,8.5,8.5,92.0,92.0,1,42.352,0.5012071,1.25,36.11,59.824,2.21,36.11,0
1,2015-01-01 00:00:00+00:00,166,2015-01-07 22:00:00+00:00,26.15,0.0,0.0,0.0,0.3,0.5,1.0,0.0,4.0,5.0,1.21,Vesle Kjela_G1,Vesle Kjela,2.9,8.5,8.5,92.0,92.0,1,42.352,0.5012071,1.26,36.11,59.824,2.22,36.11,0
1,2015-01-01 00:00:00+00:00,167,2015-01-07 23:00:00+00:00,26.04,0.0,0.0,0.0,0.3,0.5,1.0,0.0,4.0,5.0,1.19,Vesle Kjela_G1,Vesle Kjela,2.9,8.5,8.5,92.0,92.0,1,42.352,0.5012071,1.26,36.11,59.824,2.22,36.11,0
2,2015-01-02 00:00:00+00:00,0,2015-01-02 00:00:00+00:00,26.41,0.0,0.0,0.0,0.3,0.5,1.0,0.0,4.0,5.0,1.26,Hogga_G1,Hogga,3.0,17.0,17.0,94.0,94.0,1,137.785,0.7909587,14.47,0.01,1425.93,41.99,23.703804,1
2,2015-01-02 00:00:00+00:00,1,2015-01-02 01:00:00+00:00,26.2,0.0,0.0,0.0,0.3,0.5,1.0,0.0,4.0,5.0,1.3,Hogga_G1,Hogga,3.0,17.0,17.0,94.0,94.0,1,137.785,0.7909587,13.96,0.01,1425.93,41.769997,23.703804,1
2,2015-01-02 00:00:00+00:00,2,2015-01-02 02:00:00+00:00,25.6,0.0,0.0,0.0,0.3,0.5,1.0,0.0,4.0,5.0,1.52,Hogga_G1,Hogga,3.0,17.0,17.0,94.0,94.0,1,137.785,0.7909587,13.77,0.01,1425.93,42.710003,23.703804,1
2,2015-01-02 00:00:00+00:00,3,2015-01-02 03:00:00+00:00,24.74,0.0,0.0,0.0,0.3,0.5,1.0,0.0,4.0,5.0,1.7,Hogga_G1,Hogga,3.0,17.0,17.0,94.0,94.0,1,137.785,0.7909587,13.9,0.01,1425.93,44.149998,23.703804,1
2,2015-01-02 00:00:00+00:00,4,2015-01-02 04:00:00+00:00,26.1,0.0,0.0,0.0,0.3,0.5,1.0,0.0,4.0,5.0,1.75,Hogga_G1,Hogga,3.0,17.0,17.0,94.0,94.0,1,137.785,0.7909587,13.6,0.01,1425.93,43.850002,23.703804,1
2,2015-01-02 00:00:00+00:00,5,2015-01-02 05:00:00+00:00,27.25,0.0,0.0,0.0,0.3,0.5,1.0,0.0,4.0,5.0,1.65,Hogga_G1,Hogga,3.0,17.0,17.0,94.0,94.0,1,137.785,0.7909587,13.32,0.01,1425.93,43.22,23.703804,1
2,2015-01-02 00:00:00+00:00,6,2015-01-02 06:00:00+00:00,28.37,0.0,0.0,0.0,0.3,0.5,1.0,0.0,4.0,5.0,1.71,Hogga_G1,Hogga,3.0,17.0,17.0,94.0,94.0,1,137.785,0.7909587,13.91,0.01,1425.93,44.120003,23.703804,1
2,2015-01-02 00:00:00+00:00,7,2015-01-02 07:00:00+00:00,28.37,0.0,0.0,0.0,0.3,0.5,1.0,0.0,4.0,5.0,1.92,Hogga_G1,Hogga,3.0,17.0,17.0,94.0,94.0,1,137.785,0.7909587,15.22,0.01,1425.93,46.250008,23.703804,1
2,2015-01-02 00:00:00+00:00,8,2015-01-02 08:00:00+00:00,28.32,0.0,0.0,0.0,0.3,0.5,1.0,0.0,4.0,5.0,2.18,Hogga_G1,Hogga,3.0,17.0,17.0,94.0,94.0,1,137.785,0.7909587,18.7,0.01,1425.93,50.939995,23.703804,1
2,2015-01-02 00:00:00+00:00,9,2015-01-02 09:00:00+00:00,28.3,0.0,0.0,0.0,0.3,0.5,1.0,0.0,4.0,5.0,2.33,Hogga_G1,Hogga,3.0,17.0,17.0,94.0,94.0,1,137.785,0.7909587,24.9,0.01,1425.93,57.870003,23.703804,1
2,2015-01-02 00:00:00+00:00,10,2015-01-02 10:00:00+00:00,28.39,0.0,0.0,0.0,0.3,0.5,1.0,0.0,4.0,5.0,2.35,Hogga_G1,Hogga,3.0,17.0,17.0,94.0,94.0,1,137.785,0.7909587,31.37,0.01,1425.93,64.4,23.703804,1
2,2015-01-02 00:00:00+00:00,11,2015-01-02 11:00:00+00:00,28.3,0.0,0.0,0.0,0.3,0.5,1.0,0.0,4.0,5.0,2.3,Hogga_G1,Hogga,3.0,17.0,17.0,94.0,94.0,1,137.785,0.7909587,33.73,0.01,1425.93,66.61001,23.703804,1
2,2015-01-02 00:00:00+00:00,12,2015-01-02 12:00:00+00:00,28.24,0.0,0.0,0.0,0.3,0.5,1.0,0.0,4.0,5.0,2.23,Hogga_G1,Hogga,3.0,17.0,17.0,94.0,94.0,1,137.785,0.7909587,37.05,0.01,1425.93,69.84999,23.703804,1
2,2015-01-02 00:00:00+00:00,13,2015-01-02 13:00:00+00:00,28.12,0.0,0.0,0.0,0.3,0.5,1.0,0.0,4.0,5.0,2.2,Hogga_G1,Hogga,3.0,17.0,17.0,94.0,94.0,1,137.785,0.7909587,37.19,0.01,1425.93,69.86001,23.703804,1
2,2015-01-02 00:00:00+00:00,14,2015-01-02 14:00:00+00:00,28.23,0.0,0.0,0.0,0.3,0.5,1.0,0.0,4.0,5.0,2.17,Hogga_G1,Hogga,3.0,17.0,17.0,94.0,94.0,1,137.785,0.7909587,36.09,0.01,1425.93,68.77,23.703804,1
2,2015-01-02 00:00:00+00:00,15,2015-01-02 15:00:00+00:00,28.59,0.0,0.0,0.0,0.3,0.5,1.0,0.0,4.0,5.0,2.14,Hogga_G1,Hogga,3.0,17.0,17.0,94.0,94.0,1,137.785,0.7909587,32.89,0.01,1425.93,65.78,23.703804,1
2,2015-01-02 00:00:00+00:00,16,2015-01-02 16:00:00+00:00,28.73,0.0,0.0,0.0,0.3,0.5,1.0,0.0,4.0,5.0,2.13,Hogga_G1,Hogga,3.0,17.0,17.0,94.0,94.0,1,137.785,0.7909587,32.3,0.01,1425.93,65.37,23.703804,1
2,2015-01-02 00:00:00+00:00,17,2015-01-02 17:00:00+00:00,28.48,0.0,0.0,0.0,0.3,0.5,1.0,0.0,4.0,5.0,2.05,Hogga_G1,Hogga,3.0,17.0,17.0,94.0,94.0,1,137.785,0.7909587,31.01,0.01,1425.93,63.86999,23.703804,1
2,2015-01-02 00:00:00+00:00,18,2015-01-02 18:00:00+00:00,28.38,0.0,0.0,0.0,0.3,0.5,1.0,0.0,4.0,5.0,1.64,Hogga_G1,Hogga,3.0,17.0,17.0,94.0,94.0,1,137.785,0.7909587,29.52,0.01,1425.93,60.96,23.703804,1
2,2015-01-02 00:00:00+00:00,19,2015-01-02 19:00:00+00:00,27.85,0.0,0.0,0.0,0.3,0.5,1.0,0.0,4.0,5.0,2.06,Hogga_G1,Hogga,3.0,17.0,17.0,94.0,94.0,1,137.785,0.7909587,28.89,0.01,1425.93,61.939995,23.703804,1
2,2015-01-02 00:00:00+00:00,20,2015-01-02 20:00:00+00:00,27.45,0.0,0.0,0.0,0.3,0.5,1.0,0.0,4.0,5.0,2.2,Hogga_G1,Hogga,3.0,17.0,17.0,94.0,94.0,1,137.785,0.7909587,27.85,0.01,1425.93,61.500004,23.703804,1
2,2015-01-02 00:00:00+00:00,21,2015-01-02 21:00:00+00:00,27.2,0.0,0.0,0.0,0.3,0.5,1.0,0.0,4.0,5.0,2.38,Hogga_G1,Hogga,3.0,17.0,17.0,94.0,94.0,1,137.785,0.7909587,26.64,0.01,1425.93,60.880005,23.703804,1
2,2015-01-02 00:00:00+00:00,22,2015-01-02 22:00:00+00:00,26.79,0.0,0.0,0.0,0.3,0.5,1.0,0.0,4.0,5.0,2.59,Hogga_G1,Hogga,3.0,17.0,17.0,94.0,94.0,1,137.785,0.7909587,25.48,0.01,1425.93,60.380005,23.703804,1
2,2015-01-02 00:00:00+00:00,23,2015-01-02 23:00:00+00:00,25.85,0.0,0.0,0.0,0.3,0.5,1.0,0.0,4.0,5.0,2.83,Hogga_G1,Hogga,3.0,17.0,17.0,94.0,94.0,1,137.785,0.7909587,24.6,0.01,1425.93,60.549995,23.703804,1
2,2015-01-02 00:00:00+00:00,24,2015-01-03 00:00:00+00:00,25.54,0.0,0.0,0.0,0.3,0.5,1.0,0.0,4.0,5.0,2.84,Hogga_G1,Hogga,3.0,17.0,17.0,94.0,94.0,1,137.785,0.7909587,23.72,0.01,1425.93,59.969994,23.703804,1
2,2015-01-02 00:00:00+00:00,25,2015-01-03 01:00:00+00:00,25.43,0.0,0.0,0.0,0.3,0.5,1.0,0.0,4.0,5.0,2.77,Hogga_G1,Hogga,3.0,17.0,17.0,94.0,94.0,1,137.785,0.7909587,23.0,0.01,1425.93,59.22,23.703804,1
2,2015-01-02 00:00:00+00:00,26,2015-01-03 02:00:00+00:00,25.34,0.0,0.0,0.0,0.3,0.5,1.0,0.0,4.0,5.0,2.86,Hogga_G1,Hogga,3.0,17.0,17.0,94.0,94.0,1,137.785,0.7909587,22.21,0.01,1425.93,58.829998,23.703804,1
2,2015-01-02 00:00:00+00:00,27,2015-01-03 03:00:00+00:00,25.29,0.0,0.0,0.0,0.3,0.5,1.0,0.0,4.0,5.0,3.02,Hogga_G1,Hogga,3.0,17.0,17.0,94.0,94.0,1,137.785,0.7909587,21.29,0.01,1425.93,58.570004,23.703804,1
2,2015-01-02 00:00:00+00:00,28,2015-01-03 04:00:00+00:00,25.3,0.0,0.0,0.0,0.3,0.5,1.0,0.0,4.0,5.0,3.13,Hogga_G1,Hogga,3.0,17.0,17.0,94.0,94.0,1,137.785,0.7909587,20.57,0.01,1425.93,58.350002,23.703804,1
2,2015-01-02 00:00:00+00:00,29,2015-01-03 05:00:00+00:00,25.55,0.0,0.0,0.0,0.3,0.5,1.0,0.0,4.0,5.0,3.16,Hogga_G1,Hogga,3.0,17.0,17.0,94.0,94.0,1,137.785,0.7909587,19.7,0.01,1425.93,57.75999,23.703804,1
2,2015-01-02 00:00:00+00:00,30,2015-01-03 06:00:00+00:00,26.75,0.0,0.0,0.0,0.3,0.5,1.0,0.0,4.0,5.0,3.13,Hogga_G1,Hogga,3.0,17.0,17.0,94.0,94.0,1,137.785,0.7909587,19.01,0.01,1425.93,57.1,23.703804,1
2,2015-01-02 00:00:00+00:00,31,2015-01-03 07:00:00+00:00,26.98,0.0,0.0,0.0,0.3,0.5,1.0,0.0,4.0,5.0,3.06,Hogga_G1,Hogga,3.0,17.0,17.0,94.0,94.0,1,137.785,0.7909587,18.24,0.01,1425.93,56.110004,23.703804,1
2,2015-01-02 00:00:00+00:00,32,2015-01-03 08:00:00+00:00,27.52,0.0,0.0,0.0,0.3,0.5,1.0,0.0,4.0,5.0,3.01,Hogga_G1,Hogga,3.0,17.0,17.0,94.0,94.0,1,137.785,0.7909587,17.5,0.01,1425.93,55.31,23.703804,1
2,2015-01-02 00:00:00+00:00,33,2015-01-03 09:00:00+00:00,27.72,0.0,0.0,0.0,0.3,0.5,1.0,0.0,4.0,5.0,3.0,Hogga_G1,Hogga,3.0,17.0,17.0,94.0,94.0,1,137.785,0.7909587,16.67,0.01,1425.93,54.649998,23.703804,1
2,2015-01-02 00:00:00+00:00,34,2015-01-03 10:00:00+00:00,27.73,0.0,0.0,0.0,0.3,0.5,1.0,0.0,4.0,5.0,2.92,Hogga_G1,Hogga,3.0,17.0,17.0,94.0,94.0,1,137.785,0.7909587,16.41,0.01,1425.93,54.35,23.703804,1
2,2015-01-02 00:00:00+00:00,35,2015-01-03 11:00:00+00:00,27.66,0.0,0.0,0.0,0.3,0.5,1.0,0.0,4.0,5.0,2.88,Hogga_G1,Hogga,3.0,17.0,17.0,94.0,94.0,1,137.785,0.7909587,15.94,0.01,1425.93,54.03,23.703804,1
2,2015-01-02 00:00:00+00:00,36,2015-01-03 12:00:00+00:00,27.65,0.0,0.0,0.0,0.3,0.5,1.0,0.0,4.0,5.0,2.85,Hogga_G1,Hogga,3.0,17.0,17.0,94.0,94.0,1,137.785,0.7909587,15.63,0.01,1425.93,53.689995,23.703804,1
2,2015-01-02 00:00:00+00:00,37,2015-01-03 13:00:00+00:00,27.81,0.0,0.0,0.0,0.3,0.5,1.0,0.0,4.0,5.0,2.84,Hogga_G1,Hogga,3.0,17.0,17.0,94.0,94.0,1,137.785,0.7909587,15.45,0.01,1425.93,53.309998,23.703804,1
2,2015-01-02 00:00:00+00:00,38,2015-01-03 14:00:00+00:00,28.29,0.0,0.0,0.0,0.3,0.5,1.0,0.0,4.0,5.0,2.81,Hogga_G1,Hogga,3.0,17.0,17.0,94.0,94.0,1,137.785,0.7909587,15.38,0.01,1425.93,53.260002,23.703804,1
2,2015-01-02 00:00:00+00:00,39,2015-01-03 15:00:00+00:00,28.6,0.0,0.0,0.0,0.3,0.5,1.0,0.0,4.0,5.0,2.75,Hogga_G1,Hogga,3.0,17.0,17.0,94.0,94.0,1,137.785,0.7909587,15.05,0.01,1425.93,52.62,23.703804,1
2,2015-01-02 00:00:00+00:00,40,2015-01-03 16:00:00+00:00,28.88,0.0,0.0,0.0,0.3,0.5,1.0,0.0,4.0,5.0,2.69,Hogga_G1,Hogga,3.0,17.0,17.0,94.0,94.0,1,137.785,0.7909587,14.68,0.01,1425.93,52.05,23.703804,1
2,2015-01-02 00:00:00+00:00,41,2015-01-03 17:00:00+00:00,28.78,0.0,0.0,0.0,0.3,0.5,1.0,0.0,4.0,5.0,2.65,Hogga_G1,Hogga,3.0,17.0,17.0,94.0,94.0,1,137.785,0.7909587,14.3,0.01,1425.93,51.440002,23.703804,1
2,2015-01-02 00:00:00+00:00,42,2015-01-03 18:00:00+00:00,28.54,0.0,0.0,0.0,0.3,0.5,1.0,0.0,4.0,5.0,2.6,Hogga_G1,Hogga,3.0,17.0,17.0,94.0,94.0,1,137.785,0.7909587,13.88,0.01,1425.93,50.850002,23.703804,1
2,2015-01-02 00:00:00+00:00,43,2015-01-03 19:00:00+00:00,28.34,0.0,0.0,0.0,0.3,0.5,1.0,0.0,4.0,5.0,2.54,Hogga_G1,Hogga,3.0,17.0,17.0,94.0,94.0,1,137.785,0.7909587,13.49,0.01,1425.93,50.260002,23.703804,1
2,2015-01-02 00:00:00+00:00,44,2015-01-03 20:00:00+00:00,27.93,0.0,0.0,0.0,0.3,0.5,1.0,0.0,4.0,5.0,2.47,Hogga_G1,Hogga,3.0,17.0,17.0,94.0,94.0,1,137.785,0.7909587,13.02,0.01,1425.93,49.569996,23.703804,1
2,2015-01-02 00:00:00+00:00,45,2015-01-03 21:00:00+00:00,27.7,0.0,0.0,0.0,0.3,0.5,1.0,0.0,4.0,5.0,2.41,Hogga_G1,Hogga,3.0,17.0,17.0,94.0,94.0,1,137.785,0.7909587,12.72,0.01,1425.93,48.970005,23.703804,1
2,2015-01-02 00:00:00+00:00,46,2015-01-03 22:00:00+00:00,27.25,0.0,0.0,0.0,0.3,0.5,1.0,0.0,4.0,5.0,2.33,Hogga_G1,Hogga,3.0,17.0,17.0,94.0,94.0,1,137.785,0.7909587,12.39,0.01,1425.93,48.369995,23.703804,1
2,2015-01-02 00:00:00+00:00,47,2015-01-03 23:00:00+00:00,27.55,0.0,0.0,0.0,0.3,0.5,1.0,0.0,4.0,5.0,2.27,Hogga_G1,Hogga,3.0,17.0,17.0,94.0,94.0,1,137.785,0.7909587,12.05,0.01,1425.93,47.83,23.703804,1
2,2015-01-02 00:00:00+00:00,48,2015-01-04 00:00:00+00:00,27.38,0.0,0.0,0.0,0.3,0.5,1.0,0.0,4.0,5.0,2.22,Hogga_G1,Hogga,3.0,17.0,17.0,94.0,94.0,1,137.785,0.7909587,11.74,0.01,1425.93,47.089996,23.703804,1
2,2015-01-02 00:00:00+00:00,49,2015-01-04 01:00:00+00:00,27.17,0.0,0.0,0.0,0.3,0.5,1.0,0.0,4.0,5.0,2.15,Hogga_G1,Hogga,3.0,17.0,17.0,94.0,94.0,1,137.785,0.7909587,11.55,0.01,1425.93,46.33,23.703804,1
2,2015-01-02 00:00:00+00:00,50,2015-01-04 02:00:00+00:00,27.03,0.0,0.0,0.0,0.3,0.5,1.0,0.0,4.0,5.0,2.1,Hogga_G1,Hogga,3.0,17.0,17.0,94.0,94.0,1,137.785,0.7909587,11.31,0.01,1425.93,45.47,23.703804,1
2,2015-01-02 00:00:00+00:00,51,2015-01-04 03:00:00+00:00,27.04,0.0,0.0,0.0,0.3,0.5,1.0,0.0,4.0,5.0,2.06,Hogga_G1,Hogga,3.0,17.0,17.0,94.0,94.0,1,137.785,0.7909587,11.04,0.01,1425.93,44.949997,23.703804,1
2,2015-01-02 00:00:00+00:00,52,2015-01-04 04:00:00+00:00,27.19,0.0,0.0,0.0,0.3,0.5,1.0,0.0,4.0,5.0,2.01,Hogga_G1,Hogga,3.0,17.0,17.0,94.0,94.0,1,137.785,0.7909587,10.96,0.01,1425.93,44.74,23.703804,1
2,2015-01-02 00:00:00+00:00,53,2015-01-04 05:00:00+00:00,27.13,0.0,0.0,0.0,0.3,0.5,1.0,0.0,4.0,5.0,1.99,Hogga_G1,Hogga,3.0,17.0,17.0,94.0,94.0,1,137.785,0.7909587,10.71,0.01,1425.93,44.41,23.703804,1
2,2015-01-02 00:00:00+00:00,54,2015-01-04 06:00:00+00:00,27.06,0.0,0.0,0.0,0.3,0.5,1.0,0.0,4.0,5.0,1.94,Hogga_G1,Hogga,3.0,17.0,17.0,94.0,94.0,1,137.785,0.7909587,10.59,0.01,1425.93,44.22,23.703804,1
2,2015-01-02 00:00:00+00:00,55,2015-01-04 07:00:00+00:00,27.63,0.0,0.0,0.0,0.3,0.5,1.0,0.0,4.0,5.0,1.89,Hogga_G1,Hogga,3.0,17.0,17.0,94.0,94.0,1,137.785,0.7909587,10.44,0.01,1425.93,43.81,23.703804,1
2,2015-01-02 00:00:00+00:00,56,2015-01-04 08:00:00+00:00,28.03,0.0,0.0,0.0,0.3,0.5,1.0,0.0,4.0,5.0,1.84,Hogga_G1,Hogga,3.0,17.0,17.0,94.0,94.0,1,137.785,0.7909587,10.24,0.01,1425.93,43.470005,23.703804,1
2,2015-01-02 00:00:00+00:00,57,2015-01-04 09:00:00+00:00,28.24,0.0,0.0,0.0,0.3,0.5,1.0,0.0,4.0,5.0,1.82,Hogga_G1,Hogga,3.0,17.0,17.0,94.0,94.0,1,137.785,0.7909587,10.19,0.01,1425.93,43.25,23.703804,1
2,2015-01-02 00:00:00+00:00,58,2015-01-04 10:00:00+00:00,28.32,0.0,0.0,0.0,0.3,0.5,1.0,0.0,4.0,5.0,1.79,Hogga_G1,Hogga,3.0,17.0,17.0,94.0,94.0,1,137.785,0.7909587,10.06,0.01,1425.93,42.949997,23.703804,1
2,2015-01-02 00:00:00+00:00,59,2015-01-04 11:00:00+00:00,28.24,0.0,0.0,0.0,0.3,0.5,1.0,0.0,4.0,5.0,1.77,Hogga_G1,Hogga,3.0,17.0,17.0,94.0,94.0,1,137.785,0.7909587,9.93,0.01,1425.93,42.93,23.703804,1
2,2015-01-02 00:00:00+00:00,60,2015-01-04 12:00:00+00:00,28.27,0.0,0.0,0.0,0.3,0.5,1.0,0.0,4.0,5.0,1.74,Hogga_G1,Hogga,3.0,17.0,17.0,94.0,94.0,1,137.785,0.7909587,9.9,0.01,1425.93,42.960003,23.703804,1
2,2015-01-02 00:00:00+00:00,61,2015-01-04 13:00:00+00:00,28.32,0.0,0.0,0.0,0.3,0.5,1.0,0.0,4.0,5.0,1.72,Hogga_G1,Hogga,3.0,17.0,17.0,94.0,94.0,1,137.785,0.7909587,9.84,0.01,1425.93,42.840004,23.703804,1
2,2015-01-02 00:00:00+00:00,62,2015-01-04 14:00:00+00:00,28.37,0.0,0.0,0.0,0.3,0.5,1.0,0.0,4.0,5.0,1.7,Hogga_G1,Hogga,3.0,17.0,17.0,94.0,94.0,1,137.785,0.7909587,9.82,0.01,1425.93,42.590004,23.703804,1
2,2015-01-02 00:00:00+00:00,63,2015-01-04 15:00:00+00:00,28.65,0.0,0.0,0.0,0.3,0.5,1.0,0.0,4.0,5.0,1.68,Hogga_G1,Hogga,3.0,17.0,17.0,94.0,94.0,1,137.785,0.7909587,9.68,0.01,1425.93,42.33,23.703804,1
2,2015-01-02 00:00:00+00:00,64,2015-01-04 16:00:00+00:00,28.98,0.0,0.0,0.0,0.3,0.5,1.0,0.0,4.0,5.0,1.68,Hogga_G1,Hogga,3.0,17.0,17.0,94.0,94.0,1,137.785,0.7909587,9.47,0.01,1425.93,41.82,23.703804,1
2,2015-01-02 00:00:00+00:00,65,2015-01-04 17:00:00+00:00,29.54,0.0,0.0,0.0,0.3,0.5,1.0,0.0,4.0,5.0,1.65,Hogga_G1,Hogga,3.0,17.0,17.0,94.0,94.0,1,137.785,0.7909587,9.32,0.01,1425.93,41.660004,23.703804,1
2,2015-01-02 00:00:00+00:00,66,2015-01-04 18:00:00+00:00,29.42,0.0,0.0,0.0,0.3,0.5,1.0,0.0,4.0,5.0,1.64,Hogga_G1,Hogga,3.0,17.0,17.0,94.0,94.0,1,137.785,0.7909587,9.18,0.01,1425.93,41.840004,23.703804,1
2,2015-01-02 00:00:00+00:00,67,2015-01-04 19:00:00+00:00,28.92,0.0,0.0,0.0,0.3,0.5,1.0,0.0,4.0,5.0,1.63,Hogga_G1,Hogga,3.0,17.0,17.0,94.0,94.0,1,137.785,0.7909587,9.04,0.01,1425.93,42.109997,23.703804,1
2,2015-01-02 00:00:00+00:00,68,2015-01-04 20:00:00+00:00,28.66,0.0,0.0,0.0,0.3,0.5,1.0,0.0,4.0,5.0,1.6,Hogga_G1,Hogga,3.0,17.0,17.0,94.0,94.0,1,137.785,0.7909587,8.95,0.01,1425.93,41.949997,23.703804,1
2,2015-01-02 00:00:00+00:00,69,2015-01-04 21:00:00+00:00,28.69,0.0,0.0,0.0,0.3,0.5,1.0,0.0,4.0,5.0,1.59,Hogga_G1,Hogga,3.0,17.0,17.0,94.0,94.0,1,137.785,0.7909587,8.82,0.01,1425.93,41.75,23.703804,1
2,2015-01-02 00:00:00+00:00,70,2015-01-04 22:00:00+00:00,28.02,0.0,0.0,0.0,0.3,0.5,1.0,0.0,4.0,5.0,1.58,Hogga_G1,Hogga,3.0,17.0,17.0,94.0,94.0,1,137.785,0.7909587,8.7,0.01,1425.93,41.55,23.703804,1
2,2015-01-02 00:00:00+00:00,71,2015-01-04 23:00:00+00:00,28.19,0.0,0.0,0.0,0.3,0.5,1.0,0.0,4.0,5.0,1.57,Hogga_G1,Hogga,3.0,17.0,17.0,94.0,94.0,1,137.785,0.7909587,8.66,0.01,1425.93,41.78,23.703804,1
2,2015-01-02 00:00:00+00:00,72,2015-01-05 00:00:00+00:00,28.15,0.0,0.0,0.0,0.3,0.5,1.0,0.0,4.0,5.0,1.56,Hogga_G1,Hogga,3.0,17.0,17.0,94.0,94.0,1,137.785,0.7909587,8.54,0.01,1425.93,41.7,23.703804,1
2,2015-01-02 00:00:00+00:00,73,2015-01-05 01:00:00+00:00,28.13,0.0,0.0,0.0,0.3,0.5,1.0,0.0,4.0,5.0,1.54,Hogga_G1,Hogga,3.0,17.0,17.0,94.0,94.0,1,137.785,0.7909587,8.39,0.01,1425.93,41.62,23.703804,1
2,2015-01-02 00:00:00+00:00,74,2015-01-05 02:00:00+00:00,28.05,0.0,0.0,0.0,0.3,0.5,1.0,0.0,4.0,5.0,1.53,Hogga_G1,Hogga,3.0,17.0,17.0,94.0,94.0,1,137.785,0.7909587,8.21,0.01,1425.93,41.600002,23.703804,1
2,2015-01-02 00:00:00+00:00,75,2015-01-05 03:00:00+00:00,28.04,0.0,0.0,0.0,0.3,0.5,1.0,0.0,4.0,5.0,1.52,Hogga_G1,Hogga,3.0,17.0,17.0,94.0,94.0,1,137.785,0.7909587,8.15,0.01,1425.93,41.6,23.703804,1
2,2015-01-02 00:00:00+00:00,76,2015-01-05 04:00:00+00:00,28.46,0.0,0.0,0.0,0.3,0.5,1.0,0.0,4.0,5.0,1.51,Hogga_G1,Hogga,3.0,17.0,17.0,94.0,94.0,1,137.785,0.7909587,8.18,0.01,1425.93,41.54,23.703804,1
2,2015-01-02 00:00:00+00:00,77,2015-01-05 05:00:00+00:00,28.78,0.0,0.0,0.0,0.3,0.5,1.0,0.0,4.0,5.0,1.5,Hogga_G1,Hogga,3.0,17.0,17.0,94.0,94.0,1,137.785,0.7909587,8.15,0.01,1425.93,41.56,23.703804,1
2,2015-01-02 00:00:00+00:00,78,2015-01-05 06:00:00+00:00,30.99,0.0,0.0,0.0,0.3,0.5,1.0,0.0,4.0,5.0,1.48,Hogga_G1,Hogga,3.0,17.0,17.0,94.0,94.0,1,137.785,0.7909587,8.18,0.01,1425.93,41.52,23.703804,1
2,2015-01-02 00:00:00+00:00,79,2015-01-05 07:00:00+00:00,38.15,0.0,0.0,0.0,0.3,0.5,1.0,0.0,4.0,5.0,1.47,Hogga_G1,Hogga,3.0,17.0,17.0,94.0,94.0,1,137.785,0.7909587,8.12,0.01,1425.93,41.569996,23.703804,1
2,2015-01-02 00:00:00+00:00,80,2015-01-05 08:00:00+00:00,41.51,0.0,0.0,0.0,0.3,0.5,1.0,0.0,4.0,5.0,1.46,Hogga_G1,Hogga,3.0,17.0,17.0,94.0,94.0,1,137.785,0.7909587,8.02,0.01,1425.93,41.379993,23.703804,1
2,2015-01-02 00:00:00+00:00,81,2015-01-05 09:00:00+00:00,40.46,0.0,0.0,0.0,0.3,0.5,1.0,0.0,4.0,5.0,1.46,Hogga_G1,Hogga,3.0,17.0,17.0,94.0,94.0,1,137.785,0.7909587,8.04,0.01,1425.93,41.28,23.703804,1
2,2015-01-02 00:00:00+00:00,82,2015-01-05 10:00:00+00:00,40.97,0.0,0.0,0.0,0.3,0.5,1.0,0.0,4.0,5.0,1.45,Hogga_G1,Hogga,3.0,17.0,17.0,94.0,94.0,1,137.785,0.7909587,7.94,0.01,1425.93,41.19,23.703804,1
2,2015-01-02 00:00:00+00:00,83,2015-01-05 11:00:00+00:00,38.66,0.0,0.0,0.0,0.3,0.5,1.0,0.0,4.0,5.0,1.45,Hogga_G1,Hogga,3.0,17.0,17.0,94.0,94.0,1,137.785,0.7909587,7.89,0.01,1425.93,41.149998,23.703804,1
2,2015-01-02 00:00:00+00:00,84,2015-01-05 12:00:00+00:00,36.44,0.0,0.0,0.0,0.3,0.5,1.0,0.0,4.0,5.0,1.45,Hogga_G1,Hogga,3.0,17.0,17.0,94.0,94.0,1,137.785,0.7909587,7.98,0.01,1425.93,41.149998,23.703804,1
2,2015-01-02 00:00:00+00:00,85,2015-01-05 13:00:00+00:00,37.74,0.0,0.0,0.0,0.3,0.5,1.0,0.0,4.0,5.0,1.45,Hogga_G1,Hogga,3.0,17.0,17.0,94.0,94.0,1,137.785,0.7909587,7.99,0.01,1425.93,41.11,23.703804,1
2,2015-01-02 00:00:00+00:00,86,2015-01-05 14:00:00+00:00,43.1,0.0,0.0,0.0,0.3,0.5,1.0,0.0,4.0,5.0,1.45,Hogga_G1,Hogga,3.0,17.0,17.0,94.0,94.0,1,137.785,0.7909587,7.93,0.01,1425.93,40.93,23.703804,1
2,2015-01-02 00:00:00+00:00,87,2015-01-05 15:00:00+00:00,46.7,0.0,0.0,0.0,0.3,0.5,1.0,0.0,4.0,5.0,1.44,Hogga_G1,Hogga,3.0,17.0,17.0,94.0,94.0,1,137.785,0.7909587,7.86,0.01,1425.93,40.760002,23.703804,1
2,2015-01-02 00:00:00+00:00,88,2015-01-05 16:00:00+00:00,56.78,0.0,0.0,0.0,0.3,0.5,1.0,0.0,4.0,5.0,1.44,Hogga_G1,Hogga,3.0,17.0,17.0,94.0,94.0,1,137.785,0.7909587,7.79,0.01,1425.93,40.64,23.703804,1
2,2015-01-02 00:00:00+00:00,89,2015-01-05 17:00:00+00:00,36.49,0.0,0.0,0.0,0.3,0.5,1.0,0.0,4.0,5.0,1.45,Hogga_G1,Hogga,3.0,17.0,17.0,94.0,94.0,1,137.785,0.7909587,7.68,0.01,1425.93,40.550003,23.703804,1
2,2015-01-02 00:00:00+00:00,90,2015-01-05 18:00:00+00:00,32.43,0.0,0.0,0.0,0.3,0.5,1.0,0.0,4.0,5.0,1.44,Hogga_G1,Hogga,3.0,17.0,17.0,94.0,94.0,1,137.785,0.7909587,7.65,0.01,1425.93,40.46,23.703804,1
2,2015-01-02 00:00:00+00:00,91,2015-01-05 19:00:00+00:00,31.39,0.0,0.0,0.0,0.3,0.5,1.0,0.0,4.0,5.0,1.43,Hogga_G1,Hogga,3.0,17.0,17.0,94.0,94.0,1,137.785,0.7909587,7.6,0.01,1425.93,40.28,23.703804,1
2,2015-01-02 00:00:00+00:00,92,2015-01-05 20:00:00+00:00,30.29,0.0,0.0,0.0,0.3,0.5,1.0,0.0,4.0,5.0,1.43,Hogga_G1,Hogga,3.0,17.0,17.0,94.0,94.0,1,137.785,0.7909587,7.52,0.01,1425.93,40.05,23.703804,1
2,2015-01-02 00:00:00+00:00,93,2015-01-05 21:00:00+00:00,29.43,0.0,0.0,0.0,0.3,0.5,1.0,0.0,4.0,5.0,1.43,Hogga_G1,Hogga,3.0,17.0,17.0,94.0,94.0,1,137.785,0.7909587,7.4,0.01,1425.93,39.86,23.703804,1
2,2015-01-02 00:00:00+00:00,94,2015-01-05 22:00:00+00:00,29.09,0.0,0.0,0.0,0.3,0.5,1.0,0.0,4.0,5.0,1.44,Hogga_G1,Hogga,3.0,17.0,17.0,94.0,94.0,1,137.785,0.7909587,7.24,0.01,1425.93,39.69,23.703804,1
2,2015-01-02 00:00:00+00:00,95,2015-01-05 23:00:00+00:00,28.08,0.0,0.0,0.0,0.3,0.5,1.0,0.0,4.0,5.0,1.44,Hogga_G1,Hogga,3.0,17.0,17.0,94.0,94.0,1,137.785,0.7909587,7.24,0.01,1425.93,39.55,23.703804,1
2,2015-01-02 00:00:00+00:00,96,2015-01-06 00:00:00+00:00,27.94,0.0,0.0,0.0,0.3,0.5,1.0,0.0,4.0,5.0,1.44,Hogga_G1,Hogga,3.0,17.0,17.0,94.0,94.0,1,137.785,0.7909587,7.1,0.01,1425.93,39.39,23.703804,1
2,2015-01-02 00:00:00+00:00,97,2015-01-06 01:00:00+00:00,27.91,0.0,0.0,0.0,0.3,0.5,1.0,0.0,4.0,5.0,1.44,Hogga_G1,Hogga,3.0,17.0,17.0,94.0,94.0,1,137.785,0.7909587,7.02,0.01,1425.93,39.17,23.703804,1
2,2015-01-02 00:00:00+00:00,98,2015-01-06 02:00:00+00:00,27.89,0.0,0.0,0.0,0.3,0.5,1.0,0.0,4.0,5.0,1.44,Hogga_G1,Hogga,3.0,17.0,17.0,94.0,94.0,1,137.785,0.7909587,6.94,0.01,1425.93,39.05,23.703804,1
2,2015-01-02 00:00:00+00:00,99,2015-01-06 03:00:00+00:00,27.89,0.0,0.0,0.0,0.3,0.5,1.0,0.0,4.0,5.0,1.44,Hogga_G1,Hogga,3.0,17.0,17.0,94.0,94.0,1,137.785,0.7909587,6.71,0.01,1425.93,38.82,23.703804,1
2,2015-01-02 00:00:00+00:00,100,2015-01-06 04:00:00+00:00,28.01,0.0,0.0,0.0,0.3,0.5,1.0,0.0,4.0,5.0,1.44,Hogga_G1,Hogga,3.0,17.0,17.0,94.0,94.0,1,137.785,0.7909587,6.2,0.01,1425.93,38.199997,23.703804,1
2,2015-01-02 00:00:00+00:00,101,2015-01-06 05:00:00+00:00,28.73,0.0,0.0,0.0,0.3,0.5,1.0,0.0,4.0,5.0,1.44,Hogga_G1,Hogga,3.0,17.0,17.0,94.0,94.0,1,137.785,0.7909587,6.1,0.01,1425.93,38.02,23.703804,1
2,2015-01-02 00:00:00+00:00,102,2015-01-06 06:00:00+00:00,30.03,0.0,0.0,0.0,0.3,0.5,1.0,0.0,4.0,5.0,1.43,Hogga_G1,Hogga,3.0,17.0,17.0,94.0,94.0,1,137.785,0.7909587,6.01,0.01,1425.93,37.890003,23.703804,1
2,2015-01-02 00:00:00+00:00,103,2015-01-06 07:00:00+00:00,30.5,0.0,0.0,0.0,0.3,0.5,1.0,0.0,4.0,5.0,1.42,Hogga_G1,Hogga,3.0,17.0,17.0,94.0,94.0,1,137.785,0.7909587,5.93,0.01,1425.93,37.78,23.703804,1
2,2015-01-02 00:00:00+00:00,104,2015-01-06 08:00:00+00:00,30.35,0.0,0.0,0.0,0.3,0.5,1.0,0.0,4.0,5.0,1.42,Hogga_G1,Hogga,3.0,17.0,17.0,94.0,94.0,1,137.785,0.7909587,5.83,0.01,1425.93,37.500004,23.703804,1
2,2015-01-02 00:00:00+00:00,105,2015-01-06 09:00:00+00:00,30.53,0.0,0.0,0.0,0.3,0.5,1.0,0.0,4.0,5.0,1.42,Hogga_G1,Hogga,3.0,17.0,17.0,94.0,94.0,1,137.785,0.7909587,5.78,0.01,1425.93,37.480003,23.703804,1
2,2015-01-02 00:00:00+00:00,106,2015-01-06 10:00:00+00:00,29.91,0.0,0.0,0.0,0.3,0.5,1.0,0.0,4.0,5.0,1.43,Hogga_G1,Hogga,3.0,17.0,17.0,94.0,94.0,1,137.785,0.7909587,5.75,0.01,1425.93,37.54,23.703804,1
2,2015-01-02 00:00:00+00:00,107,2015-01-06 11:00:00+00:00,29.62,0.0,0.0,0.0,0.3,0.5,1.0,0.0,4.0,5.0,1.41,Hogga_G1,Hogga,3.0,17.0,17.0,94.0,94.0,1,137.785,0.7909587,5.68,0.01,1425.93,37.300003,23.703804,1
2,2015-01-02 00:00:00+00:00,108,2015-01-06 12:00:00+00:00,29.58,0.0,0.0,0.0,0.3,0.5,1.0,0.0,4.0,5.0,1.4,Hogga_G1,Hogga,3.0,17.0,17.0,94.0,94.0,1,137.785,0.7909587,5.7,0.01,1425.93,37.29,23.703804,1
2,2015-01-02 00:00:00+00:00,109,2015-01-06 13:00:00+00:00,29.57,0.0,0.0,0.0,0.3,0.5,1.0,0.0,4.0,5.0,1.41,Hogga_G1,Hogga,3.0,17.0,17.0,94.0,94.0,1,137.785,0.7909587,5.71,0.01,1425.93,37.34,23.703804,1
2,2015-01-02 00:00:00+00:00,110,2015-01-06 14:00:00+00:00,29.62,0.0,0.0,0.0,0.3,0.5,1.0,0.0,4.0,5.0,1.41,Hogga_G1,Hogga,3.0,17.0,17.0,94.0,94.0,1,137.785,0.7909587,5.7,0.01,1425.93,37.329998,23.703804,1
2,2015-01-02 00:00:00+00:00,111,2015-01-06 15:00:00+00:00,29.99,0.0,0.0,0.0,0.3,0.5,1.0,0.0,4.0,5.0,1.41,Hogga_G1,Hogga,3.0,17.0,17.0,94.0,94.0,1,137.785,0.7909587,5.66,0.01,1425.93,37.409996,23.703804,1
2,2015-01-02 00:00:00+00:00,112,2015-01-06 16:00:00+00:00,29.65,0.0,0.0,0.0,0.3,0.5,1.0,0.0,4.0,5.0,1.41,Hogga_G1,Hogga,3.0,17.0,17.0,94.0,94.0,1,137.785,0.7909587,5.75,0.01,1425.93,37.57,23.703804,1
2,2015-01-02 00:00:00+00:00,113,2015-01-06 17:00:00+00:00,29.58,0.0,0.0,0.0,0.3,0.5,1.0,0.0,4.0,5.0,1.4,Hogga_G1,Hogga,3.0,17.0,17.0,94.0,94.0,1,137.785,0.7909587,5.88,0.01,1425.93,37.66,23.703804,1
2,2015-01-02 00:00:00+00:00,114,2015-01-06 18:00:00+00:00,29.0,0.0,0.0,0.0,0.3,0.5,1.0,0.0,4.0,5.0,1.4,Hogga_G1,Hogga,3.0,17.0,17.0,94.0,94.0,1,137.785,0.7909587,6.11,0.01,1425.93,38.019997,23.703804,1
2,2015-01-02 00:00:00+00:00,115,2015-01-06 19:00:00+00:00,28.45,0.0,0.0,0.0,0.3,0.5,1.0,0.0,4.0,5.0,1.4,Hogga_G1,Hogga,3.0,17.0,17.0,94.0,94.0,1,137.785,0.7909587,6.49,0.01,1425.93,38.449997,23.703804,1
2,2015-01-02 00:00:00+00:00,116,2015-01-06 20:00:00+00:00,28.15,0.0,0.0,0.0,0.3,0.5,1.0,0.0,4.0,5.0,1.38,Hogga_G1,Hogga,3.0,17.0,17.0,94.0,94.0,1,137.785,0.7909587,6.85,0.01,1425.93,38.719997,23.703804,1
2,2015-01-02 00:00:00+00:00,117,2015-01-06 21:00:00+00:00,27.73,0.0,0.0,0.0,0.3,0.5,1.0,0.0,4.0,5.0,1.4,Hogga_G1,Hogga,3.0,17.0,17.0,94.0,94.0,1,137.785,0.7909587,7.17,0.01,1425.93,39.03,23.703804,1
2,2015-01-02 00:00:00+00:00,118,2015-01-06 22:00:00+00:00,27.32,0.0,0.0,0.0,0.3,0.5,1.0,0.0,4.0,5.0,1.39,Hogga_G1,Hogga,3.0,17.0,17.0,94.0,94.0,1,137.785,0.7909587,7.86,0.01,1425.93,39.649998,23.703804,1
2,2015-01-02 00:00:00+00:00,119,2015-01-06 23:00:00+00:00,26.35,0.0,0.0,0.0,0.3,0.5,1.0,0.0,4.0,5.0,1.31,Hogga_G1,Hogga,3.0,17.0,17.0,94.0,94.0,1,137.785,0.7909587,8.64,0.01,1425.93,40.170002,23.703804,1
2,2015-01-02 00:00:00+00:00,120,2015-01-07 00:00:00+00:00,26.08,0.0,0.0,0.0,0.3,0.5,1.0,0.0,4.0,5.0,1.29,Hogga_G1,Hogga,3.0,17.0,17.0,94.0,94.0,1,137.785,0.7909587,10.22,0.01,1425.93,41.75,23.703804,1
2,2015-01-02 00:00:00+00:00,121,2015-01-07 01:00:00+00:00,26.03,0.0,0.0,0.0,0.3,0.5,1.0,0.0,4.0,5.0,1.29,Hogga_G1,Hogga,3.0,17.0,17.0,94.0,94.0,1,137.785,0.7909587,14.25,0.01,1425.93,45.58,23.703804,1
2,2015-01-02 00:00:00+00:00,122,2015-01-07 02:00:00+00:00,26.17,0.0,0.0,0.0,0.3,0.5,1.0,0.0,4.0,5.0,1.27,Hogga_G1,Hogga,3.0,17.0,17.0,94.0,94.0,1,137.785,0.7909587,22.82,0.01,1425.93,54.070004,23.703804,1
2,2015-01-02 00:00:00+00:00,123,2015-01-07 03:00:00+00:00,26.74,0.0,0.0,0.0,0.3,0.5,1.0,0.0,4.0,5.0,1.27,Hogga_G1,Hogga,3.0,17.0,17.0,94.0,94.0,1,137.785,0.7909587,25.97,0.01,1425.93,57.11,23.703804,1
2,2015-01-02 00:00:00+00:00,124,2015-01-07 04:00:00+00:00,27.78,0.0,0.0,0.0,0.3,0.5,1.0,0.0,4.0,5.0,1.27,Hogga_G1,Hogga,3.0,17.0,17.0,94.0,94.0,1,137.785,0.7909587,29.12,0.01,1425.93,60.249996,23.703804,1
2,2015-01-02 00:00:00+00:00,125,2015-01-07 05:00:00+00:00,28.48,0.0,0.0,0.0,0.3,0.5,1.0,0.0,4.0,5.0,1.27,Hogga_G1,Hogga,3.0,17.0,17.0,94.0,94.0,1,137.785,0.7909587,32.44,0.01,1425.93,63.659996,23.703804,1
2,2015-01-02 00:00:00+00:00,126,2015-01-07 06:00:00+00:00,31.53,0.0,0.0,0.0,0.3,0.5,1.0,0.0,4.0,5.0,1.27,Hogga_G1,Hogga,3.0,17.0,17.0,94.0,94.0,1,137.785,0.7909587,36.2,0.01,1425.93,67.27,23.703804,1
2,2015-01-02 00:00:00+00:00,127,2015-01-07 07:00:00+00:00,32.54,0.0,0.0,0.0,0.3,0.5,1.0,0.0,4.0,5.0,1.27,Hogga_G1,Hogga,3.0,17.0,17.0,94.0,94.0,1,137.785,0.7909587,37.31,0.01,1425.93,68.34,23.703804,1
2,2015-01-02 00:00:00+00:00,128,2015-01-07 08:00:00+00:00,32.24,0.0,0.0,0.0,0.3,0.5,1.0,0.0,4.0,5.0,1.26,Hogga_G1,Hogga,3.0,17.0,17.0,94.0,94.0,1,137.785,0.7909587,36.23,0.01,1425.93,67.09,23.703804,1
2,2015-01-02 00:00:00+00:00,129,2015-01-07 09:00:00+00:00,31.96,0.0,0.0,0.0,0.3,0.5,1.0,0.0,4.0,5.0,1.25,Hogga_G1,Hogga,3.0,17.0,17.0,94.0,94.0,1,137.785,0.7909587,35.27,0.01,1425.93,66.03,23.703804,1
2,2015-01-02 00:00:00+00:00,130,2015-01-07 10:00:00+00:00,31.66,0.0,0.0,0.0,0.3,0.5,1.0,0.0,4.0,5.0,1.25,Hogga_G1,Hogga,3.0,17.0,17.0,94.0,94.0,1,137.785,0.7909587,33.54,0.01,1425.93,64.28999,23.703804,1
2,2015-01-02 00:00:00+00:00,131,2015-01-07 11:00:00+00:00,30.97,0.0,0.0,0.0,0.3,0.5,1.0,0.0,4.0,5.0,1.25,Hogga_G1,Hogga,3.0,17.0,17.0,94.0,94.0,1,137.785,0.7909587,31.47,0.01,1425.93,62.21,23.703804,1
2,2015-01-02 00:00:00+00:00,132,2015-01-07 12:00:00+00:00,30.65,0.0,0.0,0.0,0.3,0.5,1.0,0.0,4.0,5.0,1.25,Hogga_G1,Hogga,3.0,17.0,17.0,94.0,94.0,1,137.785,0.7909587,29.32,0.01,1425.93,60.109997,23.703804,1
2,2015-01-02 00:00:00+00:00,133,2015-01-07 13:00:00+00:00,30.31,0.0,0.0,0.0,0.3,0.5,1.0,0.0,4.0,5.0,1.23,Hogga_G1,Hogga,3.0,17.0,17.0,94.0,94.0,1,137.785,0.7909587,27.97,0.01,1425.93,58.690002,23.703804,1
2,2015-01-02 00:00:00+00:00,134,2015-01-07 14:00:00+00:00,29.79,0.0,0.0,0.0,0.3,0.5,1.0,0.0,4.0,5.0,1.23,Hogga_G1,Hogga,3.0,17.0,17.0,94.0,94.0,1,137.785,0.7909587,26.34,0.01,1425.93,57.100002,23.703804,1
2,2015-01-02 00:00:00+00:00,135,2015-01-07 15:00:00+00:00,30.72,0.0,0.0,0.0,0.3,0.5,1.0,0.0,4.0,5.0,1.21,Hogga_G1,Hogga,3.0,17.0,17.0,94.0,94.0,1,137.785,0.7909587,24.83,0.01,1425.93,55.480007,23.703804,1
2,2015-01-02 00:00:00+00:00,136,2015-01-07 16:00:00+00:00,29.56,0.0,0.0,0.0,0.3,0.5,1.0,0.0,4.0,5.0,1.2,Hogga_G1,Hogga,3.0,17.0,17.0,94.0,94.0,1,137.785,0.7909587,23.53,0.01,1425.93,54.170006,23.703804,1
2,2015-01-02 00:00:00+00:00,137,2015-01-07 17:00:00+00:00,28.84,0.0,0.0,0.0,0.3,0.5,1.0,0.0,4.0,5.0,1.2,Hogga_G1,Hogga,3.0,17.0,17.0,94.0,94.0,1,137.785,0.7909587,21.8,0.01,1425.93,52.4,23.703804,1
2,2015-01-02 00:00:00+00:00,138,2015-01-07 18:00:00+00:00,28.2,0.0,0.0,0.0,0.3,0.5,1.0,0.0,4.0,5.0,1.2,Hogga_G1,Hogga,3.0,17.0,17.0,94.0,94.0,1,137.785,0.7909587,20.61,0.01,1425.93,51.180004,23.703804,1
2,2015-01-02 00:00:00+00:00,139,2015-01-07 19:00:00+00:00,27.75,0.0,0.0,0.0,0.3,0.5,1.0,0.0,4.0,5.0,1.2,Hogga_G1,Hogga,3.0,17.0,17.0,94.0,94.0,1,137.785,0.7909587,19.86,0.01,1425.93,50.419994,23.703804,1
2,2015-01-02 00:00:00+00:00,140,2015-01-07 20:00:00+00:00,27.42,0.0,0.0,0.0,0.3,0.5,1.0,0.0,4.0,5.0,1.21,Hogga_G1,Hogga,3.0,17.0,17.0,94.0,94.0,1,137.785,0.7909587,18.6,0.01,1425.93,49.229996,23.703804,1
2,2015-01-02 00:00:00+00:00,141,2015-01-07 21:00:00+00:00,26.68,0.0,0.0,0.0,0.3,0.5,1.0,0.0,4.0,5.0,1.22,Hogga_G1,Hogga,3.0,17.0,17.0,94.0,94.0,1,137.785,0.7909587,18.6,0.01,1425.93,49.22,23.703804,1
2,2015-01-02 00:00:00+00:00,142,2015-01-07 22:00:00+00:00,26.15,0.0,0.0,0.0,0.3,0.5,1.0,0.0,4.0,5.0,1.21,Hogga_G1,Hogga,3.0,17.0,17.0,94.0,94.0,1,137.785,0.7909587,18.43,0.01,1425.93,49.059998,23.703804,1
2,2015-01-02 00:00:00+00:00,143,2015-01-07 23:00:00+00:00,26.04,0.0,0.0,0.0,0.3,0.5,1.0,0.0,4.0,5.0,1.19,Hogga_G1,Hogga,3.0,17.0,17.0,94.0,94.0,1,137.785,0.7909587,18.49,0.01,1425.93,49.1,23.703804,1
2,2015-01-02 00:00:00+00:00,144,2015-01-08 00:00:00+00:00,25.07,0.0,0.0,0.0,0.3,0.5,1.0,0.0,4.0,5.0,1.19,Hogga_G1,Hogga,3.0,17.0,17.0,94.0,94.0,1,137.785,0.7909587,18.55,0.01,1425.93,49.28,23.703804,1
2,2015-01-02 00:00:00+00:00,145,2015-01-08 01:00:00+00:00,24.57,0.0,0.0,0.0,0.3,0.5,1.0,0.0,4.0,5.0,1.2,Hogga_G1,Hogga,3.0,17.0,17.0,94.0,94.0,1,137.785,0.7909587,18.22,0.01,1425.93,49.05,23.703804,1
2,2015-01-02 00:00:00+00:00,146,2015-01-08 02:00:00+00:00,24.44,0.0,0.0,0.0,0.3,0.5,1.0,0.0,4.0,5.0,1.19,Hogga_G1,Hogga,3.0,17.0,17.0,94.0,94.0,1,137.785,0.7909587,17.85,0.01,1425.93,48.65,23.703804,1
2,2015-01-02 00:00:00+00:00,147,2015-01-08 03:00:00+00:00,24.54,0.0,0.0,0.0,0.3,0.5,1.0,0.0,4.0,5.0,1.19,Hogga_G1,Hogga,3.0,17.0,17.0,94.0,94.0,1,137.785,0.7909587,17.54,0.01,1425.93,48.339996,23.703804,1
2,2015-01-02 00:00:00+00:00,148,2015-01-08 04:00:00+00:00,26.04,0.0,0.0,0.0,0.3,0.5,1.0,0.0,4.0,5.0,1.19,Hogga_G1,Hogga,3.0,17.0,17.0,94.0,94.0,1,137.785,0.7909587,16.72,0.01,1425.93,47.399998,23.703804,1
2,2015-01-02 00:00:00+00:00,149,2015-01-08 05:00:00+00:00,26.89,0.0,0.0,0.0,0.3,0.5,1.0,0.0,4.0,5.0,1.2,Hogga_G1,Hogga,3.0,17.0,17.0,94.0,94.0,1,137.785,0.7909587,16.3,0.01,1425.93,46.839996,23.703804,1
2,2015-01-02 00:00:00+00:00,150,2015-01-08 06:00:00+00:00,27.59,0.0,0.0,0.0,0.3,0.5,1.0,0.0,4.0,5.0,1.19,Hogga_G1,Hogga,3.0,17.0,17.0,94.0,94.0,1,137.785,0.7909587,16.62,0.01,1425.93,47.09,23.703804,1
2,2015-01-02 00:00:00+00:00,151,2015-01-08 07:00:00+00:00,28.1,0.0,0.0,0.0,0.3,0.5,1.0,0.0,4.0,5.0,1.17,Hogga_G1,Hogga,3.0,17.0,17.0,94.0,94.0,1,137.785,0.7909587,17.21,0.01,1425.93,47.42,23.703804,1
2,2015-01-02 00:00:00+00:00,152,2015-01-08 08:00:00+00:00,28.23,0.0,0.0,0.0,0.3,0.5,1.0,0.0,4.0,5.0,1.18,Hogga_G1,Hogga,3.0,17.0,17.0,94.0,94.0,1,137.785,0.7909587,17.46,0.01,1425.93,47.579998,23.703804,1
2,2015-01-02 00:00:00+00:00,153,2015-01-08 09:00:00+00:00,28.35,0.0,0.0,0.0,0.3,0.5,1.0,0.0,4.0,5.0,1.16,Hogga_G1,Hogga,3.0,17.0,17.0,94.0,94.0,1,137.785,0.7909587,18.22,0.01,1425.93,48.090004,23.703804,1
2,2015-01-02 00:00:00+00:00,154,2015-01-08 10:00:00+00:00,28.46,0.0,0.0,0.0,0.3,0.5,1.0,0.0,4.0,5.0,1.16,Hogga_G1,Hogga,3.0,17.0,17.0,94.0,94.0,1,137.785,0.7909587,20.43,0.01,1425.93,50.270004,23.703804,1
2,2015-01-02 00:00:00+00:00,155,2015-01-08 11:00:00+00:00,28.46,0.0,0.0,0.0,0.3,0.5,1.0,0.0,4.0,5.0,1.16,Hogga_G1,Hogga,3.0,17.0,17.0,94.0,94.0,1,137.785,0.7909587,23.11,0.01,1425.93,53.100002,23.703804,1
2,2015-01-02 00:00:00+00:00,156,2015-01-08 12:00:00+00:00,28.6,0.0,0.0,0.0,0.3,0.5,1.0,0.0,4.0,5.0,1.16,Hogga_G1,Hogga,3.0,17.0,17.0,94.0,94.0,1,137.785,0.7909587,23.77,0.01,1425.93,53.83,23.703804,1
2,2015-01-02 00:00:00+00:00,157,2015-01-08 13:00:00+00:00,28.45,0.0,0.0,0.0,0.3,0.5,1.0,0.0,4.0,5.0,1.16,Hogga_G1,Hogga,3.0,17.0,17.0,94.0,94.0,1,137.785,0.7909587,24.43,0.01,1425.93,54.570004,23.703804,1
2,2015-01-02 00:00:00+00:00,158,2015-01-08 14:00:00+00:00,28.24,0.0,0.0,0.0,0.3,0.5,1.0,0.0,4.0,5.0,1.16,Hogga_G1,Hogga,3.0,17.0,17.0,94.0,94.0,1,137.785,0.7909587,25.1,0.01,1425.93,55.300007,23.703804,1
2,2015-01-02 00:00:00+00:00,159,2015-01-08 15:00:00+00:00,28.43,0.0,0.0,0.0,0.3,0.5,1.0,0.0,4.0,5.0,1.15,Hogga_G1,Hogga,3.0,17.0,17.0,94.0,94.0,1,137.785,0.7909587,24.84,0.01,1425.93,55.080006,23.703804,1
2,2015-01-02 00:00:00+00:00,160,2015-01-08 16:00:00+00:00,28.4,0.0,0.0,0.0,0.3,0.5,1.0,0.0,4.0,5.0,1.14,Hogga_G1,Hogga,3.0,17.0,17.0,94.0,94.0,1,137.785,0.7909587,24.28,0.01,1425.93,54.579998,23.703804,1
2,2015-01-02 00:00:00+00:00,161,2015-01-08 17:00:00+00:00,27.98,0.0,0.0,0.0,0.3,0.5,1.0,0.0,4.0,5.0,1.14,Hogga_G1,Hogga,3.0,17.0,17.0,94.0,94.0,1,137.785,0.7909587,24.15,0.01,1425.93,54.250004,23.703804,1
2,2015-01-02 00:00:00+00:00,162,2015-01-08 18:00:00+00:00,27.69,0.0,0.0,0.0,0.3,0.5,1.0,0.0,4.0,5.0,1.15,Hogga_G1,Hogga,3.0,17.0,17.0,94.0,94.0,1,137.785,0.7909587,23.36,0.01,1425.93,53.45,23.703804,1
2,2015-01-02 00:00:00+00:00,163,2015-01-08 19:00:00+00:00,27.46,0.0,0.0,0.0,0.3,0.5,1.0,0.0,4.0,5.0,1.16,Hogga_G1,Hogga,3.0,17.0,17.0,94.0,94.0,1,137.785,0.7909587,23.05,0.01,1425.93,53.250004,23.703804,1
2,2015-01-02 00:00:00+00:00,164,2015-01-08 20:00:00+00:00,27.31,0.0,0.0,0.0,0.3,0.5,1.0,0.0,4.0,5.0,1.16,Hogga_G1,Hogga,3.0,17.0,17.0,94.0,94.0,1,137.785,0.7909587,22.48,0.01,1425.93,52.710003,23.703804,1
2,2015-01-02 00:00:00+00:00,165,2015-01-08 21:00:00+00:00,26.71,0.0,0.0,0.0,0.3,0.5,1.0,0.0,4.0,5.0,1.16,Hogga_G1,Hogga,3.0,17.0,17.0,94.0,94.0,1,137.785,0.7909587,22.07,0.01,1425.93,52.330006,23.703804,1
2,2015-01-02 00:00:00+00:00,166,2015-01-08 22:00:00+00:00,25.91,0.0,0.0,0.0,0.3,0.5,1.0,0.0,4.0,5.0,1.15,Hogga_G1,Hogga,3.0,17.0,17.0,94.0,94.0,1,137.785,0.7909587,21.55,0.01,1425.93,51.66,23.703804,1
2,2015-01-02 00:00:00+00:00,167,2015-01-08 23:00:00+00:00,25.89,0.0,0.0,0.0,0.3,0.5,1.0,0.0,4.0,5.0,1.14,Hogga_G1,Hogga,3.0,17.0,17.0,94.0,94.0,1,137.785,0.7909587,21.07,0.01,1425.93,50.980003,23.703804,1
2,2015-01-02 00:00:00+00:00,0,2015-01-02 00:00:00+00:00,26.41,0.0,0.0,0.0,0.3,0.5,1.0,0.0,4.0,5.0,1.26,Tokke_G1,Tokke,36.9,107.5,107.5,214.0,214.0,1,5.959,0.6366453,5.53,26.86,1191.262,25.29,27.069103,1
2,2015-01-02 00:00:00+00:00,1,2015-01-02 01:00:00+00:00,26.2,0.0,0.0,0.0,0.3,0.5,1.0,0.0,4.0,5.0,1.3,Tokke_G1,Tokke,36.9,107.5,107.5,214.0,214.0,1,5.959,0.6366453,5.53,26.86,1191.262,25.510002,27.069103,1
2,2015-01-02 00:00:00+00:00,2,2015-01-02 02:00:00+00:00,25.6,0.0,0.0,0.0,0.3,0.5,1.0,0.0,4.0,5.0,1.52,Tokke_G1,Tokke,36.9,107.5,107.5,214.0,214.0,1,5.959,0.6366453,5.54,26.86,1191.262,26.27,27.069103,1
2,2015-01-02 00:00:00+00:00,3,2015-01-02 03:00:00+00:00,24.74,0.0,0.0,0.0,0.3,0.5,1.0,0.0,4.0,5.0,1.7,Tokke_G1,Tokke,36.9,107.5,107.5,214.0,214.0,1,5.959,0.6366453,5.6,26.86,1191.262,27.26,27.069103,1
2,2015-01-02 00:00:00+00:00,4,2015-01-02 04:00:00+00:00,26.1,0.0,0.0,0.0,0.3,0.5,1.0,0.0,4.0,5.0,1.75,Tokke_G1,Tokke,36.9,107.5,107.5,214.0,214.0,1,5.959,0.6366453,5.53,26.86,1191.262,27.18,27.069103,1
2,2015-01-02 00:00:00+00:00,5,2015-01-02 05:00:00+00:00,27.25,0.0,0.0,0.0,0.3,0.5,1.0,0.0,4.0,5.0,1.65,Tokke_G1,Tokke,36.9,107.5,107.5,214.0,214.0,1,5.959,0.6366453,5.49,26.86,1191.262,26.99,27.069103,1
2,2015-01-02 00:00:00+00:00,6,2015-01-02 06:00:00+00:00,28.37,0.0,0.0,0.0,0.3,0.5,1.0,0.0,4.0,5.0,1.71,Tokke_G1,Tokke,36.9,107.5,107.5,214.0,214.0,1,5.959,0.6366453,5.52,26.86,1191.262,27.2,27.069103,1
2,2015-01-02 00:00:00+00:00,7,2015-01-02 07:00:00+00:00,28.37,0.0,0.0,0.0,0.3,0.5,1.0,0.0,4.0,5.0,1.92,Tokke_G1,Tokke,36.9,107.5,107.5,214.0,214.0,1,5.959,0.6366453,5.54,26.86,1191.262,27.649998,27.069103,1
2,2015-01-02 00:00:00+00:00,8,2015-01-02 08:00:00+00:00,28.32,0.0,0.0,0.0,0.3,0.5,1.0,0.0,4.0,5.0,2.18,Tokke_G1,Tokke,36.9,107.5,107.5,214.0,214.0,1,5.959,0.6366453,5.62,26.86,1191.262,28.390003,27.069103,1
2,2015-01-02 00:00:00+00:00,9,2015-01-02 09:00:00+00:00,28.3,0.0,0.0,0.0,0.3,0.5,1.0,0.0,4.0,5.0,2.33,Tokke_G1,Tokke,36.9,107.5,107.5,214.0,214.0,1,5.959,0.6366453,5.67,26.86,1191.262,28.86,27.069103,1
2,2015-01-02 00:00:00+00:00,10,2015-01-02 10:00:00+00:00,28.39,0.0,0.0,0.0,0.3,0.5,1.0,0.0,4.0,5.0,2.35,Tokke_G1,Tokke,36.9,107.5,107.5,214.0,214.0,1,5.959,0.6366453,5.64,26.86,1191.262,28.880001,27.069103,1
2,2015-01-02 00:00:00+00:00,11,2015-01-02 11:00:00+00:00,28.3,0.0,0.0,0.0,0.3,0.5,1.0,0.0,4.0,5.0,2.3,Tokke_G1,Tokke,36.9,107.5,107.5,214.0,214.0,1,5.959,0.6366453,5.68,26.86,1191.262,28.84,27.069103,1
2,2015-01-02 00:00:00+00:00,12,2015-01-02 12:00:00+00:00,28.24,0.0,0.0,0.0,0.3,0.5,1.0,0.0,4.0,5.0,2.23,Tokke_G1,Tokke,36.9,107.5,107.5,214.0,214.0,1,5.959,0.6366453,5.72,26.86,1191.262,28.860003,27.069103,1
2,2015-01-02 00:00:00+00:00,13,2015-01-02 13:00:00+00:00,28.12,0.0,0.0,0.0,0.3,0.5,1.0,0.0,4.0,5.0,2.2,Tokke_G1,Tokke,36.9,107.5,107.5,214.0,214.0,1,5.959,0.6366453,5.73,26.86,1191.262,28.79,27.069103,1
2,2015-01-02 00:00:00+00:00,14,2015-01-02 14:00:00+00:00,28.23,0.0,0.0,0.0,0.3,0.5,1.0,0.0,4.0,5.0,2.17,Tokke_G1,Tokke,36.9,107.5,107.5,214.0,214.0,1,5.959,0.6366453,5.79,26.86,1191.262,28.86,27.069103,1
2,2015-01-02 00:00:00+00:00,15,2015-01-02 15:00:00+00:00,28.59,0.0,0.0,0.0,0.3,0.5,1.0,0.0,4.0,5.0,2.14,Tokke_G1,Tokke,36.9,107.5,107.5,214.0,214.0,1,5.959,0.6366453,5.92,26.86,1191.262,29.12,27.069103,1
2,2015-01-02 00:00:00+00:00,16,2015-01-02 16:00:00+00:00,28.73,0.0,0.0,0.0,0.3,0.5,1.0,0.0,4.0,5.0,2.13,Tokke_G1,Tokke,36.9,107.5,107.5,214.0,214.0,1,5.959,0.6366453,5.97,26.86,1191.262,29.320002,27.069103,1
2,2015-01-02 00:00:00+00:00,17,2015-01-02 17:00:00+00:00,28.48,0.0,0.0,0.0,0.3,0.5,1.0,0.0,4.0,5.0,2.05,Tokke_G1,Tokke,36.9,107.5,107.5,214.0,214.0,1,5.959,0.6366453,5.96,26.86,1191.262,29.25,27.069103,1
2,2015-01-02 00:00:00+00:00,18,2015-01-02 18:00:00+00:00,28.38,0.0,0.0,0.0,0.3,0.5,1.0,0.0,4.0,5.0,1.64,Tokke_G1,Tokke,36.9,107.5,107.5,214.0,214.0,1,5.959,0.6366453,6.08,26.86,1191.262,28.550001,27.069103,1
2,2015-01-02 00:00:00+00:00,19,2015-01-02 19:00:00+00:00,27.85,0.0,0.0,0.0,0.3,0.5,1.0,0.0,4.0,5.0,2.06,Tokke_G1,Tokke,36.9,107.5,107.5,214.0,214.0,1,5.959,0.6366453,6.14,26.86,1191.262,29.42,27.069103,1
2,2015-01-02 00:00:00+00:00,20,2015-01-02 20:00:00+00:00,27.45,0.0,0.0,0.0,0.3,0.5,1.0,0.0,4.0,5.0,2.2,Tokke_G1,Tokke,36.9,107.5,107.5,214.0,214.0,1,5.959,0.6366453,6.2,26.86,1191.262,29.780003,27.069103,1
2,2015-01-02 00:00:00+00:00,21,2015-01-02 21:00:00+00:00,27.2,0.0,0.0,0.0,0.3,0.5,1.0,0.0,4.0,5.0,2.38,Tokke_G1,Tokke,36.9,107.5,107.5,214.0,214.0,1,5.959,0.6366453,6.24,26.86,1191.262,30.059998,27.069103,1
2,2015-01-02 00:00:00+00:00,22,2015-01-02 22:00:00+00:00,26.79,0.0,0.0,0.0,0.3,0.5,1.0,0.0,4.0,5.0,2.59,Tokke_G1,Tokke,36.9,107.5,107.5,214.0,214.0,1,5.959,0.6366453,6.27,26.86,1191.262,30.329998,27.069103,1
2,2015-01-02 00:00:00+00:00,23,2015-01-02 23:00:00+00:00,25.85,0.0,0.0,0.0,0.3,0.5,1.0,0.0,4.0,5.0,2.83,Tokke_G1,Tokke,36.9,107.5,107.5,214.0,214.0,1,5.959,0.6366453,6.46,26.86,1191.262,30.970001,27.069103,1
2,2015-01-02 00:00:00+00:00,24,2015-01-03 00:00:00+00:00,25.54,0.0,0.0,0.0,0.3,0.5,1.0,0.0,4.0,5.0,2.84,Tokke_G1,Tokke,36.9,107.5,107.5,214.0,214.0,1,5.959,0.6366453,6.62,26.86,1191.262,31.25,27.069103,1
2,2015-01-02 00:00:00+00:00,25,2015-01-03 01:00:00+00:00,25.43,0.0,0.0,0.0,0.3,0.5,1.0,0.0,4.0,5.0,2.77,Tokke_G1,Tokke,36.9,107.5,107.5,214.0,214.0,1,5.959,0.6366453,6.74,26.86,1191.262,31.34,27.069103,1
2,2015-01-02 00:00:00+00:00,26,2015-01-03 02:00:00+00:00,25.34,0.0,0.0,0.0,0.3,0.5,1.0,0.0,4.0,5.0,2.86,Tokke_G1,Tokke,36.9,107.5,107.5,214.0,214.0,1,5.959,0.6366453,6.89,26.86,1191.262,31.58,27.069103,1
2,2015-01-02 00:00:00+00:00,27,2015-01-03 03:00:00+00:00,25.29,0.0,0.0,0.0,0.3,0.5,1.0,0.0,4.0,5.0,3.02,Tokke_G1,Tokke,36.9,107.5,107.5,214.0,214.0,1,5.959,0.6366453,6.96,26.86,1191.262,31.970001,27.069103,1
2,2015-01-02 00:00:00+00:00,28,2015-01-03 04:00:00+00:00,25.3,0.0,0.0,0.0,0.3,0.5,1.0,0.0,4.0,5.0,3.13,Tokke_G1,Tokke,36.9,107.5,107.5,214.0,214.0,1,5.959,0.6366453,7.02,26.86,1191.262,32.269997,27.069103,1
2,2015-01-02 00:00:00+00:00,29,2015-01-03 05:00:00+00:00,25.55,0.0,0.0,0.0,0.3,0.5,1.0,0.0,4.0,5.0,3.16,Tokke_G1,Tokke,36.9,107.5,107.5,214.0,214.0,1,5.959,0.6366453,7.12,26.86,1191.262,32.5,27.069103,1
2,2015-01-02 00:00:00+00:00,30,2015-01-03 06:00:00+00:00,26.75,0.0,0.0,0.0,0.3,0.5,1.0,0.0,4.0,5.0,3.13,Tokke_G1,Tokke,36.9,107.5,107.5,214.0,214.0,1,5.959,0.6366453,7.17,26.86,1191.262,32.58,27.069103,1
2,2015-01-02 00:00:00+00:00,31,2015-01-03 07:00:00+00:00,26.98,0.0,0.0,0.0,0.3,0.5,1.0,0.0,4.0,5.0,3.06,Tokke_G1,Tokke,36.9,107.5,107.5,214.0,214.0,1,5.959,0.6366453,7.13,26.86,1191.262,32.48,27.069103,1
2,2015-01-02 00:00:00+00:00,32,2015-01-03 08:00:00+00:00,27.52,0.0,0.0,0.0,0.3,0.5,1.0,0.0,4.0,5.0,3.01,Tokke_G1,Tokke,36.9,107.5,107.5,214.0,214.0,1,5.959,0.6366453,7.13,26.86,1191.262,32.5,27.069103,1
2,2015-01-02 00:00:00+00:00,33,2015-01-03 09:00:00+00:00,27.72,0.0,0.0,0.0,0.3,0.5,1.0,0.0,4.0,5.0,3.0,Tokke_G1,Tokke,36.9,107.5,107.5,214.0,214.0,1,5.959,0.6366453,7.18,26.86,1191.262,32.699997,27.069103,1
2,2015-01-02 00:00:00+00:00,34,2015-01-03 10:00:00+00:00,27.73,0.0,0.0,0.0,0.3,0.5,1.0,0.0,4.0,5.0,2.92,Tokke_G1,Tokke,36.9,107.5,107.5,214.0,214.0,1,5.959,0.6366453,7.23,26.86,1191.262,32.800003,27.069103,1
2,2015-01-02 00:00:00+00:00,35,2015-01-03 11:00:00+00:00,27.66,0.0,0.0,0.0,0.3,0.5,1.0,0.0,4.0,5.0,2.88,Tokke_G1,Tokke,36.9,107.5,107.5,214.0,214.0,1,5.959,0.6366453,7.24,26.86,1191.262,33.02,27.069103,1
2,2015-01-02 00:00:00+00:00,36,2015-01-03 12:00:00+00:00,27.65,0.0,0.0,0.0,0.3,0.5,1.0,0.0,4.0,5.0,2.85,Tokke_G1,Tokke,36.9,107.5,107.5,214.0,214.0,1,5.959,0.6366453,7.23,26.86,1191.262,33.04,27.069103,1
2,2015-01-02 00:00:00+00:00,37,2015-01-03 13:00:00+00:00,27.81,0.0,0.0,0.0,0.3,0.5,1.0,0.0,4.0,5.0,2.84,Tokke_G1,Tokke,36.9,107.5,107.5,214.0,214.0,1,5.959,0.6366453,7.2,26.86,1191.262,32.86,27.069103,1
2,2015-01-02 00:00:00+00:00,38,2015-01-03 14:00:00+00:00,28.29,0.0,0.0,0.0,0.3,0.5,1.0,0.0,4.0,5.0,2.81,Tokke_G1,Tokke,36.9,107.5,107.5,214.0,214.0,1,5.959,0.6366453,7.28,26.86,1191.262,32.93,27.069103,1
2,2015-01-02 00:00:00+00:00,39,2015-01-03 15:00:00+00:00,28.6,0.0,0.0,0.0,0.3,0.5,1.0,0.0,4.0,5.0,2.75,Tokke_G1,Tokke,36.9,107.5,107.5,214.0,214.0,1,5.959,0.6366453,7.3,26.86,1191.262,32.73,27.069103,1
2,2015-01-02 00:00:00+00:00,40,2015-01-03 16:00:00+00:00,28.88,0.0,0.0,0.0,0.3,0.5,1.0,0.0,4.0,5.0,2.69,Tokke_G1,Tokke,36.9,107.5,107.5,214.0,214.0,1,5.959,0.6366453,7.29,26.86,1191.262,32.63,27.069103,1
2,2015-01-02 00:00:00+00:00,41,2015-01-03 17:00:00+00:00,28.78,0.0,0.0,0.0,0.3,0.5,1.0,0.0,4.0,5.0,2.65,Tokke_G1,Tokke,36.9,107.5,107.5,214.0,214.0,1,5.959,0.6366453,7.25,26.86,1191.262,32.47,27.069103,1
2,2015-01-02 00:00:00+00:00,42,2015-01-03 18:00:00+00:00,28.54,0.0,0.0,0.0,0.3,0.5,1.0,0.0,4.0,5.0,2.6,Tokke_G1,Tokke,36.9,107.5,107.5,214.0,214.0,1,5.959,0.6366453,7.28,26.86,1191.262,32.39,27.069103,1
2,2015-01-02 00:00:00+00:00,43,2015-01-03 19:00:00+00:00,28.34,0.0,0.0,0.0,0.3,0.5,1.0,0.0,4.0,5.0,2.54,Tokke_G1,Tokke,36.9,107.5,107.5,214.0,214.0,1,5.959,0.6366453,7.25,26.86,1191.262,32.29,27.069103,1
2,2015-01-02 00:00:00+00:00,44,2015-01-03 20:00:00+00:00,27.93,0.0,0.0,0.0,0.3,0.5,1.0,0.0,4.0,5.0,2.47,Tokke_G1,Tokke,36.9,107.5,107.5,214.0,214.0,1,5.959,0.6366453,7.3,26.86,1191.262,32.190002,27.069103,1
2,2015-01-02 00:00:00+00:00,45,2015-01-03 21:00:00+00:00,27.7,0.0,0.0,0.0,0.3,0.5,1.0,0.0,4.0,5.0,2.41,Tokke_G1,Tokke,36.9,107.5,107.5,214.0,214.0,1,5.959,0.6366453,7.35,26.86,1191.262,32.0,27.069103,1
2,2015-01-02 00:00:00+00:00,46,2015-01-03 22:00:00+00:00,27.25,0.0,0.0,0.0,0.3,0.5,1.0,0.0,4.0,5.0,2.33,Tokke_G1,Tokke,36.9,107.5,107.5,214.0,214.0,1,5.959,0.6366453,7.35,26.86,1191.262,31.880001,27.069103,1
2,2015-01-02 00:00:00+00:00,47,2015-01-03 23:00:00+00:00,27.55,0.0,0.0,0.0,0.3,0.5,1.0,0.0,4.0,5.0,2.27,Tokke_G1,Tokke,36.9,107.5,107.5,214.0,214.0,1,5.959,0.6366453,7.35,26.86,1191.262,31.789999,27.069103,1
2,2015-01-02 00:00:00+00:00,48,2015-01-04 00:00:00+00:00,27.38,0.0,0.0,0.0,0.3,0.5,1.0,0.0,4.0,5.0,2.22,Tokke_G1,Tokke,36.9,107.5,107.5,214.0,214.0,1,5.959,0.6366453,7.35,26.86,1191.262,31.449997,27.069103,1
2,2015-01-02 00:00:00+00:00,49,2015-01-04 01:00:00+00:00,27.17,0.0,0.0,0.0,0.3,0.5,1.0,0.0,4.0,5.0,2.15,Tokke_G1,Tokke,36.9,107.5,107.5,214.0,214.0,1,5.959,0.6366453,7.34,26.86,1191.262,30.980001,27.069103,1
2,2015-01-02 00:00:00+00:00,50,2015-01-04 02:00:00+00:00,27.03,0.0,0.0,0.0,0.3,0.5,1.0,0.0,4.0,5.0,2.1,Tokke_G1,Tokke,36.9,107.5,107.5,214.0,214.0,1,5.959,0.6366453,7.25,26.86,1191.262,30.45,27.069103,1
2,2015-01-02 00:00:00+00:00,51,2015-01-04 03:00:00+00:00,27.04,0.0,0.0,0.0,0.3,0.5,1.0,0.0,4.0,5.0,2.06,Tokke_G1,Tokke,36.9,107.5,107.5,214.0,214.0,1,5.959,0.6366453,7.25,26.86,1191.262,30.28,27.069103,1
2,2015-01-02 00:00:00+00:00,52,2015-01-04 04:00:00+00:00,27.19,0.0,0.0,0.0,0.3,0.5,1.0,0.0,4.0,5.0,2.01,Tokke_G1,Tokke,36.9,107.5,107.5,214.0,214.0,1,5.959,0.6366453,7.34,26.86,1191.262,30.24,27.069103,1
2,2015-01-02 00:00:00+00:00,53,2015-01-04 05:00:00+00:00,27.13,0.0,0.0,0.0,0.3,0.5,1.0,0.0,4.0,5.0,1.99,Tokke_G1,Tokke,36.9,107.5,107.5,214.0,214.0,1,5.959,0.6366453,7.37,26.86,1191.262,30.2,27.069103,1
2,2015-01-02 00:00:00+00:00,54,2015-01-04 06:00:00+00:00,27.06,0.0,0.0,0.0,0.3,0.5,1.0,0.0,4.0,5.0,1.94,Tokke_G1,Tokke,36.9,107.5,107.5,214.0,214.0,1,5.959,0.6366453,7.45,26.86,1191.262,30.21,27.069103,1
2,2015-01-02 00:00:00+00:00,55,2015-01-04 07:00:00+00:00,27.63,0.0,0.0,0.0,0.3,0.5,1.0,0.0,4.0,5.0,1.89,Tokke_G1,Tokke,36.9,107.5,107.5,214.0,214.0,1,5.959,0.6366453,7.48,26.86,1191.262,30.039999,27.069103,1
2,2015-01-02 00:00:00+00:00,56,2015-01-04 08:00:00+00:00,28.03,0.0,0.0,0.0,0.3,0.5,1.0,0.0,4.0,5.0,1.84,Tokke_G1,Tokke,36.9,107.5,107.5,214.0,214.0,1,5.959,0.6366453,7.52,26.86,1191.262,29.99,27.069103,1
2,2015-01-02 00:00:00+00:00,57,2015-01-04 09:00:00+00:00,28.24,0.0,0.0,0.0,0.3,0.5,1.0,0.0,4.0,5.0,1.82,Tokke_G1,Tokke,36.9,107.5,107.5,214.0,214.0,1,5.959,0.6366453,7.52,26.86,1191.262,29.849998,27.069103,1
2,2015-01-02 00:00:00+00:00,58,2015-01-04 10:00:00+00:00,28.32,0.0,0.0,0.0,0.3,0.5,1.0,0.0,4.0,5.0,1.79,Tokke_G1,Tokke,36.9,107.5,107.5,214.0,214.0,1,5.959,0.6366453,7.48,26.86,1191.262,29.75,27.069103,1
2,2015-01-02 00:00:00+00:00,59,2015-01-04 11:00:00+00:00,28.24,0.0,0.0,0.0,0.3,0.5,1.0,0.0,4.0,5.0,1.77,Tokke_G1,Tokke,36.9,107.5,107.5,214.0,214.0,1,5.959,0.6366453,7.52,26.86,1191.262,29.880001,27.069103,1
2,2015-01-02 00:00:00+00:00,60,2015-01-04 12:00:00+00:00,28.27,0.0,0.0,0.0,0.3,0.5,1.0,0.0,4.0,5.0,1.74,Tokke_G1,Tokke,36.9,107.5,107.5,214.0,214.0,1,5.959,0.6366453,7.53,26.86,1191.262,29.999998,27.069103,1
2,2015-01-02 00:00:00+00:00,61,2015-01-04 13:00:00+00:00,28.32,0.0,0.0,0.0,0.3,0.5,1.0,0.0,4.0,5.0,1.72,Tokke_G1,Tokke,36.9,107.5,107.5,214.0,214.0,1,5.959,0.6366453,7.56,26.86,1191.262,29.98,27.069103,1
2,2015-01-02 00:00:00+00:00,62,2015-01-04 14:00:00+00:00,28.37,0.0,0.0,0.0,0.3,0.5,1.0,0.0,4.0,5.0,1.7,Tokke_G1,Tokke,36.9,107.5,107.5,214.0,214.0,1,5.959,0.6366453,7.49,26.86,1191.262,29.769999,27.069103,1
2,2015-01-02 00:00:00+00:00,63,2015-01-04 15:00:00+00:00,28.65,0.0,0.0,0.0,0.3,0.5,1.0,0.0,4.0,5.0,1.68,Tokke_G1,Tokke,36.9,107.5,107.5,214.0,214.0,1,5.959,0.6366453,7.5,26.86,1191.262,29.689999,27.069103,1
2,2015-01-02 00:00:00+00:00,64,2015-01-04 16:00:00+00:00,28.98,0.0,0.0,0.0,0.3,0.5,1.0,0.0,4.0,5.0,1.68,Tokke_G1,Tokke,36.9,107.5,107.5,214.0,214.0,1,5.959,0.6366453,7.42,26.86,1191.262,29.390001,27.069103,1
2,2015-01-02 00:00:00+00:00,65,2015-01-04 17:00:00+00:00,29.54,0.0,0.0,0.0,0.3,0.5,1.0,0.0,4.0,5.0,1.65,Tokke_G1,Tokke,36.9,107.5,107.5,214.0,214.0,1,5.959,0.6366453,7.42,26.86,1191.262,29.429998,27.069103,1
2,2015-01-02 00:00:00+00:00,66,2015-01-04 18:00:00+00:00,29.42,0.0,0.0,0.0,0.3,0.5,1.0,0.0,4.0,5.0,1.64,Tokke_G1,Tokke,36.9,107.5,107.5,214.0,214.0,1,5.959,0.6366453,7.47,26.86,1191.262,29.77,27.069103,1
2,2015-01-02 00:00:00+00:00,67,2015-01-04 19:00:00+00:00,28.92,0.0,0.0,0.0,0.3,0.5,1.0,0.0,4.0,5.0,1.63,Tokke_G1,Tokke,36.9,107.5,107.5,214.0,214.0,1,5.959,0.6366453,7.52,26.86,1191.262,30.19,27.069103,1
2,2015-01-02 00:00:00+00:00,68,2015-01-04 20:00:00+00:00,28.66,0.0,0.0,0.0,0.3,0.5,1.0,0.0,4.0,5.0,1.6,Tokke_G1,Tokke,36.9,107.5,107.5,214.0,214.0,1,5.959,0.6366453,7.53,26.86,1191.262,30.180002,27.069103,1
2,2015-01-02 00:00:00+00:00,69,2015-01-04 21:00:00+00:00,28.69,0.0,0.0,0.0,0.3,0.5,1.0,0.0,4.0,5.0,1.59,Tokke_G1,Tokke,36.9,107.5,107.5,214.0,214.0,1,5.959,0.6366453,7.58,26.86,1191.262,30.14,27.069103,1
2,2015-01-02 00:00:00+00:00,70,2015-01-04 22:00:00+00:00,28.02,0.0,0.0,0.0,0.3,0.5,1.0,0.0,4.0,5.0,1.58,Tokke_G1,Tokke,36.9,107.5,107.5,214.0,214.0,1,5.959,0.6366453,7.59,26.86,1191.262,30.08,27.069103,1
2,2015-01-02 00:00:00+00:00,71,2015-01-04 23:00:00+00:00,28.19,0.0,0.0,0.0,0.3,0.5,1.0,0.0,4.0,5.0,1.57,Tokke_G1,Tokke,36.9,107.5,107.5,214.0,214.0,1,5.959,0.6366453,7.59,26.86,1191.262,30.349998,27.069103,1
2,2015-01-02 00:00:00+00:00,72,2015-01-05 00:00:00+00:00,28.15,0.0,0.0,0.0,0.3,0.5,1.0,0.0,4.0,5.0,1.56,Tokke_G1,Tokke,36.9,107.5,107.5,214.0,214.0,1,5.959,0.6366453,7.63,26.86,1191.262,30.41,27.069103,1
2,2015-01-02 00:00:00+00:00,73,2015-01-05 01:00:00+00:00,28.13,0.0,0.0,0.0,0.3,0.5,1.0,0.0,4.0,5.0,1.54,Tokke_G1,Tokke,36.9,107.5,107.5,214.0,214.0,1,5.959,0.6366453,7.6,26.86,1191.262,30.510002,27.069103,1
2,2015-01-02 00:00:00+00:00,74,2015-01-05 02:00:00+00:00,28.05,0.0,0.0,0.0,0.3,0.5,1.0,0.0,4.0,5.0,1.53,Tokke_G1,Tokke,36.9,107.5,107.5,214.0,214.0,1,5.959,0.6366453,7.64,26.86,1191.262,30.699999,27.069103,1
2,2015-01-02 00:00:00+00:00,75,2015-01-05 03:00:00+00:00,28.04,0.0,0.0,0.0,0.3,0.5,1.0,0.0,4.0,5.0,1.52,Tokke_G1,Tokke,36.9,107.5,107.5,214.0,214.0,1,5.959,0.6366453,7.69,26.86,1191.262,30.780003,27.069103,1
2,2015-01-02 00:00:00+00:00,76,2015-01-05 04:00:00+00:00,28.46,0.0,0.0,0.0,0.3,0.5,1.0,0.0,4.0,5.0,1.51,Tokke_G1,Tokke,36.9,107.5,107.5,214.0,214.0,1,5.959,0.6366453,7.65,26.86,1191.262,30.69,27.069103,1
2,2015-01-02 00:00:00+00:00,77,2015-01-05 05:00:00+00:00,28.78,0.0,0.0,0.0,0.3,0.5,1.0,0.0,4.0,5.0,1.5,Tokke_G1,Tokke,36.9,107.5,107.5,214.0,214.0,1,5.959,0.6366453,7.64,26.86,1191.262,30.76,27.069103,1
2,2015-01-02 00:00:00+00:00,78,2015-01-05 06:00:00+00:00,30.99,0.0,0.0,0.0,0.3,0.5,1.0,0.0,4.0,5.0,1.48,Tokke_G1,Tokke,36.9,107.5,107.5,214.0,214.0,1,5.959,0.6366453,7.65,26.86,1191.262,30.74,27.069103,1
2,2015-01-02 00:00:00+00:00,79,2015-01-05 07:00:00+00:00,38.15,0.0,0.0,0.0,0.3,0.5,1.0,0.0,4.0,5.0,1.47,Tokke_G1,Tokke,36.9,107.5,107.5,214.0,214.0,1,5.959,0.6366453,7.69,26.86,1191.262,30.85,27.069103,1
2,2015-01-02 00:00:00+00:00,80,2015-01-05 08:00:00+00:00,41.51,0.0,0.0,0.0,0.3,0.5,1.0,0.0,4.0,5.0,1.46,Tokke_G1,Tokke,36.9,107.5,107.5,214.0,214.0,1,5.959,0.6366453,7.69,26.86,1191.262,30.78,27.069103,1
2,2015-01-02 00:00:00+00:00,81,2015-01-05 09:00:00+00:00,40.46,0.0,0.0,0.0,0.3,0.5,1.0,0.0,4.0,5.0,1.46,Tokke_G1,Tokke,36.9,107.5,107.5,214.0,214.0,1,5.959,0.6366453,7.66,26.86,1191.262,30.68,27.069103,1
2,2015-01-02 00:00:00+00:00,82,2015-01-05 10:00:00+00:00,40.97,0.0,0.0,0.0,0.3,0.5,1.0,0.0,4.0,5.0,1.45,Tokke_G1,Tokke,36.9,107.5,107.5,214.0,214.0,1,5.959,0.6366453,7.69,26.86,1191.262,30.689999,27.069103,1
2,2015-01-02 00:00:00+00:00,83,2015-01-05 11:00:00+00:00,38.66,0.0,0.0,0.0,0.3,0.5,1.0,0.0,4.0,5.0,1.45,Tokke_G1,Tokke,36.9,107.5,107.5,214.0,214.0,1,5.959,0.6366453,7.7,26.86,1191.262,30.7,27.069103,1
2,2015-01-02 00:00:00+00:00,84,2015-01-05 12:00:00+00:00,36.44,0.0,0.0,0.0,0.3,0.5,1.0,0.0,4.0,5.0,1.45,Tokke_G1,Tokke,36.9,107.5,107.5,214.0,214.0,1,5.959,0.6366453,7.7,26.86,1191.262,30.61,27.069103,1
2,2015-01-02 00:00:00+00:00,85,2015-01-05 13:00:00+00:00,37.74,0.0,0.0,0.0,0.3,0.5,1.0,0.0,4.0,5.0,1.45,Tokke_G1,Tokke,36.9,107.5,107.5,214.0,214.0,1,5.959,0.6366453,7.7,26.86,1191.262,30.560001,27.069103,1
2,2015-01-02 00:00:00+00:00,86,2015-01-05 14:00:00+00:00,43.1,0.0,0.0,0.0,0.3,0.5,1.0,0.0,4.0,5.0,1.45,Tokke_G1,Tokke,36.9,107.5,107.5,214.0,214.0,1,5.959,0.6366453,7.7,26.86,1191.262,30.439999,27.069103,1
2,2015-01-02 00:00:00+00:00,87,2015-01-05 15:00:00+00:00,46.7,0.0,0.0,0.0,0.3,0.5,1.0,0.0,4.0,5.0,1.44,Tokke_G1,Tokke,36.9,107.5,107.5,214.0,214.0,1,5.959,0.6366453,7.7,26.86,1191.262,30.369999,27.069103,1
2,2015-01-02 00:00:00+00:00,88,2015-01-05 16:00:00+00:00,56.78,0.0,0.0,0.0,0.3,0.5,1.0,0.0,4.0,5.0,1.44,Tokke_G1,Tokke,36.9,107.5,107.5,214.0,214.0,1,5.959,0.6366453,7.7,26.86,1191.262,30.319996,27.069103,1
2,2015-01-02 00:00:00+00:00,89,2015-01-05 17:00:00+00:00,36.49,0.0,0.0,0.0,0.3,0.5,1.0,0.0,4.0,5.0,1.45,Tokke_G1,Tokke,36.9,107.5,107.5,214.0,214.0,1,5.959,0.6366453,7.71,26.86,1191.262,30.310001,27.069103,1
2,2015-01-02 00:00:00+00:00,90,2015-01-05 18:00:00+00:00,32.43,0.0,0.0,0.0,0.3,0.5,1.0,0.0,4.0,5.0,1.44,Tokke_G1,Tokke,36.9,107.5,107.5,214.0,214.0,1,5.959,0.6366453,7.75,26.86,1191.262,30.28,27.069103,1
2,2015-01-02 00:00:00+00:00,91,2015-01-05 19:00:00+00:00,31.39,0.0,0.0,0.0,0.3,0.5,1.0,0.0,4.0,5.0,1.43,Tokke_G1,Tokke,36.9,107.5,107.5,214.0,214.0,1,5.959,0.6366453,7.71,26.86,1191.262,30.150002,27.069103,1
2,2015-01-02 00:00:00+00:00,92,2015-01-05 20:00:00+00:00,30.29,0.0,0.0,0.0,0.3,0.5,1.0,0.0,4.0,5.0,1.43,Tokke_G1,Tokke,36.9,107.5,107.5,214.0,214.0,1,5.959,0.6366453,7.7,26.86,1191.262,30.02,27.069103,1
2,2015-01-02 00:00:00+00:00,93,2015-01-05 21:00:00+00:00,29.43,0.0,0.0,0.0,0.3,0.5,1.0,0.0,4.0,5.0,1.43,Tokke_G1,Tokke,36.9,107.5,107.5,214.0,214.0,1,5.959,0.6366453,7.71,26.86,1191.262,29.93,27.069103,1
2,2015-01-02 00:00:00+00:00,94,2015-01-05 22:00:00+00:00,29.09,0.0,0.0,0.0,0.3,0.5,1.0,0.0,4.0,5.0,1.44,Tokke_G1,Tokke,36.9,107.5,107.5,214.0,214.0,1,5.959,0.6366453,7.75,26.86,1191.262,29.92,27.069103,1
2,2015-01-02 00:00:00+00:00,95,2015-01-05 23:00:00+00:00,28.08,0.0,0.0,0.0,0.3,0.5,1.0,0.0,4.0,5.0,1.44,Tokke_G1,Tokke,36.9,107.5,107.5,214.0,214.0,1,5.959,0.6366453,7.72,26.86,1191.262,29.779999,27.069103,1
2,2015-01-02 00:00:00+00:00,96,2015-01-06 00:00:00+00:00,27.94,0.0,0.0,0.0,0.3,0.5,1.0,0.0,4.0,5.0,1.44,Tokke_G1,Tokke,36.9,107.5,107.5,214.0,214.0,1,5.959,0.6366453,7.75,26.86,1191.262,29.759998,27.069103,1
2,2015-01-02 00:00:00+00:00,97,2015-01-06 01:00:00+00:00,27.91,0.0,0.0,0.0,0.3,0.5,1.0,0.0,4.0,5.0,1.44,Tokke_G1,Tokke,36.9,107.5,107.5,214.0,214.0,1,5.959,0.6366453,7.71,26.86,1191.262,29.619999,27.069103,1
2,2015-01-02 00:00:00+00:00,98,2015-01-06 02:00:00+00:00,27.89,0.0,0.0,0.0,0.3,0.5,1.0,0.0,4.0,5.0,1.44,Tokke_G1,Tokke,36.9,107.5,107.5,214.0,214.0,1,5.959,0.6366453,7.71,26.86,1191.262,29.579998,27.069103,1
2,2015-01-02 00:00:00+00:00,99,2015-01-06 03:00:00+00:00,27.89,0.0,0.0,0.0,0.3,0.5,1.0,0.0,4.0,5.0,1.44,Tokke_G1,Tokke,36.9,107.5,107.5,214.0,214.0,1,5.959,0.6366453,7.75,26.86,1191.262,29.58,27.069103,1
2,2015-01-02 00:00:00+00:00,100,2015-01-06 04:00:00+00:00,28.01,0.0,0.0,0.0,0.3,0.5,1.0,0.0,4.0,5.0,1.44,Tokke_G1,Tokke,36.9,107.5,107.5,214.0,214.0,1,5.959,0.6366453,7.71,26.86,1191.262,29.470001,27.069103,1
2,2015-01-02 00:00:00+00:00,101,2015-01-06 05:00:00+00:00,28.73,0.0,0.0,0.0,0.3,0.5,1.0,0.0,4.0,5.0,1.44,Tokke_G1,Tokke,36.9,107.5,107.5,214.0,214.0,1,5.959,0.6366453,7.7,26.86,1191.262,29.39,27.069103,1
2,2015-01-02 00:00:00+00:00,102,2015-01-06 06:00:00+00:00,30.03,0.0,0.0,0.0,0.3,0.5,1.0,0.0,4.0,5.0,1.43,Tokke_G1,Tokke,36.9,107.5,107.5,214.0,214.0,1,5.959,0.6366453,7.71,26.86,1191.262,29.349998,27.069103,1
2,2015-01-02 00:00:00+00:00,103,2015-01-06 07:00:00+00:00,30.5,0.0,0.0,0.0,0.3,0.5,1.0,0.0,4.0,5.0,1.42,Tokke_G1,Tokke,36.9,107.5,107.5,214.0,214.0,1,5.959,0.6366453,7.75,26.86,1191.262,29.34,27.069103,1
2,2015-01-02 00:00:00+00:00,104,2015-01-06 08:00:00+00:00,30.35,0.0,0.0,0.0,0.3,0.5,1.0,0.0,4.0,5.0,1.42,Tokke_G1,Tokke,36.9,107.5,107.5,214.0,214.0,1,5.959,0.6366453,7.72,26.86,1191.262,29.18,27.069103,1
2,2015-01-02 00:00:00+00:00,105,2015-01-06 09:00:00+00:00,30.53,0.0,0.0,0.0,0.3,0.5,1.0,0.0,4.0,5.0,1.42,Tokke_G1,Tokke,36.9,107.5,107.5,214.0,214.0,1,5.959,0.6366453,7.76,26.86,1191.262,29.190002,27.069103,1
2,2015-01-02 00:00:00+00:00,106,2015-01-06 10:00:00+00:00,29.91,0.0,0.0,0.0,0.3,0.5,1.0,0.0,4.0,5.0,1.43,Tokke_G1,Tokke,36.9,107.5,107.5,214.0,214.0,1,5.959,0.6366453,7.81,26.86,1191.262,29.269999,27.069103,1
2,2015-01-02 00:00:00+00:00,107,2015-01-06 11:00:00+00:00,29.62,0.0,0.0,0.0,0.3,0.5,1.0,0.0,4.0,5.0,1.41,Tokke_G1,Tokke,36.9,107.5,107.5,214.0,214.0,1,5.959,0.6366453,7.78,26.86,1191.262,29.130001,27.069103,1
2,2015-01-02 00:00:00+00:00,108,2015-01-06 12:00:00+00:00,29.58,0.0,0.0,0.0,0.3,0.5,1.0,0.0,4.0,5.0,1.4,Tokke_G1,Tokke,36.9,107.5,107.5,214.0,214.0,1,5.959,0.6366453,7.81,26.86,1191.262,29.119999,27.069103,1
2,2015-01-02 00:00:00+00:00,109,2015-01-06 13:00:00+00:00,29.57,0.0,0.0,0.0,0.3,0.5,1.0,0.0,4.0,5.0,1.41,Tokke_G1,Tokke,36.9,107.5,107.5,214.0,214.0,1,5.959,0.6366453,7.82,26.86,1191.262,29.15,27.069103,1
2,2015-01-02 00:00:00+00:00,110,2015-01-06 14:00:00+00:00,29.62,0.0,0.0,0.0,0.3,0.5,1.0,0.0,4.0,5.0,1.41,Tokke_G1,Tokke,36.9,107.5,107.5,214.0,214.0,1,5.959,0.6366453,7.84,26.86,1191.262,29.149998,27.069103,1
2,2015-01-02 00:00:00+00:00,111,2015-01-06 15:00:00+00:00,29.99,0.0,0.0,0.0,0.3,0.5,1.0,0.0,4.0,5.0,1.41,Tokke_G1,Tokke,36.9,107.5,107.5,214.0,214.0,1,5.959,0.6366453,7.93,26.86,1191.262,29.269999,27.069103,1
2,2015-01-02 00:00:00+00:00,112,2015-01-06 16:00:00+00:00,29.65,0.0,0.0,0.0,0.3,0.5,1.0,0.0,4.0,5.0,1.41,Tokke_G1,Tokke,36.9,107.5,107.5,214.0,214.0,1,5.959,0.6366453,7.99,26.86,1191.262,29.339996,27.069103,1
2,2015-01-02 00:00:00+00:00,113,2015-01-06 17:00:00+00:00,29.58,0.0,0.0,0.0,0.3,0.5,1.0,0.0,4.0,5.0,1.4,Tokke_G1,Tokke,36.9,107.5,107.5,214.0,214.0,1,5.959,0.6366453,8.02,26.86,1191.262,29.319998,27.069103,1
2,2015-01-02 00:00:00+00:00,114,2015-01-06 18:00:00+00:00,29.0,0.0,0.0,0.0,0.3,0.5,1.0,0.0,4.0,5.0,1.4,Tokke_G1,Tokke,36.9,107.5,107.5,214.0,214.0,1,5.959,0.6366453,8.11,26.86,1191.262,29.449997,27.069103,1
2,2015-01-02 00:00:00+00:00,115,2015-01-06 19:00:00+00:00,28.45,0.0,0.0,0.0,0.3,0.5,1.0,0.0,4.0,5.0,1.4,Tokke_G1,Tokke,36.9,107.5,107.5,214.0,214.0,1,5.959,0.6366453,8.12,26.86,1191.262,29.499996,27.069103,1
2,2015-01-02 00:00:00+00:00,116,2015-01-06 20:00:00+00:00,28.15,0.0,0.0,0.0,0.3,0.5,1.0,0.0,4.0,5.0,1.38,Tokke_G1,Tokke,36.9,107.5,107.5,214.0,214.0,1,5.959,0.6366453,8.11,26.86,1191.262,29.429996,27.069103,1
2,2015-01-02 00:00:00+00:00,117,2015-01-06 21:00:00+00:00,27.73,0.0,0.0,0.0,0.3,0.5,1.0,0.0,4.0,5.0,1.4,Tokke_G1,Tokke,36.9,107.5,107.5,214.0,214.0,1,5.959,0.6366453,8.07,26.86,1191.262,29.389997,27.069103,1
2,2015-01-02 00:00:00+00:00,118,2015-01-06 22:00:00+00:00,27.32,0.0,0.0,0.0,0.3,0.5,1.0,0.0,4.0,5.0,1.39,Tokke_G1,Tokke,36.9,107.5,107.5,214.0,214.0,1,5.959,0.6366453,8.07,26.86,1191.262,29.329998,27.069103,1
2,2015-01-02 00:00:00+00:00,119,2015-01-06 23:00:00+00:00,26.35,0.0,0.0,0.0,0.3,0.5,1.0,0.0,4.0,5.0,1.31,Tokke_G1,Tokke,36.9,107.5,107.5,214.0,214.0,1,5.959,0.6366453,8.11,26.86,1191.262,29.23,27.069103,1
2,2015-01-02 00:00:00+00:00,120,2015-01-07 00:00:00+00:00,26.08,0.0,0.0,0.0,0.3,0.5,1.0,0.0,4.0,5.0,1.29,Tokke_G1,Tokke,36.9,107.5,107.5,214.0,214.0,1,5.959,0.6366453,8.11,26.86,1191.262,29.25,27.069103,1
2,2015-01-02 00:00:00+00:00,121,2015-01-07 01:00:00+00:00,26.03,0.0,0.0,0.0,0.3,0.5,1.0,0.0,4.0,5.0,1.29,Tokke_G1,Tokke,36.9,107.5,107.5,214.0,214.0,1,5.959,0.6366453,8.06,26.86,1191.262,29.060001,27.069103,1
2,2015-01-02 00:00:00+00:00,122,2015-01-07 02:00:00+00:00,26.17,0.0,0.0,0.0,0.3,0.5,1.0,0.0,4.0,5.0,1.27,Tokke_G1,Tokke,36.9,107.5,107.5,214.0,214.0,1,5.959,0.6366453,8.0,26.86,1191.262,29.02,27.069103,1
2,2015-01-02 00:00:00+00:00,123,2015-01-07 03:00:00+00:00,26.74,0.0,0.0,0.0,0.3,0.5,1.0,0.0,4.0,5.0,1.27,Tokke_G1,Tokke,36.9,107.5,107.5,214.0,214.0,1,5.959,0.6366453,7.95,26.86,1191.262,28.91,27.069103,1
2,2015-01-02 00:00:00+00:00,124,2015-01-07 04:00:00+00:00,27.78,0.0,0.0,0.0,0.3,0.5,1.0,0.0,4.0,5.0,1.27,Tokke_G1,Tokke,36.9,107.5,107.5,214.0,214.0,1,5.959,0.6366453,7.96,26.86,1191.262,28.899998,27.069103,1
2,2015-01-02 00:00:00+00:00,125,2015-01-07 05:00:00+00:00,28.48,0.0,0.0,0.0,0.3,0.5,1.0,0.0,4.0,5.0,1.27,Tokke_G1,Tokke,36.9,107.5,107.5,214.0,214.0,1,5.959,0.6366453,8.04,26.86,1191.262,28.989998,27.069103,1
2,2015-01-02 00:00:00+00:00,126,2015-01-07 06:00:00+00:00,31.53,0.0,0.0,0.0,0.3,0.5,1.0,0.0,4.0,5.0,1.27,Tokke_G1,Tokke,36.9,107.5,107.5,214.0,214.0,1,5.959,0.6366453,8.02,26.86,1191.262,28.84,27.069103,1
2,2015-01-02 00:00:00+00:00,127,2015-01-07 07:00:00+00:00,32.54,0.0,0.0,0.0,0.3,0.5,1.0,0.0,4.0,5.0,1.27,Tokke_G1,Tokke,36.9,107.5,107.5,214.0,214.0,1,5.959,0.6366453,8.05,26.86,1191.262,28.8,27.069103,1
2,2015-01-02 00:00:00+00:00,128,2015-01-07 08:00:00+00:00,32.24,0.0,0.0,0.0,0.3,0.5,1.0,0.0,4.0,5.0,1.26,Tokke_G1,Tokke,36.9,107.5,107.5,214.0,214.0,1,5.959,0.6366453,8.01,26.86,1191.262,28.630001,27.069103,1
2,2015-01-02 00:00:00+00:00,129,2015-01-07 09:00:00+00:00,31.96,0.0,0.0,0.0,0.3,0.5,1.0,0.0,4.0,5.0,1.25,Tokke_G1,Tokke,36.9,107.5,107.5,214.0,214.0,1,5.959,0.6366453,8.0,26.86,1191.262,28.560001,27.069103,1
2,2015-01-02 00:00:00+00:00,130,2015-01-07 10:00:00+00:00,31.66,0.0,0.0,0.0,0.3,0.5,1.0,0.0,4.0,5.0,1.25,Tokke_G1,Tokke,36.9,107.5,107.5,214.0,214.0,1,5.959,0.6366453,8.0,26.86,1191.262,28.55,27.069103,1
2,2015-01-02 00:00:00+00:00,131,2015-01-07 11:00:00+00:00,30.97,0.0,0.0,0.0,0.3,0.5,1.0,0.0,4.0,5.0,1.25,Tokke_G1,Tokke,36.9,107.5,107.5,214.0,214.0,1,5.959,0.6366453,8.01,26.86,1191.262,28.539999,27.069103,1
2,2015-01-02 00:00:00+00:00,132,2015-01-07 12:00:00+00:00,30.65,0.0,0.0,0.0,0.3,0.5,1.0,0.0,4.0,5.0,1.25,Tokke_G1,Tokke,36.9,107.5,107.5,214.0,214.0,1,5.959,0.6366453,8.05,26.86,1191.262,28.59,27.069103,1
2,2015-01-02 00:00:00+00:00,133,2015-01-07 13:00:00+00:00,30.31,0.0,0.0,0.0,0.3,0.5,1.0,0.0,4.0,5.0,1.23,Tokke_G1,Tokke,36.9,107.5,107.5,214.0,214.0,1,5.959,0.6366453,8.02,26.86,1191.262,28.54,27.069103,1
2,2015-01-02 00:00:00+00:00,134,2015-01-07 14:00:00+00:00,29.79,0.0,0.0,0.0,0.3,0.5,1.0,0.0,4.0,5.0,1.23,Tokke_G1,Tokke,36.9,107.5,107.5,214.0,214.0,1,5.959,0.6366453,8.05,26.86,1191.262,28.599998,27.069103,1
2,2015-01-02 00:00:00+00:00,135,2015-01-07 15:00:00+00:00,30.72,0.0,0.0,0.0,0.3,0.5,1.0,0.0,4.0,5.0,1.21,Tokke_G1,Tokke,36.9,107.5,107.5,214.0,214.0,1,5.959,0.6366453,8.06,26.86,1191.262,28.52,27.069103,1
2,2015-01-02 00:00:00+00:00,136,2015-01-07 16:00:00+00:00,29.56,0.0,0.0,0.0,0.3,0.5,1.0,0.0,4.0,5.0,1.2,Tokke_G1,Tokke,36.9,107.5,107.5,214.0,214.0,1,5.959,0.6366453,8.06,26.86,1191.262,28.52,27.069103,1
2,2015-01-02 00:00:00+00:00,137,2015-01-07 17:00:00+00:00,28.84,0.0,0.0,0.0,0.3,0.5,1.0,0.0,4.0,5.0,1.2,Tokke_G1,Tokke,36.9,107.5,107.5,214.0,214.0,1,5.959,0.6366453,8.06,26.86,1191.262,28.480003,27.069103,1
2,2015-01-02 00:00:00+00:00,138,2015-01-07 18:00:00+00:00,28.2,0.0,0.0,0.0,0.3,0.5,1.0,0.0,4.0,5.0,1.2,Tokke_G1,Tokke,36.9,107.5,107.5,214.0,214.0,1,5.959,0.6366453,8.06,26.86,1191.262,28.45,27.069103,1
2,2015-01-02 00:00:00+00:00,139,2015-01-07 19:00:00+00:00,27.75,0.0,0.0,0.0,0.3,0.5,1.0,0.0,4.0,5.0,1.2,Tokke_G1,Tokke,36.9,107.5,107.5,214.0,214.0,1,5.959,0.6366453,8.07,26.86,1191.262,28.44,27.069103,1
2,2015-01-02 00:00:00+00:00,140,2015-01-07 20:00:00+00:00,27.42,0.0,0.0,0.0,0.3,0.5,1.0,0.0,4.0,5.0,1.21,Tokke_G1,Tokke,36.9,107.5,107.5,214.0,214.0,1,5.959,0.6366453,8.11,26.86,1191.262,28.5,27.069103,1
2,2015-01-02 00:00:00+00:00,141,2015-01-07 21:00:00+00:00,26.68,0.0,0.0,0.0,0.3,0.5,1.0,0.0,4.0,5.0,1.22,Tokke_G1,Tokke,36.9,107.5,107.5,214.0,214.0,1,5.959,0.6366453,8.08,26.86,1191.262,28.460001,27.069103,1
2,2015-01-02 00:00:00+00:00,142,2015-01-07 22:00:00+00:00,26.15,0.0,0.0,0.0,0.3,0.5,1.0,0.0,4.0,5.0,1.21,Tokke_G1,Tokke,36.9,107.5,107.5,214.0,214.0,1,5.959,0.6366453,8.11,26.86,1191.262,28.509998,27.069103,1
2,2015-01-02 00:00:00+00:00,143,2015-01-07 23:00:00+00:00,26.04,0.0,0.0,0.0,0.3,0.5,1.0,0.0,4.0,5.0,1.19,Tokke_G1,Tokke,36.9,107.5,107.5,214.0,214.0,1,5.959,0.6366453,8.13,26.86,1191.262,28.52,27.069103,0
2,2015-01-02 00:00:00+00:00,144,2015-01-08 00:00:00+00:00,25.07,0.0,0.0,0.0,0.3,0.5,1.0,0.0,4.0,5.0,1.19,Tokke_G1,Tokke,36.9,107.5,107.5,214.0,214.0,1,5.959,0.6366453,8.17,26.86,1191.262,28.640001,27.069103,0
2,2015-01-02 00:00:00+00:00,145,2015-01-08 01:00:00+00:00,24.57,0.0,0.0,0.0,0.3,0.5,1.0,0.0,4.0,5.0,1.2,Tokke_G1,Tokke,36.9,107.5,107.5,214.0,214.0,1,5.959,0.6366453,8.18,26.86,1191.262,28.720001,27.069103,0
2,2015-01-02 00:00:00+00:00,146,2015-01-08 02:00:00+00:00,24.44,0.0,0.0,0.0,0.3,0.5,1.0,0.0,4.0,5.0,1.19,Tokke_G1,Tokke,36.9,107.5,107.5,214.0,214.0,1,5.959,0.6366453,8.18,26.86,1191.262,28.71,27.069103,0
2,2015-01-02 00:00:00+00:00,147,2015-01-08 03:00:00+00:00,24.54,0.0,0.0,0.0,0.3,0.5,1.0,0.0,4.0,5.0,1.19,Tokke_G1,Tokke,36.9,107.5,107.5,214.0,214.0,1,5.959,0.6366453,8.17,26.86,1191.262,28.710001,27.069103,0
2,2015-01-02 00:00:00+00:00,148,2015-01-08 04:00:00+00:00,26.04,0.0,0.0,0.0,0.3,0.5,1.0,0.0,4.0,5.0,1.19,Tokke_G1,Tokke,36.9,107.5,107.5,214.0,214.0,1,5.959,0.6366453,8.12,26.86,1191.262,28.59,27.069103,0
2,2015-01-02 00:00:00+00:00,149,2015-01-08 05:00:00+00:00,26.89,0.0,0.0,0.0,0.3,0.5,1.0,0.0,4.0,5.0,1.2,Tokke_G1,Tokke,36.9,107.5,107.5,214.0,214.0,1,5.959,0.6366453,8.08,26.86,1191.262,28.43,27.069103,1
2,2015-01-02 00:00:00+00:00,150,2015-01-08 06:00:00+00:00,27.59,0.0,0.0,0.0,0.3,0.5,1.0,0.0,4.0,5.0,1.19,Tokke_G1,Tokke,36.9,107.5,107.5,214.0,214.0,1,5.959,0.6366453,8.16,26.86,1191.262,28.380001,27.069103,1
2,2015-01-02 00:00:00+00:00,151,2015-01-08 07:00:00+00:00,28.1,0.0,0.0,0.0,0.3,0.5,1.0,0.0,4.0,5.0,1.17,Tokke_G1,Tokke,36.9,107.5,107.5,214.0,214.0,1,5.959,0.6366453,8.13,26.86,1191.262,28.150002,27.069103,1
2,2015-01-02 00:00:00+00:00,152,2015-01-08 08:00:00+00:00,28.23,0.0,0.0,0.0,0.3,0.5,1.0,0.0,4.0,5.0,1.18,Tokke_G1,Tokke,36.9,107.5,107.5,214.0,214.0,1,5.959,0.6366453,8.11,26.86,1191.262,28.04,27.069103,1
2,2015-01-02 00:00:00+00:00,153,2015-01-08 09:00:00+00:00,28.35,0.0,0.0,0.0,0.3,0.5,1.0,0.0,4.0,5.0,1.16,Tokke_G1,Tokke,36.9,107.5,107.5,214.0,214.0,1,5.959,0.6366453,8.07,26.86,1191.262,27.82,27.069103,1
2,2015-01-02 00:00:00+00:00,154,2015-01-08 10:00:00+00:00,28.46,0.0,0.0,0.0,0.3,0.5,1.0,0.0,4.0,5.0,1.16,Tokke_G1,Tokke,36.9,107.5,107.5,214.0,214.0,1,5.959,0.6366453,8.07,26.86,1191.262,27.800001,27.069103,1
2,2015-01-02 00:00:00+00:00,155,2015-01-08 11:00:00+00:00,28.46,0.0,0.0,0.0,0.3,0.5,1.0,0.0,4.0,5.0,1.16,Tokke_G1,Tokke,36.9,107.5,107.5,214.0,214.0,1,5.959,0.6366453,8.11,26.86,1191.262,27.95,27.069103,1
2,2015-01-02 00:00:00+00:00,156,2015-01-08 12:00:00+00:00,28.6,0.0,0.0,0.0,0.3,0.5,1.0,0.0,4.0,5.0,1.16,Tokke_G1,Tokke,36.9,107.5,107.5,214.0,214.0,1,5.959,0.6366453,8.07,26.86,1191.262,28.02,27.069103,1
2,2015-01-02 00:00:00+00:00,157,2015-01-08 13:00:00+00:00,28.45,0.0,0.0,0.0,0.3,0.5,1.0,0.0,4.0,5.0,1.16,Tokke_G1,Tokke,36.9,107.5,107.5,214.0,214.0,1,5.959,0.6366453,8.06,26.86,1191.262,28.100002,27.069103,1
2,2015-01-02 00:00:00+00:00,158,2015-01-08 14:00:00+00:00,28.24,0.0,0.0,0.0,0.3,0.5,1.0,0.0,4.0,5.0,1.16,Tokke_G1,Tokke,36.9,107.5,107.5,214.0,214.0,1,5.959,0.6366453,8.06,26.86,1191.262,28.16,27.069103,1
2,2015-01-02 00:00:00+00:00,159,2015-01-08 15:00:00+00:00,28.43,0.0,0.0,0.0,0.3,0.5,1.0,0.0,4.0,5.0,1.15,Tokke_G1,Tokke,36.9,107.5,107.5,214.0,214.0,1,5.959,0.6366453,8.06,26.86,1191.262,28.220001,27.069103,1
2,2015-01-02 00:00:00+00:00,160,2015-01-08 16:00:00+00:00,28.4,0.0,0.0,0.0,0.3,0.5,1.0,0.0,4.0,5.0,1.14,Tokke_G1,Tokke,36.9,107.5,107.5,214.0,214.0,1,5.959,0.6366453,8.05,26.86,1191.262,28.279999,27.069103,1
2,2015-01-02 00:00:00+00:00,161,2015-01-08 17:00:00+00:00,27.98,0.0,0.0,0.0,0.3,0.5,1.0,0.0,4.0,5.0,1.14,Tokke_G1,Tokke,36.9,107.5,107.5,214.0,214.0,1,5.959,0.6366453,7.96,26.86,1191.262,28.080002,27.069103,1
2,2015-01-02 00:00:00+00:00,162,2015-01-08 18:00:00+00:00,27.69,0.0,0.0,0.0,0.3,0.5,1.0,0.0,4.0,5.0,1.15,Tokke_G1,Tokke,36.9,107.5,107.5,214.0,214.0,1,5.959,0.6366453,7.94,26.86,1191.262,28.070002,27.069103,1
2,2015-01-02 00:00:00+00:00,163,2015-01-08 19:00:00+00:00,27.46,0.0,0.0,0.0,0.3,0.5,1.0,0.0,4.0,5.0,1.16,Tokke_G1,Tokke,36.9,107.5,107.5,214.0,214.0,1,5.959,0.6366453,7.95,26.86,1191.262,28.16,27.069103,1
2,2015-01-02 00:00:00+00:00,164,2015-01-08 20:00:00+00:00,27.31,0.0,0.0,0.0,0.3,0.5,1.0,0.0,4.0,5.0,1.16,Tokke_G1,Tokke,36.9,107.5,107.5,214.0,214.0,1,5.959,0.6366453,8.0,26.86,1191.262,28.19,27.069103,1
2,2015-01-02 00:00:00+00:00,165,2015-01-08 21:00:00+00:00,26.71,0.0,0.0,0.0,0.3,0.5,1.0,0.0,4.0,5.0,1.16,Tokke_G1,Tokke,36.9,107.5,107.5,214.0,214.0,1,5.959,0.6366453,8.0,26.86,1191.262,28.220001,27.069103,1
2,2015-01-02 00:00:00+00:00,166,2015-01-08 22:00:00+00:00,25.91,0.0,0.0,0.0,0.3,0.5,1.0,0.0,4.0,5.0,1.15,Tokke_G1,Tokke,36.9,107.5,107.5,214.0,214.0,1,5.959,0.6366453,8.0,26.86,1191.262,28.09,27.069103,1
2,2015-01-02 00:00:00+00:00,167,2015-01-08 23:00:00+00:00,25.89,0.0,0.0,0.0,0.3,0.5,1.0,0.0,4.0,5.0,1.14,Tokke_G1,Tokke,36.9,107.5,107.5,214.0,214.0,1,5.959,0.6366453,7.95,26.86,1191.262,27.89,27.069103,1
2,2015-01-02 00:00:00+00:00,0,2015-01-02 00:00:00+00:00,26.41,0.0,0.0,0.0,0.3,0.5,1.0,0.0,4.0,5.0,1.26,Tokke_G2,Tokke,36.9,107.5,107.5,214.0,214.0,1,5.959,0.6366453,5.53,26.86,1191.262,25.29,27.069103,0
2,2015-01-02 00:00:00+00:00,1,2015-01-02 01:00:00+00:00,26.2,0.0,0.0,0.0,0.3,0.5,1.0,0.0,4.0,5.0,1.3,Tokke_G2,Tokke,36.9,107.5,107.5,214.0,214.0,1,5.959,0.6366453,5.53,26.86,1191.262,25.510002,27.069103,0
2,2015-01-02 00:00:00+00:00,2,2015-01-02 02:00:00+00:00,25.6,0.0,0.0,0.0,0.3,0.5,1.0,0.0,4.0,5.0,1.52,Tokke_G2,Tokke,36.9,107.5,107.5,214.0,214.0,1,5.959,0.6366453,5.54,26.86,1191.262,26.27,27.069103,0
2,2015-01-02 00:00:00+00:00,3,2015-01-02 03:00:00+00:00,24.74,0.0,0.0,0.0,0.3,0.5,1.0,0.0,4.0,5.0,1.7,Tokke_G2,Tokke,36.9,107.5,107.5,214.0,214.0,1,5.959,0.6366453,5.6,26.86,1191.262,27.26,27.069103,0
2,2015-01-02 00:00:00+00:00,4,2015-01-02 04:00:00+00:00,26.1,0.0,0.0,0.0,0.3,0.5,1.0,0.0,4.0,5.0,1.75,Tokke_G2,Tokke,36.9,107.5,107.5,214.0,214.0,1,5.959,0.6366453,5.53,26.86,1191.262,27.18,27.069103,0
2,2015-01-02 00:00:00+00:00,5,2015-01-02 05:00:00+00:00,27.25,0.0,0.0,0.0,0.3,0.5,1.0,0.0,4.0,5.0,1.65,Tokke_G2,Tokke,36.9,107.5,107.5,214.0,214.0,1,5.959,0.6366453,5.49,26.86,1191.262,26.99,27.069103,0
2,2015-01-02 00:00:00+00:00,6,2015-01-02 06:00:00+00:00,28.37,0.0,0.0,0.0,0.3,0.5,1.0,0.0,4.0,5.0,1.71,Tokke_G2,Tokke,36.9,107.5,107.5,214.0,214.0,1,5.959,0.6366453,5.52,26.86,1191.262,27.2,27.069103,0
2,2015-01-02 00:00:00+00:00,7,2015-01-02 07:00:00+00:00,28.37,0.0,0.0,0.0,0.3,0.5,1.0,0.0,4.0,5.0,1.92,Tokke_G2,Tokke,36.9,107.5,107.5,214.0,214.0,1,5.959,0.6366453,5.54,26.86,1191.262,27.649998,27.069103,0
2,2015-01-02 00:00:00+00:00,8,2015-01-02 08:00:00+00:00,28.32,0.0,0.0,0.0,0.3,0.5,1.0,0.0,4.0,5.0,2.18,Tokke_G2,Tokke,36.9,107.5,107.5,214.0,214.0,1,5.959,0.6366453,5.62,26.86,1191.262,28.390003,27.069103,0
2,2015-01-02 00:00:00+00:00,9,2015-01-02 09:00:00+00:00,28.3,0.0,0.0,0.0,0.3,0.5,1.0,0.0,4.0,5.0,2.33,Tokke_G2,Tokke,36.9,107.5,107.5,214.0,214.0,1,5.959,0.6366453,5.67,26.86,1191.262,28.86,27.069103,0
2,2015-01-02 00:00:00+00:00,10,2015-01-02 10:00:00+00:00,28.39,0.0,0.0,0.0,0.3,0.5,1.0,0.0,4.0,5.0,2.35,Tokke_G2,Tokke,36.9,107.5,107.5,214.0,214.0,1,5.959,0.6366453,5.64,26.86,1191.262,28.880001,27.069103,0
2,2015-01-02 00:00:00+00:00,11,2015-01-02 11:00:00+00:00,28.3,0.0,0.0,0.0,0.3,0.5,1.0,0.0,4.0,5.0,2.3,Tokke_G2,Tokke,36.9,107.5,107.5,214.0,214.0,1,5.959,0.6366453,5.68,26.86,1191.262,28.84,27.069103,0
2,2015-01-02 00:00:00+00:00,12,2015-01-02 12:00:00+00:00,28.24,0.0,0.0,0.0,0.3,0.5,1.0,0.0,4.0,5.0,2.23,Tokke_G2,Tokke,36.9,107.5,107.5,214.0,214.0,1,5.959,0.6366453,5.72,26.86,1191.262,28.860003,27.069103,0
2,2015-01-02 00:00:00+00:00,13,2015-01-02 13:00:00+00:00,28.12,0.0,0.0,0.0,0.3,0.5,1.0,0.0,4.0,5.0,2.2,Tokke_G2,Tokke,36.9,107.5,107.5,214.0,214.0,1,5.959,0.6366453,5.73,26.86,1191.262,28.79,27.069103,0
2,2015-01-02 00:00:00+00:00,14,2015-01-02 14:00:00+00:00,28.23,0.0,0.0,0.0,0.3,0.5,1.0,0.0,4.0,5.0,2.17,Tokke_G2,Tokke,36.9,107.5,107.5,214.0,214.0,1,5.959,0.6366453,5.79,26.86,1191.262,28.86,27.069103,0
2,2015-01-02 00:00:00+00:00,15,2015-01-02 15:00:00+00:00,28.59,0.0,0.0,0.0,0.3,0.5,1.0,0.0,4.0,5.0,2.14,Tokke_G2,Tokke,36.9,107.5,107.5,214.0,214.0,1,5.959,0.6366453,5.92,26.86,1191.262,29.12,27.069103,0
2,2015-01-02 00:00:00+00:00,16,2015-01-02 16:00:00+00:00,28.73,0.0,0.0,0.0,0.3,0.5,1.0,0.0,4.0,5.0,2.13,Tokke_G2,Tokke,36.9,107.5,107.5,214.0,214.0,1,5.959,0.6366453,5.97,26.86,1191.262,29.320002,27.069103,0
2,2015-01-02 00:00:00+00:00,17,2015-01-02 17:00:00+00:00,28.48,0.0,0.0,0.0,0.3,0.5,1.0,0.0,4.0,5.0,2.05,Tokke_G2,Tokke,36.9,107.5,107.5,214.0,214.0,1,5.959,0.6366453,5.96,26.86,1191.262,29.25,27.069103,0
2,2015-01-02 00:00:00+00:00,18,2015-01-02 18:00:00+00:00,28.38,0.0,0.0,0.0,0.3,0.5,1.0,0.0,4.0,5.0,1.64,Tokke_G2,Tokke,36.9,107.5,107.5,214.0,214.0,1,5.959,0.6366453,6.08,26.86,1191.262,28.550001,27.069103,0
2,2015-01-02 00:00:00+00:00,19,2015-01-02 19:00:00+00:00,27.85,0.0,0.0,0.0,0.3,0.5,1.0,0.0,4.0,5.0,2.06,Tokke_G2,Tokke,36.9,107.5,107.5,214.0,214.0,1,5.959,0.6366453,6.14,26.86,1191.262,29.42,27.069103,0
2,2015-01-02 00:00:00+00:00,20,2015-01-02 20:00:00+00:00,27.45,0.0,0.0,0.0,0.3,0.5,1.0,0.0,4.0,5.0,2.2,Tokke_G2,Tokke,36.9,107.5,107.5,214.0,214.0,1,5.959,0.6366453,6.2,26.86,1191.262,29.780003,27.069103,0
2,2015-01-02 00:00:00+00:00,21,2015-01-02 21:00:00+00:00,27.2,0.0,0.0,0.0,0.3,0.5,1.0,0.0,4.0,5.0,2.38,Tokke_G2,Tokke,36.9,107.5,107.5,214.0,214.0,1,5.959,0.6366453,6.24,26.86,1191.262,30.059998,27.069103,0
2,2015-01-02 00:00:00+00:00,22,2015-01-02 22:00:00+00:00,26.79,0.0,0.0,0.0,0.3,0.5,1.0,0.0,4.0,5.0,2.59,Tokke_G2,Tokke,36.9,107.5,107.5,214.0,214.0,1,5.959,0.6366453,6.27,26.86,1191.262,30.329998,27.069103,0
2,2015-01-02 00:00:00+00:00,23,2015-01-02 23:00:00+00:00,25.85,0.0,0.0,0.0,0.3,0.5,1.0,0.0,4.0,5.0,2.83,Tokke_G2,Tokke,36.9,107.5,107.5,214.0,214.0,1,5.959,0.6366453,6.46,26.86,1191.262,30.970001,27.069103,0
2,2015-01-02 00:00:00+00:00,24,2015-01-03 00:00:00+00:00,25.54,0.0,0.0,0.0,0.3,0.5,1.0,0.0,4.0,5.0,2.84,Tokke_G2,Tokke,36.9,107.5,107.5,214.0,214.0,1,5.959,0.6366453,6.62,26.86,1191.262,31.25,27.069103,0
2,2015-01-02 00:00:00+00:00,25,2015-01-03 01:00:00+00:00,25.43,0.0,0.0,0.0,0.3,0.5,1.0,0.0,4.0,5.0,2.77,Tokke_G2,Tokke,36.9,107.5,107.5,214.0,214.0,1,5.959,0.6366453,6.74,26.86,1191.262,31.34,27.069103,0
2,2015-01-02 00:00:00+00:00,26,2015-01-03 02:00:00+00:00,25.34,0.0,0.0,0.0,0.3,0.5,1.0,0.0,4.0,5.0,2.86,Tokke_G2,Tokke,36.9,107.5,107.5,214.0,214.0,1,5.959,0.6366453,6.89,26.86,1191.262,31.58,27.069103,0
2,2015-01-02 00:00:00+00:00,27,2015-01-03 03:00:00+00:00,25.29,0.0,0.0,0.0,0.3,0.5,1.0,0.0,4.0,5.0,3.02,Tokke_G2,Tokke,36.9,107.5,107.5,214.0,214.0,1,5.959,0.6366453,6.96,26.86,1191.262,31.970001,27.069103,0
2,2015-01-02 00:00:00+00:00,28,2015-01-03 04:00:00+00:00,25.3,0.0,0.0,0.0,0.3,0.5,1.0,0.0,4.0,5.0,3.13,Tokke_G2,Tokke,36.9,107.5,107.5,214.0,214.0,1,5.959,0.6366453,7.02,26.86,1191.262,32.269997,27.069103,0
2,2015-01-02 00:00:00+00:00,29,2015-01-03 05:00:00+00:00,25.55,0.0,0.0,0.0,0.3,0.5,1.0,0.0,4.0,5.0,3.16,Tokke_G2,Tokke,36.9,107.5,107.5,214.0,214.0,1,5.959,0.6366453,7.12,26.86,1191.262,32.5,27.069103,0
2,2015-01-02 00:00:00+00:00,30,2015-01-03 06:00:00+00:00,26.75,0.0,0.0,0.0,0.3,0.5,1.0,0.0,4.0,5.0,3.13,Tokke_G2,Tokke,36.9,107.5,107.5,214.0,214.0,1,5.959,0.6366453,7.17,26.86,1191.262,32.58,27.069103,0
2,2015-01-02 00:00:00+00:00,31,2015-01-03 07:00:00+00:00,26.98,0.0,0.0,0.0,0.3,0.5,1.0,0.0,4.0,5.0,3.06,Tokke_G2,Tokke,36.9,107.5,107.5,214.0,214.0,1,5.959,0.6366453,7.13,26.86,1191.262,32.48,27.069103,0
2,2015-01-02 00:00:00+00:00,32,2015-01-03 08:00:00+00:00,27.52,0.0,0.0,0.0,0.3,0.5,1.0,0.0,4.0,5.0,3.01,Tokke_G2,Tokke,36.9,107.5,107.5,214.0,214.0,1,5.959,0.6366453,7.13,26.86,1191.262,32.5,27.069103,0
2,2015-01-02 00:00:00+00:00,33,2015-01-03 09:00:00+00:00,27.72,0.0,0.0,0.0,0.3,0.5,1.0,0.0,4.0,5.0,3.0,Tokke_G2,Tokke,36.9,107.5,107.5,214.0,214.0,1,5.959,0.6366453,7.18,26.86,1191.262,32.699997,27.069103,0
2,2015-01-02 00:00:00+00:00,34,2015-01-03 10:00:00+00:00,27.73,0.0,0.0,0.0,0.3,0.5,1.0,0.0,4.0,5.0,2.92,Tokke_G2,Tokke,36.9,107.5,107.5,214.0,214.0,1,5.959,0.6366453,7.23,26.86,1191.262,32.800003,27.069103,0
2,2015-01-02 00:00:00+00:00,35,2015-01-03 11:00:00+00:00,27.66,0.0,0.0,0.0,0.3,0.5,1.0,0.0,4.0,5.0,2.88,Tokke_G2,Tokke,36.9,107.5,107.5,214.0,214.0,1,5.959,0.6366453,7.24,26.86,1191.262,33.02,27.069103,0
2,2015-01-02 00:00:00+00:00,36,2015-01-03 12:00:00+00:00,27.65,0.0,0.0,0.0,0.3,0.5,1.0,0.0,4.0,5.0,2.85,Tokke_G2,Tokke,36.9,107.5,107.5,214.0,214.0,1,5.959,0.6366453,7.23,26.86,1191.262,33.04,27.069103,0
2,2015-01-02 00:00:00+00:00,37,2015-01-03 13:00:00+00:00,27.81,0.0,0.0,0.0,0.3,0.5,1.0,0.0,4.0,5.0,2.84,Tokke_G2,Tokke,36.9,107.5,107.5,214.0,214.0,1,5.959,0.6366453,7.2,26.86,1191.262,32.86,27.069103,0
2,2015-01-02 00:00:00+00:00,38,2015-01-03 14:00:00+00:00,28.29,0.0,0.0,0.0,0.3,0.5,1.0,0.0,4.0,5.0,2.81,Tokke_G2,Tokke,36.9,107.5,107.5,214.0,214.0,1,5.959,0.6366453,7.28,26.86,1191.262,32.93,27.069103,0
2,2015-01-02 00:00:00+00:00,39,2015-01-03 15:00:00+00:00,28.6,0.0,0.0,0.0,0.3,0.5,1.0,0.0,4.0,5.0,2.75,Tokke_G2,Tokke,36.9,107.5,107.5,214.0,214.0,1,5.959,0.6366453,7.3,26.86,1191.262,32.73,27.069103,0
2,2015-01-02 00:00:00+00:00,40,2015-01-03 16:00:00+00:00,28.88,0.0,0.0,0.0,0.3,0.5,1.0,0.0,4.0,5.0,2.69,Tokke_G2,Tokke,36.9,107.5,107.5,214.0,214.0,1,5.959,0.6366453,7.29,26.86,1191.262,32.63,27.069103,0
2,2015-01-02 00:00:00+00:00,41,2015-01-03 17:00:00+00:00,28.78,0.0,0.0,0.0,0.3,0.5,1.0,0.0,4.0,5.0,2.65,Tokke_G2,Tokke,36.9,107.5,107.5,214.0,214.0,1,5.959,0.6366453,7.25,26.86,1191.262,32.47,27.069103,0
2,2015-01-02 00:00:00+00:00,42,2015-01-03 18:00:00+00:00,28.54,0.0,0.0,0.0,0.3,0.5,1.0,0.0,4.0,5.0,2.6,Tokke_G2,Tokke,36.9,107.5,107.5,214.0,214.0,1,5.959,0.6366453,7.28,26.86,1191.262,32.39,27.069103,0
2,2015-01-02 00:00:00+00:00,43,2015-01-03 19:00:00+00:00,28.34,0.0,0.0,0.0,0.3,0.5,1.0,0.0,4.0,5.0,2.54,Tokke_G2,Tokke,36.9,107.5,107.5,214.0,214.0,1,5.959,0.6366453,7.25,26.86,1191.262,32.29,27.069103,0
2,2015-01-02 00:00:00+00:00,44,2015-01-03 20:00:00+00:00,27.93,0.0,0.0,0.0,0.3,0.5,1.0,0.0,4.0,5.0,2.47,Tokke_G2,Tokke,36.9,107.5,107.5,214.0,214.0,1,5.959,0.6366453,7.3,26.86,1191.262,32.190002,27.069103,0
2,2015-01-02 00:00:00+00:00,45,2015-01-03 21:00:00+00:00,27.7,0.0,0.0,0.0,0.3,0.5,1.0,0.0,4.0,5.0,2.41,Tokke_G2,Tokke,36.9,107.5,107.5,214.0,214.0,1,5.959,0.6366453,7.35,26.86,1191.262,32.0,27.069103,0
2,2015-01-02 00:00:00+00:00,46,2015-01-03 22:00:00+00:00,27.25,0.0,0.0,0.0,0.3,0.5,1.0,0.0,4.0,5.0,2.33,Tokke_G2,Tokke,36.9,107.5,107.5,214.0,214.0,1,5.959,0.6366453,7.35,26.86,1191.262,31.880001,27.069103,0
2,2015-01-02 00:00:00+00:00,47,2015-01-03 23:00:00+00:00,27.55,0.0,0.0,0.0,0.3,0.5,1.0,0.0,4.0,5.0,2.27,Tokke_G2,Tokke,36.9,107.5,107.5,214.0,214.0,1,5.959,0.6366453,7.35,26.86,1191.262,31.789999,27.069103,0
2,2015-01-02 00:00:00+00:00,48,2015-01-04 00:00:00+00:00,27.38,0.0,0.0,0.0,0.3,0.5,1.0,0.0,4.0,5.0,2.22,Tokke_G2,Tokke,36.9,107.5,107.5,214.0,214.0,1,5.959,0.6366453,7.35,26.86,1191.262,31.449997,27.069103,0
2,2015-01-02 00:00:00+00:00,49,2015-01-04 01:00:00+00:00,27.17,0.0,0.0,0.0,0.3,0.5,1.0,0.0,4.0,5.0,2.15,Tokke_G2,Tokke,36.9,107.5,107.5,214.0,214.0,1,5.959,0.6366453,7.34,26.86,1191.262,30.980001,27.069103,0
2,2015-01-02 00:00:00+00:00,50,2015-01-04 02:00:00+00:00,27.03,0.0,0.0,0.0,0.3,0.5,1.0,0.0,4.0,5.0,2.1,Tokke_G2,Tokke,36.9,107.5,107.5,214.0,214.0,1,5.959,0.6366453,7.25,26.86,1191.262,30.45,27.069103,0
2,2015-01-02 00:00:00+00:00,51,2015-01-04 03:00:00+00:00,27.04,0.0,0.0,0.0,0.3,0.5,1.0,0.0,4.0,5.0,2.06,Tokke_G2,Tokke,36.9,107.5,107.5,214.0,214.0,1,5.959,0.6366453,7.25,26.86,1191.262,30.28,27.069103,0
2,2015-01-02 00:00:00+00:00,52,2015-01-04 04:00:00+00:00,27.19,0.0,0.0,0.0,0.3,0.5,1.0,0.0,4.0,5.0,2.01,Tokke_G2,Tokke,36.9,107.5,107.5,214.0,214.0,1,5.959,0.6366453,7.34,26.86,1191.262,30.24,27.069103,0
2,2015-01-02 00:00:00+00:00,53,2015-01-04 05:00:00+00:00,27.13,0.0,0.0,0.0,0.3,0.5,1.0,0.0,4.0,5.0,1.99,Tokke_G2,Tokke,36.9,107.5,107.5,214.0,214.0,1,5.959,0.6366453,7.37,26.86,1191.262,30.2,27.069103,0
2,2015-01-02 00:00:00+00:00,54,2015-01-04 06:00:00+00:00,27.06,0.0,0.0,0.0,0.3,0.5,1.0,0.0,4.0,5.0,1.94,Tokke_G2,Tokke,36.9,107.5,107.5,214.0,214.0,1,5.959,0.6366453,7.45,26.86,1191.262,30.21,27.069103,0
2,2015-01-02 00:00:00+00:00,55,2015-01-04 07:00:00+00:00,27.63,0.0,0.0,0.0,0.3,0.5,1.0,0.0,4.0,5.0,1.89,Tokke_G2,Tokke,36.9,107.5,107.5,214.0,214.0,1,5.959,0.6366453,7.48,26.86,1191.262,30.039999,27.069103,0
2,2015-01-02 00:00:00+00:00,56,2015-01-04 08:00:00+00:00,28.03,0.0,0.0,0.0,0.3,0.5,1.0,0.0,4.0,5.0,1.84,Tokke_G2,Tokke,36.9,107.5,107.5,214.0,214.0,1,5.959,0.6366453,7.52,26.86,1191.262,29.99,27.069103,1
2,2015-01-02 00:00:00+00:00,57,2015-01-04 09:00:00+00:00,28.24,0.0,0.0,0.0,0.3,0.5,1.0,0.0,4.0,5.0,1.82,Tokke_G2,Tokke,36.9,107.5,107.5,214.0,214.0,1,5.959,0.6366453,7.52,26.86,1191.262,29.849998,27.069103,1
2,2015-01-02 00:00:00+00:00,58,2015-01-04 10:00:00+00:00,28.32,0.0,0.0,0.0,0.3,0.5,1.0,0.0,4.0,5.0,1.79,Tokke_G2,Tokke,36.9,107.5,107.5,214.0,214.0,1,5.959,0.6366453,7.48,26.86,1191.262,29.75,27.069103,1
2,2015-01-02 00:00:00+00:00,59,2015-01-04 11:00:00+00:00,28.24,0.0,0.0,0.0,0.3,0.5,1.0,0.0,4.0,5.0,1.77,Tokke_G2,Tokke,36.9,107.5,107.5,214.0,214.0,1,5.959,0.6366453,7.52,26.86,1191.262,29.880001,27.069103,1
2,2015-01-02 00:00:00+00:00,60,2015-01-04 12:00:00+00:00,28.27,0.0,0.0,0.0,0.3,0.5,1.0,0.0,4.0,5.0,1.74,Tokke_G2,Tokke,36.9,107.5,107.5,214.0,214.0,1,5.959,0.6366453,7.53,26.86,1191.262,29.999998,27.069103,1
2,2015-01-02 00:00:00+00:00,61,2015-01-04 13:00:00+00:00,28.32,0.0,0.0,0.0,0.3,0.5,1.0,0.0,4.0,5.0,1.72,Tokke_G2,Tokke,36.9,107.5,107.5,214.0,214.0,1,5.959,0.6366453,7.56,26.86,1191.262,29.98,27.069103,1
2,2015-01-02 00:00:00+00:00,62,2015-01-04 14:00:00+00:00,28.37,0.0,0.0,0.0,0.3,0.5,1.0,0.0,4.0,5.0,1.7,Tokke_G2,Tokke,36.9,107.5,107.5,214.0,214.0,1,5.959,0.6366453,7.49,26.86,1191.262,29.769999,27.069103,1
2,2015-01-02 00:00:00+00:00,63,2015-01-04 15:00:00+00:00,28.65,0.0,0.0,0.0,0.3,0.5,1.0,0.0,4.0,5.0,1.68,Tokke_G2,Tokke,36.9,107.5,107.5,214.0,214.0,1,5.959,0.6366453,7.5,26.86,1191.262,29.689999,27.069103,1
2,2015-01-02 00:00:00+00:00,64,2015-01-04 16:00:00+00:00,28.98,0.0,0.0,0.0,0.3,0.5,1.0,0.0,4.0,5.0,1.68,Tokke_G2,Tokke,36.9,107.5,107.5,214.0,214.0,1,5.959,0.6366453,7.42,26.86,1191.262,29.390001,27.069103,1
2,2015-01-02 00:00:00+00:00,65,2015-01-04 17:00:00+00:00,29.54,0.0,0.0,0.0,0.3,0.5,1.0,0.0,4.0,5.0,1.65,Tokke_G2,Tokke,36.9,107.5,107.5,214.0,214.0,1,5.959,0.6366453,7.42,26.86,1191.262,29.429998,27.069103,1
2,2015-01-02 00:00:00+00:00,66,2015-01-04 18:00:00+00:00,29.42,0.0,0.0,0.0,0.3,0.5,1.0,0.0,4.0,5.0,1.64,Tokke_G2,Tokke,36.9,107.5,107.5,214.0,214.0,1,5.959,0.6366453,7.47,26.86,1191.262,29.77,27.069103,1
2,2015-01-02 00:00:00+00:00,67,2015-01-04 19:00:00+00:00,28.92,0.0,0.0,0.0,0.3,0.5,1.0,0.0,4.0,5.0,1.63,Tokke_G2,Tokke,36.9,107.5,107.5,214.0,214.0,1,5.959,0.6366453,7.52,26.86,1191.262,30.19,27.069103,1
2,2015-01-02 00:00:00+00:00,68,2015-01-04 20:00:00+00:00,28.66,0.0,0.0,0.0,0.3,0.5,1.0,0.0,4.0,5.0,1.6,Tokke_G2,Tokke,36.9,107.5,107.5,214.0,214.0,1,5.959,0.6366453,7.53,26.86,1191.262,30.180002,27.069103,1
2,2015-01-02 00:00:00+00:00,69,2015-01-04 21:00:00+00:00,28.69,0.0,0.0,0.0,0.3,0.5,1.0,0.0,4.0,5.0,1.59,Tokke_G2,Tokke,36.9,107.5,107.5,214.0,214.0,1,5.959,0.6366453,7.58,26.86,1191.262,30.14,27.069103,1
2,2015-01-02 00:00:00+00:00,70,2015-01-04 22:00:00+00:00,28.02,0.0,0.0,0.0,0.3,0.5,1.0,0.0,4.0,5.0,1.58,Tokke_G2,Tokke,36.9,107.5,107.5,214.0,214.0,1,5.959,0.6366453,7.59,26.86,1191.262,30.08,27.069103,1
2,2015-01-02 00:00:00+00:00,71,2015-01-04 23:00:00+00:00,28.19,0.0,0.0,0.0,0.3,0.5,1.0,0.0,4.0,5.0,1.57,Tokke_G2,Tokke,36.9,107.5,107.5,214.0,214.0,1,5.959,0.6366453,7.59,26.86,1191.262,30.349998,27.069103,1
2,2015-01-02 00:00:00+00:00,72,2015-01-05 00:00:00+00:00,28.15,0.0,0.0,0.0,0.3,0.5,1.0,0.0,4.0,5.0,1.56,Tokke_G2,Tokke,36.9,107.5,107.5,214.0,214.0,1,5.959,0.6366453,7.63,26.86,1191.262,30.41,27.069103,1
2,2015-01-02 00:00:00+00:00,73,2015-01-05 01:00:00+00:00,28.13,0.0,0.0,0.0,0.3,0.5,1.0,0.0,4.0,5.0,1.54,Tokke_G2,Tokke,36.9,107.5,107.5,214.0,214.0,1,5.959,0.6366453,7.6,26.86,1191.262,30.510002,27.069103,1
2,2015-01-02 00:00:00+00:00,74,2015-01-05 02:00:00+00:00,28.05,0.0,0.0,0.0,0.3,0.5,1.0,0.0,4.0,5.0,1.53,Tokke_G2,Tokke,36.9,107.5,107.5,214.0,214.0,1,5.959,0.6366453,7.64,26.86,1191.262,30.699999,27.069103,1
2,2015-01-02 00:00:00+00:00,75,2015-01-05 03:00:00+00:00,28.04,0.0,0.0,0.0,0.3,0.5,1.0,0.0,4.0,5.0,1.52,Tokke_G2,Tokke,36.9,107.5,107.5,214.0,214.0,1,5.959,0.6366453,7.69,26.86,1191.262,30.780003,27.069103,1
2,2015-01-02 00:00:00+00:00,76,2015-01-05 04:00:00+00:00,28.46,0.0,0.0,0.0,0.3,0.5,1.0,0.0,4.0,5.0,1.51,Tokke_G2,Tokke,36.9,107.5,107.5,214.0,214.0,1,5.959,0.6366453,7.65,26.86,1191.262,30.69,27.069103,1
2,2015-01-02 00:00:00+00:00,77,2015-01-05 05:00:00+00:00,28.78,0.0,0.0,0.0,0.3,0.5,1.0,0.0,4.0,5.0,1.5,Tokke_G2,Tokke,36.9,107.5,107.5,214.0,214.0,1,5.959,0.6366453,7.64,26.86,1191.262,30.76,27.069103,1
2,2015-01-02 00:00:00+00:00,78,2015-01-05 06:00:00+00:00,30.99,0.0,0.0,0.0,0.3,0.5,1.0,0.0,4.0,5.0,1.48,Tokke_G2,Tokke,36.9,107.5,107.5,214.0,214.0,1,5.959,0.6366453,7.65,26.86,1191.262,30.74,27.069103,1
2,2015-01-02 00:00:00+00:00,79,2015-01-05 07:00:00+00:00,38.15,0.0,0.0,0.0,0.3,0.5,1.0,0.0,4.0,5.0,1.47,Tokke_G2,Tokke,36.9,107.5,107.5,214.0,214.0,1,5.959,0.6366453,7.69,26.86,1191.262,30.85,27.069103,1
2,2015-01-02 00:00:00+00:00,80,2015-01-05 08:00:00+00:00,41.51,0.0,0.0,0.0,0.3,0.5,1.0,0.0,4.0,5.0,1.46,Tokke_G2,Tokke,36.9,107.5,107.5,214.0,214.0,1,5.959,0.6366453,7.69,26.86,1191.262,30.78,27.069103,1
2,2015-01-02 00:00:00+00:00,81,2015-01-05 09:00:00+00:00,40.46,0.0,0.0,0.0,0.3,0.5,1.0,0.0,4.0,5.0,1.46,Tokke_G2,Tokke,36.9,107.5,107.5,214.0,214.0,1,5.959,0.6366453,7.66,26.86,1191.262,30.68,27.069103,1
2,2015-01-02 00:00:00+00:00,82,2015-01-05 10:00:00+00:00,40.97,0.0,0.0,0.0,0.3,0.5,1.0,0.0,4.0,5.0,1.45,Tokke_G2,Tokke,36.9,107.5,107.5,214.0,214.0,1,5.959,0.6366453,7.69,26.86,1191.262,30.689999,27.069103,1
2,2015-01-02 00:00:00+00:00,83,2015-01-05 11:00:00+00:00,38.66,0.0,0.0,0.0,0.3,0.5,1.0,0.0,4.0,5.0,1.45,Tokke_G2,Tokke,36.9,107.5,107.5,214.0,214.0,1,5.959,0.6366453,7.7,26.86,1191.262,30.7,27.069103,1
2,2015-01-02 00:00:00+00:00,84,2015-01-05 12:00:00+00:00,36.44,0.0,0.0,0.0,0.3,0.5,1.0,0.0,4.0,5.0,1.45,Tokke_G2,Tokke,36.9,107.5,107.5,214.0,214.0,1,5.959,0.6366453,7.7,26.86,1191.262,30.61,27.069103,1
2,2015-01-02 00:00:00+00:00,85,2015-01-05 13:00:00+00:00,37.74,0.0,0.0,0.0,0.3,0.5,1.0,0.0,4.0,5.0,1.45,Tokke_G2,Tokke,36.9,107.5,107.5,214.0,214.0,1,5.959,0.6366453,7.7,26.86,1191.262,30.560001,27.069103,1
2,2015-01-02 00:00:00+00:00,86,2015-01-05 14:00:00+00:00,43.1,0.0,0.0,0.0,0.3,0.5,1.0,0.0,4.0,5.0,1.45,Tokke_G2,Tokke,36.9,107.5,107.5,214.0,214.0,1,5.959,0.6366453,7.7,26.86,1191.262,30.439999,27.069103,1
2,2015-01-02 00:00:00+00:00,87,2015-01-05 15:00:00+00:00,46.7,0.0,0.0,0.0,0.3,0.5,1.0,0.0,4.0,5.0,1.44,Tokke_G2,Tokke,36.9,107.5,107.5,214.0,214.0,1,5.959,0.6366453,7.7,26.86,1191.262,30.369999,27.069103,1
2,2015-01-02 00:00:00+00:00,88,2015-01-05 16:00:00+00:00,56.78,0.0,0.0,0.0,0.3,0.5,1.0,0.0,4.0,5.0,1.44,Tokke_G2,Tokke,36.9,107.5,107.5,214.0,214.0,1,5.959,0.6366453,7.7,26.86,1191.262,30.319996,27.069103,1
2,2015-01-02 00:00:00+00:00,89,2015-01-05 17:00:00+00:00,36.49,0.0,0.0,0.0,0.3,0.5,1.0,0.0,4.0,5.0,1.45,Tokke_G2,Tokke,36.9,107.5,107.5,214.0,214.0,1,5.959,0.6366453,7.71,26.86,1191.262,30.310001,27.069103,1
2,2015-01-02 00:00:00+00:00,90,2015-01-05 18:00:00+00:00,32.43,0.0,0.0,0.0,0.3,0.5,1.0,0.0,4.0,5.0,1.44,Tokke_G2,Tokke,36.9,107.5,107.5,214.0,214.0,1,5.959,0.6366453,7.75,26.86,1191.262,30.28,27.069103,1
2,2015-01-02 00:00:00+00:00,91,2015-01-05 19:00:00+00:00,31.39,0.0,0.0,0.0,0.3,0.5,1.0,0.0,4.0,5.0,1.43,Tokke_G2,Tokke,36.9,107.5,107.5,214.0,214.0,1,5.959,0.6366453,7.71,26.86,1191.262,30.150002,27.069103,1
2,2015-01-02 00:00:00+00:00,92,2015-01-05 20:00:00+00:00,30.29,0.0,0.0,0.0,0.3,0.5,1.0,0.0,4.0,5.0,1.43,Tokke_G2,Tokke,36.9,107.5,107.5,214.0,214.0,1,5.959,0.6366453,7.7,26.86,1191.262,30.02,27.069103,1
2,2015-01-02 00:00:00+00:00,93,2015-01-05 21:00:00+00:00,29.43,0.0,0.0,0.0,0.3,0.5,1.0,0.0,4.0,5.0,1.43,Tokke_G2,Tokke,36.9,107.5,107.5,214.0,214.0,1,5.959,0.6366453,7.71,26.86,1191.262,29.93,27.069103,1
2,2015-01-02 00:00:00+00:00,94,2015-01-05 22:00:00+00:00,29.09,0.0,0.0,0.0,0.3,0.5,1.0,0.0,4.0,5.0,1.44,Tokke_G2,Tokke,36.9,107.5,107.5,214.0,214.0,1,5.959,0.6366453,7.75,26.86,1191.262,29.92,27.069103,0
2,2015-01-02 00:00:00+00:00,95,2015-01-05 23:00:00+00:00,28.08,0.0,0.0,0.0,0.3,0.5,1.0,0.0,4.0,5.0,1.44,Tokke_G2,Tokke,36.9,107.5,107.5,214.0,214.0,1,5.959,0.6366453,7.72,26.86,1191.262,29.779999,27.069103,0
2,2015-01-02 00:00:00+00:00,96,2015-01-06 00:00:00+00:00,27.94,0.0,0.0,0.0,0.3,0.5,1.0,0.0,4.0,5.0,1.44,Tokke_G2,Tokke,36.9,107.5,107.5,214.0,214.0,1,5.959,0.6366453,7.75,26.86,1191.262,29.759998,27.069103,0
2,2015-01-02 00:00:00+00:00,97,2015-01-06 01:00:00+00:00,27.91,0.0,0.0,0.0,0.3,0.5,1.0,0.0,4.0,5.0,1.44,Tokke_G2,Tokke,36.9,107.5,107.5,214.0,214.0,1,5.959,0.6366453,7.71,26.86,1191.262,29.619999,27.069103,0
2,2015-01-02 00:00:00+00:00,98,2015-01-06 02:00:00+00:00,27.89,0.0,0.0,0.0,0.3,0.5,1.0,0.0,4.0,5.0,1.44,Tokke_G2,Tokke,36.9,107.5,107.5,214.0,214.0,1,5.959,0.6366453,7.71,26.86,1191.262,29.579998,27.069103,0
2,2015-01-02 00:00:00+00:00,99,2015-01-06 03:00:00+00:00,27.89,0.0,0.0,0.0,0.3,0.5,1.0,0.0,4.0,5.0,1.44,Tokke_G2,Tokke,36.9,107.5,107.5,214.0,214.0,1,5.959,0.6366453,7.75,26.86,1191.262,29.58,27.069103,0
2,2015-01-02 00:00:00+00:00,100,2015-01-06 04:00:00+00:00,28.01,0.0,0.0,0.0,0.3,0.5,1.0,0.0,4.0,5.0,1.44,Tokke_G2,Tokke,36.9,107.5,107.5,214.0,214.0,1,5.959,0.6366453,7.71,26.86,1191.262,29.470001,27.069103,0
2,2015-01-02 00:00:00+00:00,101,2015-01-06 05:00:00+00:00,28.73,0.0,0.0,0.0,0.3,0.5,1.0,0.0,4.0,5.0,1.44,Tokke_G2,Tokke,36.9,107.5,107.5,214.0,214.0,1,5.959,0.6366453,7.7,26.86,1191.262,29.39,27.069103,0
2,2015-01-02 00:00:00+00:00,102,2015-01-06 06:00:00+00:00,30.03,0.0,0.0,0.0,0.3,0.5,1.0,0.0,4.0,5.0,1.43,Tokke_G2,Tokke,36.9,107.5,107.5,214.0,214.0,1,5.959,0.6366453,7.71,26.86,1191.262,29.349998,27.069103,0
2,2015-01-02 00:00:00+00:00,103,2015-01-06 07:00:00+00:00,30.5,0.0,0.0,0.0,0.3,0.5,1.0,0.0,4.0,5.0,1.42,Tokke_G2,Tokke,36.9,107.5,107.5,214.0,214.0,1,5.959,0.6366453,7.75,26.86,1191.262,29.34,27.069103,0
2,2015-01-02 00:00:00+00:00,104,2015-01-06 08:00:00+00:00,30.35,0.0,0.0,0.0,0.3,0.5,1.0,0.0,4.0,5.0,1.42,Tokke_G2,Tokke,36.9,107.5,107.5,214.0,214.0,1,5.959,0.6366453,7.72,26.86,1191.262,29.18,27.069103,0
2,2015-01-02 00:00:00+00:00,105,2015-01-06 09:00:00+00:00,30.53,0.0,0.0,0.0,0.3,0.5,1.0,0.0,4.0,5.0,1.42,Tokke_G2,Tokke,36.9,107.5,107.5,214.0,214.0,1,5.959,0.6366453,7.76,26.86,1191.262,29.190002,27.069103,0
2,2015-01-02 00:00:00+00:00,106,2015-01-06 10:00:00+00:00,29.91,0.0,0.0,0.0,0.3,0.5,1.0,0.0,4.0,5.0,1.43,Tokke_G2,Tokke,36.9,107.5,107.5,214.0,214.0,1,5.959,0.6366453,7.81,26.86,1191.262,29.269999,27.069103,0
2,2015-01-02 00:00:00+00:00,107,2015-01-06 11:00:00+00:00,29.62,0.0,0.0,0.0,0.3,0.5,1.0,0.0,4.0,5.0,1.41,Tokke_G2,Tokke,36.9,107.5,107.5,214.0,214.0,1,5.959,0.6366453,7.78,26.86,1191.262,29.130001,27.069103,0
2,2015-01-02 00:00:00+00:00,108,2015-01-06 12:00:00+00:00,29.58,0.0,0.0,0.0,0.3,0.5,1.0,0.0,4.0,5.0,1.4,Tokke_G2,Tokke,36.9,107.5,107.5,214.0,214.0,1,5.959,0.6366453,7.81,26.86,1191.262,29.119999,27.069103,0
2,2015-01-02 00:00:00+00:00,109,2015-01-06 13:00:00+00:00,29.57,0.0,0.0,0.0,0.3,0.5,1.0,0.0,4.0,5.0,1.41,Tokke_G2,Tokke,36.9,107.5,107.5,214.0,214.0,1,5.959,0.6366453,7.82,26.86,1191.262,29.15,27.069103,0
2,2015-01-02 00:00:00+00:00,110,2015-01-06 14:00:00+00:00,29.62,0.0,0.0,0.0,0.3,0.5,1.0,0.0,4.0,5.0,1.41,Tokke_G2,Tokke,36.9,107.5,107.5,214.0,214.0,1,5.959,0.6366453,7.84,26.86,1191.262,29.149998,27.069103,0
2,2015-01-02 00:00:00+00:00,111,2015-01-06 15:00:00+00:00,29.99,0.0,0.0,0.0,0.3,0.5,1.0,0.0,4.0,5.0,1.41,Tokke_G2,Tokke,36.9,107.5,107.5,214.0,214.0,1,5.959,0.6366453,7.93,26.86,1191.262,29.269999,27.069103,0
2,2015-01-02 00:00:00+00:00,112,2015-01-06 16:00:00+00:00,29.65,0.0,0.0,0.0,0.3,0.5,1.0,0.0,4.0,5.0,1.41,Tokke_G2,Tokke,36.9,107.5,107.5,214.0,214.0,1,5.959,0.6366453,7.99,26.86,1191.262,29.339996,27.069103,0
2,2015-01-02 00:00:00+00:00,113,2015-01-06 17:00:00+00:00,29.58,0.0,0.0,0.0,0.3,0.5,1.0,0.0,4.0,5.0,1.4,Tokke_G2,Tokke,36.9,107.5,107.5,214.0,214.0,1,5.959,0.6366453,8.02,26.86,1191.262,29.319998,27.069103,0
2,2015-01-02 00:00:00+00:00,114,2015-01-06 18:00:00+00:00,29.0,0.0,0.0,0.0,0.3,0.5,1.0,0.0,4.0,5.0,1.4,Tokke_G2,Tokke,36.9,107.5,107.5,214.0,214.0,1,5.959,0.6366453,8.11,26.86,1191.262,29.449997,27.069103,0
2,2015-01-02 00:00:00+00:00,115,2015-01-06 19:00:00+00:00,28.45,0.0,0.0,0.0,0.3,0.5,1.0,0.0,4.0,5.0,1.4,Tokke_G2,Tokke,36.9,107.5,107.5,214.0,214.0,1,5.959,0.6366453,8.12,26.86,1191.262,29.499996,27.069103,0
2,2015-01-02 00:00:00+00:00,116,2015-01-06 20:00:00+00:00,28.15,0.0,0.0,0.0,0.3,0.5,1.0,0.0,4.0,5.0,1.38,Tokke_G2,Tokke,36.9,107.5,107.5,214.0,214.0,1,5.959,0.6366453,8.11,26.86,1191.262,29.429996,27.069103,0
2,2015-01-02 00:00:00+00:00,117,2015-01-06 21:00:00+00:00,27.73,0.0,0.0,0.0,0.3,0.5,1.0,0.0,4.0,5.0,1.4,Tokke_G2,Tokke,36.9,107.5,107.5,214.0,214.0,1,5.959,0.6366453,8.07,26.86,1191.262,29.389997,27.069103,0
2,2015-01-02 00:00:00+00:00,118,2015-01-06 22:00:00+00:00,27.32,0.0,0.0,0.0,0.3,0.5,1.0,0.0,4.0,5.0,1.39,Tokke_G2,Tokke,36.9,107.5,107.5,214.0,214.0,1,5.959,0.6366453,8.07,26.86,1191.262,29.329998,27.069103,0
2,2015-01-02 00:00:00+00:00,119,2015-01-06 23:00:00+00:00,26.35,0.0,0.0,0.0,0.3,0.5,1.0,0.0,4.0,5.0,1.31,Tokke_G2,Tokke,36.9,107.5,107.5,214.0,214.0,1,5.959,0.6366453,8.11,26.86,1191.262,29.23,27.069103,0
2,2015-01-02 00:00:00+00:00,120,2015-01-07 00:00:00+00:00,26.08,0.0,0.0,0.0,0.3,0.5,1.0,0.0,4.0,5.0,1.29,Tokke_G2,Tokke,36.9,107.5,107.5,214.0,214.0,1,5.959,0.6366453,8.11,26.86,1191.262,29.25,27.069103,0
2,2015-01-02 00:00:00+00:00,121,2015-01-07 01:00:00+00:00,26.03,0.0,0.0,0.0,0.3,0.5,1.0,0.0,4.0,5.0,1.29,Tokke_G2,Tokke,36.9,107.5,107.5,214.0,214.0,1,5.959,0.6366453,8.06,26.86,1191.262,29.060001,27.069103,0
2,2015-01-02 00:00:00+00:00,122,2015-01-07 02:00:00+00:00,26.17,0.0,0.0,0.0,0.3,0.5,1.0,0.0,4.0,5.0,1.27,Tokke_G2,Tokke,36.9,107.5,107.5,214.0,214.0,1,5.959,0.6366453,8.0,26.86,1191.262,29.02,27.069103,0
2,2015-01-02 00:00:00+00:00,123,2015-01-07 03:00:00+00:00,26.74,0.0,0.0,0.0,0.3,0.5,1.0,0.0,4.0,5.0,1.27,Tokke_G2,Tokke,36.9,107.5,107.5,214.0,214.0,1,5.959,0.6366453,7.95,26.86,1191.262,28.91,27.069103,0
2,2015-01-02 00:00:00+00:00,124,2015-01-07 04:00:00+00:00,27.78,0.0,0.0,0.0,0.3,0.5,1.0,0.0,4.0,5.0,1.27,Tokke_G2,Tokke,36.9,107.5,107.5,214.0,214.0,1,5.959,0.6366453,7.96,26.86,1191.262,28.899998,27.069103,0
2,2015-01-02 00:00:00+00:00,125,2015-01-07 05:00:00+00:00,28.48,0.0,0.0,0.0,0.3,0.5,1.0,0.0,4.0,5.0,1.27,Tokke_G2,Tokke,36.9,107.5,107.5,214.0,214.0,1,5.959,0.6366453,8.04,26.86,1191.262,28.989998,27.069103,0
2,2015-01-02 00:00:00+00:00,126,2015-01-07 06:00:00+00:00,31.53,0.0,0.0,0.0,0.3,0.5,1.0,0.0,4.0,5.0,1.27,Tokke_G2,Tokke,36.9,107.5,107.5,214.0,214.0,1,5.959,0.6366453,8.02,26.86,1191.262,28.84,27.069103,1
2,2015-01-02 00:00:00+00:00,127,2015-01-07 07:00:00+00:00,32.54,0.0,0.0,0.0,0.3,0.5,1.0,0.0,4.0,5.0,1.27,Tokke_G2,Tokke,36.9,107.5,107.5,214.0,214.0,1,5.959,0.6366453,8.05,26.86,1191.262,28.8,27.069103,1
2,2015-01-02 00:00:00+00:00,128,2015-01-07 08:00:00+00:00,32.24,0.0,0.0,0.0,0.3,0.5,1.0,0.0,4.0,5.0,1.26,Tokke_G2,Tokke,36.9,107.5,107.5,214.0,214.0,1,5.959,0.6366453,8.01,26.86,1191.262,28.630001,27.069103,1
2,2015-01-02 00:00:00+00:00,129,2015-01-07 09:00:00+00:00,31.96,0.0,0.0,0.0,0.3,0.5,1.0,0.0,4.0,5.0,1.25,Tokke_G2,Tokke,36.9,107.5,107.5,214.0,214.0,1,5.959,0.6366453,8.0,26.86,1191.262,28.560001,27.069103,1
2,2015-01-02 00:00:00+00:00,130,2015-01-07 10:00:00+00:00,31.66,0.0,0.0,0.0,0.3,0.5,1.0,0.0,4.0,5.0,1.25,Tokke_G2,Tokke,36.9,107.5,107.5,214.0,214.0,1,5.959,0.6366453,8.0,26.86,1191.262,28.55,27.069103,1
2,2015-01-02 00:00:00+00:00,131,2015-01-07 11:00:00+00:00,30.97,0.0,0.0,0.0,0.3,0.5,1.0,0.0,4.0,5.0,1.25,Tokke_G2,Tokke,36.9,107.5,107.5,214.0,214.0,1,5.959,0.6366453,8.01,26.86,1191.262,28.539999,27.069103,1
2,2015-01-02 00:00:00+00:00,132,2015-01-07 12:00:00+00:00,30.65,0.0,0.0,0.0,0.3,0.5,1.0,0.0,4.0,5.0,1.25,Tokke_G2,Tokke,36.9,107.5,107.5,214.0,214.0,1,5.959,0.6366453,8.05,26.86,1191.262,28.59,27.069103,1
2,2015-01-02 00:00:00+00:00,133,2015-01-07 13:00:00+00:00,30.31,0.0,0.0,0.0,0.3,0.5,1.0,0.0,4.0,5.0,1.23,Tokke_G2,Tokke,36.9,107.5,107.5,214.0,214.0,1,5.959,0.6366453,8.02,26.86,1191.262,28.54,27.069103,0
2,2015-01-02 00:00:00+00:00,134,2015-01-07 14:00:00+00:00,29.79,0.0,0.0,0.0,0.3,0.5,1.0,0.0,4.0,5.0,1.23,Tokke_G2,Tokke,36.9,107.5,107.5,214.0,214.0,1,5.959,0.6366453,8.05,26.86,1191.262,28.599998,27.069103,0
2,2015-01-02 00:00:00+00:00,135,2015-01-07 15:00:00+00:00,30.72,0.0,0.0,0.0,0.3,0.5,1.0,0.0,4.0,5.0,1.21,Tokke_G2,Tokke,36.9,107.5,107.5,214.0,214.0,1,5.959,0.6366453,8.06,26.86,1191.262,28.52,27.069103,0
2,2015-01-02 00:00:00+00:00,136,2015-01-07 16:00:00+00:00,29.56,0.0,0.0,0.0,0.3,0.5,1.0,0.0,4.0,5.0,1.2,Tokke_G2,Tokke,36.9,107.5,107.5,214.0,214.0,1,5.959,0.6366453,8.06,26.86,1191.262,28.52,27.069103,0
2,2015-01-02 00:00:00+00:00,137,2015-01-07 17:00:00+00:00,28.84,0.0,0.0,0.0,0.3,0.5,1.0,0.0,4.0,5.0,1.2,Tokke_G2,Tokke,36.9,107.5,107.5,214.0,214.0,1,5.959,0.6366453,8.06,26.86,1191.262,28.480003,27.069103,0
2,2015-01-02 00:00:00+00:00,138,2015-01-07 18:00:00+00:00,28.2,0.0,0.0,0.0,0.3,0.5,1.0,0.0,4.0,5.0,1.2,Tokke_G2,Tokke,36.9,107.5,107.5,214.0,214.0,1,5.959,0.6366453,8.06,26.86,1191.262,28.45,27.069103,0
2,2015-01-02 00:00:00+00:00,139,2015-01-07 19:00:00+00:00,27.75,0.0,0.0,0.0,0.3,0.5,1.0,0.0,4.0,5.0,1.2,Tokke_G2,Tokke,36.9,107.5,107.5,214.0,214.0,1,5.959,0.6366453,8.07,26.86,1191.262,28.44,27.069103,0
2,2015-01-02 00:00:00+00:00,140,2015-01-07 20:00:00+00:00,27.42,0.0,0.0,0.0,0.3,0.5,1.0,0.0,4.0,5.0,1.21,Tokke_G2,Tokke,36.9,107.5,107.5,214.0,214.0,1,5.959,0.6366453,8.11,26.86,1191.262,28.5,27.069103,0
2,2015-01-02 00:00:00+00:00,141,2015-01-07 21:00:00+00:00,26.68,0.0,0.0,0.0,0.3,0.5,1.0,0.0,4.0,5.0,1.22,Tokke_G2,Tokke,36.9,107.5,107.5,214.0,214.0,1,5.959,0.6366453,8.08,26.86,1191.262,28.460001,27.069103,0
2,2015-01-02 00:00:00+00:00,142,2015-01-07 22:00:00+00:00,26.15,0.0,0.0,0.0,0.3,0.5,1.0,0.0,4.0,5.0,1.21,Tokke_G2,Tokke,36.9,107.5,107.5,214.0,214.0,1,5.959,0.6366453,8.11,26.86,1191.262,28.509998,27.069103,0
2,2015-01-02 00:00:00+00:00,143,2015-01-07 23:00:00+00:00,26.04,0.0,0.0,0.0,0.3,0.5,1.0,0.0,4.0,5.0,1.19,Tokke_G2,Tokke,36.9,107.5,107.5,214.0,214.0,1,5.959,0.6366453,8.13,26.86,1191.262,28.52,27.069103,0
2,2015-01-02 00:00:00+00:00,144,2015-01-08 00:00:00+00:00,25.07,0.0,0.0,0.0,0.3,0.5,1.0,0.0,4.0,5.0,1.19,Tokke_G2,Tokke,36.9,107.5,107.5,214.0,214.0,1,5.959,0.6366453,8.17,26.86,1191.262,28.640001,27.069103,0
2,2015-01-02 00:00:00+00:00,145,2015-01-08 01:00:00+00:00,24.57,0.0,0.0,0.0,0.3,0.5,1.0,0.0,4.0,5.0,1.2,Tokke_G2,Tokke,36.9,107.5,107.5,214.0,214.0,1,5.959,0.6366453,8.18,26.86,1191.262,28.720001,27.069103,0
2,2015-01-02 00:00:00+00:00,146,2015-01-08 02:00:00+00:00,24.44,0.0,0.0,0.0,0.3,0.5,1.0,0.0,4.0,5.0,1.19,Tokke_G2,Tokke,36.9,107.5,107.5,214.0,214.0,1,5.959,0.6366453,8.18,26.86,1191.262,28.71,27.069103,0
2,2015-01-02 00:00:00+00:00,147,2015-01-08 03:00:00+00:00,24.54,0.0,0.0,0.0,0.3,0.5,1.0,0.0,4.0,5.0,1.19,Tokke_G2,Tokke,36.9,107.5,107.5,214.0,214.0,1,5.959,0.6366453,8.17,26.86,1191.262,28.710001,27.069103,0
2,2015-01-02 00:00:00+00:00,148,2015-01-08 04:00:00+00:00,26.04,0.0,0.0,0.0,0.3,0.5,1.0,0.0,4.0,5.0,1.19,Tokke_G2,Tokke,36.9,107.5,107.5,214.0,214.0,1,5.959,0.6366453,8.12,26.86,1191.262,28.59,27.069103,0
2,2015-01-02 00:00:00+00:00,149,2015-01-08 05:00:00+00:00,26.89,0.0,0.0,0.0,0.3,0.5,1.0,0.0,4.0,5.0,1.2,Tokke_G2,Tokke,36.9,107.5,107.5,214.0,214.0,1,5.959,0.6366453,8.08,26.86,1191.262,28.43,27.069103,0
2,2015-01-02 00:00:00+00:00,150,2015-01-08 06:00:00+00:00,27.59,0.0,0.0,0.0,0.3,0.5,1.0,0.0,4.0,5.0,1.19,Tokke_G2,Tokke,36.9,107.5,107.5,214.0,214.0,1,5.959,0.6366453,8.16,26.86,1191.262,28.380001,27.069103,0
2,2015-01-02 00:00:00+00:00,151,2015-01-08 07:00:00+00:00,28.1,0.0,0.0,0.0,0.3,0.5,1.0,0.0,4.0,5.0,1.17,Tokke_G2,Tokke,36.9,107.5,107.5,214.0,214.0,1,5.959,0.6366453,8.13,26.86,1191.262,28.150002,27.069103,0
2,2015-01-02 00:00:00+00:00,152,2015-01-08 08:00:00+00:00,28.23,0.0,0.0,0.0,0.3,0.5,1.0,0.0,4.0,5.0,1.18,Tokke_G2,Tokke,36.9,107.5,107.5,214.0,214.0,1,5.959,0.6366453,8.11,26.86,1191.262,28.04,27.069103,0
2,2015-01-02 00:00:00+00:00,153,2015-01-08 09:00:00+00:00,28.35,0.0,0.0,0.0,0.3,0.5,1.0,0.0,4.0,5.0,1.16,Tokke_G2,Tokke,36.9,107.5,107.5,214.0,214.0,1,5.959,0.6366453,8.07,26.86,1191.262,27.82,27.069103,0
2,2015-01-02 00:00:00+00:00,154,2015-01-08 10:00:00+00:00,28.46,0.0,0.0,0.0,0.3,0.5,1.0,0.0,4.0,5.0,1.16,Tokke_G2,Tokke,36.9,107.5,107.5,214.0,214.0,1,5.959,0.6366453,8.07,26.86,1191.262,27.800001,27.069103,0
2,2015-01-02 00:00:00+00:00,155,2015-01-08 11:00:00+00:00,28.46,0.0,0.0,0.0,0.3,0.5,1.0,0.0,4.0,5.0,1.16,Tokke_G2,Tokke,36.9,107.5,107.5,214.0,214.0,1,5.959,0.6366453,8.11,26.86,1191.262,27.95,27.069103,0
2,2015-01-02 00:00:00+00:00,156,2015-01-08 12:00:00+00:00,28.6,0.0,0.0,0.0,0.3,0.5,1.0,0.0,4.0,5.0,1.16,Tokke_G2,Tokke,36.9,107.5,107.5,214.0,214.0,1,5.959,0.6366453,8.07,26.86,1191.262,28.02,27.069103,0
2,2015-01-02 00:00:00+00:00,157,2015-01-08 13:00:00+00:00,28.45,0.0,0.0,0.0,0.3,0.5,1.0,0.0,4.0,5.0,1.16,Tokke_G2,Tokke,36.9,107.5,107.5,214.0,214.0,1,5.959,0.6366453,8.06,26.86,1191.262,28.100002,27.069103,0
2,2015-01-02 00:00:00+00:00,158,2015-01-08 14:00:00+00:00,28.24,0.0,0.0,0.0,0.3,0.5,1.0,0.0,4.0,5.0,1.16,Tokke_G2,Tokke,36.9,107.5,107.5,214.0,214.0,1,5.959,0.6366453,8.06,26.86,1191.262,28.16,27.069103,0
2,2015-01-02 00:00:00+00:00,159,2015-01-08 15:00:00+00:00,28.43,0.0,0.0,0.0,0.3,0.5,1.0,0.0,4.0,5.0,1.15,Tokke_G2,Tokke,36.9,107.5,107.5,214.0,214.0,1,5.959,0.6366453,8.06,26.86,1191.262,28.220001,27.069103,0
2,2015-01-02 00:00:00+00:00,160,2015-01-08 16:00:00+00:00,28.4,0.0,0.0,0.0,0.3,0.5,1.0,0.0,4.0,5.0,1.14,Tokke_G2,Tokke,36.9,107.5,107.5,214.0,214.0,1,5.959,0.6366453,8.05,26.86,1191.262,28.279999,27.069103,0
2,2015-01-02 00:00:00+00:00,161,2015-01-08 17:00:00+00:00,27.98,0.0,0.0,0.0,0.3,0.5,1.0,0.0,4.0,5.0,1.14,Tokke_G2,Tokke,36.9,107.5,107.5,214.0,214.0,1,5.959,0.6366453,7.96,26.86,1191.262,28.080002,27.069103,0
2,2015-01-02 00:00:00+00:00,162,2015-01-08 18:00:00+00:00,27.69,0.0,0.0,0.0,0.3,0.5,1.0,0.0,4.0,5.0,1.15,Tokke_G2,Tokke,36.9,107.5,107.5,214.0,214.0,1,5.959,0.6366453,7.94,26.86,1191.262,28.070002,27.069103,0
2,2015-01-02 00:00:00+00:00,163,2015-01-08 19:00:00+00:00,27.46,0.0,0.0,0.0,0.3,0.5,1.0,0.0,4.0,5.0,1.16,Tokke_G2,Tokke,36.9,107.5,107.5,214.0,214.0,1,5.959,0.6366453,7.95,26.86,1191.262,28.16,27.069103,0
2,2015-01-02 00:00:00+00:00,164,2015-01-08 20:00:00+00:00,27.31,0.0,0.0,0.0,0.3,0.5,1.0,0.0,4.0,5.0,1.16,Tokke_G2,Tokke,36.9,107.5,107.5,214.0,214.0,1,5.959,0.6366453,8.0,26.86,1191.262,28.19,27.069103,0
2,2015-01-02 00:00:00+00:00,165,2015-01-08 21:00:00+00:00,26.71,0.0,0.0,0.0,0.3,0.5,1.0,0.0,4.0,5.0,1.16,Tokke_G2,Tokke,36.9,107.5,107.5,214.0,214.0,1,5.959,0.6366453,8.0,26.86,1191.262,28.220001,27.069103,0
2,2015-01-02 00:00:00+00:00,166,2015-01-08 22:00:00+00:00,25.91,0.0,0.0,0.0,0.3,0.5,1.0,0.0,4.0,5.0,1.15,Tokke_G2,Tokke,36.9,107.5,107.5,214.0,214.0,1,5.959,0.6366453,8.0,26.86,1191.262,28.09,27.069103,0
2,2015-01-02 00:00:00+00:00,167,2015-01-08 23:00:00+00:00,25.89,0.0,0.0,0.0,0.3,0.5,1.0,0.0,4.0,5.0,1.14,Tokke_G2,Tokke,36.9,107.5,107.5,214.0,214.0,1,5.959,0.6366453,7.95,26.86,1191.262,27.89,27.069103,0
2,2015-01-02 00:00:00+00:00,0,2015-01-02 00:00:00+00:00,26.41,0.0,0.0,0.0,0.3,0.5,1.0,0.0,4.0,5.0,1.26,Tokke_G3,Tokke,36.9,107.5,107.5,214.0,214.0,2,5.959,0.6366453,5.53,26.86,1191.262,25.29,27.069103,0
2,2015-01-02 00:00:00+00:00,1,2015-01-02 01:00:00+00:00,26.2,0.0,0.0,0.0,0.3,0.5,1.0,0.0,4.0,5.0,1.3,Tokke_G3,Tokke,36.9,107.5,107.5,214.0,214.0,2,5.959,0.6366453,5.53,26.86,1191.262,25.510002,27.069103,0
2,2015-01-02 00:00:00+00:00,2,2015-01-02 02:00:00+00:00,25.6,0.0,0.0,0.0,0.3,0.5,1.0,0.0,4.0,5.0,1.52,Tokke_G3,Tokke,36.9,107.5,107.5,214.0,214.0,2,5.959,0.6366453,5.54,26.86,1191.262,26.27,27.069103,0
2,2015-01-02 00:00:00+00:00,3,2015-01-02 03:00:00+00:00,24.74,0.0,0.0,0.0,0.3,0.5,1.0,0.0,4.0,5.0,1.7,Tokke_G3,Tokke,36.9,107.5,107.5,214.0,214.0,2,5.959,0.6366453,5.6,26.86,1191.262,27.26,27.069103,0
2,2015-01-02 00:00:00+00:00,4,2015-01-02 04:00:00+00:00,26.1,0.0,0.0,0.0,0.3,0.5,1.0,0.0,4.0,5.0,1.75,Tokke_G3,Tokke,36.9,107.5,107.5,214.0,214.0,2,5.959,0.6366453,5.53,26.86,1191.262,27.18,27.069103,0
2,2015-01-02 00:00:00+00:00,5,2015-01-02 05:00:00+00:00,27.25,0.0,0.0,0.0,0.3,0.5,1.0,0.0,4.0,5.0,1.65,Tokke_G3,Tokke,36.9,107.5,107.5,214.0,214.0,2,5.959,0.6366453,5.49,26.86,1191.262,26.99,27.069103,0
2,2015-01-02 00:00:00+00:00,6,2015-01-02 06:00:00+00:00,28.37,0.0,0.0,0.0,0.3,0.5,1.0,0.0,4.0,5.0,1.71,Tokke_G3,Tokke,36.9,107.5,107.5,214.0,214.0,2,5.959,0.6366453,5.52,26.86,1191.262,27.2,27.069103,1
2,2015-01-02 00:00:00+00:00,7,2015-01-02 07:00:00+00:00,28.37,0.0,0.0,0.0,0.3,0.5,1.0,0.0,4.0,5.0,1.92,Tokke_G3,Tokke,36.9,107.5,107.5,214.0,214.0,2,5.959,0.6366453,5.54,26.86,1191.262,27.649998,27.069103,1
2,2015-01-02 00:00:00+00:00,8,2015-01-02 08:00:00+00:00,28.32,0.0,0.0,0.0,0.3,0.5,1.0,0.0,4.0,5.0,2.18,Tokke_G3,Tokke,36.9,107.5,107.5,214.0,214.0,2,5.959,0.6366453,5.62,26.86,1191.262,28.390003,27.069103,1
2,2015-01-02 00:00:00+00:00,9,2015-01-02 09:00:00+00:00,28.3,0.0,0.0,0.0,0.3,0.5,1.0,0.0,4.0,5.0,2.33,Tokke_G3,Tokke,36.9,107.5,107.5,214.0,214.0,2,5.959,0.6366453,5.67,26.86,1191.262,28.86,27.069103,1
2,2015-01-02 00:00:00+00:00,10,2015-01-02 10:00:00+00:00,28.39,0.0,0.0,0.0,0.3,0.5,1.0,0.0,4.0,5.0,2.35,Tokke_G3,Tokke,36.9,107.5,107.5,214.0,214.0,2,5.959,0.6366453,5.64,26.86,1191.262,28.880001,27.069103,1
2,2015-01-02 00:00:00+00:00,11,2015-01-02 11:00:00+00:00,28.3,0.0,0.0,0.0,0.3,0.5,1.0,0.0,4.0,5.0,2.3,Tokke_G3,Tokke,36.9,107.5,107.5,214.0,214.0,2,5.959,0.6366453,5.68,26.86,1191.262,28.84,27.069103,1
2,2015-01-02 00:00:00+00:00,12,2015-01-02 12:00:00+00:00,28.24,0.0,0.0,0.0,0.3,0.5,1.0,0.0,4.0,5.0,2.23,Tokke_G3,Tokke,36.9,107.5,107.5,214.0,214.0,2,5.959,0.6366453,5.72,26.86,1191.262,28.860003,27.069103,1
2,2015-01-02 00:00:00+00:00,13,2015-01-02 13:00:00+00:00,28.12,0.0,0.0,0.0,0.3,0.5,1.0,0.0,4.0,5.0,2.2,Tokke_G3,Tokke,36.9,107.5,107.5,214.0,214.0,2,5.959,0.6366453,5.73,26.86,1191.262,28.79,27.069103,1
2,2015-01-02 00:00:00+00:00,14,2015-01-02 14:00:00+00:00,28.23,0.0,0.0,0.0,0.3,0.5,1.0,0.0,4.0,5.0,2.17,Tokke_G3,Tokke,36.9,107.5,107.5,214.0,214.0,2,5.959,0.6366453,5.79,26.86,1191.262,28.86,27.069103,1
2,2015-01-02 00:00:00+00:00,15,2015-01-02 15:00:00+00:00,28.59,0.0,0.0,0.0,0.3,0.5,1.0,0.0,4.0,5.0,2.14,Tokke_G3,Tokke,36.9,107.5,107.5,214.0,214.0,2,5.959,0.6366453,5.92,26.86,1191.262,29.12,27.069103,1
2,2015-01-02 00:00:00+00:00,16,2015-01-02 16:00:00+00:00,28.73,0.0,0.0,0.0,0.3,0.5,1.0,0.0,4.0,5.0,2.13,Tokke_G3,Tokke,36.9,107.5,107.5,214.0,214.0,2,5.959,0.6366453,5.97,26.86,1191.262,29.320002,27.069103,1
2,2015-01-02 00:00:00+00:00,17,2015-01-02 17:00:00+00:00,28.48,0.0,0.0,0.0,0.3,0.5,1.0,0.0,4.0,5.0,2.05,Tokke_G3,Tokke,36.9,107.5,107.5,214.0,214.0,2,5.959,0.6366453,5.96,26.86,1191.262,29.25,27.069103,1
2,2015-01-02 00:00:00+00:00,18,2015-01-02 18:00:00+00:00,28.38,0.0,0.0,0.0,0.3,0.5,1.0,0.0,4.0,5.0,1.64,Tokke_G3,Tokke,36.9,107.5,107.5,214.0,214.0,2,5.959,0.6366453,6.08,26.86,1191.262,28.550001,27.069103,1
2,2015-01-02 00:00:00+00:00,19,2015-01-02 19:00:00+00:00,27.85,0.0,0.0,0.0,0.3,0.5,1.0,0.0,4.0,5.0,2.06,Tokke_G3,Tokke,36.9,107.5,107.5,214.0,214.0,2,5.959,0.6366453,6.14,26.86,1191.262,29.42,27.069103,1
2,2015-01-02 00:00:00+00:00,20,2015-01-02 20:00:00+00:00,27.45,0.0,0.0,0.0,0.3,0.5,1.0,0.0,4.0,5.0,2.2,Tokke_G3,Tokke,36.9,107.5,107.5,214.0,214.0,2,5.959,0.6366453,6.2,26.86,1191.262,29.780003,27.069103,1
2,2015-01-02 00:00:00+00:00,21,2015-01-02 21:00:00+00:00,27.2,0.0,0.0,0.0,0.3,0.5,1.0,0.0,4.0,5.0,2.38,Tokke_G3,Tokke,36.9,107.5,107.5,214.0,214.0,2,5.959,0.6366453,6.24,26.86,1191.262,30.059998,27.069103,0
2,2015-01-02 00:00:00+00:00,22,2015-01-02 22:00:00+00:00,26.79,0.0,0.0,0.0,0.3,0.5,1.0,0.0,4.0,5.0,2.59,Tokke_G3,Tokke,36.9,107.5,107.5,214.0,214.0,2,5.959,0.6366453,6.27,26.86,1191.262,30.329998,27.069103,0
2,2015-01-02 00:00:00+00:00,23,2015-01-02 23:00:00+00:00,25.85,0.0,0.0,0.0,0.3,0.5,1.0,0.0,4.0,5.0,2.83,Tokke_G3,Tokke,36.9,107.5,107.5,214.0,214.0,2,5.959,0.6366453,6.46,26.86,1191.262,30.970001,27.069103,0
2,2015-01-02 00:00:00+00:00,24,2015-01-03 00:00:00+00:00,25.54,0.0,0.0,0.0,0.3,0.5,1.0,0.0,4.0,5.0,2.84,Tokke_G3,Tokke,36.9,107.5,107.5,214.0,214.0,2,5.959,0.6366453,6.62,26.86,1191.262,31.25,27.069103,0
2,2015-01-02 00:00:00+00:00,25,2015-01-03 01:00:00+00:00,25.43,0.0,0.0,0.0,0.3,0.5,1.0,0.0,4.0,5.0,2.77,Tokke_G3,Tokke,36.9,107.5,107.5,214.0,214.0,2,5.959,0.6366453,6.74,26.86,1191.262,31.34,27.069103,0
2,2015-01-02 00:00:00+00:00,26,2015-01-03 02:00:00+00:00,25.34,0.0,0.0,0.0,0.3,0.5,1.0,0.0,4.0,5.0,2.86,Tokke_G3,Tokke,36.9,107.5,107.5,214.0,214.0,2,5.959,0.6366453,6.89,26.86,1191.262,31.58,27.069103,0
2,2015-01-02 00:00:00+00:00,27,2015-01-03 03:00:00+00:00,25.29,0.0,0.0,0.0,0.3,0.5,1.0,0.0,4.0,5.0,3.02,Tokke_G3,Tokke,36.9,107.5,107.5,214.0,214.0,2,5.959,0.6366453,6.96,26.86,1191.262,31.970001,27.069103,0
2,2015-01-02 00:00:00+00:00,28,2015-01-03 04:00:00+00:00,25.3,0.0,0.0,0.0,0.3,0.5,1.0,0.0,4.0,5.0,3.13,Tokke_G3,Tokke,36.9,107.5,107.5,214.0,214.0,2,5.959,0.6366453,7.02,26.86,1191.262,32.269997,27.069103,0
2,2015-01-02 00:00:00+00:00,29,2015-01-03 05:00:00+00:00,25.55,0.0,0.0,0.0,0.3,0.5,1.0,0.0,4.0,5.0,3.16,Tokke_G3,Tokke,36.9,107.5,107.5,214.0,214.0,2,5.959,0.6366453,7.12,26.86,1191.262,32.5,27.069103,0
2,2015-01-02 00:00:00+00:00,30,2015-01-03 06:00:00+00:00,26.75,0.0,0.0,0.0,0.3,0.5,1.0,0.0,4.0,5.0,3.13,Tokke_G3,Tokke,36.9,107.5,107.5,214.0,214.0,2,5.959,0.6366453,7.17,26.86,1191.262,32.58,27.069103,0
2,2015-01-02 00:00:00+00:00,31,2015-01-03 07:00:00+00:00,26.98,0.0,0.0,0.0,0.3,0.5,1.0,0.0,4.0,5.0,3.06,Tokke_G3,Tokke,36.9,107.5,107.5,214.0,214.0,2,5.959,0.6366453,7.13,26.86,1191.262,32.48,27.069103,0
2,2015-01-02 00:00:00+00:00,32,2015-01-03 08:00:00+00:00,27.52,0.0,0.0,0.0,0.3,0.5,1.0,0.0,4.0,5.0,3.01,Tokke_G3,Tokke,36.9,107.5,107.5,214.0,214.0,2,5.959,0.6366453,7.13,26.86,1191.262,32.5,27.069103,1
2,2015-01-02 00:00:00+00:00,33,2015-01-03 09:00:00+00:00,27.72,0.0,0.0,0.0,0.3,0.5,1.0,0.0,4.0,5.0,3.0,Tokke_G3,Tokke,36.9,107.5,107.5,214.0,214.0,2,5.959,0.6366453,7.18,26.86,1191.262,32.699997,27.069103,1
2,2015-01-02 00:00:00+00:00,34,2015-01-03 10:00:00+00:00,27.73,0.0,0.0,0.0,0.3,0.5,1.0,0.0,4.0,5.0,2.92,Tokke_G3,Tokke,36.9,107.5,107.5,214.0,214.0,2,5.959,0.6366453,7.23,26.86,1191.262,32.800003,27.069103,1
2,2015-01-02 00:00:00+00:00,35,2015-01-03 11:00:00+00:00,27.66,0.0,0.0,0.0,0.3,0.5,1.0,0.0,4.0,5.0,2.88,Tokke_G3,Tokke,36.9,107.5,107.5,214.0,214.0,2,5.959,0.6366453,7.24,26.86,1191.262,33.02,27.069103,1
2,2015-01-02 00:00:00+00:00,36,2015-01-03 12:00:00+00:00,27.65,0.0,0.0,0.0,0.3,0.5,1.0,0.0,4.0,5.0,2.85,Tokke_G3,Tokke,36.9,107.5,107.5,214.0,214.0,2,5.959,0.6366453,7.23,26.86,1191.262,33.04,27.069103,1
2,2015-01-02 00:00:00+00:00,37,2015-01-03 13:00:00+00:00,27.81,0.0,0.0,0.0,0.3,0.5,1.0,0.0,4.0,5.0,2.84,Tokke_G3,Tokke,36.9,107.5,107.5,214.0,214.0,2,5.959,0.6366453,7.2,26.86,1191.262,32.86,27.069103,1
2,2015-01-02 00:00:00+00:00,38,2015-01-03 14:00:00+00:00,28.29,0.0,0.0,0.0,0.3,0.5,1.0,0.0,4.0,5.0,2.81,Tokke_G3,Tokke,36.9,107.5,107.5,214.0,214.0,2,5.959,0.6366453,7.28,26.86,1191.262,32.93,27.069103,1
2,2015-01-02 00:00:00+00:00,39,2015-01-03 15:00:00+00:00,28.6,0.0,0.0,0.0,0.3,0.5,1.0,0.0,4.0,5.0,2.75,Tokke_G3,Tokke,36.9,107.5,107.5,214.0,214.0,2,5.959,0.6366453,7.3,26.86,1191.262,32.73,27.069103,1
2,2015-01-02 00:00:00+00:00,40,2015-01-03 16:00:00+00:00,28.88,0.0,0.0,0.0,0.3,0.5,1.0,0.0,4.0,5.0,2.69,Tokke_G3,Tokke,36.9,107.5,107.5,214.0,214.0,2,5.959,0.6366453,7.29,26.86,1191.262,32.63,27.069103,1
2,2015-01-02 00:00:00+00:00,41,2015-01-03 17:00:00+00:00,28.78,0.0,0.0,0.0,0.3,0.5,1.0,0.0,4.0,5.0,2.65,Tokke_G3,Tokke,36.9,107.5,107.5,214.0,214.0,2,5.959,0.6366453,7.25,26.86,1191.262,32.47,27.069103,1
2,2015-01-02 00:00:00+00:00,42,2015-01-03 18:00:00+00:00,28.54,0.0,0.0,0.0,0.3,0.5,1.0,0.0,4.0,5.0,2.6,Tokke_G3,Tokke,36.9,107.5,107.5,214.0,214.0,2,5.959,0.6366453,7.28,26.86,1191.262,32.39,27.069103,1
2,2015-01-02 00:00:00+00:00,43,2015-01-03 19:00:00+00:00,28.34,0.0,0.0,0.0,0.3,0.5,1.0,0.0,4.0,5.0,2.54,Tokke_G3,Tokke,36.9,107.5,107.5,214.0,214.0,2,5.959,0.6366453,7.25,26.86,1191.262,32.29,27.069103,1
2,2015-01-02 00:00:00+00:00,44,2015-01-03 20:00:00+00:00,27.93,0.0,0.0,0.0,0.3,0.5,1.0,0.0,4.0,5.0,2.47,Tokke_G3,Tokke,36.9,107.5,107.5,214.0,214.0,2,5.959,0.6366453,7.3,26.86,1191.262,32.190002,27.069103,1
2,2015-01-02 00:00:00+00:00,45,2015-01-03 21:00:00+00:00,27.7,0.0,0.0,0.0,0.3,0.5,1.0,0.0,4.0,5.0,2.41,Tokke_G3,Tokke,36.9,107.5,107.5,214.0,214.0,2,5.959,0.6366453,7.35,26.86,1191.262,32.0,27.069103,1
2,2015-01-02 00:00:00+00:00,46,2015-01-03 22:00:00+00:00,27.25,0.0,0.0,0.0,0.3,0.5,1.0,0.0,4.0,5.0,2.33,Tokke_G3,Tokke,36.9,107.5,107.5,214.0,214.0,2,5.959,0.6366453,7.35,26.86,1191.262,31.880001,27.069103,1
2,2015-01-02 00:00:00+00:00,47,2015-01-03 23:00:00+00:00,27.55,0.0,0.0,0.0,0.3,0.5,1.0,0.0,4.0,5.0,2.27,Tokke_G3,Tokke,36.9,107.5,107.5,214.0,214.0,2,5.959,0.6366453,7.35,26.86,1191.262,31.789999,27.069103,1
2,2015-01-02 00:00:00+00:00,48,2015-01-04 00:00:00+00:00,27.38,0.0,0.0,0.0,0.3,0.5,1.0,0.0,4.0,5.0,2.22,Tokke_G3,Tokke,36.9,107.5,107.5,214.0,214.0,2,5.959,0.6366453,7.35,26.86,1191.262,31.449997,27.069103,1
2,2015-01-02 00:00:00+00:00,49,2015-01-04 01:00:00+00:00,27.17,0.0,0.0,0.0,0.3,0.5,1.0,0.0,4.0,5.0,2.15,Tokke_G3,Tokke,36.9,107.5,107.5,214.0,214.0,2,5.959,0.6366453,7.34,26.86,1191.262,30.980001,27.069103,1
2,2015-01-02 00:00:00+00:00,50,2015-01-04 02:00:00+00:00,27.03,0.0,0.0,0.0,0.3,0.5,1.0,0.0,4.0,5.0,2.1,Tokke_G3,Tokke,36.9,107.5,107.5,214.0,214.0,2,5.959,0.6366453,7.25,26.86,1191.262,30.45,27.069103,1
2,2015-01-02 00:00:00+00:00,51,2015-01-04 03:00:00+00:00,27.04,0.0,0.0,0.0,0.3,0.5,1.0,0.0,4.0,5.0,2.06,Tokke_G3,Tokke,36.9,107.5,107.5,214.0,214.0,2,5.959,0.6366453,7.25,26.86,1191.262,30.28,27.069103,1
2,2015-01-02 00:00:00+00:00,52,2015-01-04 04:00:00+00:00,27.19,0.0,0.0,0.0,0.3,0.5,1.0,0.0,4.0,5.0,2.01,Tokke_G3,Tokke,36.9,107.5,107.5,214.0,214.0,2,5.959,0.6366453,7.34,26.86,1191.262,30.24,27.069103,1
2,2015-01-02 00:00:00+00:00,53,2015-01-04 05:00:00+00:00,27.13,0.0,0.0,0.0,0.3,0.5,1.0,0.0,4.0,5.0,1.99,Tokke_G3,Tokke,36.9,107.5,107.5,214.0,214.0,2,5.959,0.6366453,7.37,26.86,1191.262,30.2,27.069103,1
2,2015-01-02 00:00:00+00:00,54,2015-01-04 06:00:00+00:00,27.06,0.0,0.0,0.0,0.3,0.5,1.0,0.0,4.0,5.0,1.94,Tokke_G3,Tokke,36.9,107.5,107.5,214.0,214.0,2,5.959,0.6366453,7.45,26.86,1191.262,30.21,27.069103,1
2,2015-01-02 00:00:00+00:00,55,2015-01-04 07:00:00+00:00,27.63,0.0,0.0,0.0,0.3,0.5,1.0,0.0,4.0,5.0,1.89,Tokke_G3,Tokke,36.9,107.5,107.5,214.0,214.0,2,5.959,0.6366453,7.48,26.86,1191.262,30.039999,27.069103,1
2,2015-01-02 00:00:00+00:00,56,2015-01-04 08:00:00+00:00,28.03,0.0,0.0,0.0,0.3,0.5,1.0,0.0,4.0,5.0,1.84,Tokke_G3,Tokke,36.9,107.5,107.5,214.0,214.0,2,5.959,0.6366453,7.52,26.86,1191.262,29.99,27.069103,1
2,2015-01-02 00:00:00+00:00,57,2015-01-04 09:00:00+00:00,28.24,0.0,0.0,0.0,0.3,0.5,1.0,0.0,4.0,5.0,1.82,Tokke_G3,Tokke,36.9,107.5,107.5,214.0,214.0,2,5.959,0.6366453,7.52,26.86,1191.262,29.849998,27.069103,1
2,2015-01-02 00:00:00+00:00,58,2015-01-04 10:00:00+00:00,28.32,0.0,0.0,0.0,0.3,0.5,1.0,0.0,4.0,5.0,1.79,Tokke_G3,Tokke,36.9,107.5,107.5,214.0,214.0,2,5.959,0.6366453,7.48,26.86,1191.262,29.75,27.069103,1
2,2015-01-02 00:00:00+00:00,59,2015-01-04 11:00:00+00:00,28.24,0.0,0.0,0.0,0.3,0.5,1.0,0.0,4.0,5.0,1.77,Tokke_G3,Tokke,36.9,107.5,107.5,214.0,214.0,2,5.959,0.6366453,7.52,26.86,1191.262,29.880001,27.069103,1
2,2015-01-02 00:00:00+00:00,60,2015-01-04 12:00:00+00:00,28.27,0.0,0.0,0.0,0.3,0.5,1.0,0.0,4.0,5.0,1.74,Tokke_G3,Tokke,36.9,107.5,107.5,214.0,214.0,2,5.959,0.6366453,7.53,26.86,1191.262,29.999998,27.069103,1
2,2015-01-02 00:00:00+00:00,61,2015-01-04 13:00:00+00:00,28.32,0.0,0.0,0.0,0.3,0.5,1.0,0.0,4.0,5.0,1.72,Tokke_G3,Tokke,36.9,107.5,107.5,214.0,214.0,2,5.959,0.6366453,7.56,26.86,1191.262,29.98,27.069103,1
2,2015-01-02 00:00:00+00:00,62,2015-01-04 14:00:00+00:00,28.37,0.0,0.0,0.0,0.3,0.5,1.0,0.0,4.0,5.0,1.7,Tokke_G3,Tokke,36.9,107.5,107.5,214.0,214.0,2,5.959,0.6366453,7.49,26.86,1191.262,29.769999,27.069103,1
2,2015-01-02 00:00:00+00:00,63,2015-01-04 15:00:00+00:00,28.65,0.0,0.0,0.0,0.3,0.5,1.0,0.0,4.0,5.0,1.68,Tokke_G3,Tokke,36.9,107.5,107.5,214.0,214.0,2,5.959,0.6366453,7.5,26.86,1191.262,29.689999,27.069103,1
2,2015-01-02 00:00:00+00:00,64,2015-01-04 16:00:00+00:00,28.98,0.0,0.0,0.0,0.3,0.5,1.0,0.0,4.0,5.0,1.68,Tokke_G3,Tokke,36.9,107.5,107.5,214.0,214.0,2,5.959,0.6366453,7.42,26.86,1191.262,29.390001,27.069103,1
2,2015-01-02 00:00:00+00:00,65,2015-01-04 17:00:00+00:00,29.54,0.0,0.0,0.0,0.3,0.5,1.0,0.0,4.0,5.0,1.65,Tokke_G3,Tokke,36.9,107.5,107.5,214.0,214.0,2,5.959,0.6366453,7.42,26.86,1191.262,29.429998,27.069103,1
2,2015-01-02 00:00:00+00:00,66,2015-01-04 18:00:00+00:00,29.42,0.0,0.0,0.0,0.3,0.5,1.0,0.0,4.0,5.0,1.64,Tokke_G3,Tokke,36.9,107.5,107.5,214.0,214.0,2,5.959,0.6366453,7.47,26.86,1191.262,29.77,27.069103,1
2,2015-01-02 00:00:00+00:00,67,2015-01-04 19:00:00+00:00,28.92,0.0,0.0,0.0,0.3,0.5,1.0,0.0,4.0,5.0,1.63,Tokke_G3,Tokke,36.9,107.5,107.5,214.0,214.0,2,5.959,0.6366453,7.52,26.86,1191.262,30.19,27.069103,1
2,2015-01-02 00:00:00+00:00,68,2015-01-04 20:00:00+00:00,28.66,0.0,0.0,0.0,0.3,0.5,1.0,0.0,4.0,5.0,1.6,Tokke_G3,Tokke,36.9,107.5,107.5,214.0,214.0,2,5.959,0.6366453,7.53,26.86,1191.262,30.180002,27.069103,1
2,2015-01-02 00:00:00+00:00,69,2015-01-04 21:00:00+00:00,28.69,0.0,0.0,0.0,0.3,0.5,1.0,0.0,4.0,5.0,1.59,Tokke_G3,Tokke,36.9,107.5,107.5,214.0,214.0,2,5.959,0.6366453,7.58,26.86,1191.262,30.14,27.069103,1
2,2015-01-02 00:00:00+00:00,70,2015-01-04 22:00:00+00:00,28.02,0.0,0.0,0.0,0.3,0.5,1.0,0.0,4.0,5.0,1.58,Tokke_G3,Tokke,36.9,107.5,107.5,214.0,214.0,2,5.959,0.6366453,7.59,26.86,1191.262,30.08,27.069103,1
2,2015-01-02 00:00:00+00:00,71,2015-01-04 23:00:00+00:00,28.19,0.0,0.0,0.0,0.3,0.5,1.0,0.0,4.0,5.0,1.57,Tokke_G3,Tokke,36.9,107.5,107.5,214.0,214.0,2,5.959,0.6366453,7.59,26.86,1191.262,30.349998,27.069103,1
2,2015-01-02 00:00:00+00:00,72,2015-01-05 00:00:00+00:00,28.15,0.0,0.0,0.0,0.3,0.5,1.0,0.0,4.0,5.0,1.56,Tokke_G3,Tokke,36.9,107.5,107.5,214.0,214.0,2,5.959,0.6366453,7.63,26.86,1191.262,30.41,27.069103,1
2,2015-01-02 00:00:00+00:00,73,2015-01-05 01:00:00+00:00,28.13,0.0,0.0,0.0,0.3,0.5,1.0,0.0,4.0,5.0,1.54,Tokke_G3,Tokke,36.9,107.5,107.5,214.0,214.0,2,5.959,0.6366453,7.6,26.86,1191.262,30.510002,27.069103,1
2,2015-01-02 00:00:00+00:00,74,2015-01-05 02:00:00+00:00,28.05,0.0,0.0,0.0,0.3,0.5,1.0,0.0,4.0,5.0,1.53,Tokke_G3,Tokke,36.9,107.5,107.5,214.0,214.0,2,5.959,0.6366453,7.64,26.86,1191.262,30.699999,27.069103,1
2,2015-01-02 00:00:00+00:00,75,2015-01-05 03:00:00+00:00,28.04,0.0,0.0,0.0,0.3,0.5,1.0,0.0,4.0,5.0,1.52,Tokke_G3,Tokke,36.9,107.5,107.5,214.0,214.0,2,5.959,0.6366453,7.69,26.86,1191.262,30.780003,27.069103,1
2,2015-01-02 00:00:00+00:00,76,2015-01-05 04:00:00+00:00,28.46,0.0,0.0,0.0,0.3,0.5,1.0,0.0,4.0,5.0,1.51,Tokke_G3,Tokke,36.9,107.5,107.5,214.0,214.0,2,5.959,0.6366453,7.65,26.86,1191.262,30.69,27.069103,1
2,2015-01-02 00:00:00+00:00,77,2015-01-05 05:00:00+00:00,28.78,0.0,0.0,0.0,0.3,0.5,1.0,0.0,4.0,5.0,1.5,Tokke_G3,Tokke,36.9,107.5,107.5,214.0,214.0,2,5.959,0.6366453,7.64,26.86,1191.262,30.76,27.069103,1
2,2015-01-02 00:00:00+00:00,78,2015-01-05 06:00:00+00:00,30.99,0.0,0.0,0.0,0.3,0.5,1.0,0.0,4.0,5.0,1.48,Tokke_G3,Tokke,36.9,107.5,107.5,214.0,214.0,2,5.959,0.6366453,7.65,26.86,1191.262,30.74,27.069103,1
2,2015-01-02 00:00:00+00:00,79,2015-01-05 07:00:00+00:00,38.15,0.0,0.0,0.0,0.3,0.5,1.0,0.0,4.0,5.0,1.47,Tokke_G3,Tokke,36.9,107.5,107.5,214.0,214.0,2,5.959,0.6366453,7.69,26.86,1191.262,30.85,27.069103,1
2,2015-01-02 00:00:00+00:00,80,2015-01-05 08:00:00+00:00,41.51,0.0,0.0,0.0,0.3,0.5,1.0,0.0,4.0,5.0,1.46,Tokke_G3,Tokke,36.9,107.5,107.5,214.0,214.0,2,5.959,0.6366453,7.69,26.86,1191.262,30.78,27.069103,1
2,2015-01-02 00:00:00+00:00,81,2015-01-05 09:00:00+00:00,40.46,0.0,0.0,0.0,0.3,0.5,1.0,0.0,4.0,5.0,1.46,Tokke_G3,Tokke,36.9,107.5,107.5,214.0,214.0,2,5.959,0.6366453,7.66,26.86,1191.262,30.68,27.069103,1
2,2015-01-02 00:00:00+00:00,82,2015-01-05 10:00:00+00:00,40.97,0.0,0.0,0.0,0.3,0.5,1.0,0.0,4.0,5.0,1.45,Tokke_G3,Tokke,36.9,107.5,107.5,214.0,214.0,2,5.959,0.6366453,7.69,26.86,1191.262,30.689999,27.069103,1
2,2015-01-02 00:00:00+00:00,83,2015-01-05 11:00:00+00:00,38.66,0.0,0.0,0.0,0.3,0.5,1.0,0.0,4.0,5.0,1.45,Tokke_G3,Tokke,36.9,107.5,107.5,214.0,214.0,2,5.959,0.6366453,7.7,26.86,1191.262,30.7,27.069103,1
2,2015-01-02 00:00:00+00:00,84,2015-01-05 12:00:00+00:00,36.44,0.0,0.0,0.0,0.3,0.5,1.0,0.0,4.0,5.0,1.45,Tokke_G3,Tokke,36.9,107.5,107.5,214.0,214.0,2,5.959,0.6366453,7.7,26.86,1191.262,30.61,27.069103,1
2,2015-01-02 00:00:00+00:00,85,2015-01-05 13:00:00+00:00,37.74,0.0,0.0,0.0,0.3,0.5,1.0,0.0,4.0,5.0,1.45,Tokke_G3,Tokke,36.9,107.5,107.5,214.0,214.0,2,5.959,0.6366453,7.7,26.86,1191.262,30.560001,27.069103,1
2,2015-01-02 00:00:00+00:00,86,2015-01-05 14:00:00+00:00,43.1,0.0,0.0,0.0,0.3,0.5,1.0,0.0,4.0,5.0,1.45,Tokke_G3,Tokke,36.9,107.5,107.5,214.0,214.0,2,5.959,0.6366453,7.7,26.86,1191.262,30.439999,27.069103,1
2,2015-01-02 00:00:00+00:00,87,2015-01-05 15:00:00+00:00,46.7,0.0,0.0,0.0,0.3,0.5,1.0,0.0,4.0,5.0,1.44,Tokke_G3,Tokke,36.9,107.5,107.5,214.0,214.0,2,5.959,0.6366453,7.7,26.86,1191.262,30.369999,27.069103,1
2,2015-01-02 00:00:00+00:00,88,2015-01-05 16:00:00+00:00,56.78,0.0,0.0,0.0,0.3,0.5,1.0,0.0,4.0,5.0,1.44,Tokke_G3,Tokke,36.9,107.5,107.5,214.0,214.0,2,5.959,0.6366453,7.7,26.86,1191.262,30.319996,27.069103,1
2,2015-01-02 00:00:00+00:00,89,2015-01-05 17:00:00+00:00,36.49,0.0,0.0,0.0,0.3,0.5,1.0,0.0,4.0,5.0,1.45,Tokke_G3,Tokke,36.9,107.5,107.5,214.0,214.0,2,5.959,0.6366453,7.71,26.86,1191.262,30.310001,27.069103,1
2,2015-01-02 00:00:00+00:00,90,2015-01-05 18:00:00+00:00,32.43,0.0,0.0,0.0,0.3,0.5,1.0,0.0,4.0,5.0,1.44,Tokke_G3,Tokke,36.9,107.5,107.5,214.0,214.0,2,5.959,0.6366453,7.75,26.86,1191.262,30.28,27.069103,1
2,2015-01-02 00:00:00+00:00,91,2015-01-05 19:00:00+00:00,31.39,0.0,0.0,0.0,0.3,0.5,1.0,0.0,4.0,5.0,1.43,Tokke_G3,Tokke,36.9,107.5,107.5,214.0,214.0,2,5.959,0.6366453,7.71,26.86,1191.262,30.150002,27.069103,1
2,2015-01-02 00:00:00+00:00,92,2015-01-05 20:00:00+00:00,30.29,0.0,0.0,0.0,0.3,0.5,1.0,0.0,4.0,5.0,1.43,Tokke_G3,Tokke,36.9,107.5,107.5,214.0,214.0,2,5.959,0.6366453,7.7,26.86,1191.262,30.02,27.069103,1
2,2015-01-02 00:00:00+00:00,93,2015-01-05 21:00:00+00:00,29.43,0.0,0.0,0.0,0.3,0.5,1.0,0.0,4.0,5.0,1.43,Tokke_G3,Tokke,36.9,107.5,107.5,214.0,214.0,2,5.959,0.6366453,7.71,26.86,1191.262,29.93,27.069103,1
2,2015-01-02 00:00:00+00:00,94,2015-01-05 22:00:00+00:00,29.09,0.0,0.0,0.0,0.3,0.5,1.0,0.0,4.0,5.0,1.44,Tokke_G3,Tokke,36.9,107.5,107.5,214.0,214.0,2,5.959,0.6366453,7.75,26.86,1191.262,29.92,27.069103,1
2,2015-01-02 00:00:00+00:00,95,2015-01-05 23:00:00+00:00,28.08,0.0,0.0,0.0,0.3,0.5,1.0,0.0,4.0,5.0,1.44,Tokke_G3,Tokke,36.9,107.5,107.5,214.0,214.0,2,5.959,0.6366453,7.72,26.86,1191.262,29.779999,27.069103,1
2,2015-01-02 00:00:00+00:00,96,2015-01-06 00:00:00+00:00,27.94,0.0,0.0,0.0,0.3,0.5,1.0,0.0,4.0,5.0,1.44,Tokke_G3,Tokke,36.9,107.5,107.5,214.0,214.0,2,5.959,0.6366453,7.75,26.86,1191.262,29.759998,27.069103,1
2,2015-01-02 00:00:00+00:00,97,2015-01-06 01:00:00+00:00,27.91,0.0,0.0,0.0,0.3,0.5,1.0,0.0,4.0,5.0,1.44,Tokke_G3,Tokke,36.9,107.5,107.5,214.0,214.0,2,5.959,0.6366453,7.71,26.86,1191.262,29.619999,27.069103,1
2,2015-01-02 00:00:00+00:00,98,2015-01-06 02:00:00+00:00,27.89,0.0,0.0,0.0,0.3,0.5,1.0,0.0,4.0,5.0,1.44,Tokke_G3,Tokke,36.9,107.5,107.5,214.0,214.0,2,5.959,0.6366453,7.71,26.86,1191.262,29.579998,27.069103,1
2,2015-01-02 00:00:00+00:00,99,2015-01-06 03:00:00+00:00,27.89,0.0,0.0,0.0,0.3,0.5,1.0,0.0,4.0,5.0,1.44,Tokke_G3,Tokke,36.9,107.5,107.5,214.0,214.0,2,5.959,0.6366453,7.75,26.86,1191.262,29.58,27.069103,1
2,2015-01-02 00:00:00+00:00,100,2015-01-06 04:00:00+00:00,28.01,0.0,0.0,0.0,0.3,0.5,1.0,0.0,4.0,5.0,1.44,Tokke_G3,Tokke,36.9,107.5,107.5,214.0,214.0,2,5.959,0.6366453,7.71,26.86,1191.262,29.470001,27.069103,1
2,2015-01-02 00:00:00+00:00,101,2015-01-06 05:00:00+00:00,28.73,0.0,0.0,0.0,0.3,0.5,1.0,0.0,4.0,5.0,1.44,Tokke_G3,Tokke,36.9,107.5,107.5,214.0,214.0,2,5.959,0.6366453,7.7,26.86,1191.262,29.39,27.069103,1
2,2015-01-02 00:00:00+00:00,102,2015-01-06 06:00:00+00:00,30.03,0.0,0.0,0.0,0.3,0.5,1.0,0.0,4.0,5.0,1.43,Tokke_G3,Tokke,36.9,107.5,107.5,214.0,214.0,2,5.959,0.6366453,7.71,26.86,1191.262,29.349998,27.069103,1
2,2015-01-02 00:00:00+00:00,103,2015-01-06 07:00:00+00:00,30.5,0.0,0.0,0.0,0.3,0.5,1.0,0.0,4.0,5.0,1.42,Tokke_G3,Tokke,36.9,107.5,107.5,214.0,214.0,2,5.959,0.6366453,7.75,26.86,1191.262,29.34,27.069103,1
2,2015-01-02 00:00:00+00:00,104,2015-01-06 08:00:00+00:00,30.35,0.0,0.0,0.0,0.3,0.5,1.0,0.0,4.0,5.0,1.42,Tokke_G3,Tokke,36.9,107.5,107.5,214.0,214.0,2,5.959,0.6366453,7.72,26.86,1191.262,29.18,27.069103,1
2,2015-01-02 00:00:00+00:00,105,2015-01-06 09:00:00+00:00,30.53,0.0,0.0,0.0,0.3,0.5,1.0,0.0,4.0,5.0,1.42,Tokke_G3,Tokke,36.9,107.5,107.5,214.0,214.0,2,5.959,0.6366453,7.76,26.86,1191.262,29.190002,27.069103,1
2,2015-01-02 00:00:00+00:00,106,2015-01-06 10:00:00+00:00,29.91,0.0,0.0,0.0,0.3,0.5,1.0,0.0,4.0,5.0,1.43,Tokke_G3,Tokke,36.9,107.5,107.5,214.0,214.0,2,5.959,0.6366453,7.81,26.86,1191.262,29.269999,27.069103,1
2,2015-01-02 00:00:00+00:00,107,2015-01-06 11:00:00+00:00,29.62,0.0,0.0,0.0,0.3,0.5,1.0,0.0,4.0,5.0,1.41,Tokke_G3,Tokke,36.9,107.5,107.5,214.0,214.0,2,5.959,0.6366453,7.78,26.86,1191.262,29.130001,27.069103,1
2,2015-01-02 00:00:00+00:00,108,2015-01-06 12:00:00+00:00,29.58,0.0,0.0,0.0,0.3,0.5,1.0,0.0,4.0,5.0,1.4,Tokke_G3,Tokke,36.9,107.5,107.5,214.0,214.0,2,5.959,0.6366453,7.81,26.86,1191.262,29.119999,27.069103,1
2,2015-01-02 00:00:00+00:00,109,2015-01-06 13:00:00+00:00,29.57,0.0,0.0,0.0,0.3,0.5,1.0,0.0,4.0,5.0,1.41,Tokke_G3,Tokke,36.9,107.5,107.5,214.0,214.0,2,5.959,0.6366453,7.82,26.86,1191.262,29.15,27.069103,1
2,2015-01-02 00:00:00+00:00,110,2015-01-06 14:00:00+00:00,29.62,0.0,0.0,0.0,0.3,0.5,1.0,0.0,4.0,5.0,1.41,Tokke_G3,Tokke,36.9,107.5,107.5,214.0,214.0,2,5.959,0.6366453,7.84,26.86,1191.262,29.149998,27.069103,1
2,2015-01-02 00:00:00+00:00,111,2015-01-06 15:00:00+00:00,29.99,0.0,0.0,0.0,0.3,0.5,1.0,0.0,4.0,5.0,1.41,Tokke_G3,Tokke,36.9,107.5,107.5,214.0,214.0,2,5.959,0.6366453,7.93,26.86,1191.262,29.269999,27.069103,1
2,2015-01-02 00:00:00+00:00,112,2015-01-06 16:00:00+00:00,29.65,0.0,0.0,0.0,0.3,0.5,1.0,0.0,4.0,5.0,1.41,Tokke_G3,Tokke,36.9,107.5,107.5,214.0,214.0,2,5.959,0.6366453,7.99,26.86,1191.262,29.339996,27.069103,1
2,2015-01-02 00:00:00+00:00,113,2015-01-06 17:00:00+00:00,29.58,0.0,0.0,0.0,0.3,0.5,1.0,0.0,4.0,5.0,1.4,Tokke_G3,Tokke,36.9,107.5,107.5,214.0,214.0,2,5.959,0.6366453,8.02,26.86,1191.262,29.319998,27.069103,1
2,2015-01-02 00:00:00+00:00,114,2015-01-06 18:00:00+00:00,29.0,0.0,0.0,0.0,0.3,0.5,1.0,0.0,4.0,5.0,1.4,Tokke_G3,Tokke,36.9,107.5,107.5,214.0,214.0,2,5.959,0.6366453,8.11,26.86,1191.262,29.449997,27.069103,1
2,2015-01-02 00:00:00+00:00,115,2015-01-06 19:00:00+00:00,28.45,0.0,0.0,0.0,0.3,0.5,1.0,0.0,4.0,5.0,1.4,Tokke_G3,Tokke,36.9,107.5,107.5,214.0,214.0,2,5.959,0.6366453,8.12,26.86,1191.262,29.499996,27.069103,0
2,2015-01-02 00:00:00+00:00,116,2015-01-06 20:00:00+00:00,28.15,0.0,0.0,0.0,0.3,0.5,1.0,0.0,4.0,5.0,1.38,Tokke_G3,Tokke,36.9,107.5,107.5,214.0,214.0,2,5.959,0.6366453,8.11,26.86,1191.262,29.429996,27.069103,0
2,2015-01-02 00:00:00+00:00,117,2015-01-06 21:00:00+00:00,27.73,0.0,0.0,0.0,0.3,0.5,1.0,0.0,4.0,5.0,1.4,Tokke_G3,Tokke,36.9,107.5,107.5,214.0,214.0,2,5.959,0.6366453,8.07,26.86,1191.262,29.389997,27.069103,0
2,2015-01-02 00:00:00+00:00,118,2015-01-06 22:00:00+00:00,27.32,0.0,0.0,0.0,0.3,0.5,1.0,0.0,4.0,5.0,1.39,Tokke_G3,Tokke,36.9,107.5,107.5,214.0,214.0,2,5.959,0.6366453,8.07,26.86,1191.262,29.329998,27.069103,0
2,2015-01-02 00:00:00+00:00,119,2015-01-06 23:00:00+00:00,26.35,0.0,0.0,0.0,0.3,0.5,1.0,0.0,4.0,5.0,1.31,Tokke_G3,Tokke,36.9,107.5,107.5,214.0,214.0,2,5.959,0.6366453,8.11,26.86,1191.262,29.23,27.069103,0
2,2015-01-02 00:00:00+00:00,120,2015-01-07 00:00:00+00:00,26.08,0.0,0.0,0.0,0.3,0.5,1.0,0.0,4.0,5.0,1.29,Tokke_G3,Tokke,36.9,107.5,107.5,214.0,214.0,2,5.959,0.6366453,8.11,26.86,1191.262,29.25,27.069103,0
2,2015-01-02 00:00:00+00:00,121,2015-01-07 01:00:00+00:00,26.03,0.0,0.0,0.0,0.3,0.5,1.0,0.0,4.0,5.0,1.29,Tokke_G3,Tokke,36.9,107.5,107.5,214.0,214.0,2,5.959,0.6366453,8.06,26.86,1191.262,29.060001,27.069103,0
2,2015-01-02 00:00:00+00:00,122,2015-01-07 02:00:00+00:00,26.17,0.0,0.0,0.0,0.3,0.5,1.0,0.0,4.0,5.0,1.27,Tokke_G3,Tokke,36.9,107.5,107.5,214.0,214.0,2,5.959,0.6366453,8.0,26.86,1191.262,29.02,27.069103,0
2,2015-01-02 00:00:00+00:00,123,2015-01-07 03:00:00+00:00,26.74,0.0,0.0,0.0,0.3,0.5,1.0,0.0,4.0,5.0,1.27,Tokke_G3,Tokke,36.9,107.5,107.5,214.0,214.0,2,5.959,0.6366453,7.95,26.86,1191.262,28.91,27.069103,0
2,2015-01-02 00:00:00+00:00,124,2015-01-07 04:00:00+00:00,27.78,0.0,0.0,0.0,0.3,0.5,1.0,0.0,4.0,5.0,1.27,Tokke_G3,Tokke,36.9,107.5,107.5,214.0,214.0,2,5.959,0.6366453,7.96,26.86,1191.262,28.899998,27.069103,0
2,2015-01-02 00:00:00+00:00,125,2015-01-07 05:00:00+00:00,28.48,0.0,0.0,0.0,0.3,0.5,1.0,0.0,4.0,5.0,1.27,Tokke_G3,Tokke,36.9,107.5,107.5,214.0,214.0,2,5.959,0.6366453,8.04,26.86,1191.262,28.989998,27.069103,0
2,2015-01-02 00:00:00+00:00,126,2015-01-07 06:00:00+00:00,31.53,0.0,0.0,0.0,0.3,0.5,1.0,0.0,4.0,5.0,1.27,Tokke_G3,Tokke,36.9,107.5,107.5,214.0,214.0,2,5.959,0.6366453,8.02,26.86,1191.262,28.84,27.069103,1
2,2015-01-02 00:00:00+00:00,127,2015-01-07 07:00:00+00:00,32.54,0.0,0.0,0.0,0.3,0.5,1.0,0.0,4.0,5.0,1.27,Tokke_G3,Tokke,36.9,107.5,107.5,214.0,214.0,2,5.959,0.6366453,8.05,26.86,1191.262,28.8,27.069103,1
2,2015-01-02 00:00:00+00:00,128,2015-01-07 08:00:00+00:00,32.24,0.0,0.0,0.0,0.3,0.5,1.0,0.0,4.0,5.0,1.26,Tokke_G3,Tokke,36.9,107.5,107.5,214.0,214.0,2,5.959,0.6366453,8.01,26.86,1191.262,28.630001,27.069103,1
2,2015-01-02 00:00:00+00:00,129,2015-01-07 09:00:00+00:00,31.96,0.0,0.0,0.0,0.3,0.5,1.0,0.0,4.0,5.0,1.25,Tokke_G3,Tokke,36.9,107.5,107.5,214.0,214.0,2,5.959,0.6366453,8.0,26.86,1191.262,28.560001,27.069103,1
2,2015-01-02 00:00:00+00:00,130,2015-01-07 10:00:00+00:00,31.66,0.0,0.0,0.0,0.3,0.5,1.0,0.0,4.0,5.0,1.25,Tokke_G3,Tokke,36.9,107.5,107.5,214.0,214.0,2,5.959,0.6366453,8.0,26.86,1191.262,28.55,27.069103,1
2,2015-01-02 00:00:00+00:00,131,2015-01-07 11:00:00+00:00,30.97,0.0,0.0,0.0,0.3,0.5,1.0,0.0,4.0,5.0,1.25,Tokke_G3,Tokke,36.9,107.5,107.5,214.0,214.0,2,5.959,0.6366453,8.01,26.86,1191.262,28.539999,27.069103,1
2,2015-01-02 00:00:00+00:00,132,2015-01-07 12:00:00+00:00,30.65,0.0,0.0,0.0,0.3,0.5,1.0,0.0,4.0,5.0,1.25,Tokke_G3,Tokke,36.9,107.5,107.5,214.0,214.0,2,5.959,0.6366453,8.05,26.86,1191.262,28.59,27.069103,1
2,2015-01-02 00:00:00+00:00,133,2015-01-07 13:00:00+00:00,30.31,0.0,0.0,0.0,0.3,0.5,1.0,0.0,4.0,5.0,1.23,Tokke_G3,Tokke,36.9,107.5,107.5,214.0,214.0,2,5.959,0.6366453,8.02,26.86,1191.262,28.54,27.069103,1
2,2015-01-02 00:00:00+00:00,134,2015-01-07 14:00:00+00:00,29.79,0.0,0.0,0.0,0.3,0.5,1.0,0.0,4.0,5.0,1.23,Tokke_G3,Tokke,36.9,107.5,107.5,214.0,214.0,2,5.959,0.6366453,8.05,26.86,1191.262,28.599998,27.069103,1
2,2015-01-02 00:00:00+00:00,135,2015-01-07 15:00:00+00:00,30.72,0.0,0.0,0.0,0.3,0.5,1.0,0.0,4.0,5.0,1.21,Tokke_G3,Tokke,36.9,107.5,107.5,214.0,214.0,2,5.959,0.6366453,8.06,26.86,1191.262,28.52,27.069103,1
2,2015-01-02 00:00:00+00:00,136,2015-01-07 16:00:00+00:00,29.56,0.0,0.0,0.0,0.3,0.5,1.0,0.0,4.0,5.0,1.2,Tokke_G3,Tokke,36.9,107.5,107.5,214.0,214.0,2,5.959,0.6366453,8.06,26.86,1191.262,28.52,27.069103,1
2,2015-01-02 00:00:00+00:00,137,2015-01-07 17:00:00+00:00,28.84,0.0,0.0,0.0,0.3,0.5,1.0,0.0,4.0,5.0,1.2,Tokke_G3,Tokke,36.9,107.5,107.5,214.0,214.0,2,5.959,0.6366453,8.06,26.86,1191.262,28.480003,27.069103,0
2,2015-01-02 00:00:00+00:00,138,2015-01-07 18:00:00+00:00,28.2,0.0,0.0,0.0,0.3,0.5,1.0,0.0,4.0,5.0,1.2,Tokke_G3,Tokke,36.9,107.5,107.5,214.0,214.0,2,5.959,0.6366453,8.06,26.86,1191.262,28.45,27.069103,0
2,2015-01-02 00:00:00+00:00,139,2015-01-07 19:00:00+00:00,27.75,0.0,0.0,0.0,0.3,0.5,1.0,0.0,4.0,5.0,1.2,Tokke_G3,Tokke,36.9,107.5,107.5,214.0,214.0,2,5.959,0.6366453,8.07,26.86,1191.262,28.44,27.069103,0
2,2015-01-02 00:00:00+00:00,140,2015-01-07 20:00:00+00:00,27.42,0.0,0.0,0.0,0.3,0.5,1.0,0.0,4.0,5.0,1.21,Tokke_G3,Tokke,36.9,107.5,107.5,214.0,214.0,2,5.959,0.6366453,8.11,26.86,1191.262,28.5,27.069103,0
2,2015-01-02 00:00:00+00:00,141,2015-01-07 21:00:00+00:00,26.68,0.0,0.0,0.0,0.3,0.5,1.0,0.0,4.0,5.0,1.22,Tokke_G3,Tokke,36.9,107.5,107.5,214.0,214.0,2,5.959,0.6366453,8.08,26.86,1191.262,28.460001,27.069103,0
2,2015-01-02 00:00:00+00:00,142,2015-01-07 22:00:00+00:00,26.15,0.0,0.0,0.0,0.3,0.5,1.0,0.0,4.0,5.0,1.21,Tokke_G3,Tokke,36.9,107.5,107.5,214.0,214.0,2,5.959,0.6366453,8.11,26.86,1191.262,28.509998,27.069103,0
2,2015-01-02 00:00:00+00:00,143,2015-01-07 23:00:00+00:00,26.04,0.0,0.0,0.0,0.3,0.5,1.0,0.0,4.0,5.0,1.19,Tokke_G3,Tokke,36.9,107.5,107.5,214.0,214.0,2,5.959,0.6366453,8.13,26.86,1191.262,28.52,27.069103,0
2,2015-01-02 00:00:00+00:00,144,2015-01-08 00:00:00+00:00,25.07,0.0,0.0,0.0,0.3,0.5,1.0,0.0,4.0,5.0,1.19,Tokke_G3,Tokke,36.9,107.5,107.5,214.0,214.0,2,5.959,0.6366453,8.17,26.86,1191.262,28.640001,27.069103,0
2,2015-01-02 00:00:00+00:00,145,2015-01-08 01:00:00+00:00,24.57,0.0,0.0,0.0,0.3,0.5,1.0,0.0,4.0,5.0,1.2,Tokke_G3,Tokke,36.9,107.5,107.5,214.0,214.0,2,5.959,0.6366453,8.18,26.86,1191.262,28.720001,27.069103,0
2,2015-01-02 00:00:00+00:00,146,2015-01-08 02:00:00+00:00,24.44,0.0,0.0,0.0,0.3,0.5,1.0,0.0,4.0,5.0,1.19,Tokke_G3,Tokke,36.9,107.5,107.5,214.0,214.0,2,5.959,0.6366453,8.18,26.86,1191.262,28.71,27.069103,0
2,2015-01-02 00:00:00+00:00,147,2015-01-08 03:00:00+00:00,24.54,0.0,0.0,0.0,0.3,0.5,1.0,0.0,4.0,5.0,1.19,Tokke_G3,Tokke,36.9,107.5,107.5,214.0,214.0,2,5.959,0.6366453,8.17,26.86,1191.262,28.710001,27.069103,0
2,2015-01-02 00:00:00+00:00,148,2015-01-08 04:00:00+00:00,26.04,0.0,0.0,0.0,0.3,0.5,1.0,0.0,4.0,5.0,1.19,Tokke_G3,Tokke,36.9,107.5,107.5,214.0,214.0,2,5.959,0.6366453,8.12,26.86,1191.262,28.59,27.069103,0
2,2015-01-02 00:00:00+00:00,149,2015-01-08 05:00:00+00:00,26.89,0.0,0.0,0.0,0.3,0.5,1.0,0.0,4.0,5.0,1.2,Tokke_G3,Tokke,36.9,107.5,107.5,214.0,214.0,2,5.959,0.6366453,8.08,26.86,1191.262,28.43,27.069103,0
2,2015-01-02 00:00:00+00:00,150,2015-01-08 06:00:00+00:00,27.59,0.0,0.0,0.0,0.3,0.5,1.0,0.0,4.0,5.0,1.19,Tokke_G3,Tokke,36.9,107.5,107.5,214.0,214.0,2,5.959,0.6366453,8.16,26.86,1191.262,28.380001,27.069103,0
2,2015-01-02 00:00:00+00:00,151,2015-01-08 07:00:00+00:00,28.1,0.0,0.0,0.0,0.3,0.5,1.0,0.0,4.0,5.0,1.17,Tokke_G3,Tokke,36.9,107.5,107.5,214.0,214.0,2,5.959,0.6366453,8.13,26.86,1191.262,28.150002,27.069103,0
2,2015-01-02 00:00:00+00:00,152,2015-01-08 08:00:00+00:00,28.23,0.0,0.0,0.0,0.3,0.5,1.0,0.0,4.0,5.0,1.18,Tokke_G3,Tokke,36.9,107.5,107.5,214.0,214.0,2,5.959,0.6366453,8.11,26.86,1191.262,28.04,27.069103,0
2,2015-01-02 00:00:00+00:00,153,2015-01-08 09:00:00+00:00,28.35,0.0,0.0,0.0,0.3,0.5,1.0,0.0,4.0,5.0,1.16,Tokke_G3,Tokke,36.9,107.5,107.5,214.0,214.0,2,5.959,0.6366453,8.07,26.86,1191.262,27.82,27.069103,0
2,2015-01-02 00:00:00+00:00,154,2015-01-08 10:00:00+00:00,28.46,0.0,0.0,0.0,0.3,0.5,1.0,0.0,4.0,5.0,1.16,Tokke_G3,Tokke,36.9,107.5,107.5,214.0,214.0,2,5.959,0.6366453,8.07,26.86,1191.262,27.800001,27.069103,0
2,2015-01-02 00:00:00+00:00,155,2015-01-08 11:00:00+00:00,28.46,0.0,0.0,0.0,0.3,0.5,1.0,0.0,4.0,5.0,1.16,Tokke_G3,Tokke,36.9,107.5,107.5,214.0,214.0,2,5.959,0.6366453,8.11,26.86,1191.262,27.95,27.069103,0
2,2015-01-02 00:00:00+00:00,156,2015-01-08 12:00:00+00:00,28.6,0.0,0.0,0.0,0.3,0.5,1.0,0.0,4.0,5.0,1.16,Tokke_G3,Tokke,36.9,107.5,107.5,214.0,214.0,2,5.959,0.6366453,8.07,26.86,1191.262,28.02,27.069103,0
2,2015-01-02 00:00:00+00:00,157,2015-01-08 13:00:00+00:00,28.45,0.0,0.0,0.0,0.3,0.5,1.0,0.0,4.0,5.0,1.16,Tokke_G3,Tokke,36.9,107.5,107.5,214.0,214.0,2,5.959,0.6366453,8.06,26.86,1191.262,28.100002,27.069103,0
2,2015-01-02 00:00:00+00:00,158,2015-01-08 14:00:00+00:00,28.24,0.0,0.0,0.0,0.3,0.5,1.0,0.0,4.0,5.0,1.16,Tokke_G3,Tokke,36.9,107.5,107.5,214.0,214.0,2,5.959,0.6366453,8.06,26.86,1191.262,28.16,27.069103,0
2,2015-01-02 00:00:00+00:00,159,2015-01-08 15:00:00+00:00,28.43,0.0,0.0,0.0,0.3,0.5,1.0,0.0,4.0,5.0,1.15,Tokke_G3,Tokke,36.9,107.5,107.5,214.0,214.0,2,5.959,0.6366453,8.06,26.86,1191.262,28.220001,27.069103,0
2,2015-01-02 00:00:00+00:00,160,2015-01-08 16:00:00+00:00,28.4,0.0,0.0,0.0,0.3,0.5,1.0,0.0,4.0,5.0,1.14,Tokke_G3,Tokke,36.9,107.5,107.5,214.0,214.0,2,5.959,0.6366453,8.05,26.86,1191.262,28.279999,27.069103,0
2,2015-01-02 00:00:00+00:00,161,2015-01-08 17:00:00+00:00,27.98,0.0,0.0,0.0,0.3,0.5,1.0,0.0,4.0,5.0,1.14,Tokke_G3,Tokke,36.9,107.5,107.5,214.0,214.0,2,5.959,0.6366453,7.96,26.86,1191.262,28.080002,27.069103,0
2,2015-01-02 00:00:00+00:00,162,2015-01-08 18:00:00+00:00,27.69,0.0,0.0,0.0,0.3,0.5,1.0,0.0,4.0,5.0,1.15,Tokke_G3,Tokke,36.9,107.5,107.5,214.0,214.0,2,5.959,0.6366453,7.94,26.86,1191.262,28.070002,27.069103,0
2,2015-01-02 00:00:00+00:00,163,2015-01-08 19:00:00+00:00,27.46,0.0,0.0,0.0,0.3,0.5,1.0,0.0,4.0,5.0,1.16,Tokke_G3,Tokke,36.9,107.5,107.5,214.0,214.0,2,5.959,0.6366453,7.95,26.86,1191.262,28.16,27.069103,0
2,2015-01-02 00:00:00+00:00,164,2015-01-08 20:00:00+00:00,27.31,0.0,0.0,0.0,0.3,0.5,1.0,0.0,4.0,5.0,1.16,Tokke_G3,Tokke,36.9,107.5,107.5,214.0,214.0,2,5.959,0.6366453,8.0,26.86,1191.262,28.19,27.069103,0
2,2015-01-02 00:00:00+00:00,165,2015-01-08 21:00:00+00:00,26.71,0.0,0.0,0.0,0.3,0.5,1.0,0.0,4.0,5.0,1.16,Tokke_G3,Tokke,36.9,107.5,107.5,214.0,214.0,2,5.959,0.6366453,8.0,26.86,1191.262,28.220001,27.069103,0
2,2015-01-02 00:00:00+00:00,166,2015-01-08 22:00:00+00:00,25.91,0.0,0.0,0.0,0.3,0.5,1.0,0.0,4.0,5.0,1.15,Tokke_G3,Tokke,36.9,107.5,107.5,214.0,214.0,2,5.959,0.6366453,8.0,26.86,1191.262,28.09,27.069103,0
2,2015-01-02 00:00:00+00:00,167,2015-01-08 23:00:00+00:00,25.89,0.0,0.0,0.0,0.3,0.5,1.0,0.0,4.0,5.0,1.14,Tokke_G3,Tokke,36.9,107.5,107.5,214.0,214.0,2,5.959,0.6366453,7.95,26.86,1191.262,27.89,27.069103,0
2,2015-01-02 00:00:00+00:00,0,2015-01-02 00:00:00+00:00,26.41,0.0,0.0,0.0,0.3,0.5,1.0,0.0,4.0,5.0,1.26,Tokke_G4,Tokke,36.9,107.5,107.5,214.0,214.0,2,5.959,0.6366453,5.53,26.86,1191.262,25.29,27.069103,0
2,2015-01-02 00:00:00+00:00,1,2015-01-02 01:00:00+00:00,26.2,0.0,0.0,0.0,0.3,0.5,1.0,0.0,4.0,5.0,1.3,Tokke_G4,Tokke,36.9,107.5,107.5,214.0,214.0,2,5.959,0.6366453,5.53,26.86,1191.262,25.510002,27.069103,0
2,2015-01-02 00:00:00+00:00,2,2015-01-02 02:00:00+00:00,25.6,0.0,0.0,0.0,0.3,0.5,1.0,0.0,4.0,5.0,1.52,Tokke_G4,Tokke,36.9,107.5,107.5,214.0,214.0,2,5.959,0.6366453,5.54,26.86,1191.262,26.27,27.069103,0
2,2015-01-02 00:00:00+00:00,3,2015-01-02 03:00:00+00:00,24.74,0.0,0.0,0.0,0.3,0.5,1.0,0.0,4.0,5.0,1.7,Tokke_G4,Tokke,36.9,107.5,107.5,214.0,214.0,2,5.959,0.6366453,5.6,26.86,1191.262,27.26,27.069103,0
2,2015-01-02 00:00:00+00:00,4,2015-01-02 04:00:00+00:00,26.1,0.0,0.0,0.0,0.3,0.5,1.0,0.0,4.0,5.0,1.75,Tokke_G4,Tokke,36.9,107.5,107.5,214.0,214.0,2,5.959,0.6366453,5.53,26.86,1191.262,27.18,27.069103,0
2,2015-01-02 00:00:00+00:00,5,2015-01-02 05:00:00+00:00,27.25,0.0,0.0,0.0,0.3,0.5,1.0,0.0,4.0,5.0,1.65,Tokke_G4,Tokke,36.9,107.5,107.5,214.0,214.0,2,5.959,0.6366453,5.49,26.86,1191.262,26.99,27.069103,0
2,2015-01-02 00:00:00+00:00,6,2015-01-02 06:00:00+00:00,28.37,0.0,0.0,0.0,0.3,0.5,1.0,0.0,4.0,5.0,1.71,Tokke_G4,Tokke,36.9,107.5,107.5,214.0,214.0,2,5.959,0.6366453,5.52,26.86,1191.262,27.2,27.069103,0
2,2015-01-02 00:00:00+00:00,7,2015-01-02 07:00:00+00:00,28.37,0.0,0.0,0.0,0.3,0.5,1.0,0.0,4.0,5.0,1.92,Tokke_G4,Tokke,36.9,107.5,107.5,214.0,214.0,2,5.959,0.6366453,5.54,26.86,1191.262,27.649998,27.069103,0
2,2015-01-02 00:00:00+00:00,8,2015-01-02 08:00:00+00:00,28.32,0.0,0.0,0.0,0.3,0.5,1.0,0.0,4.0,5.0,2.18,Tokke_G4,Tokke,36.9,107.5,107.5,214.0,214.0,2,5.959,0.6366453,5.62,26.86,1191.262,28.390003,27.069103,0
2,2015-01-02 00:00:00+00:00,9,2015-01-02 09:00:00+00:00,28.3,0.0,0.0,0.0,0.3,0.5,1.0,0.0,4.0,5.0,2.33,Tokke_G4,Tokke,36.9,107.5,107.5,214.0,214.0,2,5.959,0.6366453,5.67,26.86,1191.262,28.86,27.069103,0
2,2015-01-02 00:00:00+00:00,10,2015-01-02 10:00:00+00:00,28.39,0.0,0.0,0.0,0.3,0.5,1.0,0.0,4.0,5.0,2.35,Tokke_G4,Tokke,36.9,107.5,107.5,214.0,214.0,2,5.959,0.6366453,5.64,26.86,1191.262,28.880001,27.069103,0
2,2015-01-02 00:00:00+00:00,11,2015-01-02 11:00:00+00:00,28.3,0.0,0.0,0.0,0.3,0.5,1.0,0.0,4.0,5.0,2.3,Tokke_G4,Tokke,36.9,107.5,107.5,214.0,214.0,2,5.959,0.6366453,5.68,26.86,1191.262,28.84,27.069103,0
2,2015-01-02 00:00:00+00:00,12,2015-01-02 12:00:00+00:00,28.24,0.0,0.0,0.0,0.3,0.5,1.0,0.0,4.0,5.0,2.23,Tokke_G4,Tokke,36.9,107.5,107.5,214.0,214.0,2,5.959,0.6366453,5.72,26.86,1191.262,28.860003,27.069103,0
2,2015-01-02 00:00:00+00:00,13,2015-01-02 13:00:00+00:00,28.12,0.0,0.0,0.0,0.3,0.5,1.0,0.0,4.0,5.0,2.2,Tokke_G4,Tokke,36.9,107.5,107.5,214.0,214.0,2,5.959,0.6366453,5.73,26.86,1191.262,28.79,27.069103,0
2,2015-01-02 00:00:00+00:00,14,2015-01-02 14:00:00+00:00,28.23,0.0,0.0,0.0,0.3,0.5,1.0,0.0,4.0,5.0,2.17,Tokke_G4,Tokke,36.9,107.5,107.5,214.0,214.0,2,5.959,0.6366453,5.79,26.86,1191.262,28.86,27.069103,0
2,2015-01-02 00:00:00+00:00,15,2015-01-02 15:00:00+00:00,28.59,0.0,0.0,0.0,0.3,0.5,1.0,0.0,4.0,5.0,2.14,Tokke_G4,Tokke,36.9,107.5,107.5,214.0,214.0,2,5.959,0.6366453,5.92,26.86,1191.262,29.12,27.069103,0
2,2015-01-02 00:00:00+00:00,16,2015-01-02 16:00:00+00:00,28.73,0.0,0.0,0.0,0.3,0.5,1.0,0.0,4.0,5.0,2.13,Tokke_G4,Tokke,36.9,107.5,107.5,214.0,214.0,2,5.959,0.6366453,5.97,26.86,1191.262,29.320002,27.069103,0
2,2015-01-02 00:00:00+00:00,17,2015-01-02 17:00:00+00:00,28.48,0.0,0.0,0.0,0.3,0.5,1.0,0.0,4.0,5.0,2.05,Tokke_G4,Tokke,36.9,107.5,107.5,214.0,214.0,2,5.959,0.6366453,5.96,26.86,1191.262,29.25,27.069103,0
2,2015-01-02 00:00:00+00:00,18,2015-01-02 18:00:00+00:00,28.38,0.0,0.0,0.0,0.3,0.5,1.0,0.0,4.0,5.0,1.64,Tokke_G4,Tokke,36.9,107.5,107.5,214.0,214.0,2,5.959,0.6366453,6.08,26.86,1191.262,28.550001,27.069103,0
2,2015-01-02 00:00:00+00:00,19,2015-01-02 19:00:00+00:00,27.85,0.0,0.0,0.0,0.3,0.5,1.0,0.0,4.0,5.0,2.06,Tokke_G4,Tokke,36.9,107.5,107.5,214.0,214.0,2,5.959,0.6366453,6.14,26.86,1191.262,29.42,27.069103,0
2,2015-01-02 00:00:00+00:00,20,2015-01-02 20:00:00+00:00,27.45,0.0,0.0,0.0,0.3,0.5,1.0,0.0,4.0,5.0,2.2,Tokke_G4,Tokke,36.9,107.5,107.5,214.0,214.0,2,5.959,0.6366453,6.2,26.86,1191.262,29.780003,27.069103,0
2,2015-01-02 00:00:00+00:00,21,2015-01-02 21:00:00+00:00,27.2,0.0,0.0,0.0,0.3,0.5,1.0,0.0,4.0,5.0,2.38,Tokke_G4,Tokke,36.9,107.5,107.5,214.0,214.0,2,5.959,0.6366453,6.24,26.86,1191.262,30.059998,27.069103,0
2,2015-01-02 00:00:00+00:00,22,2015-01-02 22:00:00+00:00,26.79,0.0,0.0,0.0,0.3,0.5,1.0,0.0,4.0,5.0,2.59,Tokke_G4,Tokke,36.9,107.5,107.5,214.0,214.0,2,5.959,0.6366453,6.27,26.86,1191.262,30.329998,27.069103,0
2,2015-01-02 00:00:00+00:00,23,2015-01-02 23:00:00+00:00,25.85,0.0,0.0,0.0,0.3,0.5,1.0,0.0,4.0,5.0,2.83,Tokke_G4,Tokke,36.9,107.5,107.5,214.0,214.0,2,5.959,0.6366453,6.46,26.86,1191.262,30.970001,27.069103,0
2,2015-01-02 00:00:00+00:00,24,2015-01-03 00:00:00+00:00,25.54,0.0,0.0,0.0,0.3,0.5,1.0,0.0,4.0,5.0,2.84,Tokke_G4,Tokke,36.9,107.5,107.5,214.0,214.0,2,5.959,0.6366453,6.62,26.86,1191.262,31.25,27.069103,0
2,2015-01-02 00:00:00+00:00,25,2015-01-03 01:00:00+00:00,25.43,0.0,0.0,0.0,0.3,0.5,1.0,0.0,4.0,5.0,2.77,Tokke_G4,Tokke,36.9,107.5,107.5,214.0,214.0,2,5.959,0.6366453,6.74,26.86,1191.262,31.34,27.069103,0
2,2015-01-02 00:00:00+00:00,26,2015-01-03 02:00:00+00:00,25.34,0.0,0.0,0.0,0.3,0.5,1.0,0.0,4.0,5.0,2.86,Tokke_G4,Tokke,36.9,107.5,107.5,214.0,214.0,2,5.959,0.6366453,6.89,26.86,1191.262,31.58,27.069103,0
2,2015-01-02 00:00:00+00:00,27,2015-01-03 03:00:00+00:00,25.29,0.0,0.0,0.0,0.3,0.5,1.0,0.0,4.0,5.0,3.02,Tokke_G4,Tokke,36.9,107.5,107.5,214.0,214.0,2,5.959,0.6366453,6.96,26.86,1191.262,31.970001,27.069103,0
2,2015-01-02 00:00:00+00:00,28,2015-01-03 04:00:00+00:00,25.3,0.0,0.0,0.0,0.3,0.5,1.0,0.0,4.0,5.0,3.13,Tokke_G4,Tokke,36.9,107.5,107.5,214.0,214.0,2,5.959,0.6366453,7.02,26.86,1191.262,32.269997,27.069103,0
2,2015-01-02 00:00:00+00:00,29,2015-01-03 05:00:00+00:00,25.55,0.0,0.0,0.0,0.3,0.5,1.0,0.0,4.0,5.0,3.16,Tokke_G4,Tokke,36.9,107.5,107.5,214.0,214.0,2,5.959,0.6366453,7.12,26.86,1191.262,32.5,27.069103,0
2,2015-01-02 00:00:00+00:00,30,2015-01-03 06:00:00+00:00,26.75,0.0,0.0,0.0,0.3,0.5,1.0,0.0,4.0,5.0,3.13,Tokke_G4,Tokke,36.9,107.5,107.5,214.0,214.0,2,5.959,0.6366453,7.17,26.86,1191.262,32.58,27.069103,0
2,2015-01-02 00:00:00+00:00,31,2015-01-03 07:00:00+00:00,26.98,0.0,0.0,0.0,0.3,0.5,1.0,0.0,4.0,5.0,3.06,Tokke_G4,Tokke,36.9,107.5,107.5,214.0,214.0,2,5.959,0.6366453,7.13,26.86,1191.262,32.48,27.069103,0
2,2015-01-02 00:00:00+00:00,32,2015-01-03 08:00:00+00:00,27.52,0.0,0.0,0.0,0.3,0.5,1.0,0.0,4.0,5.0,3.01,Tokke_G4,Tokke,36.9,107.5,107.5,214.0,214.0,2,5.959,0.6366453,7.13,26.86,1191.262,32.5,27.069103,0
2,2015-01-02 00:00:00+00:00,33,2015-01-03 09:00:00+00:00,27.72,0.0,0.0,0.0,0.3,0.5,1.0,0.0,4.0,5.0,3.0,Tokke_G4,Tokke,36.9,107.5,107.5,214.0,214.0,2,5.959,0.6366453,7.18,26.86,1191.262,32.699997,27.069103,0
2,2015-01-02 00:00:00+00:00,34,2015-01-03 10:00:00+00:00,27.73,0.0,0.0,0.0,0.3,0.5,1.0,0.0,4.0,5.0,2.92,Tokke_G4,Tokke,36.9,107.5,107.5,214.0,214.0,2,5.959,0.6366453,7.23,26.86,1191.262,32.800003,27.069103,0
2,2015-01-02 00:00:00+00:00,35,2015-01-03 11:00:00+00:00,27.66,0.0,0.0,0.0,0.3,0.5,1.0,0.0,4.0,5.0,2.88,Tokke_G4,Tokke,36.9,107.5,107.5,214.0,214.0,2,5.959,0.6366453,7.24,26.86,1191.262,33.02,27.069103,0
2,2015-01-02 00:00:00+00:00,36,2015-01-03 12:00:00+00:00,27.65,0.0,0.0,0.0,0.3,0.5,1.0,0.0,4.0,5.0,2.85,Tokke_G4,Tokke,36.9,107.5,107.5,214.0,214.0,2,5.959,0.6366453,7.23,26.86,1191.262,33.04,27.069103,0
2,2015-01-02 00:00:00+00:00,37,2015-01-03 13:00:00+00:00,27.81,0.0,0.0,0.0,0.3,0.5,1.0,0.0,4.0,5.0,2.84,Tokke_G4,Tokke,36.9,107.5,107.5,214.0,214.0,2,5.959,0.6366453,7.2,26.86,1191.262,32.86,27.069103,0
2,2015-01-02 00:00:00+00:00,38,2015-01-03 14:00:00+00:00,28.29,0.0,0.0,0.0,0.3,0.5,1.0,0.0,4.0,5.0,2.81,Tokke_G4,Tokke,36.9,107.5,107.5,214.0,214.0,2,5.959,0.6366453,7.28,26.86,1191.262,32.93,27.069103,0
2,2015-01-02 00:00:00+00:00,39,2015-01-03 15:00:00+00:00,28.6,0.0,0.0,0.0,0.3,0.5,1.0,0.0,4.0,5.0,2.75,Tokke_G4,Tokke,36.9,107.5,107.5,214.0,214.0,2,5.959,0.6366453,7.3,26.86,1191.262,32.73,27.069103,0
2,2015-01-02 00:00:00+00:00,40,2015-01-03 16:00:00+00:00,28.88,0.0,0.0,0.0,0.3,0.5,1.0,0.0,4.0,5.0,2.69,Tokke_G4,Tokke,36.9,107.5,107.5,214.0,214.0,2,5.959,0.6366453,7.29,26.86,1191.262,32.63,27.069103,0
2,2015-01-02 00:00:00+00:00,41,2015-01-03 17:00:00+00:00,28.78,0.0,0.0,0.0,0.3,0.5,1.0,0.0,4.0,5.0,2.65,Tokke_G4,Tokke,36.9,107.5,107.5,214.0,214.0,2,5.959,0.6366453,7.25,26.86,1191.262,32.47,27.069103,0
2,2015-01-02 00:00:00+00:00,42,2015-01-03 18:00:00+00:00,28.54,0.0,0.0,0.0,0.3,0.5,1.0,0.0,4.0,5.0,2.6,Tokke_G4,Tokke,36.9,107.5,107.5,214.0,214.0,2,5.959,0.6366453,7.28,26.86,1191.262,32.39,27.069103,0
2,2015-01-02 00:00:00+00:00,43,2015-01-03 19:00:00+00:00,28.34,0.0,0.0,0.0,0.3,0.5,1.0,0.0,4.0,5.0,2.54,Tokke_G4,Tokke,36.9,107.5,107.5,214.0,214.0,2,5.959,0.6366453,7.25,26.86,1191.262,32.29,27.069103,0
2,2015-01-02 00:00:00+00:00,44,2015-01-03 20:00:00+00:00,27.93,0.0,0.0,0.0,0.3,0.5,1.0,0.0,4.0,5.0,2.47,Tokke_G4,Tokke,36.9,107.5,107.5,214.0,214.0,2,5.959,0.6366453,7.3,26.86,1191.262,32.190002,27.069103,0
2,2015-01-02 00:00:00+00:00,45,2015-01-03 21:00:00+00:00,27.7,0.0,0.0,0.0,0.3,0.5,1.0,0.0,4.0,5.0,2.41,Tokke_G4,Tokke,36.9,107.5,107.5,214.0,214.0,2,5.959,0.6366453,7.35,26.86,1191.262,32.0,27.069103,0
2,2015-01-02 00:00:00+00:00,46,2015-01-03 22:00:00+00:00,27.25,0.0,0.0,0.0,0.3,0.5,1.0,0.0,4.0,5.0,2.33,Tokke_G4,Tokke,36.9,107.5,107.5,214.0,214.0,2,5.959,0.6366453,7.35,26.86,1191.262,31.880001,27.069103,0
2,2015-01-02 00:00:00+00:00,47,2015-01-03 23:00:00+00:00,27.55,0.0,0.0,0.0,0.3,0.5,1.0,0.0,4.0,5.0,2.27,Tokke_G4,Tokke,36.9,107.5,107.5,214.0,214.0,2,5.959,0.6366453,7.35,26.86,1191.262,31.789999,27.069103,0
2,2015-01-02 00:00:00+00:00,48,2015-01-04 00:00:00+00:00,27.38,0.0,0.0,0.0,0.3,0.5,1.0,0.0,4.0,5.0,2.22,Tokke_G4,Tokke,36.9,107.5,107.5,214.0,214.0,2,5.959,0.6366453,7.35,26.86,1191.262,31.449997,27.069103,0
2,2015-01-02 00:00:00+00:00,49,2015-01-04 01:00:00+00:00,27.17,0.0,0.0,0.0,0.3,0.5,1.0,0.0,4.0,5.0,2.15,Tokke_G4,Tokke,36.9,107.5,107.5,214.0,214.0,2,5.959,0.6366453,7.34,26.86,1191.262,30.980001,27.069103,0
2,2015-01-02 00:00:00+00:00,50,2015-01-04 02:00:00+00:00,27.03,0.0,0.0,0.0,0.3,0.5,1.0,0.0,4.0,5.0,2.1,Tokke_G4,Tokke,36.9,107.5,107.5,214.0,214.0,2,5.959,0.6366453,7.25,26.86,1191.262,30.45,27.069103,0
2,2015-01-02 00:00:00+00:00,51,2015-01-04 03:00:00+00:00,27.04,0.0,0.0,0.0,0.3,0.5,1.0,0.0,4.0,5.0,2.06,Tokke_G4,Tokke,36.9,107.5,107.5,214.0,214.0,2,5.959,0.6366453,7.25,26.86,1191.262,30.28,27.069103,0
2,2015-01-02 00:00:00+00:00,52,2015-01-04 04:00:00+00:00,27.19,0.0,0.0,0.0,0.3,0.5,1.0,0.0,4.0,5.0,2.01,Tokke_G4,Tokke,36.9,107.5,107.5,214.0,214.0,2,5.959,0.6366453,7.34,26.86,1191.262,30.24,27.069103,0
2,2015-01-02 00:00:00+00:00,53,2015-01-04 05:00:00+00:00,27.13,0.0,0.0,0.0,0.3,0.5,1.0,0.0,4.0,5.0,1.99,Tokke_G4,Tokke,36.9,107.5,107.5,214.0,214.0,2,5.959,0.6366453,7.37,26.86,1191.262,30.2,27.069103,0
2,2015-01-02 00:00:00+00:00,54,2015-01-04 06:00:00+00:00,27.06,0.0,0.0,0.0,0.3,0.5,1.0,0.0,4.0,5.0,1.94,Tokke_G4,Tokke,36.9,107.5,107.5,214.0,214.0,2,5.959,0.6366453,7.45,26.86,1191.262,30.21,27.069103,0
2,2015-01-02 00:00:00+00:00,55,2015-01-04 07:00:00+00:00,27.63,0.0,0.0,0.0,0.3,0.5,1.0,0.0,4.0,5.0,1.89,Tokke_G4,Tokke,36.9,107.5,107.5,214.0,214.0,2,5.959,0.6366453,7.48,26.86,1191.262,30.039999,27.069103,0
2,2015-01-02 00:00:00+00:00,56,2015-01-04 08:00:00+00:00,28.03,0.0,0.0,0.0,0.3,0.5,1.0,0.0,4.0,5.0,1.84,Tokke_G4,Tokke,36.9,107.5,107.5,214.0,214.0,2,5.959,0.6366453,7.52,26.86,1191.262,29.99,27.069103,0
2,2015-01-02 00:00:00+00:00,57,2015-01-04 09:00:00+00:00,28.24,0.0,0.0,0.0,0.3,0.5,1.0,0.0,4.0,5.0,1.82,Tokke_G4,Tokke,36.9,107.5,107.5,214.0,214.0,2,5.959,0.6366453,7.52,26.86,1191.262,29.849998,27.069103,0
2,2015-01-02 00:00:00+00:00,58,2015-01-04 10:00:00+00:00,28.32,0.0,0.0,0.0,0.3,0.5,1.0,0.0,4.0,5.0,1.79,Tokke_G4,Tokke,36.9,107.5,107.5,214.0,214.0,2,5.959,0.6366453,7.48,26.86,1191.262,29.75,27.069103,0
2,2015-01-02 00:00:00+00:00,59,2015-01-04 11:00:00+00:00,28.24,0.0,0.0,0.0,0.3,0.5,1.0,0.0,4.0,5.0,1.77,Tokke_G4,Tokke,36.9,107.5,107.5,214.0,214.0,2,5.959,0.6366453,7.52,26.86,1191.262,29.880001,27.069103,0
2,2015-01-02 00:00:00+00:00,60,2015-01-04 12:00:00+00:00,28.27,0.0,0.0,0.0,0.3,0.5,1.0,0.0,4.0,5.0,1.74,Tokke_G4,Tokke,36.9,107.5,107.5,214.0,214.0,2,5.959,0.6366453,7.53,26.86,1191.262,29.999998,27.069103,0
2,2015-01-02 00:00:00+00:00,61,2015-01-04 13:00:00+00:00,28.32,0.0,0.0,0.0,0.3,0.5,1.0,0.0,4.0,5.0,1.72,Tokke_G4,Tokke,36.9,107.5,107.5,214.0,214.0,2,5.959,0.6366453,7.56,26.86,1191.262,29.98,27.069103,0
2,2015-01-02 00:00:00+00:00,62,2015-01-04 14:00:00+00:00,28.37,0.0,0.0,0.0,0.3,0.5,1.0,0.0,4.0,5.0,1.7,Tokke_G4,Tokke,36.9,107.5,107.5,214.0,214.0,2,5.959,0.6366453,7.49,26.86,1191.262,29.769999,27.069103,0
2,2015-01-02 00:00:00+00:00,63,2015-01-04 15:00:00+00:00,28.65,0.0,0.0,0.0,0.3,0.5,1.0,0.0,4.0,5.0,1.68,Tokke_G4,Tokke,36.9,107.5,107.5,214.0,214.0,2,5.959,0.6366453,7.5,26.86,1191.262,29.689999,27.069103,0
2,2015-01-02 00:00:00+00:00,64,2015-01-04 16:00:00+00:00,28.98,0.0,0.0,0.0,0.3,0.5,1.0,0.0,4.0,5.0,1.68,Tokke_G4,Tokke,36.9,107.5,107.5,214.0,214.0,2,5.959,0.6366453,7.42,26.86,1191.262,29.390001,27.069103,0
2,2015-01-02 00:00:00+00:00,65,2015-01-04 17:00:00+00:00,29.54,0.0,0.0,0.0,0.3,0.5,1.0,0.0,4.0,5.0,1.65,Tokke_G4,Tokke,36.9,107.5,107.5,214.0,214.0,2,5.959,0.6366453,7.42,26.86,1191.262,29.429998,27.069103,0
2,2015-01-02 00:00:00+00:00,66,2015-01-04 18:00:00+00:00,29.42,0.0,0.0,0.0,0.3,0.5,1.0,0.0,4.0,5.0,1.64,Tokke_G4,Tokke,36.9,107.5,107.5,214.0,214.0,2,5.959,0.6366453,7.47,26.86,1191.262,29.77,27.069103,0
2,2015-01-02 00:00:00+00:00,67,2015-01-04 19:00:00+00:00,28.92,0.0,0.0,0.0,0.3,0.5,1.0,0.0,4.0,5.0,1.63,Tokke_G4,Tokke,36.9,107.5,107.5,214.0,214.0,2,5.959,0.6366453,7.52,26.86,1191.262,30.19,27.069103,0
2,2015-01-02 00:00:00+00:00,68,2015-01-04 20:00:00+00:00,28.66,0.0,0.0,0.0,0.3,0.5,1.0,0.0,4.0,5.0,1.6,Tokke_G4,Tokke,36.9,107.5,107.5,214.0,214.0,2,5.959,0.6366453,7.53,26.86,1191.262,30.180002,27.069103,0
2,2015-01-02 00:00:00+00:00,69,2015-01-04 21:00:00+00:00,28.69,0.0,0.0,0.0,0.3,0.5,1.0,0.0,4.0,5.0,1.59,Tokke_G4,Tokke,36.9,107.5,107.5,214.0,214.0,2,5.959,0.6366453,7.58,26.86,1191.262,30.14,27.069103,0
2,2015-01-02 00:00:00+00:00,70,2015-01-04 22:00:00+00:00,28.02,0.0,0.0,0.0,0.3,0.5,1.0,0.0,4.0,5.0,1.58,Tokke_G4,Tokke,36.9,107.5,107.5,214.0,214.0,2,5.959,0.6366453,7.59,26.86,1191.262,30.08,27.069103,0
2,2015-01-02 00:00:00+00:00,71,2015-01-04 23:00:00+00:00,28.19,0.0,0.0,0.0,0.3,0.5,1.0,0.0,4.0,5.0,1.57,Tokke_G4,Tokke,36.9,107.5,107.5,214.0,214.0,2,5.959,0.6366453,7.59,26.86,1191.262,30.349998,27.069103,0
2,2015-01-02 00:00:00+00:00,72,2015-01-05 00:00:00+00:00,28.15,0.0,0.0,0.0,0.3,0.5,1.0,0.0,4.0,5.0,1.56,Tokke_G4,Tokke,36.9,107.5,107.5,214.0,214.0,2,5.959,0.6366453,7.63,26.86,1191.262,30.41,27.069103,0
2,2015-01-02 00:00:00+00:00,73,2015-01-05 01:00:00+00:00,28.13,0.0,0.0,0.0,0.3,0.5,1.0,0.0,4.0,5.0,1.54,Tokke_G4,Tokke,36.9,107.5,107.5,214.0,214.0,2,5.959,0.6366453,7.6,26.86,1191.262,30.510002,27.069103,0
2,2015-01-02 00:00:00+00:00,74,2015-01-05 02:00:00+00:00,28.05,0.0,0.0,0.0,0.3,0.5,1.0,0.0,4.0,5.0,1.53,Tokke_G4,Tokke,36.9,107.5,107.5,214.0,214.0,2,5.959,0.6366453,7.64,26.86,1191.262,30.699999,27.069103,0
2,2015-01-02 00:00:00+00:00,75,2015-01-05 03:00:00+00:00,28.04,0.0,0.0,0.0,0.3,0.5,1.0,0.0,4.0,5.0,1.52,Tokke_G4,Tokke,36.9,107.5,107.5,214.0,214.0,2,5.959,0.6366453,7.69,26.86,1191.262,30.780003,27.069103,0
2,2015-01-02 00:00:00+00:00,76,2015-01-05 04:00:00+00:00,28.46,0.0,0.0,0.0,0.3,0.5,1.0,0.0,4.0,5.0,1.51,Tokke_G4,Tokke,36.9,107.5,107.5,214.0,214.0,2,5.959,0.6366453,7.65,26.86,1191.262,30.69,27.069103,1
2,2015-01-02 00:00:00+00:00,77,2015-01-05 05:00:00+00:00,28.78,0.0,0.0,0.0,0.3,0.5,1.0,0.0,4.0,5.0,1.5,Tokke_G4,Tokke,36.9,107.5,107.5,214.0,214.0,2,5.959,0.6366453,7.64,26.86,1191.262,30.76,27.069103,1
2,2015-01-02 00:00:00+00:00,78,2015-01-05 06:00:00+00:00,30.99,0.0,0.0,0.0,0.3,0.5,1.0,0.0,4.0,5.0,1.48,Tokke_G4,Tokke,36.9,107.5,107.5,214.0,214.0,2,5.959,0.6366453,7.65,26.86,1191.262,30.74,27.069103,1
2,2015-01-02 00:00:00+00:00,79,2015-01-05 07:00:00+00:00,38.15,0.0,0.0,0.0,0.3,0.5,1.0,0.0,4.0,5.0,1.47,Tokke_G4,Tokke,36.9,107.5,107.5,214.0,214.0,2,5.959,0.6366453,7.69,26.86,1191.262,30.85,27.069103,1
2,2015-01-02 00:00:00+00:00,80,2015-01-05 08:00:00+00:00,41.51,0.0,0.0,0.0,0.3,0.5,1.0,0.0,4.0,5.0,1.46,Tokke_G4,Tokke,36.9,107.5,107.5,214.0,214.0,2,5.959,0.6366453,7.69,26.86,1191.262,30.78,27.069103,1
2,2015-01-02 00:00:00+00:00,81,2015-01-05 09:00:00+00:00,40.46,0.0,0.0,0.0,0.3,0.5,1.0,0.0,4.0,5.0,1.46,Tokke_G4,Tokke,36.9,107.5,107.5,214.0,214.0,2,5.959,0.6366453,7.66,26.86,1191.262,30.68,27.069103,1
2,2015-01-02 00:00:00+00:00,82,2015-01-05 10:00:00+00:00,40.97,0.0,0.0,0.0,0.3,0.5,1.0,0.0,4.0,5.0,1.45,Tokke_G4,Tokke,36.9,107.5,107.5,214.0,214.0,2,5.959,0.6366453,7.69,26.86,1191.262,30.689999,27.069103,1
2,2015-01-02 00:00:00+00:00,83,2015-01-05 11:00:00+00:00,38.66,0.0,0.0,0.0,0.3,0.5,1.0,0.0,4.0,5.0,1.45,Tokke_G4,Tokke,36.9,107.5,107.5,214.0,214.0,2,5.959,0.6366453,7.7,26.86,1191.262,30.7,27.069103,1
2,2015-01-02 00:00:00+00:00,84,2015-01-05 12:00:00+00:00,36.44,0.0,0.0,0.0,0.3,0.5,1.0,0.0,4.0,5.0,1.45,Tokke_G4,Tokke,36.9,107.5,107.5,214.0,214.0,2,5.959,0.6366453,7.7,26.86,1191.262,30.61,27.069103,1
2,2015-01-02 00:00:00+00:00,85,2015-01-05 13:00:00+00:00,37.74,0.0,0.0,0.0,0.3,0.5,1.0,0.0,4.0,5.0,1.45,Tokke_G4,Tokke,36.9,107.5,107.5,214.0,214.0,2,5.959,0.6366453,7.7,26.86,1191.262,30.560001,27.069103,1
2,2015-01-02 00:00:00+00:00,86,2015-01-05 14:00:00+00:00,43.1,0.0,0.0,0.0,0.3,0.5,1.0,0.0,4.0,5.0,1.45,Tokke_G4,Tokke,36.9,107.5,107.5,214.0,214.0,2,5.959,0.6366453,7.7,26.86,1191.262,30.439999,27.069103,1
2,2015-01-02 00:00:00+00:00,87,2015-01-05 15:00:00+00:00,46.7,0.0,0.0,0.0,0.3,0.5,1.0,0.0,4.0,5.0,1.44,Tokke_G4,Tokke,36.9,107.5,107.5,214.0,214.0,2,5.959,0.6366453,7.7,26.86,1191.262,30.369999,27.069103,1
2,2015-01-02 00:00:00+00:00,88,2015-01-05 16:00:00+00:00,56.78,0.0,0.0,0.0,0.3,0.5,1.0,0.0,4.0,5.0,1.44,Tokke_G4,Tokke,36.9,107.5,107.5,214.0,214.0,2,5.959,0.6366453,7.7,26.86,1191.262,30.319996,27.069103,1
2,2015-01-02 00:00:00+00:00,89,2015-01-05 17:00:00+00:00,36.49,0.0,0.0,0.0,0.3,0.5,1.0,0.0,4.0,5.0,1.45,Tokke_G4,Tokke,36.9,107.5,107.5,214.0,214.0,2,5.959,0.6366453,7.71,26.86,1191.262,30.310001,27.069103,1
2,2015-01-02 00:00:00+00:00,90,2015-01-05 18:00:00+00:00,32.43,0.0,0.0,0.0,0.3,0.5,1.0,0.0,4.0,5.0,1.44,Tokke_G4,Tokke,36.9,107.5,107.5,214.0,214.0,2,5.959,0.6366453,7.75,26.86,1191.262,30.28,27.069103,1
2,2015-01-02 00:00:00+00:00,91,2015-01-05 19:00:00+00:00,31.39,0.0,0.0,0.0,0.3,0.5,1.0,0.0,4.0,5.0,1.43,Tokke_G4,Tokke,36.9,107.5,107.5,214.0,214.0,2,5.959,0.6366453,7.71,26.86,1191.262,30.150002,27.069103,1
2,2015-01-02 00:00:00+00:00,92,2015-01-05 20:00:00+00:00,30.29,0.0,0.0,0.0,0.3,0.5,1.0,0.0,4.0,5.0,1.43,Tokke_G4,Tokke,36.9,107.5,107.5,214.0,214.0,2,5.959,0.6366453,7.7,26.86,1191.262,30.02,27.069103,1
2,2015-01-02 00:00:00+00:00,93,2015-01-05 21:00:00+00:00,29.43,0.0,0.0,0.0,0.3,0.5,1.0,0.0,4.0,5.0,1.43,Tokke_G4,Tokke,36.9,107.5,107.5,214.0,214.0,2,5.959,0.6366453,7.71,26.86,1191.262,29.93,27.069103,1
2,2015-01-02 00:00:00+00:00,94,2015-01-05 22:00:00+00:00,29.09,0.0,0.0,0.0,0.3,0.5,1.0,0.0,4.0,5.0,1.44,Tokke_G4,Tokke,36.9,107.5,107.5,214.0,214.0,2,5.959,0.6366453,7.75,26.86,1191.262,29.92,27.069103,1
2,2015-01-02 00:00:00+00:00,95,2015-01-05 23:00:00+00:00,28.08,0.0,0.0,0.0,0.3,0.5,1.0,0.0,4.0,5.0,1.44,Tokke_G4,Tokke,36.9,107.5,107.5,214.0,214.0,2,5.959,0.6366453,7.72,26.86,1191.262,29.779999,27.069103,1
2,2015-01-02 00:00:00+00:00,96,2015-01-06 00:00:00+00:00,27.94,0.0,0.0,0.0,0.3,0.5,1.0,0.0,4.0,5.0,1.44,Tokke_G4,Tokke,36.9,107.5,107.5,214.0,214.0,2,5.959,0.6366453,7.75,26.86,1191.262,29.759998,27.069103,1
2,2015-01-02 00:00:00+00:00,97,2015-01-06 01:00:00+00:00,27.91,0.0,0.0,0.0,0.3,0.5,1.0,0.0,4.0,5.0,1.44,Tokke_G4,Tokke,36.9,107.5,107.5,214.0,214.0,2,5.959,0.6366453,7.71,26.86,1191.262,29.619999,27.069103,1
2,2015-01-02 00:00:00+00:00,98,2015-01-06 02:00:00+00:00,27.89,0.0,0.0,0.0,0.3,0.5,1.0,0.0,4.0,5.0,1.44,Tokke_G4,Tokke,36.9,107.5,107.5,214.0,214.0,2,5.959,0.6366453,7.71,26.86,1191.262,29.579998,27.069103,1
2,2015-01-02 00:00:00+00:00,99,2015-01-06 03:00:00+00:00,27.89,0.0,0.0,0.0,0.3,0.5,1.0,0.0,4.0,5.0,1.44,Tokke_G4,Tokke,36.9,107.5,107.5,214.0,214.0,2,5.959,0.6366453,7.75,26.86,1191.262,29.58,27.069103,1
2,2015-01-02 00:00:00+00:00,100,2015-01-06 04:00:00+00:00,28.01,0.0,0.0,0.0,0.3,0.5,1.0,0.0,4.0,5.0,1.44,Tokke_G4,Tokke,36.9,107.5,107.5,214.0,214.0,2,5.959,0.6366453,7.71,26.86,1191.262,29.470001,27.069103,1
2,2015-01-02 00:00:00+00:00,101,2015-01-06 05:00:00+00:00,28.73,0.0,0.0,0.0,0.3,0.5,1.0,0.0,4.0,5.0,1.44,Tokke_G4,Tokke,36.9,107.5,107.5,214.0,214.0,2,5.959,0.6366453,7.7,26.86,1191.262,29.39,27.069103,1
2,2015-01-02 00:00:00+00:00,102,2015-01-06 06:00:00+00:00,30.03,0.0,0.0,0.0,0.3,0.5,1.0,0.0,4.0,5.0,1.43,Tokke_G4,Tokke,36.9,107.5,107.5,214.0,214.0,2,5.959,0.6366453,7.71,26.86,1191.262,29.349998,27.069103,1
2,2015-01-02 00:00:00+00:00,103,2015-01-06 07:00:00+00:00,30.5,0.0,0.0,0.0,0.3,0.5,1.0,0.0,4.0,5.0,1.42,Tokke_G4,Tokke,36.9,107.5,107.5,214.0,214.0,2,5.959,0.6366453,7.75,26.86,1191.262,29.34,27.069103,1
2,2015-01-02 00:00:00+00:00,104,2015-01-06 08:00:00+00:00,30.35,0.0,0.0,0.0,0.3,0.5,1.0,0.0,4.0,5.0,1.42,Tokke_G4,Tokke,36.9,107.5,107.5,214.0,214.0,2,5.959,0.6366453,7.72,26.86,1191.262,29.18,27.069103,1
2,2015-01-02 00:00:00+00:00,105,2015-01-06 09:00:00+00:00,30.53,0.0,0.0,0.0,0.3,0.5,1.0,0.0,4.0,5.0,1.42,Tokke_G4,Tokke,36.9,107.5,107.5,214.0,214.0,2,5.959,0.6366453,7.76,26.86,1191.262,29.190002,27.069103,1
2,2015-01-02 00:00:00+00:00,106,2015-01-06 10:00:00+00:00,29.91,0.0,0.0,0.0,0.3,0.5,1.0,0.0,4.0,5.0,1.43,Tokke_G4,Tokke,36.9,107.5,107.5,214.0,214.0,2,5.959,0.6366453,7.81,26.86,1191.262,29.269999,27.069103,1
2,2015-01-02 00:00:00+00:00,107,2015-01-06 11:00:00+00:00,29.62,0.0,0.0,0.0,0.3,0.5,1.0,0.0,4.0,5.0,1.41,Tokke_G4,Tokke,36.9,107.5,107.5,214.0,214.0,2,5.959,0.6366453,7.78,26.86,1191.262,29.130001,27.069103,1
2,2015-01-02 00:00:00+00:00,108,2015-01-06 12:00:00+00:00,29.58,0.0,0.0,0.0,0.3,0.5,1.0,0.0,4.0,5.0,1.4,Tokke_G4,Tokke,36.9,107.5,107.5,214.0,214.0,2,5.959,0.6366453,7.81,26.86,1191.262,29.119999,27.069103,1
2,2015-01-02 00:00:00+00:00,109,2015-01-06 13:00:00+00:00,29.57,0.0,0.0,0.0,0.3,0.5,1.0,0.0,4.0,5.0,1.41,Tokke_G4,Tokke,36.9,107.5,107.5,214.0,214.0,2,5.959,0.6366453,7.82,26.86,1191.262,29.15,27.069103,1
2,2015-01-02 00:00:00+00:00,110,2015-01-06 14:00:00+00:00,29.62,0.0,0.0,0.0,0.3,0.5,1.0,0.0,4.0,5.0,1.41,Tokke_G4,Tokke,36.9,107.5,107.5,214.0,214.0,2,5.959,0.6366453,7.84,26.86,1191.262,29.149998,27.069103,1
2,2015-01-02 00:00:00+00:00,111,2015-01-06 15:00:00+00:00,29.99,0.0,0.0,0.0,0.3,0.5,1.0,0.0,4.0,5.0,1.41,Tokke_G4,Tokke,36.9,107.5,107.5,214.0,214.0,2,5.959,0.6366453,7.93,26.86,1191.262,29.269999,27.069103,1
2,2015-01-02 00:00:00+00:00,112,2015-01-06 16:00:00+00:00,29.65,0.0,0.0,0.0,0.3,0.5,1.0,0.0,4.0,5.0,1.41,Tokke_G4,Tokke,36.9,107.5,107.5,214.0,214.0,2,5.959,0.6366453,7.99,26.86,1191.262,29.339996,27.069103,1
2,2015-01-02 00:00:00+00:00,113,2015-01-06 17:00:00+00:00,29.58,0.0,0.0,0.0,0.3,0.5,1.0,0.0,4.0,5.0,1.4,Tokke_G4,Tokke,36.9,107.5,107.5,214.0,214.0,2,5.959,0.6366453,8.02,26.86,1191.262,29.319998,27.069103,1
2,2015-01-02 00:00:00+00:00,114,2015-01-06 18:00:00+00:00,29.0,0.0,0.0,0.0,0.3,0.5,1.0,0.0,4.0,5.0,1.4,Tokke_G4,Tokke,36.9,107.5,107.5,214.0,214.0,2,5.959,0.6366453,8.11,26.86,1191.262,29.449997,27.069103,1
2,2015-01-02 00:00:00+00:00,115,2015-01-06 19:00:00+00:00,28.45,0.0,0.0,0.0,0.3,0.5,1.0,0.0,4.0,5.0,1.4,Tokke_G4,Tokke,36.9,107.5,107.5,214.0,214.0,2,5.959,0.6366453,8.12,26.86,1191.262,29.499996,27.069103,1
2,2015-01-02 00:00:00+00:00,116,2015-01-06 20:00:00+00:00,28.15,0.0,0.0,0.0,0.3,0.5,1.0,0.0,4.0,5.0,1.38,Tokke_G4,Tokke,36.9,107.5,107.5,214.0,214.0,2,5.959,0.6366453,8.11,26.86,1191.262,29.429996,27.069103,1
2,2015-01-02 00:00:00+00:00,117,2015-01-06 21:00:00+00:00,27.73,0.0,0.0,0.0,0.3,0.5,1.0,0.0,4.0,5.0,1.4,Tokke_G4,Tokke,36.9,107.5,107.5,214.0,214.0,2,5.959,0.6366453,8.07,26.86,1191.262,29.389997,27.069103,0
2,2015-01-02 00:00:00+00:00,118,2015-01-06 22:00:00+00:00,27.32,0.0,0.0,0.0,0.3,0.5,1.0,0.0,4.0,5.0,1.39,Tokke_G4,Tokke,36.9,107.5,107.5,214.0,214.0,2,5.959,0.6366453,8.07,26.86,1191.262,29.329998,27.069103,0
2,2015-01-02 00:00:00+00:00,119,2015-01-06 23:00:00+00:00,26.35,0.0,0.0,0.0,0.3,0.5,1.0,0.0,4.0,5.0,1.31,Tokke_G4,Tokke,36.9,107.5,107.5,214.0,214.0,2,5.959,0.6366453,8.11,26.86,1191.262,29.23,27.069103,0
2,2015-01-02 00:00:00+00:00,120,2015-01-07 00:00:00+00:00,26.08,0.0,0.0,0.0,0.3,0.5,1.0,0.0,4.0,5.0,1.29,Tokke_G4,Tokke,36.9,107.5,107.5,214.0,214.0,2,5.959,0.6366453,8.11,26.86,1191.262,29.25,27.069103,0
2,2015-01-02 00:00:00+00:00,121,2015-01-07 01:00:00+00:00,26.03,0.0,0.0,0.0,0.3,0.5,1.0,0.0,4.0,5.0,1.29,Tokke_G4,Tokke,36.9,107.5,107.5,214.0,214.0,2,5.959,0.6366453,8.06,26.86,1191.262,29.060001,27.069103,0
2,2015-01-02 00:00:00+00:00,122,2015-01-07 02:00:00+00:00,26.17,0.0,0.0,0.0,0.3,0.5,1.0,0.0,4.0,5.0,1.27,Tokke_G4,Tokke,36.9,107.5,107.5,214.0,214.0,2,5.959,0.6366453,8.0,26.86,1191.262,29.02,27.069103,0
2,2015-01-02 00:00:00+00:00,123,2015-01-07 03:00:00+00:00,26.74,0.0,0.0,0.0,0.3,0.5,1.0,0.0,4.0,5.0,1.27,Tokke_G4,Tokke,36.9,107.5,107.5,214.0,214.0,2,5.959,0.6366453,7.95,26.86,1191.262,28.91,27.069103,0
2,2015-01-02 00:00:00+00:00,124,2015-01-07 04:00:00+00:00,27.78,0.0,0.0,0.0,0.3,0.5,1.0,0.0,4.0,5.0,1.27,Tokke_G4,Tokke,36.9,107.5,107.5,214.0,214.0,2,5.959,0.6366453,7.96,26.86,1191.262,28.899998,27.069103,1
2,2015-01-02 00:00:00+00:00,125,2015-01-07 05:00:00+00:00,28.48,0.0,0.0,0.0,0.3,0.5,1.0,0.0,4.0,5.0,1.27,Tokke_G4,Tokke,36.9,107.5,107.5,214.0,214.0,2,5.959,0.6366453,8.04,26.86,1191.262,28.989998,27.069103,1
2,2015-01-02 00:00:00+00:00,126,2015-01-07 06:00:00+00:00,31.53,0.0,0.0,0.0,0.3,0.5,1.0,0.0,4.0,5.0,1.27,Tokke_G4,Tokke,36.9,107.5,107.5,214.0,214.0,2,5.959,0.6366453,8.02,26.86,1191.262,28.84,27.069103,1
2,2015-01-02 00:00:00+00:00,127,2015-01-07 07:00:00+00:00,32.54,0.0,0.0,0.0,0.3,0.5,1.0,0.0,4.0,5.0,1.27,Tokke_G4,Tokke,36.9,107.5,107.5,214.0,214.0,2,5.959,0.6366453,8.05,26.86,1191.262,28.8,27.069103,1
2,2015-01-02 00:00:00+00:00,128,2015-01-07 08:00:00+00:00,32.24,0.0,0.0,0.0,0.3,0.5,1.0,0.0,4.0,5.0,1.26,Tokke_G4,Tokke,36.9,107.5,107.5,214.0,214.0,2,5.959,0.6366453,8.01,26.86,1191.262,28.630001,27.069103,1
2,2015-01-02 00:00:00+00:00,129,2015-01-07 09:00:00+00:00,31.96,0.0,0.0,0.0,0.3,0.5,1.0,0.0,4.0,5.0,1.25,Tokke_G4,Tokke,36.9,107.5,107.5,214.0,214.0,2,5.959,0.6366453,8.0,26.86,1191.262,28.560001,27.069103,1
2,2015-01-02 00:00:00+00:00,130,2015-01-07 10:00:00+00:00,31.66,0.0,0.0,0.0,0.3,0.5,1.0,0.0,4.0,5.0,1.25,Tokke_G4,Tokke,36.9,107.5,107.5,214.0,214.0,2,5.959,0.6366453,8.0,26.86,1191.262,28.55,27.069103,1
2,2015-01-02 00:00:00+00:00,131,2015-01-07 11:00:00+00:00,30.97,0.0,0.0,0.0,0.3,0.5,1.0,0.0,4.0,5.0,1.25,Tokke_G4,Tokke,36.9,107.5,107.5,214.0,214.0,2,5.959,0.6366453,8.01,26.86,1191.262,28.539999,27.069103,1
2,2015-01-02 00:00:00+00:00,132,2015-01-07 12:00:00+00:00,30.65,0.0,0.0,0.0,0.3,0.5,1.0,0.0,4.0,5.0,1.25,Tokke_G4,Tokke,36.9,107.5,107.5,214.0,214.0,2,5.959,0.6366453,8.05,26.86,1191.262,28.59,27.069103,1
2,2015-01-02 00:00:00+00:00,133,2015-01-07 13:00:00+00:00,30.31,0.0,0.0,0.0,0.3,0.5,1.0,0.0,4.0,5.0,1.23,Tokke_G4,Tokke,36.9,107.5,107.5,214.0,214.0,2,5.959,0.6366453,8.02,26.86,1191.262,28.54,27.069103,1
2,2015-01-02 00:00:00+00:00,134,2015-01-07 14:00:00+00:00,29.79,0.0,0.0,0.0,0.3,0.5,1.0,0.0,4.0,5.0,1.23,Tokke_G4,Tokke,36.9,107.5,107.5,214.0,214.0,2,5.959,0.6366453,8.05,26.86,1191.262,28.599998,27.069103,1
2,2015-01-02 00:00:00+00:00,135,2015-01-07 15:00:00+00:00,30.72,0.0,0.0,0.0,0.3,0.5,1.0,0.0,4.0,5.0,1.21,Tokke_G4,Tokke,36.9,107.5,107.5,214.0,214.0,2,5.959,0.6366453,8.06,26.86,1191.262,28.52,27.069103,1
2,2015-01-02 00:00:00+00:00,136,2015-01-07 16:00:00+00:00,29.56,0.0,0.0,0.0,0.3,0.5,1.0,0.0,4.0,5.0,1.2,Tokke_G4,Tokke,36.9,107.5,107.5,214.0,214.0,2,5.959,0.6366453,8.06,26.86,1191.262,28.52,27.069103,1
2,2015-01-02 00:00:00+00:00,137,2015-01-07 17:00:00+00:00,28.84,0.0,0.0,0.0,0.3,0.5,1.0,0.0,4.0,5.0,1.2,Tokke_G4,Tokke,36.9,107.5,107.5,214.0,214.0,2,5.959,0.6366453,8.06,26.86,1191.262,28.480003,27.069103,1
2,2015-01-02 00:00:00+00:00,138,2015-01-07 18:00:00+00:00,28.2,0.0,0.0,0.0,0.3,0.5,1.0,0.0,4.0,5.0,1.2,Tokke_G4,Tokke,36.9,107.5,107.5,214.0,214.0,2,5.959,0.6366453,8.06,26.86,1191.262,28.45,27.069103,0
2,2015-01-02 00:00:00+00:00,139,2015-01-07 19:00:00+00:00,27.75,0.0,0.0,0.0,0.3,0.5,1.0,0.0,4.0,5.0,1.2,Tokke_G4,Tokke,36.9,107.5,107.5,214.0,214.0,2,5.959,0.6366453,8.07,26.86,1191.262,28.44,27.069103,0
2,2015-01-02 00:00:00+00:00,140,2015-01-07 20:00:00+00:00,27.42,0.0,0.0,0.0,0.3,0.5,1.0,0.0,4.0,5.0,1.21,Tokke_G4,Tokke,36.9,107.5,107.5,214.0,214.0,2,5.959,0.6366453,8.11,26.86,1191.262,28.5,27.069103,0
2,2015-01-02 00:00:00+00:00,141,2015-01-07 21:00:00+00:00,26.68,0.0,0.0,0.0,0.3,0.5,1.0,0.0,4.0,5.0,1.22,Tokke_G4,Tokke,36.9,107.5,107.5,214.0,214.0,2,5.959,0.6366453,8.08,26.86,1191.262,28.460001,27.069103,0
2,2015-01-02 00:00:00+00:00,142,2015-01-07 22:00:00+00:00,26.15,0.0,0.0,0.0,0.3,0.5,1.0,0.0,4.0,5.0,1.21,Tokke_G4,Tokke,36.9,107.5,107.5,214.0,214.0,2,5.959,0.6366453,8.11,26.86,1191.262,28.509998,27.069103,0
2,2015-01-02 00:00:00+00:00,143,2015-01-07 23:00:00+00:00,26.04,0.0,0.0,0.0,0.3,0.5,1.0,0.0,4.0,5.0,1.19,Tokke_G4,Tokke,36.9,107.5,107.5,214.0,214.0,2,5.959,0.6366453,8.13,26.86,1191.262,28.52,27.069103,0
2,2015-01-02 00:00:00+00:00,144,2015-01-08 00:00:00+00:00,25.07,0.0,0.0,0.0,0.3,0.5,1.0,0.0,4.0,5.0,1.19,Tokke_G4,Tokke,36.9,107.5,107.5,214.0,214.0,2,5.959,0.6366453,8.17,26.86,1191.262,28.640001,27.069103,0
2,2015-01-02 00:00:00+00:00,145,2015-01-08 01:00:00+00:00,24.57,0.0,0.0,0.0,0.3,0.5,1.0,0.0,4.0,5.0,1.2,Tokke_G4,Tokke,36.9,107.5,107.5,214.0,214.0,2,5.959,0.6366453,8.18,26.86,1191.262,28.720001,27.069103,0
2,2015-01-02 00:00:00+00:00,146,2015-01-08 02:00:00+00:00,24.44,0.0,0.0,0.0,0.3,0.5,1.0,0.0,4.0,5.0,1.19,Tokke_G4,Tokke,36.9,107.5,107.5,214.0,214.0,2,5.959,0.6366453,8.18,26.86,1191.262,28.71,27.069103,0
2,2015-01-02 00:00:00+00:00,147,2015-01-08 03:00:00+00:00,24.54,0.0,0.0,0.0,0.3,0.5,1.0,0.0,4.0,5.0,1.19,Tokke_G4,Tokke,36.9,107.5,107.5,214.0,214.0,2,5.959,0.6366453,8.17,26.86,1191.262,28.710001,27.069103,0
2,2015-01-02 00:00:00+00:00,148,2015-01-08 04:00:00+00:00,26.04,0.0,0.0,0.0,0.3,0.5,1.0,0.0,4.0,5.0,1.19,Tokke_G4,Tokke,36.9,107.5,107.5,214.0,214.0,2,5.959,0.6366453,8.12,26.86,1191.262,28.59,27.069103,0
2,2015-01-02 00:00:00+00:00,149,2015-01-08 05:00:00+00:00,26.89,0.0,0.0,0.0,0.3,0.5,1.0,0.0,4.0,5.0,1.2,Tokke_G4,Tokke,36.9,107.5,107.5,214.0,214.0,2,5.959,0.6366453,8.08,26.86,1191.262,28.43,27.069103,0
2,2015-01-02 00:00:00+00:00,150,2015-01-08 06:00:00+00:00,27.59,0.0,0.0,0.0,0.3,0.5,1.0,0.0,4.0,5.0,1.19,Tokke_G4,Tokke,36.9,107.5,107.5,214.0,214.0,2,5.959,0.6366453,8.16,26.86,1191.262,28.380001,27.069103,0
2,2015-01-02 00:00:00+00:00,151,2015-01-08 07:00:00+00:00,28.1,0.0,0.0,0.0,0.3,0.5,1.0,0.0,4.0,5.0,1.17,Tokke_G4,Tokke,36.9,107.5,107.5,214.0,214.0,2,5.959,0.6366453,8.13,26.86,1191.262,28.150002,27.069103,0
2,2015-01-02 00:00:00+00:00,152,2015-01-08 08:00:00+00:00,28.23,0.0,0.0,0.0,0.3,0.5,1.0,0.0,4.0,5.0,1.18,Tokke_G4,Tokke,36.9,107.5,107.5,214.0,214.0,2,5.959,0.6366453,8.11,26.86,1191.262,28.04,27.069103,0
2,2015-01-02 00:00:00+00:00,153,2015-01-08 09:00:00+00:00,28.35,0.0,0.0,0.0,0.3,0.5,1.0,0.0,4.0,5.0,1.16,Tokke_G4,Tokke,36.9,107.5,107.5,214.0,214.0,2,5.959,0.6366453,8.07,26.86,1191.262,27.82,27.069103,0
2,2015-01-02 00:00:00+00:00,154,2015-01-08 10:00:00+00:00,28.46,0.0,0.0,0.0,0.3,0.5,1.0,0.0,4.0,5.0,1.16,Tokke_G4,Tokke,36.9,107.5,107.5,214.0,214.0,2,5.959,0.6366453,8.07,26.86,1191.262,27.800001,27.069103,0
2,2015-01-02 00:00:00+00:00,155,2015-01-08 11:00:00+00:00,28.46,0.0,0.0,0.0,0.3,0.5,1.0,0.0,4.0,5.0,1.16,Tokke_G4,Tokke,36.9,107.5,107.5,214.0,214.0,2,5.959,0.6366453,8.11,26.86,1191.262,27.95,27.069103,0
2,2015-01-02 00:00:00+00:00,156,2015-01-08 12:00:00+00:00,28.6,0.0,0.0,0.0,0.3,0.5,1.0,0.0,4.0,5.0,1.16,Tokke_G4,Tokke,36.9,107.5,107.5,214.0,214.0,2,5.959,0.6366453,8.07,26.86,1191.262,28.02,27.069103,0
2,2015-01-02 00:00:00+00:00,157,2015-01-08 13:00:00+00:00,28.45,0.0,0.0,0.0,0.3,0.5,1.0,0.0,4.0,5.0,1.16,Tokke_G4,Tokke,36.9,107.5,107.5,214.0,214.0,2,5.959,0.6366453,8.06,26.86,1191.262,28.100002,27.069103,0
2,2015-01-02 00:00:00+00:00,158,2015-01-08 14:00:00+00:00,28.24,0.0,0.0,0.0,0.3,0.5,1.0,0.0,4.0,5.0,1.16,Tokke_G4,Tokke,36.9,107.5,107.5,214.0,214.0,2,5.959,0.6366453,8.06,26.86,1191.262,28.16,27.069103,0
2,2015-01-02 00:00:00+00:00,159,2015-01-08 15:00:00+00:00,28.43,0.0,0.0,0.0,0.3,0.5,1.0,0.0,4.0,5.0,1.15,Tokke_G4,Tokke,36.9,107.5,107.5,214.0,214.0,2,5.959,0.6366453,8.06,26.86,1191.262,28.220001,27.069103,0
2,2015-01-02 00:00:00+00:00,160,2015-01-08 16:00:00+00:00,28.4,0.0,0.0,0.0,0.3,0.5,1.0,0.0,4.0,5.0,1.14,Tokke_G4,Tokke,36.9,107.5,107.5,214.0,214.0,2,5.959,0.6366453,8.05,26.86,1191.262,28.279999,27.069103,0
2,2015-01-02 00:00:00+00:00,161,2015-01-08 17:00:00+00:00,27.98,0.0,0.0,0.0,0.3,0.5,1.0,0.0,4.0,5.0,1.14,Tokke_G4,Tokke,36.9,107.5,107.5,214.0,214.0,2,5.959,0.6366453,7.96,26.86,1191.262,28.080002,27.069103,0
2,2015-01-02 00:00:00+00:00,162,2015-01-08 18:00:00+00:00,27.69,0.0,0.0,0.0,0.3,0.5,1.0,0.0,4.0,5.0,1.15,Tokke_G4,Tokke,36.9,107.5,107.5,214.0,214.0,2,5.959,0.6366453,7.94,26.86,1191.262,28.070002,27.069103,0
2,2015-01-02 00:00:00+00:00,163,2015-01-08 19:00:00+00:00,27.46,0.0,0.0,0.0,0.3,0.5,1.0,0.0,4.0,5.0,1.16,Tokke_G4,Tokke,36.9,107.5,107.5,214.0,214.0,2,5.959,0.6366453,7.95,26.86,1191.262,28.16,27.069103,0
2,2015-01-02 00:00:00+00:00,164,2015-01-08 20:00:00+00:00,27.31,0.0,0.0,0.0,0.3,0.5,1.0,0.0,4.0,5.0,1.16,Tokke_G4,Tokke,36.9,107.5,107.5,214.0,214.0,2,5.959,0.6366453,8.0,26.86,1191.262,28.19,27.069103,0
2,2015-01-02 00:00:00+00:00,165,2015-01-08 21:00:00+00:00,26.71,0.0,0.0,0.0,0.3,0.5,1.0,0.0,4.0,5.0,1.16,Tokke_G4,Tokke,36.9,107.5,107.5,214.0,214.0,2,5.959,0.6366453,8.0,26.86,1191.262,28.220001,27.069103,0
2,2015-01-02 00:00:00+00:00,166,2015-01-08 22:00:00+00:00,25.91,0.0,0.0,0.0,0.3,0.5,1.0,0.0,4.0,5.0,1.15,Tokke_G4,Tokke,36.9,107.5,107.5,214.0,214.0,2,5.959,0.6366453,8.0,26.86,1191.262,28.09,27.069103,0
2,2015-01-02 00:00:00+00:00,167,2015-01-08 23:00:00+00:00,25.89,0.0,0.0,0.0,0.3,0.5,1.0,0.0,4.0,5.0,1.14,Tokke_G4,Tokke,36.9,107.5,107.5,214.0,214.0,2,5.959,0.6366453,7.95,26.86,1191.262,27.89,27.069103,0
2,2015-01-02 00:00:00+00:00,0,2015-01-02 00:00:00+00:00,26.41,0.0,0.0,0.0,0.3,0.5,1.0,0.0,4.0,5.0,1.26,Lio_G1,Lio,14.8,43.0,43.0,163.0,163.0,1,63.884,0.83279884,0.95,6.75,96.882996,2.23,16.021315,1
2,2015-01-02 00:00:00+00:00,1,2015-01-02 01:00:00+00:00,26.2,0.0,0.0,0.0,0.3,0.5,1.0,0.0,4.0,5.0,1.3,Lio_G1,Lio,14.8,43.0,43.0,163.0,163.0,1,63.884,0.83279884,0.98,6.75,96.882996,2.3000002,16.021315,1
2,2015-01-02 00:00:00+00:00,2,2015-01-02 02:00:00+00:00,25.6,0.0,0.0,0.0,0.3,0.5,1.0,0.0,4.0,5.0,1.52,Lio_G1,Lio,14.8,43.0,43.0,163.0,163.0,1,63.884,0.83279884,1.14,6.75,96.882996,2.67,16.021315,1
2,2015-01-02 00:00:00+00:00,3,2015-01-02 03:00:00+00:00,24.74,0.0,0.0,0.0,0.3,0.5,1.0,0.0,4.0,5.0,1.7,Lio_G1,Lio,14.8,43.0,43.0,163.0,163.0,1,63.884,0.83279884,1.27,6.75,96.882996,2.99,16.021315,1
2,2015-01-02 00:00:00+00:00,4,2015-01-02 04:00:00+00:00,26.1,0.0,0.0,0.0,0.3,0.5,1.0,0.0,4.0,5.0,1.75,Lio_G1,Lio,14.8,43.0,43.0,163.0,163.0,1,63.884,0.83279884,1.31,6.75,96.882996,3.07,16.021315,1
2,2015-01-02 00:00:00+00:00,5,2015-01-02 05:00:00+00:00,27.25,0.0,0.0,0.0,0.3,0.5,1.0,0.0,4.0,5.0,1.65,Lio_G1,Lio,14.8,43.0,43.0,163.0,163.0,1,63.884,0.83279884,1.24,6.75,96.882996,2.9099998,16.021315,1
2,2015-01-02 00:00:00+00:00,6,2015-01-02 06:00:00+00:00,28.37,0.0,0.0,0.0,0.3,0.5,1.0,0.0,4.0,5.0,1.71,Lio_G1,Lio,14.8,43.0,43.0,163.0,163.0,1,63.884,0.83279884,1.28,6.75,96.882996,3.01,16.021315,1
2,2015-01-02 00:00:00+00:00,7,2015-01-02 07:00:00+00:00,28.37,0.0,0.0,0.0,0.3,0.5,1.0,0.0,4.0,5.0,1.92,Lio_G1,Lio,14.8,43.0,43.0,163.0,163.0,1,63.884,0.83279884,1.44,6.75,96.882996,3.38,16.021315,1
2,2015-01-02 00:00:00+00:00,8,2015-01-02 08:00:00+00:00,28.32,0.0,0.0,0.0,0.3,0.5,1.0,0.0,4.0,5.0,2.18,Lio_G1,Lio,14.8,43.0,43.0,163.0,163.0,1,63.884,0.83279884,1.64,6.75,96.882996,3.85,16.021315,1
2,2015-01-02 00:00:00+00:00,9,2015-01-02 09:00:00+00:00,28.3,0.0,0.0,0.0,0.3,0.5,1.0,0.0,4.0,5.0,2.33,Lio_G1,Lio,14.8,43.0,43.0,163.0,163.0,1,63.884,0.83279884,1.75,6.75,96.882996,4.1099997,16.021315,1
2,2015-01-02 00:00:00+00:00,10,2015-01-02 10:00:00+00:00,28.39,0.0,0.0,0.0,0.3,0.5,1.0,0.0,4.0,5.0,2.35,Lio_G1,Lio,14.8,43.0,43.0,163.0,163.0,1,63.884,0.83279884,1.77,6.75,96.882996,4.15,16.021315,1
2,2015-01-02 00:00:00+00:00,11,2015-01-02 11:00:00+00:00,28.3,0.0,0.0,0.0,0.3,0.5,1.0,0.0,4.0,5.0,2.3,Lio_G1,Lio,14.8,43.0,43.0,163.0,163.0,1,63.884,0.83279884,1.72,6.75,96.882996,4.04,16.021315,1
2,2015-01-02 00:00:00+00:00,12,2015-01-02 12:00:00+00:00,28.24,0.0,0.0,0.0,0.3,0.5,1.0,0.0,4.0,5.0,2.23,Lio_G1,Lio,14.8,43.0,43.0,163.0,163.0,1,63.884,0.83279884,1.68,6.75,96.882996,3.94,16.021315,1
2,2015-01-02 00:00:00+00:00,13,2015-01-02 13:00:00+00:00,28.12,0.0,0.0,0.0,0.3,0.5,1.0,0.0,4.0,5.0,2.2,Lio_G1,Lio,14.8,43.0,43.0,163.0,163.0,1,63.884,0.83279884,1.65,6.75,96.882996,3.88,16.021315,1
2,2015-01-02 00:00:00+00:00,14,2015-01-02 14:00:00+00:00,28.23,0.0,0.0,0.0,0.3,0.5,1.0,0.0,4.0,5.0,2.17,Lio_G1,Lio,14.8,43.0,43.0,163.0,163.0,1,63.884,0.83279884,1.63,6.75,96.882996,3.8200002,16.021315,1
2,2015-01-02 00:00:00+00:00,15,2015-01-02 15:00:00+00:00,28.59,0.0,0.0,0.0,0.3,0.5,1.0,0.0,4.0,5.0,2.14,Lio_G1,Lio,14.8,43.0,43.0,163.0,163.0,1,63.884,0.83279884,1.61,6.75,96.882996,3.77,16.021315,1
2,2015-01-02 00:00:00+00:00,16,2015-01-02 16:00:00+00:00,28.73,0.0,0.0,0.0,0.3,0.5,1.0,0.0,4.0,5.0,2.13,Lio_G1,Lio,14.8,43.0,43.0,163.0,163.0,1,63.884,0.83279884,1.6,6.75,96.882996,3.75,16.021315,1
2,2015-01-02 00:00:00+00:00,17,2015-01-02 17:00:00+00:00,28.48,0.0,0.0,0.0,0.3,0.5,1.0,0.0,4.0,5.0,2.05,Lio_G1,Lio,14.8,43.0,43.0,163.0,163.0,1,63.884,0.83279884,1.54,6.75,96.882996,3.61,16.021315,1
2,2015-01-02 00:00:00+00:00,18,2015-01-02 18:00:00+00:00,28.38,0.0,0.0,0.0,0.3,0.5,1.0,0.0,4.0,5.0,1.64,Lio_G1,Lio,14.8,43.0,43.0,163.0,163.0,1,63.884,0.83279884,1.23,6.75,96.882996,2.8899999,16.021315,1
2,2015-01-02 00:00:00+00:00,19,2015-01-02 19:00:00+00:00,27.85,0.0,0.0,0.0,0.3,0.5,1.0,0.0,4.0,5.0,2.06,Lio_G1,Lio,14.8,43.0,43.0,163.0,163.0,1,63.884,0.83279884,1.55,6.75,96.882996,3.6299999,16.021315,1
2,2015-01-02 00:00:00+00:00,20,2015-01-02 20:00:00+00:00,27.45,0.0,0.0,0.0,0.3,0.5,1.0,0.0,4.0,5.0,2.2,Lio_G1,Lio,14.8,43.0,43.0,163.0,163.0,1,63.884,0.83279884,1.65,6.75,96.882996,3.87,16.021315,1
2,2015-01-02 00:00:00+00:00,21,2015-01-02 21:00:00+00:00,27.2,0.0,0.0,0.0,0.3,0.5,1.0,0.0,4.0,5.0,2.38,Lio_G1,Lio,14.8,43.0,43.0,163.0,163.0,1,63.884,0.83279884,1.78,6.75,96.882996,4.1800003,16.021315,1
2,2015-01-02 00:00:00+00:00,22,2015-01-02 22:00:00+00:00,26.79,0.0,0.0,0.0,0.3,0.5,1.0,0.0,4.0,5.0,2.59,Lio_G1,Lio,14.8,43.0,43.0,163.0,163.0,1,63.884,0.83279884,1.95,6.75,96.882996,4.5699997,16.021315,1
2,2015-01-02 00:00:00+00:00,23,2015-01-02 23:00:00+00:00,25.85,0.0,0.0,0.0,0.3,0.5,1.0,0.0,4.0,5.0,2.83,Lio_G1,Lio,14.8,43.0,43.0,163.0,163.0,1,63.884,0.83279884,2.12,6.75,96.882996,4.9799995,16.021315,1
2,2015-01-02 00:00:00+00:00,24,2015-01-03 00:00:00+00:00,25.54,0.0,0.0,0.0,0.3,0.5,1.0,0.0,4.0,5.0,2.84,Lio_G1,Lio,14.8,43.0,43.0,163.0,163.0,1,63.884,0.83279884,2.13,6.75,96.882996,5.0,16.021315,1
2,2015-01-02 00:00:00+00:00,25,2015-01-03 01:00:00+00:00,25.43,0.0,0.0,0.0,0.3,0.5,1.0,0.0,4.0,5.0,2.77,Lio_G1,Lio,14.8,43.0,43.0,163.0,163.0,1,63.884,0.83279884,2.08,6.75,96.882996,4.88,16.021315,1
2,2015-01-02 00:00:00+00:00,26,2015-01-03 02:00:00+00:00,25.34,0.0,0.0,0.0,0.3,0.5,1.0,0.0,4.0,5.0,2.86,Lio_G1,Lio,14.8,43.0,43.0,163.0,163.0,1,63.884,0.83279884,2.15,6.75,96.882996,5.04,16.021315,1
2,2015-01-02 00:00:00+00:00,27,2015-01-03 03:00:00+00:00,25.29,0.0,0.0,0.0,0.3,0.5,1.0,0.0,4.0,5.0,3.02,Lio_G1,Lio,14.8,43.0,43.0,163.0,163.0,1,63.884,0.83279884,2.26,6.75,96.882996,5.31,16.021315,1
2,2015-01-02 00:00:00+00:00,28,2015-01-03 04:00:00+00:00,25.3,0.0,0.0,0.0,0.3,0.5,1.0,0.0,4.0,5.0,3.13,Lio_G1,Lio,14.8,43.0,43.0,163.0,163.0,1,63.884,0.83279884,2.35,6.75,96.882996,5.51,16.021315,1
2,2015-01-02 00:00:00+00:00,29,2015-01-03 05:00:00+00:00,25.55,0.0,0.0,0.0,0.3,0.5,1.0,0.0,4.0,5.0,3.16,Lio_G1,Lio,14.8,43.0,43.0,163.0,163.0,1,63.884,0.83279884,2.37,6.75,96.882996,5.56,16.021315,1
2,2015-01-02 00:00:00+00:00,30,2015-01-03 06:00:00+00:00,26.75,0.0,0.0,0.0,0.3,0.5,1.0,0.0,4.0,5.0,3.13,Lio_G1,Lio,14.8,43.0,43.0,163.0,163.0,1,63.884,0.83279884,2.35,6.75,96.882996,5.51,16.021315,1
2,2015-01-02 00:00:00+00:00,31,2015-01-03 07:00:00+00:00,26.98,0.0,0.0,0.0,0.3,0.5,1.0,0.0,4.0,5.0,3.06,Lio_G1,Lio,14.8,43.0,43.0,163.0,163.0,1,63.884,0.83279884,2.3,6.75,96.882996,5.39,16.021315,1
2,2015-01-02 00:00:00+00:00,32,2015-01-03 08:00:00+00:00,27.52,0.0,0.0,0.0,0.3,0.5,1.0,0.0,4.0,5.0,3.01,Lio_G1,Lio,14.8,43.0,43.0,163.0,163.0,1,63.884,0.83279884,2.26,6.75,96.882996,5.31,16.021315,1
2,2015-01-02 00:00:00+00:00,33,2015-01-03 09:00:00+00:00,27.72,0.0,0.0,0.0,0.3,0.5,1.0,0.0,4.0,5.0,3.0,Lio_G1,Lio,14.8,43.0,43.0,163.0,163.0,1,63.884,0.83279884,2.25,6.75,96.882996,5.2799997,16.021315,1
2,2015-01-02 00:00:00+00:00,34,2015-01-03 10:00:00+00:00,27.73,0.0,0.0,0.0,0.3,0.5,1.0,0.0,4.0,5.0,2.92,Lio_G1,Lio,14.8,43.0,43.0,163.0,163.0,1,63.884,0.83279884,2.19,6.75,96.882996,5.1400003,16.021315,1
2,2015-01-02 00:00:00+00:00,35,2015-01-03 11:00:00+00:00,27.66,0.0,0.0,0.0,0.3,0.5,1.0,0.0,4.0,5.0,2.88,Lio_G1,Lio,14.8,43.0,43.0,163.0,163.0,1,63.884,0.83279884,2.16,6.75,96.882996,5.07,16.021315,1
2,2015-01-02 00:00:00+00:00,36,2015-01-03 12:00:00+00:00,27.65,0.0,0.0,0.0,0.3,0.5,1.0,0.0,4.0,5.0,2.85,Lio_G1,Lio,14.8,43.0,43.0,163.0,163.0,1,63.884,0.83279884,2.14,6.75,96.882996,5.0200005,16.021315,1
2,2015-01-02 00:00:00+00:00,37,2015-01-03 13:00:00+00:00,27.81,0.0,0.0,0.0,0.3,0.5,1.0,0.0,4.0,5.0,2.84,Lio_G1,Lio,14.8,43.0,43.0,163.0,163.0,1,63.884,0.83279884,2.13,6.75,96.882996,5.0,16.021315,1
2,2015-01-02 00:00:00+00:00,38,2015-01-03 14:00:00+00:00,28.29,0.0,0.0,0.0,0.3,0.5,1.0,0.0,4.0,5.0,2.81,Lio_G1,Lio,14.8,43.0,43.0,163.0,163.0,1,63.884,0.83279884,2.11,6.75,96.882996,4.95,16.021315,1
2,2015-01-02 00:00:00+00:00,39,2015-01-03 15:00:00+00:00,28.6,0.0,0.0,0.0,0.3,0.5,1.0,0.0,4.0,5.0,2.75,Lio_G1,Lio,14.8,43.0,43.0,163.0,163.0,1,63.884,0.83279884,2.06,6.75,96.882996,4.84,16.021315,1
2,2015-01-02 00:00:00+00:00,40,2015-01-03 16:00:00+00:00,28.88,0.0,0.0,0.0,0.3,0.5,1.0,0.0,4.0,5.0,2.69,Lio_G1,Lio,14.8,43.0,43.0,163.0,163.0,1,63.884,0.83279884,2.02,6.75,96.882996,4.74,16.021315,1
2,2015-01-02 00:00:00+00:00,41,2015-01-03 17:00:00+00:00,28.78,0.0,0.0,0.0,0.3,0.5,1.0,0.0,4.0,5.0,2.65,Lio_G1,Lio,14.8,43.0,43.0,163.0,163.0,1,63.884,0.83279884,1.99,6.75,96.882996,4.67,16.021315,1
2,2015-01-02 00:00:00+00:00,42,2015-01-03 18:00:00+00:00,28.54,0.0,0.0,0.0,0.3,0.5,1.0,0.0,4.0,5.0,2.6,Lio_G1,Lio,14.8,43.0,43.0,163.0,163.0,1,63.884,0.83279884,1.95,6.75,96.882996,4.58,16.021315,1
2,2015-01-02 00:00:00+00:00,43,2015-01-03 19:00:00+00:00,28.34,0.0,0.0,0.0,0.3,0.5,1.0,0.0,4.0,5.0,2.54,Lio_G1,Lio,14.8,43.0,43.0,163.0,163.0,1,63.884,0.83279884,1.91,6.75,96.882996,4.48,16.021315,1
2,2015-01-02 00:00:00+00:00,44,2015-01-03 20:00:00+00:00,27.93,0.0,0.0,0.0,0.3,0.5,1.0,0.0,4.0,5.0,2.47,Lio_G1,Lio,14.8,43.0,43.0,163.0,163.0,1,63.884,0.83279884,1.86,6.75,96.882996,4.36,16.021315,1
2,2015-01-02 00:00:00+00:00,45,2015-01-03 21:00:00+00:00,27.7,0.0,0.0,0.0,0.3,0.5,1.0,0.0,4.0,5.0,2.41,Lio_G1,Lio,14.8,43.0,43.0,163.0,163.0,1,63.884,0.83279884,1.81,6.75,96.882996,4.25,16.021315,1
2,2015-01-02 00:00:00+00:00,46,2015-01-03 22:00:00+00:00,27.25,0.0,0.0,0.0,0.3,0.5,1.0,0.0,4.0,5.0,2.33,Lio_G1,Lio,14.8,43.0,43.0,163.0,163.0,1,63.884,0.83279884,1.75,6.75,96.882996,4.1,16.021315,1
2,2015-01-02 00:00:00+00:00,47,2015-01-03 23:00:00+00:00,27.55,0.0,0.0,0.0,0.3,0.5,1.0,0.0,4.0,5.0,2.27,Lio_G1,Lio,14.8,43.0,43.0,163.0,163.0,1,63.884,0.83279884,1.7,6.75,96.882996,3.99,16.021315,1
2,2015-01-02 00:00:00+00:00,48,2015-01-04 00:00:00+00:00,27.38,0.0,0.0,0.0,0.3,0.5,1.0,0.0,4.0,5.0,2.22,Lio_G1,Lio,14.8,43.0,43.0,163.0,163.0,1,63.884,0.83279884,1.66,6.75,96.882996,3.9,16.021315,1
2,2015-01-02 00:00:00+00:00,49,2015-01-04 01:00:00+00:00,27.17,0.0,0.0,0.0,0.3,0.5,1.0,0.0,4.0,5.0,2.15,Lio_G1,Lio,14.8,43.0,43.0,163.0,163.0,1,63.884,0.83279884,1.62,6.75,96.882996,3.8000002,16.021315,1
2,2015-01-02 00:00:00+00:00,50,2015-01-04 02:00:00+00:00,27.03,0.0,0.0,0.0,0.3,0.5,1.0,0.0,4.0,5.0,2.1,Lio_G1,Lio,14.8,43.0,43.0,163.0,163.0,1,63.884,0.83279884,1.58,6.75,96.882996,3.71,16.021315,1
2,2015-01-02 00:00:00+00:00,51,2015-01-04 03:00:00+00:00,27.04,0.0,0.0,0.0,0.3,0.5,1.0,0.0,4.0,5.0,2.06,Lio_G1,Lio,14.8,43.0,43.0,163.0,163.0,1,63.884,0.83279884,1.55,6.75,96.882996,3.6299999,16.021315,1
2,2015-01-02 00:00:00+00:00,52,2015-01-04 04:00:00+00:00,27.19,0.0,0.0,0.0,0.3,0.5,1.0,0.0,4.0,5.0,2.01,Lio_G1,Lio,14.8,43.0,43.0,163.0,163.0,1,63.884,0.83279884,1.51,6.75,96.882996,3.54,16.021315,1
2,2015-01-02 00:00:00+00:00,53,2015-01-04 05:00:00+00:00,27.13,0.0,0.0,0.0,0.3,0.5,1.0,0.0,4.0,5.0,1.99,Lio_G1,Lio,14.8,43.0,43.0,163.0,163.0,1,63.884,0.83279884,1.49,6.75,96.882996,3.5,16.021315,1
2,2015-01-02 00:00:00+00:00,54,2015-01-04 06:00:00+00:00,27.06,0.0,0.0,0.0,0.3,0.5,1.0,0.0,4.0,5.0,1.94,Lio_G1,Lio,14.8,43.0,43.0,163.0,163.0,1,63.884,0.83279884,1.46,6.75,96.882996,3.42,16.021315,1
2,2015-01-02 00:00:00+00:00,55,2015-01-04 07:00:00+00:00,27.63,0.0,0.0,0.0,0.3,0.5,1.0,0.0,4.0,5.0,1.89,Lio_G1,Lio,14.8,43.0,43.0,163.0,163.0,1,63.884,0.83279884,1.42,6.75,96.882996,3.33,16.021315,1
2,2015-01-02 00:00:00+00:00,56,2015-01-04 08:00:00+00:00,28.03,0.0,0.0,0.0,0.3,0.5,1.0,0.0,4.0,5.0,1.84,Lio_G1,Lio,14.8,43.0,43.0,163.0,163.0,1,63.884,0.83279884,1.38,6.75,96.882996,3.24,16.021315,1
2,2015-01-02 00:00:00+00:00,57,2015-01-04 09:00:00+00:00,28.24,0.0,0.0,0.0,0.3,0.5,1.0,0.0,4.0,5.0,1.82,Lio_G1,Lio,14.8,43.0,43.0,163.0,163.0,1,63.884,0.83279884,1.37,6.75,96.882996,3.21,16.021315,1
2,2015-01-02 00:00:00+00:00,58,2015-01-04 10:00:00+00:00,28.32,0.0,0.0,0.0,0.3,0.5,1.0,0.0,4.0,5.0,1.79,Lio_G1,Lio,14.8,43.0,43.0,163.0,163.0,1,63.884,0.83279884,1.34,6.75,96.882996,3.1399999,16.021315,1
2,2015-01-02 00:00:00+00:00,59,2015-01-04 11:00:00+00:00,28.24,0.0,0.0,0.0,0.3,0.5,1.0,0.0,4.0,5.0,1.77,Lio_G1,Lio,14.8,43.0,43.0,163.0,163.0,1,63.884,0.83279884,1.33,6.75,96.882996,3.12,16.021315,1
2,2015-01-02 00:00:00+00:00,60,2015-01-04 12:00:00+00:00,28.27,0.0,0.0,0.0,0.3,0.5,1.0,0.0,4.0,5.0,1.74,Lio_G1,Lio,14.8,43.0,43.0,163.0,163.0,1,63.884,0.83279884,1.3,6.75,96.882996,3.06,16.021315,1
2,2015-01-02 00:00:00+00:00,61,2015-01-04 13:00:00+00:00,28.32,0.0,0.0,0.0,0.3,0.5,1.0,0.0,4.0,5.0,1.72,Lio_G1,Lio,14.8,43.0,43.0,163.0,163.0,1,63.884,0.83279884,1.29,6.75,96.882996,3.02,16.021315,1
2,2015-01-02 00:00:00+00:00,62,2015-01-04 14:00:00+00:00,28.37,0.0,0.0,0.0,0.3,0.5,1.0,0.0,4.0,5.0,1.7,Lio_G1,Lio,14.8,43.0,43.0,163.0,163.0,1,63.884,0.83279884,1.28,6.75,96.882996,3.0,16.021315,1
2,2015-01-02 00:00:00+00:00,63,2015-01-04 15:00:00+00:00,28.65,0.0,0.0,0.0,0.3,0.5,1.0,0.0,4.0,5.0,1.68,Lio_G1,Lio,14.8,43.0,43.0,163.0,163.0,1,63.884,0.83279884,1.26,6.75,96.882996,2.96,16.021315,1
2,2015-01-02 00:00:00+00:00,64,2015-01-04 16:00:00+00:00,28.98,0.0,0.0,0.0,0.3,0.5,1.0,0.0,4.0,5.0,1.68,Lio_G1,Lio,14.8,43.0,43.0,163.0,163.0,1,63.884,0.83279884,1.26,6.75,96.882996,2.96,16.021315,1
2,2015-01-02 00:00:00+00:00,65,2015-01-04 17:00:00+00:00,29.54,0.0,0.0,0.0,0.3,0.5,1.0,0.0,4.0,5.0,1.65,Lio_G1,Lio,14.8,43.0,43.0,163.0,163.0,1,63.884,0.83279884,1.24,6.75,96.882996,2.9099998,16.021315,1
2,2015-01-02 00:00:00+00:00,66,2015-01-04 18:00:00+00:00,29.42,0.0,0.0,0.0,0.3,0.5,1.0,0.0,4.0,5.0,1.64,Lio_G1,Lio,14.8,43.0,43.0,163.0,163.0,1,63.884,0.83279884,1.23,6.75,96.882996,2.8899999,16.021315,1
2,2015-01-02 00:00:00+00:00,67,2015-01-04 19:00:00+00:00,28.92,0.0,0.0,0.0,0.3,0.5,1.0,0.0,4.0,5.0,1.63,Lio_G1,Lio,14.8,43.0,43.0,163.0,163.0,1,63.884,0.83279884,1.23,6.75,96.882996,2.88,16.021315,1
2,2015-01-02 00:00:00+00:00,68,2015-01-04 20:00:00+00:00,28.66,0.0,0.0,0.0,0.3,0.5,1.0,0.0,4.0,5.0,1.6,Lio_G1,Lio,14.8,43.0,43.0,163.0,163.0,1,63.884,0.83279884,1.2,6.75,96.882996,2.8200002,16.021315,1
2,2015-01-02 00:00:00+00:00,69,2015-01-04 21:00:00+00:00,28.69,0.0,0.0,0.0,0.3,0.5,1.0,0.0,4.0,5.0,1.59,Lio_G1,Lio,14.8,43.0,43.0,163.0,163.0,1,63.884,0.83279884,1.19,6.75,96.882996,2.79,16.021315,1
2,2015-01-02 00:00:00+00:00,70,2015-01-04 22:00:00+00:00,28.02,0.0,0.0,0.0,0.3,0.5,1.0,0.0,4.0,5.0,1.58,Lio_G1,Lio,14.8,43.0,43.0,163.0,163.0,1,63.884,0.83279884,1.18,6.75,96.882996,2.77,16.021315,1
2,2015-01-02 00:00:00+00:00,71,2015-01-04 23:00:00+00:00,28.19,0.0,0.0,0.0,0.3,0.5,1.0,0.0,4.0,5.0,1.57,Lio_G1,Lio,14.8,43.0,43.0,163.0,163.0,1,63.884,0.83279884,1.18,6.75,96.882996,2.77,16.021315,1
2,2015-01-02 00:00:00+00:00,72,2015-01-05 00:00:00+00:00,28.15,0.0,0.0,0.0,0.3,0.5,1.0,0.0,4.0,5.0,1.56,Lio_G1,Lio,14.8,43.0,43.0,163.0,163.0,1,63.884,0.83279884,1.17,6.75,96.882996,2.75,16.021315,1
2,2015-01-02 00:00:00+00:00,73,2015-01-05 01:00:00+00:00,28.13,0.0,0.0,0.0,0.3,0.5,1.0,0.0,4.0,5.0,1.54,Lio_G1,Lio,14.8,43.0,43.0,163.0,163.0,1,63.884,0.83279884,1.16,6.75,96.882996,2.7199998,16.021315,1
2,2015-01-02 00:00:00+00:00,74,2015-01-05 02:00:00+00:00,28.05,0.0,0.0,0.0,0.3,0.5,1.0,0.0,4.0,5.0,1.53,Lio_G1,Lio,14.8,43.0,43.0,163.0,163.0,1,63.884,0.83279884,1.15,6.75,96.882996,2.69,16.021315,1
2,2015-01-02 00:00:00+00:00,75,2015-01-05 03:00:00+00:00,28.04,0.0,0.0,0.0,0.3,0.5,1.0,0.0,4.0,5.0,1.52,Lio_G1,Lio,14.8,43.0,43.0,163.0,163.0,1,63.884,0.83279884,1.14,6.75,96.882996,2.67,16.021315,1
2,2015-01-02 00:00:00+00:00,76,2015-01-05 04:00:00+00:00,28.46,0.0,0.0,0.0,0.3,0.5,1.0,0.0,4.0,5.0,1.51,Lio_G1,Lio,14.8,43.0,43.0,163.0,163.0,1,63.884,0.83279884,1.14,6.75,96.882996,2.67,16.021315,1
2,2015-01-02 00:00:00+00:00,77,2015-01-05 05:00:00+00:00,28.78,0.0,0.0,0.0,0.3,0.5,1.0,0.0,4.0,5.0,1.5,Lio_G1,Lio,14.8,43.0,43.0,163.0,163.0,1,63.884,0.83279884,1.13,6.75,96.882996,2.65,16.021315,1
2,2015-01-02 00:00:00+00:00,78,2015-01-05 06:00:00+00:00,30.99,0.0,0.0,0.0,0.3,0.5,1.0,0.0,4.0,5.0,1.48,Lio_G1,Lio,14.8,43.0,43.0,163.0,163.0,1,63.884,0.83279884,1.11,6.75,96.882996,2.6,16.021315,1
2,2015-01-02 00:00:00+00:00,79,2015-01-05 07:00:00+00:00,38.15,0.0,0.0,0.0,0.3,0.5,1.0,0.0,4.0,5.0,1.47,Lio_G1,Lio,14.8,43.0,43.0,163.0,163.0,1,63.884,0.83279884,1.11,6.75,96.882996,2.6,16.021315,1
2,2015-01-02 00:00:00+00:00,80,2015-01-05 08:00:00+00:00,41.51,0.0,0.0,0.0,0.3,0.5,1.0,0.0,4.0,5.0,1.46,Lio_G1,Lio,14.8,43.0,43.0,163.0,163.0,1,63.884,0.83279884,1.1,6.75,96.882996,2.58,16.021315,1
2,2015-01-02 00:00:00+00:00,81,2015-01-05 09:00:00+00:00,40.46,0.0,0.0,0.0,0.3,0.5,1.0,0.0,4.0,5.0,1.46,Lio_G1,Lio,14.8,43.0,43.0,163.0,163.0,1,63.884,0.83279884,1.09,6.75,96.882996,2.56,16.021315,1
2,2015-01-02 00:00:00+00:00,82,2015-01-05 10:00:00+00:00,40.97,0.0,0.0,0.0,0.3,0.5,1.0,0.0,4.0,5.0,1.45,Lio_G1,Lio,14.8,43.0,43.0,163.0,163.0,1,63.884,0.83279884,1.09,6.75,96.882996,2.56,16.021315,1
2,2015-01-02 00:00:00+00:00,83,2015-01-05 11:00:00+00:00,38.66,0.0,0.0,0.0,0.3,0.5,1.0,0.0,4.0,5.0,1.45,Lio_G1,Lio,14.8,43.0,43.0,163.0,163.0,1,63.884,0.83279884,1.09,6.75,96.882996,2.56,16.021315,1
2,2015-01-02 00:00:00+00:00,84,2015-01-05 12:00:00+00:00,36.44,0.0,0.0,0.0,0.3,0.5,1.0,0.0,4.0,5.0,1.45,Lio_G1,Lio,14.8,43.0,43.0,163.0,163.0,1,63.884,0.83279884,1.09,6.75,96.882996,2.56,16.021315,1
2,2015-01-02 00:00:00+00:00,85,2015-01-05 13:00:00+00:00,37.74,0.0,0.0,0.0,0.3,0.5,1.0,0.0,4.0,5.0,1.45,Lio_G1,Lio,14.8,43.0,43.0,163.0,163.0,1,63.884,0.83279884,1.09,6.75,96.882996,2.56,16.021315,1
2,2015-01-02 00:00:00+00:00,86,2015-01-05 14:00:00+00:00,43.1,0.0,0.0,0.0,0.3,0.5,1.0,0.0,4.0,5.0,1.45,Lio_G1,Lio,14.8,43.0,43.0,163.0,163.0,1,63.884,0.83279884,1.09,6.75,96.882996,2.56,16.021315,1
2,2015-01-02 00:00:00+00:00,87,2015-01-05 15:00:00+00:00,46.7,0.0,0.0,0.0,0.3,0.5,1.0,0.0,4.0,5.0,1.44,Lio_G1,Lio,14.8,43.0,43.0,163.0,163.0,1,63.884,0.83279884,1.08,6.75,96.882996,2.5300002,16.021315,1
2,2015-01-02 00:00:00+00:00,88,2015-01-05 16:00:00+00:00,56.78,0.0,0.0,0.0,0.3,0.5,1.0,0.0,4.0,5.0,1.44,Lio_G1,Lio,14.8,43.0,43.0,163.0,163.0,1,63.884,0.83279884,1.08,6.75,96.882996,2.5300002,16.021315,1
2,2015-01-02 00:00:00+00:00,89,2015-01-05 17:00:00+00:00,36.49,0.0,0.0,0.0,0.3,0.5,1.0,0.0,4.0,5.0,1.45,Lio_G1,Lio,14.8,43.0,43.0,163.0,163.0,1,63.884,0.83279884,1.09,6.75,96.882996,2.56,16.021315,1
2,2015-01-02 00:00:00+00:00,90,2015-01-05 18:00:00+00:00,32.43,0.0,0.0,0.0,0.3,0.5,1.0,0.0,4.0,5.0,1.44,Lio_G1,Lio,14.8,43.0,43.0,163.0,163.0,1,63.884,0.83279884,1.08,6.75,96.882996,2.5300002,16.021315,1
2,2015-01-02 00:00:00+00:00,91,2015-01-05 19:00:00+00:00,31.39,0.0,0.0,0.0,0.3,0.5,1.0,0.0,4.0,5.0,1.43,Lio_G1,Lio,14.8,43.0,43.0,163.0,163.0,1,63.884,0.83279884,1.08,6.75,96.882996,2.5300002,16.021315,1
2,2015-01-02 00:00:00+00:00,92,2015-01-05 20:00:00+00:00,30.29,0.0,0.0,0.0,0.3,0.5,1.0,0.0,4.0,5.0,1.43,Lio_G1,Lio,14.8,43.0,43.0,163.0,163.0,1,63.884,0.83279884,1.07,6.75,96.882996,2.5100002,16.021315,1
2,2015-01-02 00:00:00+00:00,93,2015-01-05 21:00:00+00:00,29.43,0.0,0.0,0.0,0.3,0.5,1.0,0.0,4.0,5.0,1.43,Lio_G1,Lio,14.8,43.0,43.0,163.0,163.0,1,63.884,0.83279884,1.08,6.75,96.882996,2.5300002,16.021315,1
2,2015-01-02 00:00:00+00:00,94,2015-01-05 22:00:00+00:00,29.09,0.0,0.0,0.0,0.3,0.5,1.0,0.0,4.0,5.0,1.44,Lio_G1,Lio,14.8,43.0,43.0,163.0,163.0,1,63.884,0.83279884,1.08,6.75,96.882996,2.5300002,16.021315,1
2,2015-01-02 00:00:00+00:00,95,2015-01-05 23:00:00+00:00,28.08,0.0,0.0,0.0,0.3,0.5,1.0,0.0,4.0,5.0,1.44,Lio_G1,Lio,14.8,43.0,43.0,163.0,163.0,1,63.884,0.83279884,1.08,6.75,96.882996,2.5300002,16.021315,1
2,2015-01-02 00:00:00+00:00,96,2015-01-06 00:00:00+00:00,27.94,0.0,0.0,0.0,0.3,0.5,1.0,0.0,4.0,5.0,1.44,Lio_G1,Lio,14.8,43.0,43.0,163.0,163.0,1,63.884,0.83279884,1.08,6.75,96.882996,2.5300002,16.021315,1
2,2015-01-02 00:00:00+00:00,97,2015-01-06 01:00:00+00:00,27.91,0.0,0.0,0.0,0.3,0.5,1.0,0.0,4.0,5.0,1.44,Lio_G1,Lio,14.8,43.0,43.0,163.0,163.0,1,63.884,0.83279884,1.08,6.75,96.882996,2.5300002,16.021315,1
2,2015-01-02 00:00:00+00:00,98,2015-01-06 02:00:00+00:00,27.89,0.0,0.0,0.0,0.3,0.5,1.0,0.0,4.0,5.0,1.44,Lio_G1,Lio,14.8,43.0,43.0,163.0,163.0,1,63.884,0.83279884,1.08,6.75,96.882996,2.5300002,16.021315,1
2,2015-01-02 00:00:00+00:00,99,2015-01-06 03:00:00+00:00,27.89,0.0,0.0,0.0,0.3,0.5,1.0,0.0,4.0,5.0,1.44,Lio_G1,Lio,14.8,43.0,43.0,163.0,163.0,1,63.884,0.83279884,1.08,6.75,96.882996,2.5300002,16.021315,1
2,2015-01-02 00:00:00+00:00,100,2015-01-06 04:00:00+00:00,28.01,0.0,0.0,0.0,0.3,0.5,1.0,0.0,4.0,5.0,1.44,Lio_G1,Lio,14.8,43.0,43.0,163.0,163.0,1,63.884,0.83279884,1.08,6.75,96.882996,2.5300002,16.021315,1
2,2015-01-02 00:00:00+00:00,101,2015-01-06 05:00:00+00:00,28.73,0.0,0.0,0.0,0.3,0.5,1.0,0.0,4.0,5.0,1.44,Lio_G1,Lio,14.8,43.0,43.0,163.0,163.0,1,63.884,0.83279884,1.08,6.75,96.882996,2.5300002,16.021315,1
2,2015-01-02 00:00:00+00:00,102,2015-01-06 06:00:00+00:00,30.03,0.0,0.0,0.0,0.3,0.5,1.0,0.0,4.0,5.0,1.43,Lio_G1,Lio,14.8,43.0,43.0,163.0,163.0,1,63.884,0.83279884,1.08,6.75,96.882996,2.5300002,16.021315,1
2,2015-01-02 00:00:00+00:00,103,2015-01-06 07:00:00+00:00,30.5,0.0,0.0,0.0,0.3,0.5,1.0,0.0,4.0,5.0,1.42,Lio_G1,Lio,14.8,43.0,43.0,163.0,163.0,1,63.884,0.83279884,1.07,6.75,96.882996,2.5100002,16.021315,1
2,2015-01-02 00:00:00+00:00,104,2015-01-06 08:00:00+00:00,30.35,0.0,0.0,0.0,0.3,0.5,1.0,0.0,4.0,5.0,1.42,Lio_G1,Lio,14.8,43.0,43.0,163.0,163.0,1,63.884,0.83279884,1.06,6.75,96.882996,2.4899998,16.021315,1
2,2015-01-02 00:00:00+00:00,105,2015-01-06 09:00:00+00:00,30.53,0.0,0.0,0.0,0.3,0.5,1.0,0.0,4.0,5.0,1.42,Lio_G1,Lio,14.8,43.0,43.0,163.0,163.0,1,63.884,0.83279884,1.07,6.75,96.882996,2.5100002,16.021315,1
2,2015-01-02 00:00:00+00:00,106,2015-01-06 10:00:00+00:00,29.91,0.0,0.0,0.0,0.3,0.5,1.0,0.0,4.0,5.0,1.43,Lio_G1,Lio,14.8,43.0,43.0,163.0,163.0,1,63.884,0.83279884,1.07,6.75,96.882996,2.52,16.021315,1
2,2015-01-02 00:00:00+00:00,107,2015-01-06 11:00:00+00:00,29.62,0.0,0.0,0.0,0.3,0.5,1.0,0.0,4.0,5.0,1.41,Lio_G1,Lio,14.8,43.0,43.0,163.0,163.0,1,63.884,0.83279884,1.06,6.75,96.882996,2.4899998,16.021315,1
2,2015-01-02 00:00:00+00:00,108,2015-01-06 12:00:00+00:00,29.58,0.0,0.0,0.0,0.3,0.5,1.0,0.0,4.0,5.0,1.4,Lio_G1,Lio,14.8,43.0,43.0,163.0,163.0,1,63.884,0.83279884,1.05,6.75,96.882996,2.4699998,16.021315,1
2,2015-01-02 00:00:00+00:00,109,2015-01-06 13:00:00+00:00,29.57,0.0,0.0,0.0,0.3,0.5,1.0,0.0,4.0,5.0,1.41,Lio_G1,Lio,14.8,43.0,43.0,163.0,163.0,1,63.884,0.83279884,1.06,6.75,96.882996,2.48,16.021315,1
2,2015-01-02 00:00:00+00:00,110,2015-01-06 14:00:00+00:00,29.62,0.0,0.0,0.0,0.3,0.5,1.0,0.0,4.0,5.0,1.41,Lio_G1,Lio,14.8,43.0,43.0,163.0,163.0,1,63.884,0.83279884,1.06,6.75,96.882996,2.48,16.021315,1
2,2015-01-02 00:00:00+00:00,111,2015-01-06 15:00:00+00:00,29.99,0.0,0.0,0.0,0.3,0.5,1.0,0.0,4.0,5.0,1.41,Lio_G1,Lio,14.8,43.0,43.0,163.0,163.0,1,63.884,0.83279884,1.06,6.75,96.882996,2.48,16.021315,1
2,2015-01-02 00:00:00+00:00,112,2015-01-06 16:00:00+00:00,29.65,0.0,0.0,0.0,0.3,0.5,1.0,0.0,4.0,5.0,1.41,Lio_G1,Lio,14.8,43.0,43.0,163.0,163.0,1,63.884,0.83279884,1.06,6.75,96.882996,2.48,16.021315,1
2,2015-01-02 00:00:00+00:00,113,2015-01-06 17:00:00+00:00,29.58,0.0,0.0,0.0,0.3,0.5,1.0,0.0,4.0,5.0,1.4,Lio_G1,Lio,14.8,43.0,43.0,163.0,163.0,1,63.884,0.83279884,1.05,6.75,96.882996,2.46,16.021315,1
2,2015-01-02 00:00:00+00:00,114,2015-01-06 18:00:00+00:00,29.0,0.0,0.0,0.0,0.3,0.5,1.0,0.0,4.0,5.0,1.4,Lio_G1,Lio,14.8,43.0,43.0,163.0,163.0,1,63.884,0.83279884,1.05,6.75,96.882996,2.46,16.021315,1
2,2015-01-02 00:00:00+00:00,115,2015-01-06 19:00:00+00:00,28.45,0.0,0.0,0.0,0.3,0.5,1.0,0.0,4.0,5.0,1.4,Lio_G1,Lio,14.8,43.0,43.0,163.0,163.0,1,63.884,0.83279884,1.05,6.75,96.882996,2.46,16.021315,1
2,2015-01-02 00:00:00+00:00,116,2015-01-06 20:00:00+00:00,28.15,0.0,0.0,0.0,0.3,0.5,1.0,0.0,4.0,5.0,1.38,Lio_G1,Lio,14.8,43.0,43.0,163.0,163.0,1,63.884,0.83279884,1.04,6.75,96.882996,2.44,16.021315,1
2,2015-01-02 00:00:00+00:00,117,2015-01-06 21:00:00+00:00,27.73,0.0,0.0,0.0,0.3,0.5,1.0,0.0,4.0,5.0,1.4,Lio_G1,Lio,14.8,43.0,43.0,163.0,163.0,1,63.884,0.83279884,1.05,6.75,96.882996,2.4699998,16.021315,1
2,2015-01-02 00:00:00+00:00,118,2015-01-06 22:00:00+00:00,27.32,0.0,0.0,0.0,0.3,0.5,1.0,0.0,4.0,5.0,1.39,Lio_G1,Lio,14.8,43.0,43.0,163.0,163.0,1,63.884,0.83279884,1.05,6.75,96.882996,2.46,16.021315,1
2,2015-01-02 00:00:00+00:00,119,2015-01-06 23:00:00+00:00,26.35,0.0,0.0,0.0,0.3,0.5,1.0,0.0,4.0,5.0,1.31,Lio_G1,Lio,14.8,43.0,43.0,163.0,163.0,1,63.884,0.83279884,0.98,6.75,96.882996,2.3000002,16.021315,1
2,2015-01-02 00:00:00+00:00,120,2015-01-07 00:00:00+00:00,26.08,0.0,0.0,0.0,0.3,0.5,1.0,0.0,4.0,5.0,1.29,Lio_G1,Lio,14.8,43.0,43.0,163.0,163.0,1,63.884,0.83279884,0.97,6.75,96.882996,2.28,16.021315,1
2,2015-01-02 00:00:00+00:00,121,2015-01-07 01:00:00+00:00,26.03,0.0,0.0,0.0,0.3,0.5,1.0,0.0,4.0,5.0,1.29,Lio_G1,Lio,14.8,43.0,43.0,163.0,163.0,1,63.884,0.83279884,0.97,6.75,96.882996,2.27,16.021315,1
2,2015-01-02 00:00:00+00:00,122,2015-01-07 02:00:00+00:00,26.17,0.0,0.0,0.0,0.3,0.5,1.0,0.0,4.0,5.0,1.27,Lio_G1,Lio,14.8,43.0,43.0,163.0,163.0,1,63.884,0.83279884,0.95,6.75,96.882996,2.23,16.021315,1
2,2015-01-02 00:00:00+00:00,123,2015-01-07 03:00:00+00:00,26.74,0.0,0.0,0.0,0.3,0.5,1.0,0.0,4.0,5.0,1.27,Lio_G1,Lio,14.8,43.0,43.0,163.0,163.0,1,63.884,0.83279884,0.95,6.75,96.882996,2.23,16.021315,1
2,2015-01-02 00:00:00+00:00,124,2015-01-07 04:00:00+00:00,27.78,0.0,0.0,0.0,0.3,0.5,1.0,0.0,4.0,5.0,1.27,Lio_G1,Lio,14.8,43.0,43.0,163.0,163.0,1,63.884,0.83279884,0.95,6.75,96.882996,2.23,16.021315,1
2,2015-01-02 00:00:00+00:00,125,2015-01-07 05:00:00+00:00,28.48,0.0,0.0,0.0,0.3,0.5,1.0,0.0,4.0,5.0,1.27,Lio_G1,Lio,14.8,43.0,43.0,163.0,163.0,1,63.884,0.83279884,0.95,6.75,96.882996,2.23,16.021315,1
2,2015-01-02 00:00:00+00:00,126,2015-01-07 06:00:00+00:00,31.53,0.0,0.0,0.0,0.3,0.5,1.0,0.0,4.0,5.0,1.27,Lio_G1,Lio,14.8,43.0,43.0,163.0,163.0,1,63.884,0.83279884,0.95,6.75,96.882996,2.23,16.021315,1
2,2015-01-02 00:00:00+00:00,127,2015-01-07 07:00:00+00:00,32.54,0.0,0.0,0.0,0.3,0.5,1.0,0.0,4.0,5.0,1.27,Lio_G1,Lio,14.8,43.0,43.0,163.0,163.0,1,63.884,0.83279884,0.95,6.75,96.882996,2.23,16.021315,1
2,2015-01-02 00:00:00+00:00,128,2015-01-07 08:00:00+00:00,32.24,0.0,0.0,0.0,0.3,0.5,1.0,0.0,4.0,5.0,1.26,Lio_G1,Lio,14.8,43.0,43.0,163.0,163.0,1,63.884,0.83279884,0.95,6.75,96.882996,2.23,16.021315,1
2,2015-01-02 00:00:00+00:00,129,2015-01-07 09:00:00+00:00,31.96,0.0,0.0,0.0,0.3,0.5,1.0,0.0,4.0,5.0,1.25,Lio_G1,Lio,14.8,43.0,43.0,163.0,163.0,1,63.884,0.83279884,0.94,6.75,96.882996,2.2,16.021315,1
2,2015-01-02 00:00:00+00:00,130,2015-01-07 10:00:00+00:00,31.66,0.0,0.0,0.0,0.3,0.5,1.0,0.0,4.0,5.0,1.25,Lio_G1,Lio,14.8,43.0,43.0,163.0,163.0,1,63.884,0.83279884,0.94,6.75,96.882996,2.2,16.021315,1
2,2015-01-02 00:00:00+00:00,131,2015-01-07 11:00:00+00:00,30.97,0.0,0.0,0.0,0.3,0.5,1.0,0.0,4.0,5.0,1.25,Lio_G1,Lio,14.8,43.0,43.0,163.0,163.0,1,63.884,0.83279884,0.94,6.75,96.882996,2.2,16.021315,1
2,2015-01-02 00:00:00+00:00,132,2015-01-07 12:00:00+00:00,30.65,0.0,0.0,0.0,0.3,0.5,1.0,0.0,4.0,5.0,1.25,Lio_G1,Lio,14.8,43.0,43.0,163.0,163.0,1,63.884,0.83279884,0.94,6.75,96.882996,2.2,16.021315,1
2,2015-01-02 00:00:00+00:00,133,2015-01-07 13:00:00+00:00,30.31,0.0,0.0,0.0,0.3,0.5,1.0,0.0,4.0,5.0,1.23,Lio_G1,Lio,14.8,43.0,43.0,163.0,163.0,1,63.884,0.83279884,0.93,6.75,96.882996,2.18,16.021315,1
2,2015-01-02 00:00:00+00:00,134,2015-01-07 14:00:00+00:00,29.79,0.0,0.0,0.0,0.3,0.5,1.0,0.0,4.0,5.0,1.23,Lio_G1,Lio,14.8,43.0,43.0,163.0,163.0,1,63.884,0.83279884,0.92,6.75,96.882996,2.16,16.021315,1
2,2015-01-02 00:00:00+00:00,135,2015-01-07 15:00:00+00:00,30.72,0.0,0.0,0.0,0.3,0.5,1.0,0.0,4.0,5.0,1.21,Lio_G1,Lio,14.8,43.0,43.0,163.0,163.0,1,63.884,0.83279884,0.91,6.75,96.882996,2.13,16.021315,1
2,2015-01-02 00:00:00+00:00,136,2015-01-07 16:00:00+00:00,29.56,0.0,0.0,0.0,0.3,0.5,1.0,0.0,4.0,5.0,1.2,Lio_G1,Lio,14.8,43.0,43.0,163.0,163.0,1,63.884,0.83279884,0.9,6.75,96.882996,2.12,16.021315,1
2,2015-01-02 00:00:00+00:00,137,2015-01-07 17:00:00+00:00,28.84,0.0,0.0,0.0,0.3,0.5,1.0,0.0,4.0,5.0,1.2,Lio_G1,Lio,14.8,43.0,43.0,163.0,163.0,1,63.884,0.83279884,0.9,6.75,96.882996,2.12,16.021315,1
2,2015-01-02 00:00:00+00:00,138,2015-01-07 18:00:00+00:00,28.2,0.0,0.0,0.0,0.3,0.5,1.0,0.0,4.0,5.0,1.2,Lio_G1,Lio,14.8,43.0,43.0,163.0,163.0,1,63.884,0.83279884,0.9,6.75,96.882996,2.12,16.021315,1
2,2015-01-02 00:00:00+00:00,139,2015-01-07 19:00:00+00:00,27.75,0.0,0.0,0.0,0.3,0.5,1.0,0.0,4.0,5.0,1.2,Lio_G1,Lio,14.8,43.0,43.0,163.0,163.0,1,63.884,0.83279884,0.9,6.75,96.882996,2.12,16.021315,1
2,2015-01-02 00:00:00+00:00,140,2015-01-07 20:00:00+00:00,27.42,0.0,0.0,0.0,0.3,0.5,1.0,0.0,4.0,5.0,1.21,Lio_G1,Lio,14.8,43.0,43.0,163.0,163.0,1,63.884,0.83279884,0.91,6.75,96.882996,2.13,16.021315,1
2,2015-01-02 00:00:00+00:00,141,2015-01-07 21:00:00+00:00,26.68,0.0,0.0,0.0,0.3,0.5,1.0,0.0,4.0,5.0,1.22,Lio_G1,Lio,14.8,43.0,43.0,163.0,163.0,1,63.884,0.83279884,0.92,6.75,96.882996,2.16,16.021315,1
2,2015-01-02 00:00:00+00:00,142,2015-01-07 22:00:00+00:00,26.15,0.0,0.0,0.0,0.3,0.5,1.0,0.0,4.0,5.0,1.21,Lio_G1,Lio,14.8,43.0,43.0,163.0,163.0,1,63.884,0.83279884,0.9,6.75,96.882996,2.12,16.021315,1
2,2015-01-02 00:00:00+00:00,143,2015-01-07 23:00:00+00:00,26.04,0.0,0.0,0.0,0.3,0.5,1.0,0.0,4.0,5.0,1.19,Lio_G1,Lio,14.8,43.0,43.0,163.0,163.0,1,63.884,0.83279884,0.89,6.75,96.882996,2.0900002,16.021315,1
2,2015-01-02 00:00:00+00:00,144,2015-01-08 00:00:00+00:00,25.07,0.0,0.0,0.0,0.3,0.5,1.0,0.0,4.0,5.0,1.19,Lio_G1,Lio,14.8,43.0,43.0,163.0,163.0,1,63.884,0.83279884,0.89,6.75,96.882996,2.0900002,16.021315,1
2,2015-01-02 00:00:00+00:00,145,2015-01-08 01:00:00+00:00,24.57,0.0,0.0,0.0,0.3,0.5,1.0,0.0,4.0,5.0,1.2,Lio_G1,Lio,14.8,43.0,43.0,163.0,163.0,1,63.884,0.83279884,0.9,6.75,96.882996,2.1100001,16.021315,1
2,2015-01-02 00:00:00+00:00,146,2015-01-08 02:00:00+00:00,24.44,0.0,0.0,0.0,0.3,0.5,1.0,0.0,4.0,5.0,1.19,Lio_G1,Lio,14.8,43.0,43.0,163.0,163.0,1,63.884,0.83279884,0.89,6.75,96.882996,2.0900002,16.021315,1
2,2015-01-02 00:00:00+00:00,147,2015-01-08 03:00:00+00:00,24.54,0.0,0.0,0.0,0.3,0.5,1.0,0.0,4.0,5.0,1.19,Lio_G1,Lio,14.8,43.0,43.0,163.0,163.0,1,63.884,0.83279884,0.89,6.75,96.882996,2.0900002,16.021315,1
2,2015-01-02 00:00:00+00:00,148,2015-01-08 04:00:00+00:00,26.04,0.0,0.0,0.0,0.3,0.5,1.0,0.0,4.0,5.0,1.19,Lio_G1,Lio,14.8,43.0,43.0,163.0,163.0,1,63.884,0.83279884,0.89,6.75,96.882996,2.0900002,16.021315,1
2,2015-01-02 00:00:00+00:00,149,2015-01-08 05:00:00+00:00,26.89,0.0,0.0,0.0,0.3,0.5,1.0,0.0,4.0,5.0,1.2,Lio_G1,Lio,14.8,43.0,43.0,163.0,163.0,1,63.884,0.83279884,0.9,6.75,96.882996,2.1100001,16.021315,1
2,2015-01-02 00:00:00+00:00,150,2015-01-08 06:00:00+00:00,27.59,0.0,0.0,0.0,0.3,0.5,1.0,0.0,4.0,5.0,1.19,Lio_G1,Lio,14.8,43.0,43.0,163.0,163.0,1,63.884,0.83279884,0.89,6.75,96.882996,2.0900002,16.021315,1
2,2015-01-02 00:00:00+00:00,151,2015-01-08 07:00:00+00:00,28.1,0.0,0.0,0.0,0.3,0.5,1.0,0.0,4.0,5.0,1.17,Lio_G1,Lio,14.8,43.0,43.0,163.0,163.0,1,63.884,0.83279884,0.88,6.75,96.882996,2.06,16.021315,1
2,2015-01-02 00:00:00+00:00,152,2015-01-08 08:00:00+00:00,28.23,0.0,0.0,0.0,0.3,0.5,1.0,0.0,4.0,5.0,1.18,Lio_G1,Lio,14.8,43.0,43.0,163.0,163.0,1,63.884,0.83279884,0.89,6.75,96.882996,2.08,16.021315,1
2,2015-01-02 00:00:00+00:00,153,2015-01-08 09:00:00+00:00,28.35,0.0,0.0,0.0,0.3,0.5,1.0,0.0,4.0,5.0,1.16,Lio_G1,Lio,14.8,43.0,43.0,163.0,163.0,1,63.884,0.83279884,0.87,6.75,96.882996,2.05,16.021315,1
2,2015-01-02 00:00:00+00:00,154,2015-01-08 10:00:00+00:00,28.46,0.0,0.0,0.0,0.3,0.5,1.0,0.0,4.0,5.0,1.16,Lio_G1,Lio,14.8,43.0,43.0,163.0,163.0,1,63.884,0.83279884,0.87,6.75,96.882996,2.04,16.021315,1
2,2015-01-02 00:00:00+00:00,155,2015-01-08 11:00:00+00:00,28.46,0.0,0.0,0.0,0.3,0.5,1.0,0.0,4.0,5.0,1.16,Lio_G1,Lio,14.8,43.0,43.0,163.0,163.0,1,63.884,0.83279884,0.87,6.75,96.882996,2.04,16.021315,1
2,2015-01-02 00:00:00+00:00,156,2015-01-08 12:00:00+00:00,28.6,0.0,0.0,0.0,0.3,0.5,1.0,0.0,4.0,5.0,1.16,Lio_G1,Lio,14.8,43.0,43.0,163.0,163.0,1,63.884,0.83279884,0.87,6.75,96.882996,2.04,16.021315,1
2,2015-01-02 00:00:00+00:00,157,2015-01-08 13:00:00+00:00,28.45,0.0,0.0,0.0,0.3,0.5,1.0,0.0,4.0,5.0,1.16,Lio_G1,Lio,14.8,43.0,43.0,163.0,163.0,1,63.884,0.83279884,0.87,6.75,96.882996,2.04,16.021315,1
2,2015-01-02 00:00:00+00:00,158,2015-01-08 14:00:00+00:00,28.24,0.0,0.0,0.0,0.3,0.5,1.0,0.0,4.0,5.0,1.16,Lio_G1,Lio,14.8,43.0,43.0,163.0,163.0,1,63.884,0.83279884,0.87,6.75,96.882996,2.04,16.021315,1
2,2015-01-02 00:00:00+00:00,159,2015-01-08 15:00:00+00:00,28.43,0.0,0.0,0.0,0.3,0.5,1.0,0.0,4.0,5.0,1.15,Lio_G1,Lio,14.8,43.0,43.0,163.0,163.0,1,63.884,0.83279884,0.86,6.75,96.882996,2.02,16.021315,1
2,2015-01-02 00:00:00+00:00,160,2015-01-08 16:00:00+00:00,28.4,0.0,0.0,0.0,0.3,0.5,1.0,0.0,4.0,5.0,1.14,Lio_G1,Lio,14.8,43.0,43.0,163.0,163.0,1,63.884,0.83279884,0.86,6.75,96.882996,2.02,16.021315,1
2,2015-01-02 00:00:00+00:00,161,2015-01-08 17:00:00+00:00,27.98,0.0,0.0,0.0,0.3,0.5,1.0,0.0,4.0,5.0,1.14,Lio_G1,Lio,14.8,43.0,43.0,163.0,163.0,1,63.884,0.83279884,0.86,6.75,96.882996,2.02,16.021315,1
2,2015-01-02 00:00:00+00:00,162,2015-01-08 18:00:00+00:00,27.69,0.0,0.0,0.0,0.3,0.5,1.0,0.0,4.0,5.0,1.15,Lio_G1,Lio,14.8,43.0,43.0,163.0,163.0,1,63.884,0.83279884,0.86,6.75,96.882996,2.02,16.021315,1
2,2015-01-02 00:00:00+00:00,163,2015-01-08 19:00:00+00:00,27.46,0.0,0.0,0.0,0.3,0.5,1.0,0.0,4.0,5.0,1.16,Lio_G1,Lio,14.8,43.0,43.0,163.0,163.0,1,63.884,0.83279884,0.87,6.75,96.882996,2.04,16.021315,1
2,2015-01-02 00:00:00+00:00,164,2015-01-08 20:00:00+00:00,27.31,0.0,0.0,0.0,0.3,0.5,1.0,0.0,4.0,5.0,1.16,Lio_G1,Lio,14.8,43.0,43.0,163.0,163.0,1,63.884,0.83279884,0.87,6.75,96.882996,2.04,16.021315,1
2,2015-01-02 00:00:00+00:00,165,2015-01-08 21:00:00+00:00,26.71,0.0,0.0,0.0,0.3,0.5,1.0,0.0,4.0,5.0,1.16,Lio_G1,Lio,14.8,43.0,43.0,163.0,163.0,1,63.884,0.83279884,0.87,6.75,96.882996,2.04,16.021315,1
2,2015-01-02 00:00:00+00:00,166,2015-01-08 22:00:00+00:00,25.91,0.0,0.0,0.0,0.3,0.5,1.0,0.0,4.0,5.0,1.15,Lio_G1,Lio,14.8,43.0,43.0,163.0,163.0,1,63.884,0.83279884,0.86,6.75,96.882996,2.02,16.021315,1
2,2015-01-02 00:00:00+00:00,167,2015-01-08 23:00:00+00:00,25.89,0.0,0.0,0.0,0.3,0.5,1.0,0.0,4.0,5.0,1.14,Lio_G1,Lio,14.8,43.0,43.0,163.0,163.0,1,63.884,0.83279884,0.86,6.75,96.882996,2.02,16.021315,1
2,2015-01-02 00:00:00+00:00,0,2015-01-02 00:00:00+00:00,26.41,0.0,0.0,0.0,0.3,0.5,1.0,0.0,4.0,5.0,1.26,Byrte_G1,Byrte,6.9,20.0,20.0,135.0,135.0,1,32.999,0.60917485,1.28,33.97,32.999,1.28,33.97,0
2,2015-01-02 00:00:00+00:00,1,2015-01-02 01:00:00+00:00,26.2,0.0,0.0,0.0,0.3,0.5,1.0,0.0,4.0,5.0,1.3,Byrte_G1,Byrte,6.9,20.0,20.0,135.0,135.0,1,32.999,0.60917485,1.32,33.97,32.999,1.32,33.97,0
2,2015-01-02 00:00:00+00:00,2,2015-01-02 02:00:00+00:00,25.6,0.0,0.0,0.0,0.3,0.5,1.0,0.0,4.0,5.0,1.52,Byrte_G1,Byrte,6.9,20.0,20.0,135.0,135.0,1,32.999,0.60917485,1.53,33.97,32.999,1.53,33.97,0
2,2015-01-02 00:00:00+00:00,3,2015-01-02 03:00:00+00:00,24.74,0.0,0.0,0.0,0.3,0.5,1.0,0.0,4.0,5.0,1.7,Byrte_G1,Byrte,6.9,20.0,20.0,135.0,135.0,1,32.999,0.60917485,1.72,33.97,32.999,1.72,33.97,0
2,2015-01-02 00:00:00+00:00,4,2015-01-02 04:00:00+00:00,26.1,0.0,0.0,0.0,0.3,0.5,1.0,0.0,4.0,5.0,1.75,Byrte_G1,Byrte,6.9,20.0,20.0,135.0,135.0,1,32.999,0.60917485,1.76,33.97,32.999,1.76,33.97,0
2,2015-01-02 00:00:00+00:00,5,2015-01-02 05:00:00+00:00,27.25,0.0,0.0,0.0,0.3,0.5,1.0,0.0,4.0,5.0,1.65,Byrte_G1,Byrte,6.9,20.0,20.0,135.0,135.0,1,32.999,0.60917485,1.67,33.97,32.999,1.67,33.97,0
2,2015-01-02 00:00:00+00:00,6,2015-01-02 06:00:00+00:00,28.37,0.0,0.0,0.0,0.3,0.5,1.0,0.0,4.0,5.0,1.71,Byrte_G1,Byrte,6.9,20.0,20.0,135.0,135.0,1,32.999,0.60917485,1.73,33.97,32.999,1.73,33.97,0
2,2015-01-02 00:00:00+00:00,7,2015-01-02 07:00:00+00:00,28.37,0.0,0.0,0.0,0.3,0.5,1.0,0.0,4.0,5.0,1.92,Byrte_G1,Byrte,6.9,20.0,20.0,135.0,135.0,1,32.999,0.60917485,1.94,33.97,32.999,1.94,33.97,0
2,2015-01-02 00:00:00+00:00,8,2015-01-02 08:00:00+00:00,28.32,0.0,0.0,0.0,0.3,0.5,1.0,0.0,4.0,5.0,2.18,Byrte_G1,Byrte,6.9,20.0,20.0,135.0,135.0,1,32.999,0.60917485,2.21,33.97,32.999,2.21,33.97,0
2,2015-01-02 00:00:00+00:00,9,2015-01-02 09:00:00+00:00,28.3,0.0,0.0,0.0,0.3,0.5,1.0,0.0,4.0,5.0,2.33,Byrte_G1,Byrte,6.9,20.0,20.0,135.0,135.0,1,32.999,0.60917485,2.36,33.97,32.999,2.36,33.97,0
2,2015-01-02 00:00:00+00:00,10,2015-01-02 10:00:00+00:00,28.39,0.0,0.0,0.0,0.3,0.5,1.0,0.0,4.0,5.0,2.35,Byrte_G1,Byrte,6.9,20.0,20.0,135.0,135.0,1,32.999,0.60917485,2.38,33.97,32.999,2.38,33.97,0
2,2015-01-02 00:00:00+00:00,11,2015-01-02 11:00:00+00:00,28.3,0.0,0.0,0.0,0.3,0.5,1.0,0.0,4.0,5.0,2.3,Byrte_G1,Byrte,6.9,20.0,20.0,135.0,135.0,1,32.999,0.60917485,2.32,33.97,32.999,2.32,33.97,0
2,2015-01-02 00:00:00+00:00,12,2015-01-02 12:00:00+00:00,28.24,0.0,0.0,0.0,0.3,0.5,1.0,0.0,4.0,5.0,2.23,Byrte_G1,Byrte,6.9,20.0,20.0,135.0,135.0,1,32.999,0.60917485,2.26,33.97,32.999,2.26,33.97,0
2,2015-01-02 00:00:00+00:00,13,2015-01-02 13:00:00+00:00,28.12,0.0,0.0,0.0,0.3,0.5,1.0,0.0,4.0,5.0,2.2,Byrte_G1,Byrte,6.9,20.0,20.0,135.0,135.0,1,32.999,0.60917485,2.23,33.97,32.999,2.23,33.97,0
2,2015-01-02 00:00:00+00:00,14,2015-01-02 14:00:00+00:00,28.23,0.0,0.0,0.0,0.3,0.5,1.0,0.0,4.0,5.0,2.17,Byrte_G1,Byrte,6.9,20.0,20.0,135.0,135.0,1,32.999,0.60917485,2.19,33.97,32.999,2.19,33.97,0
2,2015-01-02 00:00:00+00:00,15,2015-01-02 15:00:00+00:00,28.59,0.0,0.0,0.0,0.3,0.5,1.0,0.0,4.0,5.0,2.14,Byrte_G1,Byrte,6.9,20.0,20.0,135.0,135.0,1,32.999,0.60917485,2.16,33.97,32.999,2.16,33.97,0
2,2015-01-02 00:00:00+00:00,16,2015-01-02 16:00:00+00:00,28.73,0.0,0.0,0.0,0.3,0.5,1.0,0.0,4.0,5.0,2.13,Byrte_G1,Byrte,6.9,20.0,20.0,135.0,135.0,1,32.999,0.60917485,2.15,33.97,32.999,2.15,33.97,0
2,2015-01-02 00:00:00+00:00,17,2015-01-02 17:00:00+00:00,28.48,0.0,0.0,0.0,0.3,0.5,1.0,0.0,4.0,5.0,2.05,Byrte_G1,Byrte,6.9,20.0,20.0,135.0,135.0,1,32.999,0.60917485,2.07,33.97,32.999,2.07,33.97,0
2,2015-01-02 00:00:00+00:00,18,2015-01-02 18:00:00+00:00,28.38,0.0,0.0,0.0,0.3,0.5,1.0,0.0,4.0,5.0,1.64,Byrte_G1,Byrte,6.9,20.0,20.0,135.0,135.0,1,32.999,0.60917485,1.66,33.97,32.999,1.66,33.97,0
2,2015-01-02 00:00:00+00:00,19,2015-01-02 19:00:00+00:00,27.85,0.0,0.0,0.0,0.3,0.5,1.0,0.0,4.0,5.0,2.06,Byrte_G1,Byrte,6.9,20.0,20.0,135.0,135.0,1,32.999,0.60917485,2.08,33.97,32.999,2.08,33.97,0
2,2015-01-02 00:00:00+00:00,20,2015-01-02 20:00:00+00:00,27.45,0.0,0.0,0.0,0.3,0.5,1.0,0.0,4.0,5.0,2.2,Byrte_G1,Byrte,6.9,20.0,20.0,135.0,135.0,1,32.999,0.60917485,2.22,33.97,32.999,2.22,33.97,0
2,2015-01-02 00:00:00+00:00,21,2015-01-02 21:00:00+00:00,27.2,0.0,0.0,0.0,0.3,0.5,1.0,0.0,4.0,5.0,2.38,Byrte_G1,Byrte,6.9,20.0,20.0,135.0,135.0,1,32.999,0.60917485,2.4,33.97,32.999,2.4,33.97,0
2,2015-01-02 00:00:00+00:00,22,2015-01-02 22:00:00+00:00,26.79,0.0,0.0,0.0,0.3,0.5,1.0,0.0,4.0,5.0,2.59,Byrte_G1,Byrte,6.9,20.0,20.0,135.0,135.0,1,32.999,0.60917485,2.62,33.97,32.999,2.62,33.97,0
2,2015-01-02 00:00:00+00:00,23,2015-01-02 23:00:00+00:00,25.85,0.0,0.0,0.0,0.3,0.5,1.0,0.0,4.0,5.0,2.83,Byrte_G1,Byrte,6.9,20.0,20.0,135.0,135.0,1,32.999,0.60917485,2.86,33.97,32.999,2.86,33.97,0
2,2015-01-02 00:00:00+00:00,24,2015-01-03 00:00:00+00:00,25.54,0.0,0.0,0.0,0.3,0.5,1.0,0.0,4.0,5.0,2.84,Byrte_G1,Byrte,6.9,20.0,20.0,135.0,135.0,1,32.999,0.60917485,2.87,33.97,32.999,2.87,33.97,0
2,2015-01-02 00:00:00+00:00,25,2015-01-03 01:00:00+00:00,25.43,0.0,0.0,0.0,0.3,0.5,1.0,0.0,4.0,5.0,2.77,Byrte_G1,Byrte,6.9,20.0,20.0,135.0,135.0,1,32.999,0.60917485,2.8,33.97,32.999,2.8,33.97,0
2,2015-01-02 00:00:00+00:00,26,2015-01-03 02:00:00+00:00,25.34,0.0,0.0,0.0,0.3,0.5,1.0,0.0,4.0,5.0,2.86,Byrte_G1,Byrte,6.9,20.0,20.0,135.0,135.0,1,32.999,0.60917485,2.89,33.97,32.999,2.89,33.97,0
2,2015-01-02 00:00:00+00:00,27,2015-01-03 03:00:00+00:00,25.29,0.0,0.0,0.0,0.3,0.5,1.0,0.0,4.0,5.0,3.02,Byrte_G1,Byrte,6.9,20.0,20.0,135.0,135.0,1,32.999,0.60917485,3.05,33.97,32.999,3.05,33.97,0
2,2015-01-02 00:00:00+00:00,28,2015-01-03 04:00:00+00:00,25.3,0.0,0.0,0.0,0.3,0.5,1.0,0.0,4.0,5.0,3.13,Byrte_G1,Byrte,6.9,20.0,20.0,135.0,135.0,1,32.999,0.60917485,3.16,33.97,32.999,3.16,33.97,0
2,2015-01-02 00:00:00+00:00,29,2015-01-03 05:00:00+00:00,25.55,0.0,0.0,0.0,0.3,0.5,1.0,0.0,4.0,5.0,3.16,Byrte_G1,Byrte,6.9,20.0,20.0,135.0,135.0,1,32.999,0.60917485,3.19,33.97,32.999,3.19,33.97,0
2,2015-01-02 00:00:00+00:00,30,2015-01-03 06:00:00+00:00,26.75,0.0,0.0,0.0,0.3,0.5,1.0,0.0,4.0,5.0,3.13,Byrte_G1,Byrte,6.9,20.0,20.0,135.0,135.0,1,32.999,0.60917485,3.16,33.97,32.999,3.16,33.97,0
2,2015-01-02 00:00:00+00:00,31,2015-01-03 07:00:00+00:00,26.98,0.0,0.0,0.0,0.3,0.5,1.0,0.0,4.0,5.0,3.06,Byrte_G1,Byrte,6.9,20.0,20.0,135.0,135.0,1,32.999,0.60917485,3.09,33.97,32.999,3.09,33.97,0
2,2015-01-02 00:00:00+00:00,32,2015-01-03 08:00:00+00:00,27.52,0.0,0.0,0.0,0.3,0.5,1.0,0.0,4.0,5.0,3.01,Byrte_G1,Byrte,6.9,20.0,20.0,135.0,135.0,1,32.999,0.60917485,3.05,33.97,32.999,3.05,33.97,0
2,2015-01-02 00:00:00+00:00,33,2015-01-03 09:00:00+00:00,27.72,0.0,0.0,0.0,0.3,0.5,1.0,0.0,4.0,5.0,3.0,Byrte_G1,Byrte,6.9,20.0,20.0,135.0,135.0,1,32.999,0.60917485,3.03,33.97,32.999,3.03,33.97,0
2,2015-01-02 00:00:00+00:00,34,2015-01-03 10:00:00+00:00,27.73,0.0,0.0,0.0,0.3,0.5,1.0,0.0,4.0,5.0,2.92,Byrte_G1,Byrte,6.9,20.0,20.0,135.0,135.0,1,32.999,0.60917485,2.95,33.97,32.999,2.95,33.97,0
2,2015-01-02 00:00:00+00:00,35,2015-01-03 11:00:00+00:00,27.66,0.0,0.0,0.0,0.3,0.5,1.0,0.0,4.0,5.0,2.88,Byrte_G1,Byrte,6.9,20.0,20.0,135.0,135.0,1,32.999,0.60917485,2.91,33.97,32.999,2.91,33.97,0
2,2015-01-02 00:00:00+00:00,36,2015-01-03 12:00:00+00:00,27.65,0.0,0.0,0.0,0.3,0.5,1.0,0.0,4.0,5.0,2.85,Byrte_G1,Byrte,6.9,20.0,20.0,135.0,135.0,1,32.999,0.60917485,2.88,33.97,32.999,2.88,33.97,0
2,2015-01-02 00:00:00+00:00,37,2015-01-03 13:00:00+00:00,27.81,0.0,0.0,0.0,0.3,0.5,1.0,0.0,4.0,5.0,2.84,Byrte_G1,Byrte,6.9,20.0,20.0,135.0,135.0,1,32.999,0.60917485,2.87,33.97,32.999,2.87,33.97,0
2,2015-01-02 00:00:00+00:00,38,2015-01-03 14:00:00+00:00,28.29,0.0,0.0,0.0,0.3,0.5,1.0,0.0,4.0,5.0,2.81,Byrte_G1,Byrte,6.9,20.0,20.0,135.0,135.0,1,32.999,0.60917485,2.84,33.97,32.999,2.84,33.97,0
2,2015-01-02 00:00:00+00:00,39,2015-01-03 15:00:00+00:00,28.6,0.0,0.0,0.0,0.3,0.5,1.0,0.0,4.0,5.0,2.75,Byrte_G1,Byrte,6.9,20.0,20.0,135.0,135.0,1,32.999,0.60917485,2.78,33.97,32.999,2.78,33.97,0
2,2015-01-02 00:00:00+00:00,40,2015-01-03 16:00:00+00:00,28.88,0.0,0.0,0.0,0.3,0.5,1.0,0.0,4.0,5.0,2.69,Byrte_G1,Byrte,6.9,20.0,20.0,135.0,135.0,1,32.999,0.60917485,2.72,33.97,32.999,2.72,33.97,0
2,2015-01-02 00:00:00+00:00,41,2015-01-03 17:00:00+00:00,28.78,0.0,0.0,0.0,0.3,0.5,1.0,0.0,4.0,5.0,2.65,Byrte_G1,Byrte,6.9,20.0,20.0,135.0,135.0,1,32.999,0.60917485,2.68,33.97,32.999,2.68,33.97,0
2,2015-01-02 00:00:00+00:00,42,2015-01-03 18:00:00+00:00,28.54,0.0,0.0,0.0,0.3,0.5,1.0,0.0,4.0,5.0,2.6,Byrte_G1,Byrte,6.9,20.0,20.0,135.0,135.0,1,32.999,0.60917485,2.63,33.97,32.999,2.63,33.97,0
2,2015-01-02 00:00:00+00:00,43,2015-01-03 19:00:00+00:00,28.34,0.0,0.0,0.0,0.3,0.5,1.0,0.0,4.0,5.0,2.54,Byrte_G1,Byrte,6.9,20.0,20.0,135.0,135.0,1,32.999,0.60917485,2.57,33.97,32.999,2.57,33.97,0
2,2015-01-02 00:00:00+00:00,44,2015-01-03 20:00:00+00:00,27.93,0.0,0.0,0.0,0.3,0.5,1.0,0.0,4.0,5.0,2.47,Byrte_G1,Byrte,6.9,20.0,20.0,135.0,135.0,1,32.999,0.60917485,2.5,33.97,32.999,2.5,33.97,0
2,2015-01-02 00:00:00+00:00,45,2015-01-03 21:00:00+00:00,27.7,0.0,0.0,0.0,0.3,0.5,1.0,0.0,4.0,5.0,2.41,Byrte_G1,Byrte,6.9,20.0,20.0,135.0,135.0,1,32.999,0.60917485,2.44,33.97,32.999,2.44,33.97,0
2,2015-01-02 00:00:00+00:00,46,2015-01-03 22:00:00+00:00,27.25,0.0,0.0,0.0,0.3,0.5,1.0,0.0,4.0,5.0,2.33,Byrte_G1,Byrte,6.9,20.0,20.0,135.0,135.0,1,32.999,0.60917485,2.35,33.97,32.999,2.35,33.97,0
2,2015-01-02 00:00:00+00:00,47,2015-01-03 23:00:00+00:00,27.55,0.0,0.0,0.0,0.3,0.5,1.0,0.0,4.0,5.0,2.27,Byrte_G1,Byrte,6.9,20.0,20.0,135.0,135.0,1,32.999,0.60917485,2.29,33.97,32.999,2.29,33.97,0
2,2015-01-02 00:00:00+00:00,48,2015-01-04 00:00:00+00:00,27.38,0.0,0.0,0.0,0.3,0.5,1.0,0.0,4.0,5.0,2.22,Byrte_G1,Byrte,6.9,20.0,20.0,135.0,135.0,1,32.999,0.60917485,2.24,33.97,32.999,2.24,33.97,0
2,2015-01-02 00:00:00+00:00,49,2015-01-04 01:00:00+00:00,27.17,0.0,0.0,0.0,0.3,0.5,1.0,0.0,4.0,5.0,2.15,Byrte_G1,Byrte,6.9,20.0,20.0,135.0,135.0,1,32.999,0.60917485,2.18,33.97,32.999,2.18,33.97,0
2,2015-01-02 00:00:00+00:00,50,2015-01-04 02:00:00+00:00,27.03,0.0,0.0,0.0,0.3,0.5,1.0,0.0,4.0,5.0,2.1,Byrte_G1,Byrte,6.9,20.0,20.0,135.0,135.0,1,32.999,0.60917485,2.13,33.97,32.999,2.13,33.97,0
2,2015-01-02 00:00:00+00:00,51,2015-01-04 03:00:00+00:00,27.04,0.0,0.0,0.0,0.3,0.5,1.0,0.0,4.0,5.0,2.06,Byrte_G1,Byrte,6.9,20.0,20.0,135.0,135.0,1,32.999,0.60917485,2.08,33.97,32.999,2.08,33.97,0
2,2015-01-02 00:00:00+00:00,52,2015-01-04 04:00:00+00:00,27.19,0.0,0.0,0.0,0.3,0.5,1.0,0.0,4.0,5.0,2.01,Byrte_G1,Byrte,6.9,20.0,20.0,135.0,135.0,1,32.999,0.60917485,2.03,33.97,32.999,2.03,33.97,0
2,2015-01-02 00:00:00+00:00,53,2015-01-04 05:00:00+00:00,27.13,0.0,0.0,0.0,0.3,0.5,1.0,0.0,4.0,5.0,1.99,Byrte_G1,Byrte,6.9,20.0,20.0,135.0,135.0,1,32.999,0.60917485,2.01,33.97,32.999,2.01,33.97,0
2,2015-01-02 00:00:00+00:00,54,2015-01-04 06:00:00+00:00,27.06,0.0,0.0,0.0,0.3,0.5,1.0,0.0,4.0,5.0,1.94,Byrte_G1,Byrte,6.9,20.0,20.0,135.0,135.0,1,32.999,0.60917485,1.96,33.97,32.999,1.96,33.97,0
2,2015-01-02 00:00:00+00:00,55,2015-01-04 07:00:00+00:00,27.63,0.0,0.0,0.0,0.3,0.5,1.0,0.0,4.0,5.0,1.89,Byrte_G1,Byrte,6.9,20.0,20.0,135.0,135.0,1,32.999,0.60917485,1.91,33.97,32.999,1.91,33.97,0
2,2015-01-02 00:00:00+00:00,56,2015-01-04 08:00:00+00:00,28.03,0.0,0.0,0.0,0.3,0.5,1.0,0.0,4.0,5.0,1.84,Byrte_G1,Byrte,6.9,20.0,20.0,135.0,135.0,1,32.999,0.60917485,1.86,33.97,32.999,1.86,33.97,0
2,2015-01-02 00:00:00+00:00,57,2015-01-04 09:00:00+00:00,28.24,0.0,0.0,0.0,0.3,0.5,1.0,0.0,4.0,5.0,1.82,Byrte_G1,Byrte,6.9,20.0,20.0,135.0,135.0,1,32.999,0.60917485,1.84,33.97,32.999,1.84,33.97,0
2,2015-01-02 00:00:00+00:00,58,2015-01-04 10:00:00+00:00,28.32,0.0,0.0,0.0,0.3,0.5,1.0,0.0,4.0,5.0,1.79,Byrte_G1,Byrte,6.9,20.0,20.0,135.0,135.0,1,32.999,0.60917485,1.8,33.97,32.999,1.8,33.97,0
2,2015-01-02 00:00:00+00:00,59,2015-01-04 11:00:00+00:00,28.24,0.0,0.0,0.0,0.3,0.5,1.0,0.0,4.0,5.0,1.77,Byrte_G1,Byrte,6.9,20.0,20.0,135.0,135.0,1,32.999,0.60917485,1.79,33.97,32.999,1.79,33.97,0
2,2015-01-02 00:00:00+00:00,60,2015-01-04 12:00:00+00:00,28.27,0.0,0.0,0.0,0.3,0.5,1.0,0.0,4.0,5.0,1.74,Byrte_G1,Byrte,6.9,20.0,20.0,135.0,135.0,1,32.999,0.60917485,1.76,33.97,32.999,1.76,33.97,0
2,2015-01-02 00:00:00+00:00,61,2015-01-04 13:00:00+00:00,28.32,0.0,0.0,0.0,0.3,0.5,1.0,0.0,4.0,5.0,1.72,Byrte_G1,Byrte,6.9,20.0,20.0,135.0,135.0,1,32.999,0.60917485,1.73,33.97,32.999,1.73,33.97,0
2,2015-01-02 00:00:00+00:00,62,2015-01-04 14:00:00+00:00,28.37,0.0,0.0,0.0,0.3,0.5,1.0,0.0,4.0,5.0,1.7,Byrte_G1,Byrte,6.9,20.0,20.0,135.0,135.0,1,32.999,0.60917485,1.72,33.97,32.999,1.72,33.97,0
2,2015-01-02 00:00:00+00:00,63,2015-01-04 15:00:00+00:00,28.65,0.0,0.0,0.0,0.3,0.5,1.0,0.0,4.0,5.0,1.68,Byrte_G1,Byrte,6.9,20.0,20.0,135.0,135.0,1,32.999,0.60917485,1.7,33.97,32.999,1.7,33.97,0
2,2015-01-02 00:00:00+00:00,64,2015-01-04 16:00:00+00:00,28.98,0.0,0.0,0.0,0.3,0.5,1.0,0.0,4.0,5.0,1.68,Byrte_G1,Byrte,6.9,20.0,20.0,135.0,135.0,1,32.999,0.60917485,1.7,33.97,32.999,1.7,33.97,0
2,2015-01-02 00:00:00+00:00,65,2015-01-04 17:00:00+00:00,29.54,0.0,0.0,0.0,0.3,0.5,1.0,0.0,4.0,5.0,1.65,Byrte_G1,Byrte,6.9,20.0,20.0,135.0,135.0,1,32.999,0.60917485,1.67,33.97,32.999,1.67,33.97,0
2,2015-01-02 00:00:00+00:00,66,2015-01-04 18:00:00+00:00,29.42,0.0,0.0,0.0,0.3,0.5,1.0,0.0,4.0,5.0,1.64,Byrte_G1,Byrte,6.9,20.0,20.0,135.0,135.0,1,32.999,0.60917485,1.66,33.97,32.999,1.66,33.97,0
2,2015-01-02 00:00:00+00:00,67,2015-01-04 19:00:00+00:00,28.92,0.0,0.0,0.0,0.3,0.5,1.0,0.0,4.0,5.0,1.63,Byrte_G1,Byrte,6.9,20.0,20.0,135.0,135.0,1,32.999,0.60917485,1.65,33.97,32.999,1.65,33.97,0
2,2015-01-02 00:00:00+00:00,68,2015-01-04 20:00:00+00:00,28.66,0.0,0.0,0.0,0.3,0.5,1.0,0.0,4.0,5.0,1.6,Byrte_G1,Byrte,6.9,20.0,20.0,135.0,135.0,1,32.999,0.60917485,1.62,33.97,32.999,1.62,33.97,0
2,2015-01-02 00:00:00+00:00,69,2015-01-04 21:00:00+00:00,28.69,0.0,0.0,0.0,0.3,0.5,1.0,0.0,4.0,5.0,1.59,Byrte_G1,Byrte,6.9,20.0,20.0,135.0,135.0,1,32.999,0.60917485,1.6,33.97,32.999,1.6,33.97,0
2,2015-01-02 00:00:00+00:00,70,2015-01-04 22:00:00+00:00,28.02,0.0,0.0,0.0,0.3,0.5,1.0,0.0,4.0,5.0,1.58,Byrte_G1,Byrte,6.9,20.0,20.0,135.0,135.0,1,32.999,0.60917485,1.59,33.97,32.999,1.59,33.97,0
2,2015-01-02 00:00:00+00:00,71,2015-01-04 23:00:00+00:00,28.19,0.0,0.0,0.0,0.3,0.5,1.0,0.0,4.0,5.0,1.57,Byrte_G1,Byrte,6.9,20.0,20.0,135.0,135.0,1,32.999,0.60917485,1.59,33.97,32.999,1.59,33.97,0
2,2015-01-02 00:00:00+00:00,72,2015-01-05 00:00:00+00:00,28.15,0.0,0.0,0.0,0.3,0.5,1.0,0.0,4.0,5.0,1.56,Byrte_G1,Byrte,6.9,20.0,20.0,135.0,135.0,1,32.999,0.60917485,1.58,33.97,32.999,1.58,33.97,0
2,2015-01-02 00:00:00+00:00,73,2015-01-05 01:00:00+00:00,28.13,0.0,0.0,0.0,0.3,0.5,1.0,0.0,4.0,5.0,1.54,Byrte_G1,Byrte,6.9,20.0,20.0,135.0,135.0,1,32.999,0.60917485,1.56,33.97,32.999,1.56,33.97,0
2,2015-01-02 00:00:00+00:00,74,2015-01-05 02:00:00+00:00,28.05,0.0,0.0,0.0,0.3,0.5,1.0,0.0,4.0,5.0,1.53,Byrte_G1,Byrte,6.9,20.0,20.0,135.0,135.0,1,32.999,0.60917485,1.54,33.97,32.999,1.54,33.97,0
2,2015-01-02 00:00:00+00:00,75,2015-01-05 03:00:00+00:00,28.04,0.0,0.0,0.0,0.3,0.5,1.0,0.0,4.0,5.0,1.52,Byrte_G1,Byrte,6.9,20.0,20.0,135.0,135.0,1,32.999,0.60917485,1.53,33.97,32.999,1.53,33.97,0
2,2015-01-02 00:00:00+00:00,76,2015-01-05 04:00:00+00:00,28.46,0.0,0.0,0.0,0.3,0.5,1.0,0.0,4.0,5.0,1.51,Byrte_G1,Byrte,6.9,20.0,20.0,135.0,135.0,1,32.999,0.60917485,1.53,33.97,32.999,1.53,33.97,0
2,2015-01-02 00:00:00+00:00,77,2015-01-05 05:00:00+00:00,28.78,0.0,0.0,0.0,0.3,0.5,1.0,0.0,4.0,5.0,1.5,Byrte_G1,Byrte,6.9,20.0,20.0,135.0,135.0,1,32.999,0.60917485,1.52,33.97,32.999,1.52,33.97,0
2,2015-01-02 00:00:00+00:00,78,2015-01-05 06:00:00+00:00,30.99,0.0,0.0,0.0,0.3,0.5,1.0,0.0,4.0,5.0,1.48,Byrte_G1,Byrte,6.9,20.0,20.0,135.0,135.0,1,32.999,0.60917485,1.49,33.97,32.999,1.49,33.97,0
2,2015-01-02 00:00:00+00:00,79,2015-01-05 07:00:00+00:00,38.15,0.0,0.0,0.0,0.3,0.5,1.0,0.0,4.0,5.0,1.47,Byrte_G1,Byrte,6.9,20.0,20.0,135.0,135.0,1,32.999,0.60917485,1.49,33.97,32.999,1.49,33.97,1
2,2015-01-02 00:00:00+00:00,80,2015-01-05 08:00:00+00:00,41.51,0.0,0.0,0.0,0.3,0.5,1.0,0.0,4.0,5.0,1.46,Byrte_G1,Byrte,6.9,20.0,20.0,135.0,135.0,1,32.999,0.60917485,1.48,33.97,32.999,1.48,33.97,1
2,2015-01-02 00:00:00+00:00,81,2015-01-05 09:00:00+00:00,40.46,0.0,0.0,0.0,0.3,0.5,1.0,0.0,4.0,5.0,1.46,Byrte_G1,Byrte,6.9,20.0,20.0,135.0,135.0,1,32.999,0.60917485,1.47,33.97,32.999,1.47,33.97,1
2,2015-01-02 00:00:00+00:00,82,2015-01-05 10:00:00+00:00,40.97,0.0,0.0,0.0,0.3,0.5,1.0,0.0,4.0,5.0,1.45,Byrte_G1,Byrte,6.9,20.0,20.0,135.0,135.0,1,32.999,0.60917485,1.47,33.97,32.999,1.47,33.97,1
2,2015-01-02 00:00:00+00:00,83,2015-01-05 11:00:00+00:00,38.66,0.0,0.0,0.0,0.3,0.5,1.0,0.0,4.0,5.0,1.45,Byrte_G1,Byrte,6.9,20.0,20.0,135.0,135.0,1,32.999,0.60917485,1.47,33.97,32.999,1.47,33.97,1
2,2015-01-02 00:00:00+00:00,84,2015-01-05 12:00:00+00:00,36.44,0.0,0.0,0.0,0.3,0.5,1.0,0.0,4.0,5.0,1.45,Byrte_G1,Byrte,6.9,20.0,20.0,135.0,135.0,1,32.999,0.60917485,1.47,33.97,32.999,1.47,33.97,1
2,2015-01-02 00:00:00+00:00,85,2015-01-05 13:00:00+00:00,37.74,0.0,0.0,0.0,0.3,0.5,1.0,0.0,4.0,5.0,1.45,Byrte_G1,Byrte,6.9,20.0,20.0,135.0,135.0,1,32.999,0.60917485,1.47,33.97,32.999,1.47,33.97,1
2,2015-01-02 00:00:00+00:00,86,2015-01-05 14:00:00+00:00,43.1,0.0,0.0,0.0,0.3,0.5,1.0,0.0,4.0,5.0,1.45,Byrte_G1,Byrte,6.9,20.0,20.0,135.0,135.0,1,32.999,0.60917485,1.47,33.97,32.999,1.47,33.97,1
2,2015-01-02 00:00:00+00:00,87,2015-01-05 15:00:00+00:00,46.7,0.0,0.0,0.0,0.3,0.5,1.0,0.0,4.0,5.0,1.44,Byrte_G1,Byrte,6.9,20.0,20.0,135.0,135.0,1,32.999,0.60917485,1.45,33.97,32.999,1.45,33.97,1
2,2015-01-02 00:00:00+00:00,88,2015-01-05 16:00:00+00:00,56.78,0.0,0.0,0.0,0.3,0.5,1.0,0.0,4.0,5.0,1.44,Byrte_G1,Byrte,6.9,20.0,20.0,135.0,135.0,1,32.999,0.60917485,1.45,33.97,32.999,1.45,33.97,1
2,2015-01-02 00:00:00+00:00,89,2015-01-05 17:00:00+00:00,36.49,0.0,0.0,0.0,0.3,0.5,1.0,0.0,4.0,5.0,1.45,Byrte_G1,Byrte,6.9,20.0,20.0,135.0,135.0,1,32.999,0.60917485,1.47,33.97,32.999,1.47,33.97,1
2,2015-01-02 00:00:00+00:00,90,2015-01-05 18:00:00+00:00,32.43,0.0,0.0,0.0,0.3,0.5,1.0,0.0,4.0,5.0,1.44,Byrte_G1,Byrte,6.9,20.0,20.0,135.0,135.0,1,32.999,0.60917485,1.45,33.97,32.999,1.45,33.97,0
2,2015-01-02 00:00:00+00:00,91,2015-01-05 19:00:00+00:00,31.39,0.0,0.0,0.0,0.3,0.5,1.0,0.0,4.0,5.0,1.43,Byrte_G1,Byrte,6.9,20.0,20.0,135.0,135.0,1,32.999,0.60917485,1.45,33.97,32.999,1.45,33.97,0
2,2015-01-02 00:00:00+00:00,92,2015-01-05 20:00:00+00:00,30.29,0.0,0.0,0.0,0.3,0.5,1.0,0.0,4.0,5.0,1.43,Byrte_G1,Byrte,6.9,20.0,20.0,135.0,135.0,1,32.999,0.60917485,1.44,33.97,32.999,1.44,33.97,0
2,2015-01-02 00:00:00+00:00,93,2015-01-05 21:00:00+00:00,29.43,0.0,0.0,0.0,0.3,0.5,1.0,0.0,4.0,5.0,1.43,Byrte_G1,Byrte,6.9,20.0,20.0,135.0,135.0,1,32.999,0.60917485,1.45,33.97,32.999,1.45,33.97,0
2,2015-01-02 00:00:00+00:00,94,2015-01-05 22:00:00+00:00,29.09,0.0,0.0,0.0,0.3,0.5,1.0,0.0,4.0,5.0,1.44,Byrte_G1,Byrte,6.9,20.0,20.0,135.0,135.0,1,32.999,0.60917485,1.45,33.97,32.999,1.45,33.97,0
2,2015-01-02 00:00:00+00:00,95,2015-01-05 23:00:00+00:00,28.08,0.0,0.0,0.0,0.3,0.5,1.0,0.0,4.0,5.0,1.44,Byrte_G1,Byrte,6.9,20.0,20.0,135.0,135.0,1,32.999,0.60917485,1.45,33.97,32.999,1.45,33.97,0
2,2015-01-02 00:00:00+00:00,96,2015-01-06 00:00:00+00:00,27.94,0.0,0.0,0.0,0.3,0.5,1.0,0.0,4.0,5.0,1.44,Byrte_G1,Byrte,6.9,20.0,20.0,135.0,135.0,1,32.999,0.60917485,1.45,33.97,32.999,1.45,33.97,0
2,2015-01-02 00:00:00+00:00,97,2015-01-06 01:00:00+00:00,27.91,0.0,0.0,0.0,0.3,0.5,1.0,0.0,4.0,5.0,1.44,Byrte_G1,Byrte,6.9,20.0,20.0,135.0,135.0,1,32.999,0.60917485,1.45,33.97,32.999,1.45,33.97,0
2,2015-01-02 00:00:00+00:00,98,2015-01-06 02:00:00+00:00,27.89,0.0,0.0,0.0,0.3,0.5,1.0,0.0,4.0,5.0,1.44,Byrte_G1,Byrte,6.9,20.0,20.0,135.0,135.0,1,32.999,0.60917485,1.45,33.97,32.999,1.45,33.97,0
2,2015-01-02 00:00:00+00:00,99,2015-01-06 03:00:00+00:00,27.89,0.0,0.0,0.0,0.3,0.5,1.0,0.0,4.0,5.0,1.44,Byrte_G1,Byrte,6.9,20.0,20.0,135.0,135.0,1,32.999,0.60917485,1.45,33.97,32.999,1.45,33.97,0
2,2015-01-02 00:00:00+00:00,100,2015-01-06 04:00:00+00:00,28.01,0.0,0.0,0.0,0.3,0.5,1.0,0.0,4.0,5.0,1.44,Byrte_G1,Byrte,6.9,20.0,20.0,135.0,135.0,1,32.999,0.60917485,1.45,33.97,32.999,1.45,33.97,0
2,2015-01-02 00:00:00+00:00,101,2015-01-06 05:00:00+00:00,28.73,0.0,0.0,0.0,0.3,0.5,1.0,0.0,4.0,5.0,1.44,Byrte_G1,Byrte,6.9,20.0,20.0,135.0,135.0,1,32.999,0.60917485,1.45,33.97,32.999,1.45,33.97,0
2,2015-01-02 00:00:00+00:00,102,2015-01-06 06:00:00+00:00,30.03,0.0,0.0,0.0,0.3,0.5,1.0,0.0,4.0,5.0,1.43,Byrte_G1,Byrte,6.9,20.0,20.0,135.0,135.0,1,32.999,0.60917485,1.45,33.97,32.999,1.45,33.97,0
2,2015-01-02 00:00:00+00:00,103,2015-01-06 07:00:00+00:00,30.5,0.0,0.0,0.0,0.3,0.5,1.0,0.0,4.0,5.0,1.42,Byrte_G1,Byrte,6.9,20.0,20.0,135.0,135.0,1,32.999,0.60917485,1.44,33.97,32.999,1.44,33.97,0
2,2015-01-02 00:00:00+00:00,104,2015-01-06 08:00:00+00:00,30.35,0.0,0.0,0.0,0.3,0.5,1.0,0.0,4.0,5.0,1.42,Byrte_G1,Byrte,6.9,20.0,20.0,135.0,135.0,1,32.999,0.60917485,1.43,33.97,32.999,1.43,33.97,0
2,2015-01-02 00:00:00+00:00,105,2015-01-06 09:00:00+00:00,30.53,0.0,0.0,0.0,0.3,0.5,1.0,0.0,4.0,5.0,1.42,Byrte_G1,Byrte,6.9,20.0,20.0,135.0,135.0,1,32.999,0.60917485,1.44,33.97,32.999,1.44,33.97,0
2,2015-01-02 00:00:00+00:00,106,2015-01-06 10:00:00+00:00,29.91,0.0,0.0,0.0,0.3,0.5,1.0,0.0,4.0,5.0,1.43,Byrte_G1,Byrte,6.9,20.0,20.0,135.0,135.0,1,32.999,0.60917485,1.45,33.97,32.999,1.45,33.97,0
2,2015-01-02 00:00:00+00:00,107,2015-01-06 11:00:00+00:00,29.62,0.0,0.0,0.0,0.3,0.5,1.0,0.0,4.0,5.0,1.41,Byrte_G1,Byrte,6.9,20.0,20.0,135.0,135.0,1,32.999,0.60917485,1.43,33.97,32.999,1.43,33.97,0
2,2015-01-02 00:00:00+00:00,108,2015-01-06 12:00:00+00:00,29.58,0.0,0.0,0.0,0.3,0.5,1.0,0.0,4.0,5.0,1.4,Byrte_G1,Byrte,6.9,20.0,20.0,135.0,135.0,1,32.999,0.60917485,1.42,33.97,32.999,1.42,33.97,0
2,2015-01-02 00:00:00+00:00,109,2015-01-06 13:00:00+00:00,29.57,0.0,0.0,0.0,0.3,0.5,1.0,0.0,4.0,5.0,1.41,Byrte_G1,Byrte,6.9,20.0,20.0,135.0,135.0,1,32.999,0.60917485,1.42,33.97,32.999,1.42,33.97,0
2,2015-01-02 00:00:00+00:00,110,2015-01-06 14:00:00+00:00,29.62,0.0,0.0,0.0,0.3,0.5,1.0,0.0,4.0,5.0,1.41,Byrte_G1,Byrte,6.9,20.0,20.0,135.0,135.0,1,32.999,0.60917485,1.42,33.97,32.999,1.42,33.97,0
2,2015-01-02 00:00:00+00:00,111,2015-01-06 15:00:00+00:00,29.99,0.0,0.0,0.0,0.3,0.5,1.0,0.0,4.0,5.0,1.41,Byrte_G1,Byrte,6.9,20.0,20.0,135.0,135.0,1,32.999,0.60917485,1.42,33.97,32.999,1.42,33.97,0
2,2015-01-02 00:00:00+00:00,112,2015-01-06 16:00:00+00:00,29.65,0.0,0.0,0.0,0.3,0.5,1.0,0.0,4.0,5.0,1.41,Byrte_G1,Byrte,6.9,20.0,20.0,135.0,135.0,1,32.999,0.60917485,1.42,33.97,32.999,1.42,33.97,0
2,2015-01-02 00:00:00+00:00,113,2015-01-06 17:00:00+00:00,29.58,0.0,0.0,0.0,0.3,0.5,1.0,0.0,4.0,5.0,1.4,Byrte_G1,Byrte,6.9,20.0,20.0,135.0,135.0,1,32.999,0.60917485,1.41,33.97,32.999,1.41,33.97,0
2,2015-01-02 00:00:00+00:00,114,2015-01-06 18:00:00+00:00,29.0,0.0,0.0,0.0,0.3,0.5,1.0,0.0,4.0,5.0,1.4,Byrte_G1,Byrte,6.9,20.0,20.0,135.0,135.0,1,32.999,0.60917485,1.41,33.97,32.999,1.41,33.97,0
2,2015-01-02 00:00:00+00:00,115,2015-01-06 19:00:00+00:00,28.45,0.0,0.0,0.0,0.3,0.5,1.0,0.0,4.0,5.0,1.4,Byrte_G1,Byrte,6.9,20.0,20.0,135.0,135.0,1,32.999,0.60917485,1.41,33.97,32.999,1.41,33.97,0
2,2015-01-02 00:00:00+00:00,116,2015-01-06 20:00:00+00:00,28.15,0.0,0.0,0.0,0.3,0.5,1.0,0.0,4.0,5.0,1.38,Byrte_G1,Byrte,6.9,20.0,20.0,135.0,135.0,1,32.999,0.60917485,1.4,33.97,32.999,1.4,33.97,0
2,2015-01-02 00:00:00+00:00,117,2015-01-06 21:00:00+00:00,27.73,0.0,0.0,0.0,0.3,0.5,1.0,0.0,4.0,5.0,1.4,Byrte_G1,Byrte,6.9,20.0,20.0,135.0,135.0,1,32.999,0.60917485,1.42,33.97,32.999,1.42,33.97,0
2,2015-01-02 00:00:00+00:00,118,2015-01-06 22:00:00+00:00,27.32,0.0,0.0,0.0,0.3,0.5,1.0,0.0,4.0,5.0,1.39,Byrte_G1,Byrte,6.9,20.0,20.0,135.0,135.0,1,32.999,0.60917485,1.41,33.97,32.999,1.41,33.97,0
2,2015-01-02 00:00:00+00:00,119,2015-01-06 23:00:00+00:00,26.35,0.0,0.0,0.0,0.3,0.5,1.0,0.0,4.0,5.0,1.31,Byrte_G1,Byrte,6.9,20.0,20.0,135.0,135.0,1,32.999,0.60917485,1.32,33.97,32.999,1.32,33.97,0
2,2015-01-02 00:00:00+00:00,120,2015-01-07 00:00:00+00:00,26.08,0.0,0.0,0.0,0.3,0.5,1.0,0.0,4.0,5.0,1.29,Byrte_G1,Byrte,6.9,20.0,20.0,135.0,135.0,1,32.999,0.60917485,1.31,33.97,32.999,1.31,33.97,0
2,2015-01-02 00:00:00+00:00,121,2015-01-07 01:00:00+00:00,26.03,0.0,0.0,0.0,0.3,0.5,1.0,0.0,4.0,5.0,1.29,Byrte_G1,Byrte,6.9,20.0,20.0,135.0,135.0,1,32.999,0.60917485,1.3,33.97,32.999,1.3,33.97,0
2,2015-01-02 00:00:00+00:00,122,2015-01-07 02:00:00+00:00,26.17,0.0,0.0,0.0,0.3,0.5,1.0,0.0,4.0,5.0,1.27,Byrte_G1,Byrte,6.9,20.0,20.0,135.0,135.0,1,32.999,0.60917485,1.28,33.97,32.999,1.28,33.97,0
2,2015-01-02 00:00:00+00:00,123,2015-01-07 03:00:00+00:00,26.74,0.0,0.0,0.0,0.3,0.5,1.0,0.0,4.0,5.0,1.27,Byrte_G1,Byrte,6.9,20.0,20.0,135.0,135.0,1,32.999,0.60917485,1.28,33.97,32.999,1.28,33.97,0
2,2015-01-02 00:00:00+00:00,124,2015-01-07 04:00:00+00:00,27.78,0.0,0.0,0.0,0.3,0.5,1.0,0.0,4.0,5.0,1.27,Byrte_G1,Byrte,6.9,20.0,20.0,135.0,135.0,1,32.999,0.60917485,1.28,33.97,32.999,1.28,33.97,0
2,2015-01-02 00:00:00+00:00,125,2015-01-07 05:00:00+00:00,28.48,0.0,0.0,0.0,0.3,0.5,1.0,0.0,4.0,5.0,1.27,Byrte_G1,Byrte,6.9,20.0,20.0,135.0,135.0,1,32.999,0.60917485,1.28,33.97,32.999,1.28,33.97,0
2,2015-01-02 00:00:00+00:00,126,2015-01-07 06:00:00+00:00,31.53,0.0,0.0,0.0,0.3,0.5,1.0,0.0,4.0,5.0,1.27,Byrte_G1,Byrte,6.9,20.0,20.0,135.0,135.0,1,32.999,0.60917485,1.28,33.97,32.999,1.28,33.97,0
2,2015-01-02 00:00:00+00:00,127,2015-01-07 07:00:00+00:00,32.54,0.0,0.0,0.0,0.3,0.5,1.0,0.0,4.0,5.0,1.27,Byrte_G1,Byrte,6.9,20.0,20.0,135.0,135.0,1,32.999,0.60917485,1.28,33.97,32.999,1.28,33.97,0
2,2015-01-02 00:00:00+00:00,128,2015-01-07 08:00:00+00:00,32.24,0.0,0.0,0.0,0.3,0.5,1.0,0.0,4.0,5.0,1.26,Byrte_G1,Byrte,6.9,20.0,20.0,135.0,135.0,1,32.999,0.60917485,1.28,33.97,32.999,1.28,33.97,0
2,2015-01-02 00:00:00+00:00,129,2015-01-07 09:00:00+00:00,31.96,0.0,0.0,0.0,0.3,0.5,1.0,0.0,4.0,5.0,1.25,Byrte_G1,Byrte,6.9,20.0,20.0,135.0,135.0,1,32.999,0.60917485,1.26,33.97,32.999,1.26,33.97,0
2,2015-01-02 00:00:00+00:00,130,2015-01-07 10:00:00+00:00,31.66,0.0,0.0,0.0,0.3,0.5,1.0,0.0,4.0,5.0,1.25,Byrte_G1,Byrte,6.9,20.0,20.0,135.0,135.0,1,32.999,0.60917485,1.26,33.97,32.999,1.26,33.97,0
2,2015-01-02 00:00:00+00:00,131,2015-01-07 11:00:00+00:00,30.97,0.0,0.0,0.0,0.3,0.5,1.0,0.0,4.0,5.0,1.25,Byrte_G1,Byrte,6.9,20.0,20.0,135.0,135.0,1,32.999,0.60917485,1.26,33.97,32.999,1.26,33.97,0
2,2015-01-02 00:00:00+00:00,132,2015-01-07 12:00:00+00:00,30.65,0.0,0.0,0.0,0.3,0.5,1.0,0.0,4.0,5.0,1.25,Byrte_G1,Byrte,6.9,20.0,20.0,135.0,135.0,1,32.999,0.60917485,1.26,33.97,32.999,1.26,33.97,0
2,2015-01-02 00:00:00+00:00,133,2015-01-07 13:00:00+00:00,30.31,0.0,0.0,0.0,0.3,0.5,1.0,0.0,4.0,5.0,1.23,Byrte_G1,Byrte,6.9,20.0,20.0,135.0,135.0,1,32.999,0.60917485,1.25,33.97,32.999,1.25,33.97,0
2,2015-01-02 00:00:00+00:00,134,2015-01-07 14:00:00+00:00,29.79,0.0,0.0,0.0,0.3,0.5,1.0,0.0,4.0,5.0,1.23,Byrte_G1,Byrte,6.9,20.0,20.0,135.0,135.0,1,32.999,0.60917485,1.24,33.97,32.999,1.24,33.97,0
2,2015-01-02 00:00:00+00:00,135,2015-01-07 15:00:00+00:00,30.72,0.0,0.0,0.0,0.3,0.5,1.0,0.0,4.0,5.0,1.21,Byrte_G1,Byrte,6.9,20.0,20.0,135.0,135.0,1,32.999,0.60917485,1.22,33.97,32.999,1.22,33.97,0
2,2015-01-02 00:00:00+00:00,136,2015-01-07 16:00:00+00:00,29.56,0.0,0.0,0.0,0.3,0.5,1.0,0.0,4.0,5.0,1.2,Byrte_G1,Byrte,6.9,20.0,20.0,135.0,135.0,1,32.999,0.60917485,1.22,33.97,32.999,1.22,33.97,0
2,2015-01-02 00:00:00+00:00,137,2015-01-07 17:00:00+00:00,28.84,0.0,0.0,0.0,0.3,0.5,1.0,0.0,4.0,5.0,1.2,Byrte_G1,Byrte,6.9,20.0,20.0,135.0,135.0,1,32.999,0.60917485,1.22,33.97,32.999,1.22,33.97,0
2,2015-01-02 00:00:00+00:00,138,2015-01-07 18:00:00+00:00,28.2,0.0,0.0,0.0,0.3,0.5,1.0,0.0,4.0,5.0,1.2,Byrte_G1,Byrte,6.9,20.0,20.0,135.0,135.0,1,32.999,0.60917485,1.22,33.97,32.999,1.22,33.97,0
2,2015-01-02 00:00:00+00:00,139,2015-01-07 19:00:00+00:00,27.75,0.0,0.0,0.0,0.3,0.5,1.0,0.0,4.0,5.0,1.2,Byrte_G1,Byrte,6.9,20.0,20.0,135.0,135.0,1,32.999,0.60917485,1.22,33.97,32.999,1.22,33.97,0
2,2015-01-02 00:00:00+00:00,140,2015-01-07 20:00:00+00:00,27.42,0.0,0.0,0.0,0.3,0.5,1.0,0.0,4.0,5.0,1.21,Byrte_G1,Byrte,6.9,20.0,20.0,135.0,135.0,1,32.999,0.60917485,1.22,33.97,32.999,1.22,33.97,0
2,2015-01-02 00:00:00+00:00,141,2015-01-07 21:00:00+00:00,26.68,0.0,0.0,0.0,0.3,0.5,1.0,0.0,4.0,5.0,1.22,Byrte_G1,Byrte,6.9,20.0,20.0,135.0,135.0,1,32.999,0.60917485,1.24,33.97,32.999,1.24,33.97,0
2,2015-01-02 00:00:00+00:00,142,2015-01-07 22:00:00+00:00,26.15,0.0,0.0,0.0,0.3,0.5,1.0,0.0,4.0,5.0,1.21,Byrte_G1,Byrte,6.9,20.0,20.0,135.0,135.0,1,32.999,0.60917485,1.22,33.97,32.999,1.22,33.97,0
2,2015-01-02 00:00:00+00:00,143,2015-01-07 23:00:00+00:00,26.04,0.0,0.0,0.0,0.3,0.5,1.0,0.0,4.0,5.0,1.19,Byrte_G1,Byrte,6.9,20.0,20.0,135.0,135.0,1,32.999,0.60917485,1.2,33.97,32.999,1.2,33.97,0
2,2015-01-02 00:00:00+00:00,144,2015-01-08 00:00:00+00:00,25.07,0.0,0.0,0.0,0.3,0.5,1.0,0.0,4.0,5.0,1.19,Byrte_G1,Byrte,6.9,20.0,20.0,135.0,135.0,1,32.999,0.60917485,1.2,33.97,32.999,1.2,33.97,0
2,2015-01-02 00:00:00+00:00,145,2015-01-08 01:00:00+00:00,24.57,0.0,0.0,0.0,0.3,0.5,1.0,0.0,4.0,5.0,1.2,Byrte_G1,Byrte,6.9,20.0,20.0,135.0,135.0,1,32.999,0.60917485,1.21,33.97,32.999,1.21,33.97,0
2,2015-01-02 00:00:00+00:00,146,2015-01-08 02:00:00+00:00,24.44,0.0,0.0,0.0,0.3,0.5,1.0,0.0,4.0,5.0,1.19,Byrte_G1,Byrte,6.9,20.0,20.0,135.0,135.0,1,32.999,0.60917485,1.2,33.97,32.999,1.2,33.97,0
2,2015-01-02 00:00:00+00:00,147,2015-01-08 03:00:00+00:00,24.54,0.0,0.0,0.0,0.3,0.5,1.0,0.0,4.0,5.0,1.19,Byrte_G1,Byrte,6.9,20.0,20.0,135.0,135.0,1,32.999,0.60917485,1.2,33.97,32.999,1.2,33.97,0
2,2015-01-02 00:00:00+00:00,148,2015-01-08 04:00:00+00:00,26.04,0.0,0.0,0.0,0.3,0.5,1.0,0.0,4.0,5.0,1.19,Byrte_G1,Byrte,6.9,20.0,20.0,135.0,135.0,1,32.999,0.60917485,1.2,33.97,32.999,1.2,33.97,0
2,2015-01-02 00:00:00+00:00,149,2015-01-08 05:00:00+00:00,26.89,0.0,0.0,0.0,0.3,0.5,1.0,0.0,4.0,5.0,1.2,Byrte_G1,Byrte,6.9,20.0,20.0,135.0,135.0,1,32.999,0.60917485,1.21,33.97,32.999,1.21,33.97,0
2,2015-01-02 00:00:00+00:00,150,2015-01-08 06:00:00+00:00,27.59,0.0,0.0,0.0,0.3,0.5,1.0,0.0,4.0,5.0,1.19,Byrte_G1,Byrte,6.9,20.0,20.0,135.0,135.0,1,32.999,0.60917485,1.2,33.97,32.999,1.2,33.97,0
2,2015-01-02 00:00:00+00:00,151,2015-01-08 07:00:00+00:00,28.1,0.0,0.0,0.0,0.3,0.5,1.0,0.0,4.0,5.0,1.17,Byrte_G1,Byrte,6.9,20.0,20.0,135.0,135.0,1,32.999,0.60917485,1.18,33.97,32.999,1.18,33.97,0
2,2015-01-02 00:00:00+00:00,152,2015-01-08 08:00:00+00:00,28.23,0.0,0.0,0.0,0.3,0.5,1.0,0.0,4.0,5.0,1.18,Byrte_G1,Byrte,6.9,20.0,20.0,135.0,135.0,1,32.999,0.60917485,1.19,33.97,32.999,1.19,33.97,0
2,2015-01-02 00:00:00+00:00,153,2015-01-08 09:00:00+00:00,28.35,0.0,0.0,0.0,0.3,0.5,1.0,0.0,4.0,5.0,1.16,Byrte_G1,Byrte,6.9,20.0,20.0,135.0,135.0,1,32.999,0.60917485,1.18,33.97,32.999,1.18,33.97,0
2,2015-01-02 00:00:00+00:00,154,2015-01-08 10:00:00+00:00,28.46,0.0,0.0,0.0,0.3,0.5,1.0,0.0,4.0,5.0,1.16,Byrte_G1,Byrte,6.9,20.0,20.0,135.0,135.0,1,32.999,0.60917485,1.17,33.97,32.999,1.17,33.97,0
2,2015-01-02 00:00:00+00:00,155,2015-01-08 11:00:00+00:00,28.46,0.0,0.0,0.0,0.3,0.5,1.0,0.0,4.0,5.0,1.16,Byrte_G1,Byrte,6.9,20.0,20.0,135.0,135.0,1,32.999,0.60917485,1.17,33.97,32.999,1.17,33.97,0
2,2015-01-02 00:00:00+00:00,156,2015-01-08 12:00:00+00:00,28.6,0.0,0.0,0.0,0.3,0.5,1.0,0.0,4.0,5.0,1.16,Byrte_G1,Byrte,6.9,20.0,20.0,135.0,135.0,1,32.999,0.60917485,1.17,33.97,32.999,1.17,33.97,0
2,2015-01-02 00:00:00+00:00,157,2015-01-08 13:00:00+00:00,28.45,0.0,0.0,0.0,0.3,0.5,1.0,0.0,4.0,5.0,1.16,Byrte_G1,Byrte,6.9,20.0,20.0,135.0,135.0,1,32.999,0.60917485,1.17,33.97,32.999,1.17,33.97,0
2,2015-01-02 00:00:00+00:00,158,2015-01-08 14:00:00+00:00,28.24,0.0,0.0,0.0,0.3,0.5,1.0,0.0,4.0,5.0,1.16,Byrte_G1,Byrte,6.9,20.0,20.0,135.0,135.0,1,32.999,0.60917485,1.17,33.97,32.999,1.17,33.97,0
2,2015-01-02 00:00:00+00:00,159,2015-01-08 15:00:00+00:00,28.43,0.0,0.0,0.0,0.3,0.5,1.0,0.0,4.0,5.0,1.15,Byrte_G1,Byrte,6.9,20.0,20.0,135.0,135.0,1,32.999,0.60917485,1.16,33.97,32.999,1.16,33.97,0
2,2015-01-02 00:00:00+00:00,160,2015-01-08 16:00:00+00:00,28.4,0.0,0.0,0.0,0.3,0.5,1.0,0.0,4.0,5.0,1.14,Byrte_G1,Byrte,6.9,20.0,20.0,135.0,135.0,1,32.999,0.60917485,1.16,33.97,32.999,1.16,33.97,0
2,2015-01-02 00:00:00+00:00,161,2015-01-08 17:00:00+00:00,27.98,0.0,0.0,0.0,0.3,0.5,1.0,0.0,4.0,5.0,1.14,Byrte_G1,Byrte,6.9,20.0,20.0,135.0,135.0,1,32.999,0.60917485,1.16,33.97,32.999,1.16,33.97,0
2,2015-01-02 00:00:00+00:00,162,2015-01-08 18:00:00+00:00,27.69,0.0,0.0,0.0,0.3,0.5,1.0,0.0,4.0,5.0,1.15,Byrte_G1,Byrte,6.9,20.0,20.0,135.0,135.0,1,32.999,0.60917485,1.16,33.97,32.999,1.16,33.97,0
2,2015-01-02 00:00:00+00:00,163,2015-01-08 19:00:00+00:00,27.46,0.0,0.0,0.0,0.3,0.5,1.0,0.0,4.0,5.0,1.16,Byrte_G1,Byrte,6.9,20.0,20.0,135.0,135.0,1,32.999,0.60917485,1.17,33.97,32.999,1.17,33.97,0
2,2015-01-02 00:00:00+00:00,164,2015-01-08 20:00:00+00:00,27.31,0.0,0.0,0.0,0.3,0.5,1.0,0.0,4.0,5.0,1.16,Byrte_G1,Byrte,6.9,20.0,20.0,135.0,135.0,1,32.999,0.60917485,1.17,33.97,32.999,1.17,33.97,0
2,2015-01-02 00:00:00+00:00,165,2015-01-08 21:00:00+00:00,26.71,0.0,0.0,0.0,0.3,0.5,1.0,0.0,4.0,5.0,1.16,Byrte_G1,Byrte,6.9,20.0,20.0,135.0,135.0,1,32.999,0.60917485,1.17,33.97,32.999,1.17,33.97,0
2,2015-01-02 00:00:00+00:00,166,2015-01-08 22:00:00+00:00,25.91,0.0,0.0,0.0,0.3,0.5,1.0,0.0,4.0,5.0,1.15,Byrte_G1,Byrte,6.9,20.0,20.0,135.0,135.0,1,32.999,0.60917485,1.16,33.97,32.999,1.16,33.97,0
2,2015-01-02 00:00:00+00:00,167,2015-01-08 23:00:00+00:00,25.89,0.0,0.0,0.0,0.3,0.5,1.0,0.0,4.0,5.0,1.14,Byrte_G1,Byrte,6.9,20.0,20.0,135.0,135.0,1,32.999,0.60917485,1.16,33.97,32.999,1.16,33.97,0
2,2015-01-02 00:00:00+00:00,0,2015-01-02 00:00:00+00:00,26.41,0.0,0.0,0.0,0.3,0.5,1.0,0.0,4.0,5.0,1.26,Vinje_G1,Vinje,34.4,100.0,100.0,198.0,198.0,1,11.079,0.42286262,0.26,25.37,1154.566,19.31,27.693117,0
2,2015-01-02 00:00:00+00:00,1,2015-01-02 01:00:00+00:00,26.2,0.0,0.0,0.0,0.3,0.5,1.0,0.0,4.0,5.0,1.3,Vinje_G1,Vinje,34.4,100.0,100.0,198.0,198.0,1,11.079,0.42286262,0.26,25.37,1154.566,19.52,27.693117,0
2,2015-01-02 00:00:00+00:00,2,2015-01-02 02:00:00+00:00,25.6,0.0,0.0,0.0,0.3,0.5,1.0,0.0,4.0,5.0,1.52,Vinje_G1,Vinje,34.4,100.0,100.0,198.0,198.0,1,11.079,0.42286262,0.27,25.37,1154.566,20.190002,27.693117,0
2,2015-01-02 00:00:00+00:00,3,2015-01-02 03:00:00+00:00,24.74,0.0,0.0,0.0,0.3,0.5,1.0,0.0,4.0,5.0,1.7,Vinje_G1,Vinje,34.4,100.0,100.0,198.0,198.0,1,11.079,0.42286262,0.27,25.37,1154.566,21.05,27.693117,0
2,2015-01-02 00:00:00+00:00,4,2015-01-02 04:00:00+00:00,26.1,0.0,0.0,0.0,0.3,0.5,1.0,0.0,4.0,5.0,1.75,Vinje_G1,Vinje,34.4,100.0,100.0,198.0,198.0,1,11.079,0.42286262,0.27,25.37,1154.566,21.02,27.693117,0
2,2015-01-02 00:00:00+00:00,5,2015-01-02 05:00:00+00:00,27.25,0.0,0.0,0.0,0.3,0.5,1.0,0.0,4.0,5.0,1.65,Vinje_G1,Vinje,34.4,100.0,100.0,198.0,198.0,1,11.079,0.42286262,0.26,25.37,1154.566,20.910002,27.693117,1
2,2015-01-02 00:00:00+00:00,6,2015-01-02 06:00:00+00:00,28.37,0.0,0.0,0.0,0.3,0.5,1.0,0.0,4.0,5.0,1.71,Vinje_G1,Vinje,34.4,100.0,100.0,198.0,198.0,1,11.079,0.42286262,0.26,25.37,1154.566,21.06,27.693117,1
2,2015-01-02 00:00:00+00:00,7,2015-01-02 07:00:00+00:00,28.37,0.0,0.0,0.0,0.3,0.5,1.0,0.0,4.0,5.0,1.92,Vinje_G1,Vinje,34.4,100.0,100.0,198.0,198.0,1,11.079,0.42286262,0.27,25.37,1154.566,21.43,27.693117,1
2,2015-01-02 00:00:00+00:00,8,2015-01-02 08:00:00+00:00,28.32,0.0,0.0,0.0,0.3,0.5,1.0,0.0,4.0,5.0,2.18,Vinje_G1,Vinje,34.4,100.0,100.0,198.0,198.0,1,11.079,0.42286262,0.27,25.37,1154.566,21.990002,27.693117,1
2,2015-01-02 00:00:00+00:00,9,2015-01-02 09:00:00+00:00,28.3,0.0,0.0,0.0,0.3,0.5,1.0,0.0,4.0,5.0,2.33,Vinje_G1,Vinje,34.4,100.0,100.0,198.0,198.0,1,11.079,0.42286262,0.27,25.37,1154.566,22.349998,27.693117,1
2,2015-01-02 00:00:00+00:00,10,2015-01-02 10:00:00+00:00,28.39,0.0,0.0,0.0,0.3,0.5,1.0,0.0,4.0,5.0,2.35,Vinje_G1,Vinje,34.4,100.0,100.0,198.0,198.0,1,11.079,0.42286262,0.27,25.37,1154.566,22.4,27.693117,1
2,2015-01-02 00:00:00+00:00,11,2015-01-02 11:00:00+00:00,28.3,0.0,0.0,0.0,0.3,0.5,1.0,0.0,4.0,5.0,2.3,Vinje_G1,Vinje,34.4,100.0,100.0,198.0,198.0,1,11.079,0.42286262,0.27,25.37,1154.566,22.33,27.693117,1
2,2015-01-02 00:00:00+00:00,12,2015-01-02 12:00:00+00:00,28.24,0.0,0.0,0.0,0.3,0.5,1.0,0.0,4.0,5.0,2.23,Vinje_G1,Vinje,34.4,100.0,100.0,198.0,198.0,1,11.079,0.42286262,0.27,25.37,1154.566,22.34,27.693117,1
2,2015-01-02 00:00:00+00:00,13,2015-01-02 13:00:00+00:00,28.12,0.0,0.0,0.0,0.3,0.5,1.0,0.0,4.0,5.0,2.2,Vinje_G1,Vinje,34.4,100.0,100.0,198.0,198.0,1,11.079,0.42286262,0.27,25.37,1154.566,22.270002,27.693117,1
2,2015-01-02 00:00:00+00:00,14,2015-01-02 14:00:00+00:00,28.23,0.0,0.0,0.0,0.3,0.5,1.0,0.0,4.0,5.0,2.17,Vinje_G1,Vinje,34.4,100.0,100.0,198.0,198.0,1,11.079,0.42286262,0.28,25.37,1154.566,22.300001,27.693117,1
2,2015-01-02 00:00:00+00:00,15,2015-01-02 15:00:00+00:00,28.59,0.0,0.0,0.0,0.3,0.5,1.0,0.0,4.0,5.0,2.14,Vinje_G1,Vinje,34.4,100.0,100.0,198.0,198.0,1,11.079,0.42286262,0.28,25.37,1154.566,22.43,27.693117,1
2,2015-01-02 00:00:00+00:00,16,2015-01-02 16:00:00+00:00,28.73,0.0,0.0,0.0,0.3,0.5,1.0,0.0,4.0,5.0,2.13,Vinje_G1,Vinje,34.4,100.0,100.0,198.0,198.0,1,11.079,0.42286262,0.29,25.37,1154.566,22.590002,27.693117,1
2,2015-01-02 00:00:00+00:00,17,2015-01-02 17:00:00+00:00,28.48,0.0,0.0,0.0,0.3,0.5,1.0,0.0,4.0,5.0,2.05,Vinje_G1,Vinje,34.4,100.0,100.0,198.0,198.0,1,11.079,0.42286262,0.29,25.37,1154.566,22.560001,27.693117,1
2,2015-01-02 00:00:00+00:00,18,2015-01-02 18:00:00+00:00,28.38,0.0,0.0,0.0,0.3,0.5,1.0,0.0,4.0,5.0,1.64,Vinje_G1,Vinje,34.4,100.0,100.0,198.0,198.0,1,11.079,0.42286262,0.29,25.37,1154.566,21.890001,27.693117,1
2,2015-01-02 00:00:00+00:00,19,2015-01-02 19:00:00+00:00,27.85,0.0,0.0,0.0,0.3,0.5,1.0,0.0,4.0,5.0,2.06,Vinje_G1,Vinje,34.4,100.0,100.0,198.0,198.0,1,11.079,0.42286262,0.29,25.37,1154.566,22.54,27.693117,1
2,2015-01-02 00:00:00+00:00,20,2015-01-02 20:00:00+00:00,27.45,0.0,0.0,0.0,0.3,0.5,1.0,0.0,4.0,5.0,2.2,Vinje_G1,Vinje,34.4,100.0,100.0,198.0,198.0,1,11.079,0.42286262,0.3,25.37,1154.566,22.8,27.693117,1
2,2015-01-02 00:00:00+00:00,21,2015-01-02 21:00:00+00:00,27.2,0.0,0.0,0.0,0.3,0.5,1.0,0.0,4.0,5.0,2.38,Vinje_G1,Vinje,34.4,100.0,100.0,198.0,198.0,1,11.079,0.42286262,0.3,25.37,1154.566,22.970001,27.693117,1
2,2015-01-02 00:00:00+00:00,22,2015-01-02 22:00:00+00:00,26.79,0.0,0.0,0.0,0.3,0.5,1.0,0.0,4.0,5.0,2.59,Vinje_G1,Vinje,34.4,100.0,100.0,198.0,198.0,1,11.079,0.42286262,0.3,25.37,1154.566,23.129997,27.693117,0
2,2015-01-02 00:00:00+00:00,23,2015-01-02 23:00:00+00:00,25.85,0.0,0.0,0.0,0.3,0.5,1.0,0.0,4.0,5.0,2.83,Vinje_G1,Vinje,34.4,100.0,100.0,198.0,198.0,1,11.079,0.42286262,0.31,25.37,1154.566,23.499998,27.693117,0
2,2015-01-02 00:00:00+00:00,24,2015-01-03 00:00:00+00:00,25.54,0.0,0.0,0.0,0.3,0.5,1.0,0.0,4.0,5.0,2.84,Vinje_G1,Vinje,34.4,100.0,100.0,198.0,198.0,1,11.079,0.42286262,0.32,25.37,1154.566,23.619999,27.693117,0
2,2015-01-02 00:00:00+00:00,25,2015-01-03 01:00:00+00:00,25.43,0.0,0.0,0.0,0.3,0.5,1.0,0.0,4.0,5.0,2.77,Vinje_G1,Vinje,34.4,100.0,100.0,198.0,198.0,1,11.079,0.42286262,0.32,25.37,1154.566,23.61,27.693117,0
2,2015-01-02 00:00:00+00:00,26,2015-01-03 02:00:00+00:00,25.34,0.0,0.0,0.0,0.3,0.5,1.0,0.0,4.0,5.0,2.86,Vinje_G1,Vinje,34.4,100.0,100.0,198.0,198.0,1,11.079,0.42286262,0.33,25.37,1154.566,23.67,27.693117,0
2,2015-01-02 00:00:00+00:00,27,2015-01-03 03:00:00+00:00,25.29,0.0,0.0,0.0,0.3,0.5,1.0,0.0,4.0,5.0,3.02,Vinje_G1,Vinje,34.4,100.0,100.0,198.0,198.0,1,11.079,0.42286262,0.33,25.37,1154.566,23.93,27.693117,0
2,2015-01-02 00:00:00+00:00,28,2015-01-03 04:00:00+00:00,25.3,0.0,0.0,0.0,0.3,0.5,1.0,0.0,4.0,5.0,3.13,Vinje_G1,Vinje,34.4,100.0,100.0,198.0,198.0,1,11.079,0.42286262,0.34,25.37,1154.566,24.130001,27.693117,0
2,2015-01-02 00:00:00+00:00,29,2015-01-03 05:00:00+00:00,25.55,0.0,0.0,0.0,0.3,0.5,1.0,0.0,4.0,5.0,3.16,Vinje_G1,Vinje,34.4,100.0,100.0,198.0,198.0,1,11.079,0.42286262,0.34,25.37,1154.566,24.25,27.693117,0
2,2015-01-02 00:00:00+00:00,30,2015-01-03 06:00:00+00:00,26.75,0.0,0.0,0.0,0.3,0.5,1.0,0.0,4.0,5.0,3.13,Vinje_G1,Vinje,34.4,100.0,100.0,198.0,198.0,1,11.079,0.42286262,0.34,25.37,1154.566,24.289999,27.693117,0
2,2015-01-02 00:00:00+00:00,31,2015-01-03 07:00:00+00:00,26.98,0.0,0.0,0.0,0.3,0.5,1.0,0.0,4.0,5.0,3.06,Vinje_G1,Vinje,34.4,100.0,100.0,198.0,198.0,1,11.079,0.42286262,0.34,25.37,1154.566,24.26,27.693117,1
2,2015-01-02 00:00:00+00:00,32,2015-01-03 08:00:00+00:00,27.52,0.0,0.0,0.0,0.3,0.5,1.0,0.0,4.0,5.0,3.01,Vinje_G1,Vinje,34.4,100.0,100.0,198.0,198.0,1,11.079,0.42286262,0.34,25.37,1154.566,24.289999,27.693117,1
2,2015-01-02 00:00:00+00:00,33,2015-01-03 09:00:00+00:00,27.72,0.0,0.0,0.0,0.3,0.5,1.0,0.0,4.0,5.0,3.0,Vinje_G1,Vinje,34.4,100.0,100.0,198.0,198.0,1,11.079,0.42286262,0.34,25.37,1154.566,24.449999,27.693117,1
2,2015-01-02 00:00:00+00:00,34,2015-01-03 10:00:00+00:00,27.73,0.0,0.0,0.0,0.3,0.5,1.0,0.0,4.0,5.0,2.92,Vinje_G1,Vinje,34.4,100.0,100.0,198.0,198.0,1,11.079,0.42286262,0.35,25.37,1154.566,24.52,27.693117,1
2,2015-01-02 00:00:00+00:00,35,2015-01-03 11:00:00+00:00,27.66,0.0,0.0,0.0,0.3,0.5,1.0,0.0,4.0,5.0,2.88,Vinje_G1,Vinje,34.4,100.0,100.0,198.0,198.0,1,11.079,0.42286262,0.35,25.37,1154.566,24.740002,27.693117,1
2,2015-01-02 00:00:00+00:00,36,2015-01-03 12:00:00+00:00,27.65,0.0,0.0,0.0,0.3,0.5,1.0,0.0,4.0,5.0,2.85,Vinje_G1,Vinje,34.4,100.0,100.0,198.0,198.0,1,11.079,0.42286262,0.35,25.37,1154.566,24.79,27.693117,1
2,2015-01-02 00:00:00+00:00,37,2015-01-03 13:00:00+00:00,27.81,0.0,0.0,0.0,0.3,0.5,1.0,0.0,4.0,5.0,2.84,Vinje_G1,Vinje,34.4,100.0,100.0,198.0,198.0,1,11.079,0.42286262,0.35,25.37,1154.566,24.650002,27.693117,1
2,2015-01-02 00:00:00+00:00,38,2015-01-03 14:00:00+00:00,28.29,0.0,0.0,0.0,0.3,0.5,1.0,0.0,4.0,5.0,2.81,Vinje_G1,Vinje,34.4,100.0,100.0,198.0,198.0,1,11.079,0.42286262,0.35,25.37,1154.566,24.65,27.693117,1
2,2015-01-02 00:00:00+00:00,39,2015-01-03 15:00:00+00:00,28.6,0.0,0.0,0.0,0.3,0.5,1.0,0.0,4.0,5.0,2.75,Vinje_G1,Vinje,34.4,100.0,100.0,198.0,198.0,1,11.079,0.42286262,0.35,25.37,1154.566,24.45,27.693117,1
2,2015-01-02 00:00:00+00:00,40,2015-01-03 16:00:00+00:00,28.88,0.0,0.0,0.0,0.3,0.5,1.0,0.0,4.0,5.0,2.69,Vinje_G1,Vinje,34.4,100.0,100.0,198.0,198.0,1,11.079,0.42286262,0.35,25.37,1154.566,24.380001,27.693117,1
2,2015-01-02 00:00:00+00:00,41,2015-01-03 17:00:00+00:00,28.78,0.0,0.0,0.0,0.3,0.5,1.0,0.0,4.0,5.0,2.65,Vinje_G1,Vinje,34.4,100.0,100.0,198.0,198.0,1,11.079,0.42286262,0.35,25.37,1154.566,24.27,27.693117,1
2,2015-01-02 00:00:00+00:00,42,2015-01-03 18:00:00+00:00,28.54,0.0,0.0,0.0,0.3,0.5,1.0,0.0,4.0,5.0,2.6,Vinje_G1,Vinje,34.4,100.0,100.0,198.0,198.0,1,11.079,0.42286262,0.35,25.37,1154.566,24.18,27.693117,1
2,2015-01-02 00:00:00+00:00,43,2015-01-03 19:00:00+00:00,28.34,0.0,0.0,0.0,0.3,0.5,1.0,0.0,4.0,5.0,2.54,Vinje_G1,Vinje,34.4,100.0,100.0,198.0,198.0,1,11.079,0.42286262,0.35,25.37,1154.566,24.130001,27.693117,1
2,2015-01-02 00:00:00+00:00,44,2015-01-03 20:00:00+00:00,27.93,0.0,0.0,0.0,0.3,0.5,1.0,0.0,4.0,5.0,2.47,Vinje_G1,Vinje,34.4,100.0,100.0,198.0,198.0,1,11.079,0.42286262,0.35,25.37,1154.566,24.01,27.693117,1
2,2015-01-02 00:00:00+00:00,45,2015-01-03 21:00:00+00:00,27.7,0.0,0.0,0.0,0.3,0.5,1.0,0.0,4.0,5.0,2.41,Vinje_G1,Vinje,34.4,100.0,100.0,198.0,198.0,1,11.079,0.42286262,0.35,25.37,1154.566,23.790003,27.693117,1
2,2015-01-02 00:00:00+00:00,46,2015-01-03 22:00:00+00:00,27.25,0.0,0.0,0.0,0.3,0.5,1.0,0.0,4.0,5.0,2.33,Vinje_G1,Vinje,34.4,100.0,100.0,198.0,198.0,1,11.079,0.42286262,0.35,25.37,1154.566,23.689999,27.693117,0
2,2015-01-02 00:00:00+00:00,47,2015-01-03 23:00:00+00:00,27.55,0.0,0.0,0.0,0.3,0.5,1.0,0.0,4.0,5.0,2.27,Vinje_G1,Vinje,34.4,100.0,100.0,198.0,198.0,1,11.079,0.42286262,0.35,25.37,1154.566,23.62,27.693117,0
2,2015-01-02 00:00:00+00:00,48,2015-01-04 00:00:00+00:00,27.38,0.0,0.0,0.0,0.3,0.5,1.0,0.0,4.0,5.0,2.22,Vinje_G1,Vinje,34.4,100.0,100.0,198.0,198.0,1,11.079,0.42286262,0.35,25.37,1154.566,23.31,27.693117,0
2,2015-01-02 00:00:00+00:00,49,2015-01-04 01:00:00+00:00,27.17,0.0,0.0,0.0,0.3,0.5,1.0,0.0,4.0,5.0,2.15,Vinje_G1,Vinje,34.4,100.0,100.0,198.0,198.0,1,11.079,0.42286262,0.35,25.37,1154.566,22.87,27.693117,0
2,2015-01-02 00:00:00+00:00,50,2015-01-04 02:00:00+00:00,27.03,0.0,0.0,0.0,0.3,0.5,1.0,0.0,4.0,5.0,2.1,Vinje_G1,Vinje,34.4,100.0,100.0,198.0,198.0,1,11.079,0.42286262,0.35,25.37,1154.566,22.45,27.693117,0
2,2015-01-02 00:00:00+00:00,51,2015-01-04 03:00:00+00:00,27.04,0.0,0.0,0.0,0.3,0.5,1.0,0.0,4.0,5.0,2.06,Vinje_G1,Vinje,34.4,100.0,100.0,198.0,198.0,1,11.079,0.42286262,0.35,25.37,1154.566,22.289999,27.693117,0
2,2015-01-02 00:00:00+00:00,52,2015-01-04 04:00:00+00:00,27.19,0.0,0.0,0.0,0.3,0.5,1.0,0.0,4.0,5.0,2.01,Vinje_G1,Vinje,34.4,100.0,100.0,198.0,198.0,1,11.079,0.42286262,0.35,25.37,1154.566,22.18,27.693117,0
2,2015-01-02 00:00:00+00:00,53,2015-01-04 05:00:00+00:00,27.13,0.0,0.0,0.0,0.3,0.5,1.0,0.0,4.0,5.0,1.99,Vinje_G1,Vinje,34.4,100.0,100.0,198.0,198.0,1,11.079,0.42286262,0.35,25.37,1154.566,22.110003,27.693117,0
2,2015-01-02 00:00:00+00:00,54,2015-01-04 06:00:00+00:00,27.06,0.0,0.0,0.0,0.3,0.5,1.0,0.0,4.0,5.0,1.94,Vinje_G1,Vinje,34.4,100.0,100.0,198.0,198.0,1,11.079,0.42286262,0.36,25.37,1154.566,22.07,27.693117,0
2,2015-01-02 00:00:00+00:00,55,2015-01-04 07:00:00+00:00,27.63,0.0,0.0,0.0,0.3,0.5,1.0,0.0,4.0,5.0,1.89,Vinje_G1,Vinje,34.4,100.0,100.0,198.0,198.0,1,11.079,0.42286262,0.36,25.37,1154.566,21.880001,27.693117,0
2,2015-01-02 00:00:00+00:00,56,2015-01-04 08:00:00+00:00,28.03,0.0,0.0,0.0,0.3,0.5,1.0,0.0,4.0,5.0,1.84,Vinje_G1,Vinje,34.4,100.0,100.0,198.0,198.0,1,11.079,0.42286262,0.36,25.37,1154.566,21.810001,27.693117,0
2,2015-01-02 00:00:00+00:00,57,2015-01-04 09:00:00+00:00,28.24,0.0,0.0,0.0,0.3,0.5,1.0,0.0,4.0,5.0,1.82,Vinje_G1,Vinje,34.4,100.0,100.0,198.0,198.0,1,11.079,0.42286262,0.36,25.37,1154.566,21.68,27.693117,0
2,2015-01-02 00:00:00+00:00,58,2015-01-04 10:00:00+00:00,28.32,0.0,0.0,0.0,0.3,0.5,1.0,0.0,4.0,5.0,1.79,Vinje_G1,Vinje,34.4,100.0,100.0,198.0,198.0,1,11.079,0.42286262,0.36,25.37,1154.566,21.630001,27.693117,0
2,2015-01-02 00:00:00+00:00,59,2015-01-04 11:00:00+00:00,28.24,0.0,0.0,0.0,0.3,0.5,1.0,0.0,4.0,5.0,1.77,Vinje_G1,Vinje,34.4,100.0,100.0,198.0,198.0,1,11.079,0.42286262,0.36,25.37,1154.566,21.730001,27.693117,0
2,2015-01-02 00:00:00+00:00,60,2015-01-04 12:00:00+00:00,28.27,0.0,0.0,0.0,0.3,0.5,1.0,0.0,4.0,5.0,1.74,Vinje_G1,Vinje,34.4,100.0,100.0,198.0,198.0,1,11.079,0.42286262,0.36,25.37,1154.566,21.85,27.693117,0
2,2015-01-02 00:00:00+00:00,61,2015-01-04 13:00:00+00:00,28.32,0.0,0.0,0.0,0.3,0.5,1.0,0.0,4.0,5.0,1.72,Vinje_G1,Vinje,34.4,100.0,100.0,198.0,198.0,1,11.079,0.42286262,0.36,25.37,1154.566,21.800001,27.693117,0
2,2015-01-02 00:00:00+00:00,62,2015-01-04 14:00:00+00:00,28.37,0.0,0.0,0.0,0.3,0.5,1.0,0.0,4.0,5.0,1.7,Vinje_G1,Vinje,34.4,100.0,100.0,198.0,198.0,1,11.079,0.42286262,0.36,25.37,1154.566,21.67,27.693117,0
2,2015-01-02 00:00:00+00:00,63,2015-01-04 15:00:00+00:00,28.65,0.0,0.0,0.0,0.3,0.5,1.0,0.0,4.0,5.0,1.68,Vinje_G1,Vinje,34.4,100.0,100.0,198.0,198.0,1,11.079,0.42286262,0.36,25.37,1154.566,21.58,27.693117,0
2,2015-01-02 00:00:00+00:00,64,2015-01-04 16:00:00+00:00,28.98,0.0,0.0,0.0,0.3,0.5,1.0,0.0,4.0,5.0,1.68,Vinje_G1,Vinje,34.4,100.0,100.0,198.0,198.0,1,11.079,0.42286262,0.36,25.37,1154.566,21.360003,27.693117,0
2,2015-01-02 00:00:00+00:00,65,2015-01-04 17:00:00+00:00,29.54,0.0,0.0,0.0,0.3,0.5,1.0,0.0,4.0,5.0,1.65,Vinje_G1,Vinje,34.4,100.0,100.0,198.0,198.0,1,11.079,0.42286262,0.36,25.37,1154.566,21.419998,27.693117,0
2,2015-01-02 00:00:00+00:00,66,2015-01-04 18:00:00+00:00,29.42,0.0,0.0,0.0,0.3,0.5,1.0,0.0,4.0,5.0,1.64,Vinje_G1,Vinje,34.4,100.0,100.0,198.0,198.0,1,11.079,0.42286262,0.36,25.37,1154.566,21.720001,27.693117,0
2,2015-01-02 00:00:00+00:00,67,2015-01-04 19:00:00+00:00,28.92,0.0,0.0,0.0,0.3,0.5,1.0,0.0,4.0,5.0,1.63,Vinje_G1,Vinje,34.4,100.0,100.0,198.0,198.0,1,11.079,0.42286262,0.36,25.37,1154.566,22.090002,27.693117,0
2,2015-01-02 00:00:00+00:00,68,2015-01-04 20:00:00+00:00,28.66,0.0,0.0,0.0,0.3,0.5,1.0,0.0,4.0,5.0,1.6,Vinje_G1,Vinje,34.4,100.0,100.0,198.0,198.0,1,11.079,0.42286262,0.36,25.37,1154.566,22.080002,27.693117,0
2,2015-01-02 00:00:00+00:00,69,2015-01-04 21:00:00+00:00,28.69,0.0,0.0,0.0,0.3,0.5,1.0,0.0,4.0,5.0,1.59,Vinje_G1,Vinje,34.4,100.0,100.0,198.0,198.0,1,11.079,0.42286262,0.36,25.37,1154.566,21.99,27.693117,0
2,2015-01-02 00:00:00+00:00,70,2015-01-04 22:00:00+00:00,28.02,0.0,0.0,0.0,0.3,0.5,1.0,0.0,4.0,5.0,1.58,Vinje_G1,Vinje,34.4,100.0,100.0,198.0,198.0,1,11.079,0.42286262,0.36,25.37,1154.566,21.929998,27.693117,0
2,2015-01-02 00:00:00+00:00,71,2015-01-04 23:00:00+00:00,28.19,0.0,0.0,0.0,0.3,0.5,1.0,0.0,4.0,5.0,1.57,Vinje_G1,Vinje,34.4,100.0,100.0,198.0,198.0,1,11.079,0.42286262,0.36,25.37,1154.566,22.2,27.693117,0
2,2015-01-02 00:00:00+00:00,72,2015-01-05 00:00:00+00:00,28.15,0.0,0.0,0.0,0.3,0.5,1.0,0.0,4.0,5.0,1.56,Vinje_G1,Vinje,34.4,100.0,100.0,198.0,198.0,1,11.079,0.42286262,0.37,25.37,1154.566,22.220001,27.693117,0
2,2015-01-02 00:00:00+00:00,73,2015-01-05 01:00:00+00:00,28.13,0.0,0.0,0.0,0.3,0.5,1.0,0.0,4.0,5.0,1.54,Vinje_G1,Vinje,34.4,100.0,100.0,198.0,198.0,1,11.079,0.42286262,0.36,25.37,1154.566,22.360003,27.693117,0
2,2015-01-02 00:00:00+00:00,74,2015-01-05 02:00:00+00:00,28.05,0.0,0.0,0.0,0.3,0.5,1.0,0.0,4.0,5.0,1.53,Vinje_G1,Vinje,34.4,100.0,100.0,198.0,198.0,1,11.079,0.42286262,0.37,25.37,1154.566,22.51,27.693117,0
2,2015-01-02 00:00:00+00:00,75,2015-01-05 03:00:00+00:00,28.04,0.0,0.0,0.0,0.3,0.5,1.0,0.0,4.0,5.0,1.52,Vinje_G1,Vinje,34.4,100.0,100.0,198.0,198.0,1,11.079,0.42286262,0.37,25.37,1154.566,22.550003,27.693117,0
2,2015-01-02 00:00:00+00:00,76,2015-01-05 04:00:00+00:00,28.46,0.0,0.0,0.0,0.3,0.5,1.0,0.0,4.0,5.0,1.51,Vinje_G1,Vinje,34.4,100.0,100.0,198.0,198.0,1,11.079,0.42286262,0.37,25.37,1154.566,22.5,27.693117,0
2,2015-01-02 00:00:00+00:00,77,2015-01-05 05:00:00+00:00,28.78,0.0,0.0,0.0,0.3,0.5,1.0,0.0,4.0,5.0,1.5,Vinje_G1,Vinje,34.4,100.0,100.0,198.0,198.0,1,11.079,0.42286262,0.37,25.37,1154.566,22.580002,27.693117,0
2,2015-01-02 00:00:00+00:00,78,2015-01-05 06:00:00+00:00,30.99,0.0,0.0,0.0,0.3,0.5,1.0,0.0,4.0,5.0,1.48,Vinje_G1,Vinje,34.4,100.0,100.0,198.0,198.0,1,11.079,0.42286262,0.37,25.37,1154.566,22.560001,27.693117,1
2,2015-01-02 00:00:00+00:00,79,2015-01-05 07:00:00+00:00,38.15,0.0,0.0,0.0,0.3,0.5,1.0,0.0,4.0,5.0,1.47,Vinje_G1,Vinje,34.4,100.0,100.0,198.0,198.0,1,11.079,0.42286262,0.37,25.37,1154.566,22.630001,27.693117,1
2,2015-01-02 00:00:00+00:00,80,2015-01-05 08:00:00+00:00,41.51,0.0,0.0,0.0,0.3,0.5,1.0,0.0,4.0,5.0,1.46,Vinje_G1,Vinje,34.4,100.0,100.0,198.0,198.0,1,11.079,0.42286262,0.37,25.37,1154.566,22.560001,27.693117,1
2,2015-01-02 00:00:00+00:00,81,2015-01-05 09:00:00+00:00,40.46,0.0,0.0,0.0,0.3,0.5,1.0,0.0,4.0,5.0,1.46,Vinje_G1,Vinje,34.4,100.0,100.0,198.0,198.0,1,11.079,0.42286262,0.37,25.37,1154.566,22.500002,27.693117,1
2,2015-01-02 00:00:00+00:00,82,2015-01-05 10:00:00+00:00,40.97,0.0,0.0,0.0,0.3,0.5,1.0,0.0,4.0,5.0,1.45,Vinje_G1,Vinje,34.4,100.0,100.0,198.0,198.0,1,11.079,0.42286262,0.37,25.37,1154.566,22.48,27.693117,1
2,2015-01-02 00:00:00+00:00,83,2015-01-05 11:00:00+00:00,38.66,0.0,0.0,0.0,0.3,0.5,1.0,0.0,4.0,5.0,1.45,Vinje_G1,Vinje,34.4,100.0,100.0,198.0,198.0,1,11.079,0.42286262,0.37,25.37,1154.566,22.480001,27.693117,1
2,2015-01-02 00:00:00+00:00,84,2015-01-05 12:00:00+00:00,36.44,0.0,0.0,0.0,0.3,0.5,1.0,0.0,4.0,5.0,1.45,Vinje_G1,Vinje,34.4,100.0,100.0,198.0,198.0,1,11.079,0.42286262,0.37,25.37,1154.566,22.390001,27.693117,1
2,2015-01-02 00:00:00+00:00,85,2015-01-05 13:00:00+00:00,37.74,0.0,0.0,0.0,0.3,0.5,1.0,0.0,4.0,5.0,1.45,Vinje_G1,Vinje,34.4,100.0,100.0,198.0,198.0,1,11.079,0.42286262,0.37,25.37,1154.566,22.340002,27.693117,1
2,2015-01-02 00:00:00+00:00,86,2015-01-05 14:00:00+00:00,43.1,0.0,0.0,0.0,0.3,0.5,1.0,0.0,4.0,5.0,1.45,Vinje_G1,Vinje,34.4,100.0,100.0,198.0,198.0,1,11.079,0.42286262,0.37,25.37,1154.566,22.22,27.693117,1
2,2015-01-02 00:00:00+00:00,87,2015-01-05 15:00:00+00:00,46.7,0.0,0.0,0.0,0.3,0.5,1.0,0.0,4.0,5.0,1.44,Vinje_G1,Vinje,34.4,100.0,100.0,198.0,198.0,1,11.079,0.42286262,0.37,25.37,1154.566,22.150002,27.693117,1
2,2015-01-02 00:00:00+00:00,88,2015-01-05 16:00:00+00:00,56.78,0.0,0.0,0.0,0.3,0.5,1.0,0.0,4.0,5.0,1.44,Vinje_G1,Vinje,34.4,100.0,100.0,198.0,198.0,1,11.079,0.42286262,0.37,25.37,1154.566,22.099998,27.693117,1
2,2015-01-02 00:00:00+00:00,89,2015-01-05 17:00:00+00:00,36.49,0.0,0.0,0.0,0.3,0.5,1.0,0.0,4.0,5.0,1.45,Vinje_G1,Vinje,34.4,100.0,100.0,198.0,198.0,1,11.079,0.42286262,0.37,25.37,1154.566,22.08,27.693117,1
2,2015-01-02 00:00:00+00:00,90,2015-01-05 18:00:00+00:00,32.43,0.0,0.0,0.0,0.3,0.5,1.0,0.0,4.0,5.0,1.44,Vinje_G1,Vinje,34.4,100.0,100.0,198.0,198.0,1,11.079,0.42286262,0.37,25.37,1154.566,22.010002,27.693117,1
2,2015-01-02 00:00:00+00:00,91,2015-01-05 19:00:00+00:00,31.39,0.0,0.0,0.0,0.3,0.5,1.0,0.0,4.0,5.0,1.43,Vinje_G1,Vinje,34.4,100.0,100.0,198.0,198.0,1,11.079,0.42286262,0.37,25.37,1154.566,21.92,27.693117,1
2,2015-01-02 00:00:00+00:00,92,2015-01-05 20:00:00+00:00,30.29,0.0,0.0,0.0,0.3,0.5,1.0,0.0,4.0,5.0,1.43,Vinje_G1,Vinje,34.4,100.0,100.0,198.0,198.0,1,11.079,0.42286262,0.37,25.37,1154.566,21.810003,27.693117,1
2,2015-01-02 00:00:00+00:00,93,2015-01-05 21:00:00+00:00,29.43,0.0,0.0,0.0,0.3,0.5,1.0,0.0,4.0,5.0,1.43,Vinje_G1,Vinje,34.4,100.0,100.0,198.0,198.0,1,11.079,0.42286262,0.37,25.37,1154.566,21.7,27.693117,1
2,2015-01-02 00:00:00+00:00,94,2015-01-05 22:00:00+00:00,29.09,0.0,0.0,0.0,0.3,0.5,1.0,0.0,4.0,5.0,1.44,Vinje_G1,Vinje,34.4,100.0,100.0,198.0,198.0,1,11.079,0.42286262,0.37,25.37,1154.566,21.650002,27.693117,1
2,2015-01-02 00:00:00+00:00,95,2015-01-05 23:00:00+00:00,28.08,0.0,0.0,0.0,0.3,0.5,1.0,0.0,4.0,5.0,1.44,Vinje_G1,Vinje,34.4,100.0,100.0,198.0,198.0,1,11.079,0.42286262,0.37,25.37,1154.566,21.539999,27.693117,1
2,2015-01-02 00:00:00+00:00,96,2015-01-06 00:00:00+00:00,27.94,0.0,0.0,0.0,0.3,0.5,1.0,0.0,4.0,5.0,1.44,Vinje_G1,Vinje,34.4,100.0,100.0,198.0,198.0,1,11.079,0.42286262,0.37,25.37,1154.566,21.49,27.693117,1
2,2015-01-02 00:00:00+00:00,97,2015-01-06 01:00:00+00:00,27.91,0.0,0.0,0.0,0.3,0.5,1.0,0.0,4.0,5.0,1.44,Vinje_G1,Vinje,34.4,100.0,100.0,198.0,198.0,1,11.079,0.42286262,0.37,25.37,1154.566,21.39,27.693117,1
2,2015-01-02 00:00:00+00:00,98,2015-01-06 02:00:00+00:00,27.89,0.0,0.0,0.0,0.3,0.5,1.0,0.0,4.0,5.0,1.44,Vinje_G1,Vinje,34.4,100.0,100.0,198.0,198.0,1,11.079,0.42286262,0.37,25.37,1154.566,21.349998,27.693117,1
2,2015-01-02 00:00:00+00:00,99,2015-01-06 03:00:00+00:00,27.89,0.0,0.0,0.0,0.3,0.5,1.0,0.0,4.0,5.0,1.44,Vinje_G1,Vinje,34.4,100.0,100.0,198.0,198.0,1,11.079,0.42286262,0.37,25.37,1154.566,21.31,27.693117,1
2,2015-01-02 00:00:00+00:00,100,2015-01-06 04:00:00+00:00,28.01,0.0,0.0,0.0,0.3,0.5,1.0,0.0,4.0,5.0,1.44,Vinje_G1,Vinje,34.4,100.0,100.0,198.0,198.0,1,11.079,0.42286262,0.37,25.37,1154.566,21.240002,27.693117,1
2,2015-01-02 00:00:00+00:00,101,2015-01-06 05:00:00+00:00,28.73,0.0,0.0,0.0,0.3,0.5,1.0,0.0,4.0,5.0,1.44,Vinje_G1,Vinje,34.4,100.0,100.0,198.0,198.0,1,11.079,0.42286262,0.37,25.37,1154.566,21.17,27.693117,1
2,2015-01-02 00:00:00+00:00,102,2015-01-06 06:00:00+00:00,30.03,0.0,0.0,0.0,0.3,0.5,1.0,0.0,4.0,5.0,1.43,Vinje_G1,Vinje,34.4,100.0,100.0,198.0,198.0,1,11.079,0.42286262,0.37,25.37,1154.566,21.12,27.693117,1
2,2015-01-02 00:00:00+00:00,103,2015-01-06 07:00:00+00:00,30.5,0.0,0.0,0.0,0.3,0.5,1.0,0.0,4.0,5.0,1.42,Vinje_G1,Vinje,34.4,100.0,100.0,198.0,198.0,1,11.079,0.42286262,0.37,25.37,1154.566,21.080002,27.693117,1
2,2015-01-02 00:00:00+00:00,104,2015-01-06 08:00:00+00:00,30.35,0.0,0.0,0.0,0.3,0.5,1.0,0.0,4.0,5.0,1.42,Vinje_G1,Vinje,34.4,100.0,100.0,198.0,198.0,1,11.079,0.42286262,0.37,25.37,1154.566,20.95,27.693117,1
2,2015-01-02 00:00:00+00:00,105,2015-01-06 09:00:00+00:00,30.53,0.0,0.0,0.0,0.3,0.5,1.0,0.0,4.0,5.0,1.42,Vinje_G1,Vinje,34.4,100.0,100.0,198.0,198.0,1,11.079,0.42286262,0.37,25.37,1154.566,20.92,27.693117,1
2,2015-01-02 00:00:00+00:00,106,2015-01-06 10:00:00+00:00,29.91,0.0,0.0,0.0,0.3,0.5,1.0,0.0,4.0,5.0,1.43,Vinje_G1,Vinje,34.4,100.0,100.0,198.0,198.0,1,11.079,0.42286262,0.37,25.37,1154.566,20.94,27.693117,1
2,2015-01-02 00:00:00+00:00,107,2015-01-06 11:00:00+00:00,29.62,0.0,0.0,0.0,0.3,0.5,1.0,0.0,4.0,5.0,1.41,Vinje_G1,Vinje,34.4,100.0,100.0,198.0,198.0,1,11.079,0.42286262,0.37,25.37,1154.566,20.84,27.693117,1
2,2015-01-02 00:00:00+00:00,108,2015-01-06 12:00:00+00:00,29.58,0.0,0.0,0.0,0.3,0.5,1.0,0.0,4.0,5.0,1.4,Vinje_G1,Vinje,34.4,100.0,100.0,198.0,198.0,1,11.079,0.42286262,0.37,25.37,1154.566,20.800001,27.693117,1
2,2015-01-02 00:00:00+00:00,109,2015-01-06 13:00:00+00:00,29.57,0.0,0.0,0.0,0.3,0.5,1.0,0.0,4.0,5.0,1.41,Vinje_G1,Vinje,34.4,100.0,100.0,198.0,198.0,1,11.079,0.42286262,0.37,25.37,1154.566,20.820002,27.693117,1
2,2015-01-02 00:00:00+00:00,110,2015-01-06 14:00:00+00:00,29.62,0.0,0.0,0.0,0.3,0.5,1.0,0.0,4.0,5.0,1.41,Vinje_G1,Vinje,34.4,100.0,100.0,198.0,198.0,1,11.079,0.42286262,0.38,25.37,1154.566,20.8,27.693117,1
2,2015-01-02 00:00:00+00:00,111,2015-01-06 15:00:00+00:00,29.99,0.0,0.0,0.0,0.3,0.5,1.0,0.0,4.0,5.0,1.41,Vinje_G1,Vinje,34.4,100.0,100.0,198.0,198.0,1,11.079,0.42286262,0.38,25.37,1154.566,20.829998,27.693117,1
2,2015-01-02 00:00:00+00:00,112,2015-01-06 16:00:00+00:00,29.65,0.0,0.0,0.0,0.3,0.5,1.0,0.0,4.0,5.0,1.41,Vinje_G1,Vinje,34.4,100.0,100.0,198.0,198.0,1,11.079,0.42286262,0.38,25.37,1154.566,20.839998,27.693117,1
2,2015-01-02 00:00:00+00:00,113,2015-01-06 17:00:00+00:00,29.58,0.0,0.0,0.0,0.3,0.5,1.0,0.0,4.0,5.0,1.4,Vinje_G1,Vinje,34.4,100.0,100.0,198.0,198.0,1,11.079,0.42286262,0.38,25.37,1154.566,20.799997,27.693117,1
2,2015-01-02 00:00:00+00:00,114,2015-01-06 18:00:00+00:00,29.0,0.0,0.0,0.0,0.3,0.5,1.0,0.0,4.0,5.0,1.4,Vinje_G1,Vinje,34.4,100.0,100.0,198.0,198.0,1,11.079,0.42286262,0.39,25.37,1154.566,20.839998,27.693117,1
2,2015-01-02 00:00:00+00:00,115,2015-01-06 19:00:00+00:00,28.45,0.0,0.0,0.0,0.3,0.5,1.0,0.0,4.0,5.0,1.4,Vinje_G1,Vinje,34.4,100.0,100.0,198.0,198.0,1,11.079,0.42286262,0.39,25.37,1154.566,20.88,27.693117,1
2,2015-01-02 00:00:00+00:00,116,2015-01-06 20:00:00+00:00,28.15,0.0,0.0,0.0,0.3,0.5,1.0,0.0,4.0,5.0,1.38,Vinje_G1,Vinje,34.4,100.0,100.0,198.0,198.0,1,11.079,0.42286262,0.39,25.37,1154.566,20.82,27.693117,1
2,2015-01-02 00:00:00+00:00,117,2015-01-06 21:00:00+00:00,27.73,0.0,0.0,0.0,0.3,0.5,1.0,0.0,4.0,5.0,1.4,Vinje_G1,Vinje,34.4,100.0,100.0,198.0,198.0,1,11.079,0.42286262,0.39,25.37,1154.566,20.809998,27.693117,1
2,2015-01-02 00:00:00+00:00,118,2015-01-06 22:00:00+00:00,27.32,0.0,0.0,0.0,0.3,0.5,1.0,0.0,4.0,5.0,1.39,Vinje_G1,Vinje,34.4,100.0,100.0,198.0,198.0,1,11.079,0.42286262,0.39,25.37,1154.566,20.759998,27.693117,0
2,2015-01-02 00:00:00+00:00,119,2015-01-06 23:00:00+00:00,26.35,0.0,0.0,0.0,0.3,0.5,1.0,0.0,4.0,5.0,1.31,Vinje_G1,Vinje,34.4,100.0,100.0,198.0,198.0,1,11.079,0.42286262,0.39,25.37,1154.566,20.65,27.693117,0
2,2015-01-02 00:00:00+00:00,120,2015-01-07 00:00:00+00:00,26.08,0.0,0.0,0.0,0.3,0.5,1.0,0.0,4.0,5.0,1.29,Vinje_G1,Vinje,34.4,100.0,100.0,198.0,198.0,1,11.079,0.42286262,0.39,25.37,1154.566,20.679998,27.693117,0
2,2015-01-02 00:00:00+00:00,121,2015-01-07 01:00:00+00:00,26.03,0.0,0.0,0.0,0.3,0.5,1.0,0.0,4.0,5.0,1.29,Vinje_G1,Vinje,34.4,100.0,100.0,198.0,198.0,1,11.079,0.42286262,0.39,25.37,1154.566,20.54,27.693117,0
2,2015-01-02 00:00:00+00:00,122,2015-01-07 02:00:00+00:00,26.17,0.0,0.0,0.0,0.3,0.5,1.0,0.0,4.0,5.0,1.27,Vinje_G1,Vinje,34.4,100.0,100.0,198.0,198.0,1,11.079,0.42286262,0.38,25.37,1154.566,20.57,27.693117,0
2,2015-01-02 00:00:00+00:00,123,2015-01-07 03:00:00+00:00,26.74,0.0,0.0,0.0,0.3,0.5,1.0,0.0,4.0,5.0,1.27,Vinje_G1,Vinje,34.4,100.0,100.0,198.0,198.0,1,11.079,0.42286262,0.38,25.37,1154.566,20.51,27.693117,0
2,2015-01-02 00:00:00+00:00,124,2015-01-07 04:00:00+00:00,27.78,0.0,0.0,0.0,0.3,0.5,1.0,0.0,4.0,5.0,1.27,Vinje_G1,Vinje,34.4,100.0,100.0,198.0,198.0,1,11.079,0.42286262,0.38,25.37,1154.566,20.489998,27.693117,1
2,2015-01-02 00:00:00+00:00,125,2015-01-07 05:00:00+00:00,28.48,0.0,0.0,0.0,0.3,0.5,1.0,0.0,4.0,5.0,1.27,Vinje_G1,Vinje,34.4,100.0,100.0,198.0,198.0,1,11.079,0.42286262,0.38,25.37,1154.566,20.499998,27.693117,1
2,2015-01-02 00:00:00+00:00,126,2015-01-07 06:00:00+00:00,31.53,0.0,0.0,0.0,0.3,0.5,1.0,0.0,4.0,5.0,1.27,Vinje_G1,Vinje,34.4,100.0,100.0,198.0,198.0,1,11.079,0.42286262,0.38,25.37,1154.566,20.369999,27.693117,1
2,2015-01-02 00:00:00+00:00,127,2015-01-07 07:00:00+00:00,32.54,0.0,0.0,0.0,0.3,0.5,1.0,0.0,4.0,5.0,1.27,Vinje_G1,Vinje,34.4,100.0,100.0,198.0,198.0,1,11.079,0.42286262,0.39,25.37,1154.566,20.3,27.693117,1
2,2015-01-02 00:00:00+00:00,128,2015-01-07 08:00:00+00:00,32.24,0.0,0.0,0.0,0.3,0.5,1.0,0.0,4.0,5.0,1.26,Vinje_G1,Vinje,34.4,100.0,100.0,198.0,198.0,1,11.079,0.42286262,0.38,25.37,1154.566,20.17,27.693117,1
2,2015-01-02 00:00:00+00:00,129,2015-01-07 09:00:00+00:00,31.96,0.0,0.0,0.0,0.3,0.5,1.0,0.0,4.0,5.0,1.25,Vinje_G1,Vinje,34.4,100.0,100.0,198.0,198.0,1,11.079,0.42286262,0.38,25.37,1154.566,20.11,27.693117,1
2,2015-01-02 00:00:00+00:00,130,2015-01-07 10:00:00+00:00,31.66,0.0,0.0,0.0,0.3,0.5,1.0,0.0,4.0,5.0,1.25,Vinje_G1,Vinje,34.4,100.0,100.0,198.0,198.0,1,11.079,0.42286262,0.38,25.37,1154.566,20.099998,27.693117,1
2,2015-01-02 00:00:00+00:00,131,2015-01-07 11:00:00+00:00,30.97,0.0,0.0,0.0,0.3,0.5,1.0,0.0,4.0,5.0,1.25,Vinje_G1,Vinje,34.4,100.0,100.0,198.0,198.0,1,11.079,0.42286262,0.38,25.37,1154.566,20.079998,27.693117,1
2,2015-01-02 00:00:00+00:00,132,2015-01-07 12:00:00+00:00,30.65,0.0,0.0,0.0,0.3,0.5,1.0,0.0,4.0,5.0,1.25,Vinje_G1,Vinje,34.4,100.0,100.0,198.0,198.0,1,11.079,0.42286262,0.39,25.37,1154.566,20.099998,27.693117,1
2,2015-01-02 00:00:00+00:00,133,2015-01-07 13:00:00+00:00,30.31,0.0,0.0,0.0,0.3,0.5,1.0,0.0,4.0,5.0,1.23,Vinje_G1,Vinje,34.4,100.0,100.0,198.0,198.0,1,11.079,0.42286262,0.38,25.37,1154.566,20.08,27.693117,1
2,2015-01-02 00:00:00+00:00,134,2015-01-07 14:00:00+00:00,29.79,0.0,0.0,0.0,0.3,0.5,1.0,0.0,4.0,5.0,1.23,Vinje_G1,Vinje,34.4,100.0,100.0,198.0,198.0,1,11.079,0.42286262,0.39,25.37,1154.566,20.11,27.693117,1
2,2015-01-02 00:00:00+00:00,135,2015-01-07 15:00:00+00:00,30.72,0.0,0.0,0.0,0.3,0.5,1.0,0.0,4.0,5.0,1.21,Vinje_G1,Vinje,34.4,100.0,100.0,198.0,198.0,1,11.079,0.42286262,0.39,25.37,1154.566,20.029999,27.693117,1
2,2015-01-02 00:00:00+00:00,136,2015-01-07 16:00:00+00:00,29.56,0.0,0.0,0.0,0.3,0.5,1.0,0.0,4.0,5.0,1.2,Vinje_G1,Vinje,34.4,100.0,100.0,198.0,198.0,1,11.079,0.42286262,0.39,25.37,1154.566,20.03,27.693117,1
2,2015-01-02 00:00:00+00:00,137,2015-01-07 17:00:00+00:00,28.84,0.0,0.0,0.0,0.3,0.5,1.0,0.0,4.0,5.0,1.2,Vinje_G1,Vinje,34.4,100.0,100.0,198.0,198.0,1,11.079,0.42286262,0.39,25.37,1154.566,19.99,27.693117,1
2,2015-01-02 00:00:00+00:00,138,2015-01-07 18:00:00+00:00,28.2,0.0,0.0,0.0,0.3,0.5,1.0,0.0,4.0,5.0,1.2,Vinje_G1,Vinje,34.4,100.0,100.0,198.0,198.0,1,11.079,0.42286262,0.39,25.37,1154.566,19.960001,27.693117,1
2,2015-01-02 00:00:00+00:00,139,2015-01-07 19:00:00+00:00,27.75,0.0,0.0,0.0,0.3,0.5,1.0,0.0,4.0,5.0,1.2,Vinje_G1,Vinje,34.4,100.0,100.0,198.0,198.0,1,11.079,0.42286262,0.39,25.37,1154.566,19.94,27.693117,1
2,2015-01-02 00:00:00+00:00,140,2015-01-07 20:00:00+00:00,27.42,0.0,0.0,0.0,0.3,0.5,1.0,0.0,4.0,5.0,1.21,Vinje_G1,Vinje,34.4,100.0,100.0,198.0,198.0,1,11.079,0.42286262,0.39,25.37,1154.566,19.960001,27.693117,1
2,2015-01-02 00:00:00+00:00,141,2015-01-07 21:00:00+00:00,26.68,0.0,0.0,0.0,0.3,0.5,1.0,0.0,4.0,5.0,1.22,Vinje_G1,Vinje,34.4,100.0,100.0,198.0,198.0,1,11.079,0.42286262,0.39,25.37,1154.566,19.939999,27.693117,1
2,2015-01-02 00:00:00+00:00,142,2015-01-07 22:00:00+00:00,26.15,0.0,0.0,0.0,0.3,0.5,1.0,0.0,4.0,5.0,1.21,Vinje_G1,Vinje,34.4,100.0,100.0,198.0,198.0,1,11.079,0.42286262,0.39,25.37,1154.566,19.97,27.693117,1
2,2015-01-02 00:00:00+00:00,143,2015-01-07 23:00:00+00:00,26.04,0.0,0.0,0.0,0.3,0.5,1.0,0.0,4.0,5.0,1.19,Vinje_G1,Vinje,34.4,100.0,100.0,198.0,198.0,1,11.079,0.42286262,0.39,25.37,1154.566,19.96,27.693117,1
2,2015-01-02 00:00:00+00:00,144,2015-01-08 00:00:00+00:00,25.07,0.0,0.0,0.0,0.3,0.5,1.0,0.0,4.0,5.0,1.19,Vinje_G1,Vinje,34.4,100.0,100.0,198.0,198.0,1,11.079,0.42286262,0.39,25.37,1154.566,20.039999,27.693117,1
2,2015-01-02 00:00:00+00:00,145,2015-01-08 01:00:00+00:00,24.57,0.0,0.0,0.0,0.3,0.5,1.0,0.0,4.0,5.0,1.2,Vinje_G1,Vinje,34.4,100.0,100.0,198.0,198.0,1,11.079,0.42286262,0.39,25.37,1154.566,20.11,27.693117,1
2,2015-01-02 00:00:00+00:00,146,2015-01-08 02:00:00+00:00,24.44,0.0,0.0,0.0,0.3,0.5,1.0,0.0,4.0,5.0,1.19,Vinje_G1,Vinje,34.4,100.0,100.0,198.0,198.0,1,11.079,0.42286262,0.39,25.37,1154.566,20.099998,27.693117,1
2,2015-01-02 00:00:00+00:00,147,2015-01-08 03:00:00+00:00,24.54,0.0,0.0,0.0,0.3,0.5,1.0,0.0,4.0,5.0,1.19,Vinje_G1,Vinje,34.4,100.0,100.0,198.0,198.0,1,11.079,0.42286262,0.39,25.37,1154.566,20.11,27.693117,1
2,2015-01-02 00:00:00+00:00,148,2015-01-08 04:00:00+00:00,26.04,0.0,0.0,0.0,0.3,0.5,1.0,0.0,4.0,5.0,1.19,Vinje_G1,Vinje,34.4,100.0,100.0,198.0,198.0,1,11.079,0.42286262,0.39,25.37,1154.566,20.04,27.693117,1
2,2015-01-02 00:00:00+00:00,149,2015-01-08 05:00:00+00:00,26.89,0.0,0.0,0.0,0.3,0.5,1.0,0.0,4.0,5.0,1.2,Vinje_G1,Vinje,34.4,100.0,100.0,198.0,198.0,1,11.079,0.42286262,0.39,25.37,1154.566,19.919998,27.693117,1
2,2015-01-02 00:00:00+00:00,150,2015-01-08 06:00:00+00:00,27.59,0.0,0.0,0.0,0.3,0.5,1.0,0.0,4.0,5.0,1.19,Vinje_G1,Vinje,34.4,100.0,100.0,198.0,198.0,1,11.079,0.42286262,0.39,25.37,1154.566,19.79,27.693117,1
2,2015-01-02 00:00:00+00:00,151,2015-01-08 07:00:00+00:00,28.1,0.0,0.0,0.0,0.3,0.5,1.0,0.0,4.0,5.0,1.17,Vinje_G1,Vinje,34.4,100.0,100.0,198.0,198.0,1,11.079,0.42286262,0.39,25.37,1154.566,19.599998,27.693117,1
2,2015-01-02 00:00:00+00:00,152,2015-01-08 08:00:00+00:00,28.23,0.0,0.0,0.0,0.3,0.5,1.0,0.0,4.0,5.0,1.18,Vinje_G1,Vinje,34.4,100.0,100.0,198.0,198.0,1,11.079,0.42286262,0.39,25.37,1154.566,19.51,27.693117,1
2,2015-01-02 00:00:00+00:00,153,2015-01-08 09:00:00+00:00,28.35,0.0,0.0,0.0,0.3,0.5,1.0,0.0,4.0,5.0,1.16,Vinje_G1,Vinje,34.4,100.0,100.0,198.0,198.0,1,11.079,0.42286262,0.39,25.37,1154.566,19.33,27.693117,1
2,2015-01-02 00:00:00+00:00,154,2015-01-08 10:00:00+00:00,28.46,0.0,0.0,0.0,0.3,0.5,1.0,0.0,4.0,5.0,1.16,Vinje_G1,Vinje,34.4,100.0,100.0,198.0,198.0,1,11.079,0.42286262,0.39,25.37,1154.566,19.31,27.693117,1
2,2015-01-02 00:00:00+00:00,155,2015-01-08 11:00:00+00:00,28.46,0.0,0.0,0.0,0.3,0.5,1.0,0.0,4.0,5.0,1.16,Vinje_G1,Vinje,34.4,100.0,100.0,198.0,198.0,1,11.079,0.42286262,0.39,25.37,1154.566,19.42,27.693117,1
2,2015-01-02 00:00:00+00:00,156,2015-01-08 12:00:00+00:00,28.6,0.0,0.0,0.0,0.3,0.5,1.0,0.0,4.0,5.0,1.16,Vinje_G1,Vinje,34.4,100.0,100.0,198.0,198.0,1,11.079,0.42286262,0.39,25.37,1154.566,19.53,27.693117,1
2,2015-01-02 00:00:00+00:00,157,2015-01-08 13:00:00+00:00,28.45,0.0,0.0,0.0,0.3,0.5,1.0,0.0,4.0,5.0,1.16,Vinje_G1,Vinje,34.4,100.0,100.0,198.0,198.0,1,11.079,0.42286262,0.39,25.37,1154.566,19.619999,27.693117,1
2,2015-01-02 00:00:00+00:00,158,2015-01-08 14:00:00+00:00,28.24,0.0,0.0,0.0,0.3,0.5,1.0,0.0,4.0,5.0,1.16,Vinje_G1,Vinje,34.4,100.0,100.0,198.0,198.0,1,11.079,0.42286262,0.39,25.37,1154.566,19.679998,27.693117,1
2,2015-01-02 00:00:00+00:00,159,2015-01-08 15:00:00+00:00,28.43,0.0,0.0,0.0,0.3,0.5,1.0,0.0,4.0,5.0,1.15,Vinje_G1,Vinje,34.4,100.0,100.0,198.0,198.0,1,11.079,0.42286262,0.39,25.37,1154.566,19.75,27.693117,1
2,2015-01-02 00:00:00+00:00,160,2015-01-08 16:00:00+00:00,28.4,0.0,0.0,0.0,0.3,0.5,1.0,0.0,4.0,5.0,1.14,Vinje_G1,Vinje,34.4,100.0,100.0,198.0,198.0,1,11.079,0.42286262,0.39,25.37,1154.566,19.82,27.693117,1
2,2015-01-02 00:00:00+00:00,161,2015-01-08 17:00:00+00:00,27.98,0.0,0.0,0.0,0.3,0.5,1.0,0.0,4.0,5.0,1.14,Vinje_G1,Vinje,34.4,100.0,100.0,198.0,198.0,1,11.079,0.42286262,0.38,25.37,1154.566,19.71,27.693117,1
2,2015-01-02 00:00:00+00:00,162,2015-01-08 18:00:00+00:00,27.69,0.0,0.0,0.0,0.3,0.5,1.0,0.0,4.0,5.0,1.15,Vinje_G1,Vinje,34.4,100.0,100.0,198.0,198.0,1,11.079,0.42286262,0.38,25.37,1154.566,19.72,27.693117,1
2,2015-01-02 00:00:00+00:00,163,2015-01-08 19:00:00+00:00,27.46,0.0,0.0,0.0,0.3,0.5,1.0,0.0,4.0,5.0,1.16,Vinje_G1,Vinje,34.4,100.0,100.0,198.0,198.0,1,11.079,0.42286262,0.38,25.37,1154.566,19.79,27.693117,1
2,2015-01-02 00:00:00+00:00,164,2015-01-08 20:00:00+00:00,27.31,0.0,0.0,0.0,0.3,0.5,1.0,0.0,4.0,5.0,1.16,Vinje_G1,Vinje,34.4,100.0,100.0,198.0,198.0,1,11.079,0.42286262,0.38,25.37,1154.566,19.769999,27.693117,1
2,2015-01-02 00:00:00+00:00,165,2015-01-08 21:00:00+00:00,26.71,0.0,0.0,0.0,0.3,0.5,1.0,0.0,4.0,5.0,1.16,Vinje_G1,Vinje,34.4,100.0,100.0,198.0,198.0,1,11.079,0.42286262,0.38,25.37,1154.566,19.8,27.693117,1
2,2015-01-02 00:00:00+00:00,166,2015-01-08 22:00:00+00:00,25.91,0.0,0.0,0.0,0.3,0.5,1.0,0.0,4.0,5.0,1.15,Vinje_G1,Vinje,34.4,100.0,100.0,198.0,198.0,1,11.079,0.42286262,0.38,25.37,1154.566,19.68,27.693117,1
2,2015-01-02 00:00:00+00:00,167,2015-01-08 23:00:00+00:00,25.89,0.0,0.0,0.0,0.3,0.5,1.0,0.0,4.0,5.0,1.14,Vinje_G1,Vinje,34.4,100.0,100.0,198.0,198.0,1,11.079,0.42286262,0.38,25.37,1154.566,19.529999,27.693117,1
2,2015-01-02 00:00:00+00:00,0,2015-01-02 00:00:00+00:00,26.41,0.0,0.0,0.0,0.3,0.5,1.0,0.0,4.0,5.0,1.26,Vinje_G2,Vinje,34.4,100.0,100.0,198.0,198.0,2,11.079,0.42286262,0.26,25.37,1154.566,19.31,27.693117,0
2,2015-01-02 00:00:00+00:00,1,2015-01-02 01:00:00+00:00,26.2,0.0,0.0,0.0,0.3,0.5,1.0,0.0,4.0,5.0,1.3,Vinje_G2,Vinje,34.4,100.0,100.0,198.0,198.0,2,11.079,0.42286262,0.26,25.37,1154.566,19.52,27.693117,0
2,2015-01-02 00:00:00+00:00,2,2015-01-02 02:00:00+00:00,25.6,0.0,0.0,0.0,0.3,0.5,1.0,0.0,4.0,5.0,1.52,Vinje_G2,Vinje,34.4,100.0,100.0,198.0,198.0,2,11.079,0.42286262,0.27,25.37,1154.566,20.190002,27.693117,0
2,2015-01-02 00:00:00+00:00,3,2015-01-02 03:00:00+00:00,24.74,0.0,0.0,0.0,0.3,0.5,1.0,0.0,4.0,5.0,1.7,Vinje_G2,Vinje,34.4,100.0,100.0,198.0,198.0,2,11.079,0.42286262,0.27,25.37,1154.566,21.05,27.693117,0
2,2015-01-02 00:00:00+00:00,4,2015-01-02 04:00:00+00:00,26.1,0.0,0.0,0.0,0.3,0.5,1.0,0.0,4.0,5.0,1.75,Vinje_G2,Vinje,34.4,100.0,100.0,198.0,198.0,2,11.079,0.42286262,0.27,25.37,1154.566,21.02,27.693117,0
2,2015-01-02 00:00:00+00:00,5,2015-01-02 05:00:00+00:00,27.25,0.0,0.0,0.0,0.3,0.5,1.0,0.0,4.0,5.0,1.65,Vinje_G2,Vinje,34.4,100.0,100.0,198.0,198.0,2,11.079,0.42286262,0.26,25.37,1154.566,20.910002,27.693117,0
2,2015-01-02 00:00:00+00:00,6,2015-01-02 06:00:00+00:00,28.37,0.0,0.0,0.0,0.3,0.5,1.0,0.0,4.0,5.0,1.71,Vinje_G2,Vinje,34.4,100.0,100.0,198.0,198.0,2,11.079,0.42286262,0.26,25.37,1154.566,21.06,27.693117,1
2,2015-01-02 00:00:00+00:00,7,2015-01-02 07:00:00+00:00,28.37,0.0,0.0,0.0,0.3,0.5,1.0,0.0,4.0,5.0,1.92,Vinje_G2,Vinje,34.4,100.0,100.0,198.0,198.0,2,11.079,0.42286262,0.27,25.37,1154.566,21.43,27.693117,1
2,2015-01-02 00:00:00+00:00,8,2015-01-02 08:00:00+00:00,28.32,0.0,0.0,0.0,0.3,0.5,1.0,0.0,4.0,5.0,2.18,Vinje_G2,Vinje,34.4,100.0,100.0,198.0,198.0,2,11.079,0.42286262,0.27,25.37,1154.566,21.990002,27.693117,1
2,2015-01-02 00:00:00+00:00,9,2015-01-02 09:00:00+00:00,28.3,0.0,0.0,0.0,0.3,0.5,1.0,0.0,4.0,5.0,2.33,Vinje_G2,Vinje,34.4,100.0,100.0,198.0,198.0,2,11.079,0.42286262,0.27,25.37,1154.566,22.349998,27.693117,1
2,2015-01-02 00:00:00+00:00,10,2015-01-02 10:00:00+00:00,28.39,0.0,0.0,0.0,0.3,0.5,1.0,0.0,4.0,5.0,2.35,Vinje_G2,Vinje,34.4,100.0,100.0,198.0,198.0,2,11.079,0.42286262,0.27,25.37,1154.566,22.4,27.693117,1
2,2015-01-02 00:00:00+00:00,11,2015-01-02 11:00:00+00:00,28.3,0.0,0.0,0.0,0.3,0.5,1.0,0.0,4.0,5.0,2.3,Vinje_G2,Vinje,34.4,100.0,100.0,198.0,198.0,2,11.079,0.42286262,0.27,25.37,1154.566,22.33,27.693117,1
2,2015-01-02 00:00:00+00:00,12,2015-01-02 12:00:00+00:00,28.24,0.0,0.0,0.0,0.3,0.5,1.0,0.0,4.0,5.0,2.23,Vinje_G2,Vinje,34.4,100.0,100.0,198.0,198.0,2,11.079,0.42286262,0.27,25.37,1154.566,22.34,27.693117,1
2,2015-01-02 00:00:00+00:00,13,2015-01-02 13:00:00+00:00,28.12,0.0,0.0,0.0,0.3,0.5,1.0,0.0,4.0,5.0,2.2,Vinje_G2,Vinje,34.4,100.0,100.0,198.0,198.0,2,11.079,0.42286262,0.27,25.37,1154.566,22.270002,27.693117,1
2,2015-01-02 00:00:00+00:00,14,2015-01-02 14:00:00+00:00,28.23,0.0,0.0,0.0,0.3,0.5,1.0,0.0,4.0,5.0,2.17,Vinje_G2,Vinje,34.4,100.0,100.0,198.0,198.0,2,11.079,0.42286262,0.28,25.37,1154.566,22.300001,27.693117,1
2,2015-01-02 00:00:00+00:00,15,2015-01-02 15:00:00+00:00,28.59,0.0,0.0,0.0,0.3,0.5,1.0,0.0,4.0,5.0,2.14,Vinje_G2,Vinje,34.4,100.0,100.0,198.0,198.0,2,11.079,0.42286262,0.28,25.37,1154.566,22.43,27.693117,1
2,2015-01-02 00:00:00+00:00,16,2015-01-02 16:00:00+00:00,28.73,0.0,0.0,0.0,0.3,0.5,1.0,0.0,4.0,5.0,2.13,Vinje_G2,Vinje,34.4,100.0,100.0,198.0,198.0,2,11.079,0.42286262,0.29,25.37,1154.566,22.590002,27.693117,1
2,2015-01-02 00:00:00+00:00,17,2015-01-02 17:00:00+00:00,28.48,0.0,0.0,0.0,0.3,0.5,1.0,0.0,4.0,5.0,2.05,Vinje_G2,Vinje,34.4,100.0,100.0,198.0,198.0,2,11.079,0.42286262,0.29,25.37,1154.566,22.560001,27.693117,1
2,2015-01-02 00:00:00+00:00,18,2015-01-02 18:00:00+00:00,28.38,0.0,0.0,0.0,0.3,0.5,1.0,0.0,4.0,5.0,1.64,Vinje_G2,Vinje,34.4,100.0,100.0,198.0,198.0,2,11.079,0.42286262,0.29,25.37,1154.566,21.890001,27.693117,1
2,2015-01-02 00:00:00+00:00,19,2015-01-02 19:00:00+00:00,27.85,0.0,0.0,0.0,0.3,0.5,1.0,0.0,4.0,5.0,2.06,Vinje_G2,Vinje,34.4,100.0,100.0,198.0,198.0,2,11.079,0.42286262,0.29,25.37,1154.566,22.54,27.693117,0
2,2015-01-02 00:00:00+00:00,20,2015-01-02 20:00:00+00:00,27.45,0.0,0.0,0.0,0.3,0.5,1.0,0.0,4.0,5.0,2.2,Vinje_G2,Vinje,34.4,100.0,100.0,198.0,198.0,2,11.079,0.42286262,0.3,25.37,1154.566,22.8,27.693117,0
2,2015-01-02 00:00:00+00:00,21,2015-01-02 21:00:00+00:00,27.2,0.0,0.0,0.0,0.3,0.5,1.0,0.0,4.0,5.0,2.38,Vinje_G2,Vinje,34.4,100.0,100.0,198.0,198.0,2,11.079,0.42286262,0.3,25.37,1154.566,22.970001,27.693117,0
2,2015-01-02 00:00:00+00:00,22,2015-01-02 22:00:00+00:00,26.79,0.0,0.0,0.0,0.3,0.5,1.0,0.0,4.0,5.0,2.59,Vinje_G2,Vinje,34.4,100.0,100.0,198.0,198.0,2,11.079,0.42286262,0.3,25.37,1154.566,23.129997,27.693117,0
2,2015-01-02 00:00:00+00:00,23,2015-01-02 23:00:00+00:00,25.85,0.0,0.0,0.0,0.3,0.5,1.0,0.0,4.0,5.0,2.83,Vinje_G2,Vinje,34.4,100.0,100.0,198.0,198.0,2,11.079,0.42286262,0.31,25.37,1154.566,23.499998,27.693117,0
2,2015-01-02 00:00:00+00:00,24,2015-01-03 00:00:00+00:00,25.54,0.0,0.0,0.0,0.3,0.5,1.0,0.0,4.0,5.0,2.84,Vinje_G2,Vinje,34.4,100.0,100.0,198.0,198.0,2,11.079,0.42286262,0.32,25.37,1154.566,23.619999,27.693117,0
2,2015-01-02 00:00:00+00:00,25,2015-01-03 01:00:00+00:00,25.43,0.0,0.0,0.0,0.3,0.5,1.0,0.0,4.0,5.0,2.77,Vinje_G2,Vinje,34.4,100.0,100.0,198.0,198.0,2,11.079,0.42286262,0.32,25.37,1154.566,23.61,27.693117,0
2,2015-01-02 00:00:00+00:00,26,2015-01-03 02:00:00+00:00,25.34,0.0,0.0,0.0,0.3,0.5,1.0,0.0,4.0,5.0,2.86,Vinje_G2,Vinje,34.4,100.0,100.0,198.0,198.0,2,11.079,0.42286262,0.33,25.37,1154.566,23.67,27.693117,0
2,2015-01-02 00:00:00+00:00,27,2015-01-03 03:00:00+00:00,25.29,0.0,0.0,0.0,0.3,0.5,1.0,0.0,4.0,5.0,3.02,Vinje_G2,Vinje,34.4,100.0,100.0,198.0,198.0,2,11.079,0.42286262,0.33,25.37,1154.566,23.93,27.693117,0
2,2015-01-02 00:00:00+00:00,28,2015-01-03 04:00:00+00:00,25.3,0.0,0.0,0.0,0.3,0.5,1.0,0.0,4.0,5.0,3.13,Vinje_G2,Vinje,34.4,100.0,100.0,198.0,198.0,2,11.079,0.42286262,0.34,25.37,1154.566,24.130001,27.693117,0
2,2015-01-02 00:00:00+00:00,29,2015-01-03 05:00:00+00:00,25.55,0.0,0.0,0.0,0.3,0.5,1.0,0.0,4.0,5.0,3.16,Vinje_G2,Vinje,34.4,100.0,100.0,198.0,198.0,2,11.079,0.42286262,0.34,25.37,1154.566,24.25,27.693117,0
2,2015-01-02 00:00:00+00:00,30,2015-01-03 06:00:00+00:00,26.75,0.0,0.0,0.0,0.3,0.5,1.0,0.0,4.0,5.0,3.13,Vinje_G2,Vinje,34.4,100.0,100.0,198.0,198.0,2,11.079,0.42286262,0.34,25.37,1154.566,24.289999,27.693117,0
2,2015-01-02 00:00:00+00:00,31,2015-01-03 07:00:00+00:00,26.98,0.0,0.0,0.0,0.3,0.5,1.0,0.0,4.0,5.0,3.06,Vinje_G2,Vinje,34.4,100.0,100.0,198.0,198.0,2,11.079,0.42286262,0.34,25.37,1154.566,24.26,27.693117,0
2,2015-01-02 00:00:00+00:00,32,2015-01-03 08:00:00+00:00,27.52,0.0,0.0,0.0,0.3,0.5,1.0,0.0,4.0,5.0,3.01,Vinje_G2,Vinje,34.4,100.0,100.0,198.0,198.0,2,11.079,0.42286262,0.34,25.37,1154.566,24.289999,27.693117,0
2,2015-01-02 00:00:00+00:00,33,2015-01-03 09:00:00+00:00,27.72,0.0,0.0,0.0,0.3,0.5,1.0,0.0,4.0,5.0,3.0,Vinje_G2,Vinje,34.4,100.0,100.0,198.0,198.0,2,11.079,0.42286262,0.34,25.37,1154.566,24.449999,27.693117,0
2,2015-01-02 00:00:00+00:00,34,2015-01-03 10:00:00+00:00,27.73,0.0,0.0,0.0,0.3,0.5,1.0,0.0,4.0,5.0,2.92,Vinje_G2,Vinje,34.4,100.0,100.0,198.0,198.0,2,11.079,0.42286262,0.35,25.37,1154.566,24.52,27.693117,0
2,2015-01-02 00:00:00+00:00,35,2015-01-03 11:00:00+00:00,27.66,0.0,0.0,0.0,0.3,0.5,1.0,0.0,4.0,5.0,2.88,Vinje_G2,Vinje,34.4,100.0,100.0,198.0,198.0,2,11.079,0.42286262,0.35,25.37,1154.566,24.740002,27.693117,0
2,2015-01-02 00:00:00+00:00,36,2015-01-03 12:00:00+00:00,27.65,0.0,0.0,0.0,0.3,0.5,1.0,0.0,4.0,5.0,2.85,Vinje_G2,Vinje,34.4,100.0,100.0,198.0,198.0,2,11.079,0.42286262,0.35,25.37,1154.566,24.79,27.693117,0
2,2015-01-02 00:00:00+00:00,37,2015-01-03 13:00:00+00:00,27.81,0.0,0.0,0.0,0.3,0.5,1.0,0.0,4.0,5.0,2.84,Vinje_G2,Vinje,34.4,100.0,100.0,198.0,198.0,2,11.079,0.42286262,0.35,25.37,1154.566,24.650002,27.693117,0
2,2015-01-02 00:00:00+00:00,38,2015-01-03 14:00:00+00:00,28.29,0.0,0.0,0.0,0.3,0.5,1.0,0.0,4.0,5.0,2.81,Vinje_G2,Vinje,34.4,100.0,100.0,198.0,198.0,2,11.079,0.42286262,0.35,25.37,1154.566,24.65,27.693117,0
2,2015-01-02 00:00:00+00:00,39,2015-01-03 15:00:00+00:00,28.6,0.0,0.0,0.0,0.3,0.5,1.0,0.0,4.0,5.0,2.75,Vinje_G2,Vinje,34.4,100.0,100.0,198.0,198.0,2,11.079,0.42286262,0.35,25.37,1154.566,24.45,27.693117,0
2,2015-01-02 00:00:00+00:00,40,2015-01-03 16:00:00+00:00,28.88,0.0,0.0,0.0,0.3,0.5,1.0,0.0,4.0,5.0,2.69,Vinje_G2,Vinje,34.4,100.0,100.0,198.0,198.0,2,11.079,0.42286262,0.35,25.37,1154.566,24.380001,27.693117,0
2,2015-01-02 00:00:00+00:00,41,2015-01-03 17:00:00+00:00,28.78,0.0,0.0,0.0,0.3,0.5,1.0,0.0,4.0,5.0,2.65,Vinje_G2,Vinje,34.4,100.0,100.0,198.0,198.0,2,11.079,0.42286262,0.35,25.37,1154.566,24.27,27.693117,0
2,2015-01-02 00:00:00+00:00,42,2015-01-03 18:00:00+00:00,28.54,0.0,0.0,0.0,0.3,0.5,1.0,0.0,4.0,5.0,2.6,Vinje_G2,Vinje,34.4,100.0,100.0,198.0,198.0,2,11.079,0.42286262,0.35,25.37,1154.566,24.18,27.693117,0
2,2015-01-02 00:00:00+00:00,43,2015-01-03 19:00:00+00:00,28.34,0.0,0.0,0.0,0.3,0.5,1.0,0.0,4.0,5.0,2.54,Vinje_G2,Vinje,34.4,100.0,100.0,198.0,198.0,2,11.079,0.42286262,0.35,25.37,1154.566,24.130001,27.693117,0
2,2015-01-02 00:00:00+00:00,44,2015-01-03 20:00:00+00:00,27.93,0.0,0.0,0.0,0.3,0.5,1.0,0.0,4.0,5.0,2.47,Vinje_G2,Vinje,34.4,100.0,100.0,198.0,198.0,2,11.079,0.42286262,0.35,25.37,1154.566,24.01,27.693117,0
2,2015-01-02 00:00:00+00:00,45,2015-01-03 21:00:00+00:00,27.7,0.0,0.0,0.0,0.3,0.5,1.0,0.0,4.0,5.0,2.41,Vinje_G2,Vinje,34.4,100.0,100.0,198.0,198.0,2,11.079,0.42286262,0.35,25.37,1154.566,23.790003,27.693117,0
2,2015-01-02 00:00:00+00:00,46,2015-01-03 22:00:00+00:00,27.25,0.0,0.0,0.0,0.3,0.5,1.0,0.0,4.0,5.0,2.33,Vinje_G2,Vinje,34.4,100.0,100.0,198.0,198.0,2,11.079,0.42286262,0.35,25.37,1154.566,23.689999,27.693117,0
2,2015-01-02 00:00:00+00:00,47,2015-01-03 23:00:00+00:00,27.55,0.0,0.0,0.0,0.3,0.5,1.0,0.0,4.0,5.0,2.27,Vinje_G2,Vinje,34.4,100.0,100.0,198.0,198.0,2,11.079,0.42286262,0.35,25.37,1154.566,23.62,27.693117,0
2,2015-01-02 00:00:00+00:00,48,2015-01-04 00:00:00+00:00,27.38,0.0,0.0,0.0,0.3,0.5,1.0,0.0,4.0,5.0,2.22,Vinje_G2,Vinje,34.4,100.0,100.0,198.0,198.0,2,11.079,0.42286262,0.35,25.37,1154.566,23.31,27.693117,0
2,2015-01-02 00:00:00+00:00,49,2015-01-04 01:00:00+00:00,27.17,0.0,0.0,0.0,0.3,0.5,1.0,0.0,4.0,5.0,2.15,Vinje_G2,Vinje,34.4,100.0,100.0,198.0,198.0,2,11.079,0.42286262,0.35,25.37,1154.566,22.87,27.693117,0
2,2015-01-02 00:00:00+00:00,50,2015-01-04 02:00:00+00:00,27.03,0.0,0.0,0.0,0.3,0.5,1.0,0.0,4.0,5.0,2.1,Vinje_G2,Vinje,34.4,100.0,100.0,198.0,198.0,2,11.079,0.42286262,0.35,25.37,1154.566,22.45,27.693117,0
2,2015-01-02 00:00:00+00:00,51,2015-01-04 03:00:00+00:00,27.04,0.0,0.0,0.0,0.3,0.5,1.0,0.0,4.0,5.0,2.06,Vinje_G2,Vinje,34.4,100.0,100.0,198.0,198.0,2,11.079,0.42286262,0.35,25.37,1154.566,22.289999,27.693117,0
2,2015-01-02 00:00:00+00:00,52,2015-01-04 04:00:00+00:00,27.19,0.0,0.0,0.0,0.3,0.5,1.0,0.0,4.0,5.0,2.01,Vinje_G2,Vinje,34.4,100.0,100.0,198.0,198.0,2,11.079,0.42286262,0.35,25.37,1154.566,22.18,27.693117,0
2,2015-01-02 00:00:00+00:00,53,2015-01-04 05:00:00+00:00,27.13,0.0,0.0,0.0,0.3,0.5,1.0,0.0,4.0,5.0,1.99,Vinje_G2,Vinje,34.4,100.0,100.0,198.0,198.0,2,11.079,0.42286262,0.35,25.37,1154.566,22.110003,27.693117,0
2,2015-01-02 00:00:00+00:00,54,2015-01-04 06:00:00+00:00,27.06,0.0,0.0,0.0,0.3,0.5,1.0,0.0,4.0,5.0,1.94,Vinje_G2,Vinje,34.4,100.0,100.0,198.0,198.0,2,11.079,0.42286262,0.36,25.37,1154.566,22.07,27.693117,0
2,2015-01-02 00:00:00+00:00,55,2015-01-04 07:00:00+00:00,27.63,0.0,0.0,0.0,0.3,0.5,1.0,0.0,4.0,5.0,1.89,Vinje_G2,Vinje,34.4,100.0,100.0,198.0,198.0,2,11.079,0.42286262,0.36,25.37,1154.566,21.880001,27.693117,0
2,2015-01-02 00:00:00+00:00,56,2015-01-04 08:00:00+00:00,28.03,0.0,0.0,0.0,0.3,0.5,1.0,0.0,4.0,5.0,1.84,Vinje_G2,Vinje,34.4,100.0,100.0,198.0,198.0,2,11.079,0.42286262,0.36,25.37,1154.566,21.810001,27.693117,0
2,2015-01-02 00:00:00+00:00,57,2015-01-04 09:00:00+00:00,28.24,0.0,0.0,0.0,0.3,0.5,1.0,0.0,4.0,5.0,1.82,Vinje_G2,Vinje,34.4,100.0,100.0,198.0,198.0,2,11.079,0.42286262,0.36,25.37,1154.566,21.68,27.693117,0
2,2015-01-02 00:00:00+00:00,58,2015-01-04 10:00:00+00:00,28.32,0.0,0.0,0.0,0.3,0.5,1.0,0.0,4.0,5.0,1.79,Vinje_G2,Vinje,34.4,100.0,100.0,198.0,198.0,2,11.079,0.42286262,0.36,25.37,1154.566,21.630001,27.693117,0
2,2015-01-02 00:00:00+00:00,59,2015-01-04 11:00:00+00:00,28.24,0.0,0.0,0.0,0.3,0.5,1.0,0.0,4.0,5.0,1.77,Vinje_G2,Vinje,34.4,100.0,100.0,198.0,198.0,2,11.079,0.42286262,0.36,25.37,1154.566,21.730001,27.693117,0
2,2015-01-02 00:00:00+00:00,60,2015-01-04 12:00:00+00:00,28.27,0.0,0.0,0.0,0.3,0.5,1.0,0.0,4.0,5.0,1.74,Vinje_G2,Vinje,34.4,100.0,100.0,198.0,198.0,2,11.079,0.42286262,0.36,25.37,1154.566,21.85,27.693117,0
2,2015-01-02 00:00:00+00:00,61,2015-01-04 13:00:00+00:00,28.32,0.0,0.0,0.0,0.3,0.5,1.0,0.0,4.0,5.0,1.72,Vinje_G2,Vinje,34.4,100.0,100.0,198.0,198.0,2,11.079,0.42286262,0.36,25.37,1154.566,21.800001,27.693117,0
2,2015-01-02 00:00:00+00:00,62,2015-01-04 14:00:00+00:00,28.37,0.0,0.0,0.0,0.3,0.5,1.0,0.0,4.0,5.0,1.7,Vinje_G2,Vinje,34.4,100.0,100.0,198.0,198.0,2,11.079,0.42286262,0.36,25.37,1154.566,21.67,27.693117,0
2,2015-01-02 00:00:00+00:00,63,2015-01-04 15:00:00+00:00,28.65,0.0,0.0,0.0,0.3,0.5,1.0,0.0,4.0,5.0,1.68,Vinje_G2,Vinje,34.4,100.0,100.0,198.0,198.0,2,11.079,0.42286262,0.36,25.37,1154.566,21.58,27.693117,0
2,2015-01-02 00:00:00+00:00,64,2015-01-04 16:00:00+00:00,28.98,0.0,0.0,0.0,0.3,0.5,1.0,0.0,4.0,5.0,1.68,Vinje_G2,Vinje,34.4,100.0,100.0,198.0,198.0,2,11.079,0.42286262,0.36,25.37,1154.566,21.360003,27.693117,0
2,2015-01-02 00:00:00+00:00,65,2015-01-04 17:00:00+00:00,29.54,0.0,0.0,0.0,0.3,0.5,1.0,0.0,4.0,5.0,1.65,Vinje_G2,Vinje,34.4,100.0,100.0,198.0,198.0,2,11.079,0.42286262,0.36,25.37,1154.566,21.419998,27.693117,0
2,2015-01-02 00:00:00+00:00,66,2015-01-04 18:00:00+00:00,29.42,0.0,0.0,0.0,0.3,0.5,1.0,0.0,4.0,5.0,1.64,Vinje_G2,Vinje,34.4,100.0,100.0,198.0,198.0,2,11.079,0.42286262,0.36,25.37,1154.566,21.720001,27.693117,0
2,2015-01-02 00:00:00+00:00,67,2015-01-04 19:00:00+00:00,28.92,0.0,0.0,0.0,0.3,0.5,1.0,0.0,4.0,5.0,1.63,Vinje_G2,Vinje,34.4,100.0,100.0,198.0,198.0,2,11.079,0.42286262,0.36,25.37,1154.566,22.090002,27.693117,0
2,2015-01-02 00:00:00+00:00,68,2015-01-04 20:00:00+00:00,28.66,0.0,0.0,0.0,0.3,0.5,1.0,0.0,4.0,5.0,1.6,Vinje_G2,Vinje,34.4,100.0,100.0,198.0,198.0,2,11.079,0.42286262,0.36,25.37,1154.566,22.080002,27.693117,0
2,2015-01-02 00:00:00+00:00,69,2015-01-04 21:00:00+00:00,28.69,0.0,0.0,0.0,0.3,0.5,1.0,0.0,4.0,5.0,1.59,Vinje_G2,Vinje,34.4,100.0,100.0,198.0,198.0,2,11.079,0.42286262,0.36,25.37,1154.566,21.99,27.693117,0
2,2015-01-02 00:00:00+00:00,70,2015-01-04 22:00:00+00:00,28.02,0.0,0.0,0.0,0.3,0.5,1.0,0.0,4.0,5.0,1.58,Vinje_G2,Vinje,34.4,100.0,100.0,198.0,198.0,2,11.079,0.42286262,0.36,25.37,1154.566,21.929998,27.693117,0
2,2015-01-02 00:00:00+00:00,71,2015-01-04 23:00:00+00:00,28.19,0.0,0.0,0.0,0.3,0.5,1.0,0.0,4.0,5.0,1.57,Vinje_G2,Vinje,34.4,100.0,100.0,198.0,198.0,2,11.079,0.42286262,0.36,25.37,1154.566,22.2,27.693117,0
2,2015-01-02 00:00:00+00:00,72,2015-01-05 00:00:00+00:00,28.15,0.0,0.0,0.0,0.3,0.5,1.0,0.0,4.0,5.0,1.56,Vinje_G2,Vinje,34.4,100.0,100.0,198.0,198.0,2,11.079,0.42286262,0.37,25.37,1154.566,22.220001,27.693117,0
2,2015-01-02 00:00:00+00:00,73,2015-01-05 01:00:00+00:00,28.13,0.0,0.0,0.0,0.3,0.5,1.0,0.0,4.0,5.0,1.54,Vinje_G2,Vinje,34.4,100.0,100.0,198.0,198.0,2,11.079,0.42286262,0.36,25.37,1154.566,22.360003,27.693117,0
2,2015-01-02 00:00:00+00:00,74,2015-01-05 02:00:00+00:00,28.05,0.0,0.0,0.0,0.3,0.5,1.0,0.0,4.0,5.0,1.53,Vinje_G2,Vinje,34.4,100.0,100.0,198.0,198.0,2,11.079,0.42286262,0.37,25.37,1154.566,22.51,27.693117,0
2,2015-01-02 00:00:00+00:00,75,2015-01-05 03:00:00+00:00,28.04,0.0,0.0,0.0,0.3,0.5,1.0,0.0,4.0,5.0,1.52,Vinje_G2,Vinje,34.4,100.0,100.0,198.0,198.0,2,11.079,0.42286262,0.37,25.37,1154.566,22.550003,27.693117,0
2,2015-01-02 00:00:00+00:00,76,2015-01-05 04:00:00+00:00,28.46,0.0,0.0,0.0,0.3,0.5,1.0,0.0,4.0,5.0,1.51,Vinje_G2,Vinje,34.4,100.0,100.0,198.0,198.0,2,11.079,0.42286262,0.37,25.37,1154.566,22.5,27.693117,0
2,2015-01-02 00:00:00+00:00,77,2015-01-05 05:00:00+00:00,28.78,0.0,0.0,0.0,0.3,0.5,1.0,0.0,4.0,5.0,1.5,Vinje_G2,Vinje,34.4,100.0,100.0,198.0,198.0,2,11.079,0.42286262,0.37,25.37,1154.566,22.580002,27.693117,0
2,2015-01-02 00:00:00+00:00,78,2015-01-05 06:00:00+00:00,30.99,0.0,0.0,0.0,0.3,0.5,1.0,0.0,4.0,5.0,1.48,Vinje_G2,Vinje,34.4,100.0,100.0,198.0,198.0,2,11.079,0.42286262,0.37,25.37,1154.566,22.560001,27.693117,1
2,2015-01-02 00:00:00+00:00,79,2015-01-05 07:00:00+00:00,38.15,0.0,0.0,0.0,0.3,0.5,1.0,0.0,4.0,5.0,1.47,Vinje_G2,Vinje,34.4,100.0,100.0,198.0,198.0,2,11.079,0.42286262,0.37,25.37,1154.566,22.630001,27.693117,1
2,2015-01-02 00:00:00+00:00,80,2015-01-05 08:00:00+00:00,41.51,0.0,0.0,0.0,0.3,0.5,1.0,0.0,4.0,5.0,1.46,Vinje_G2,Vinje,34.4,100.0,100.0,198.0,198.0,2,11.079,0.42286262,0.37,25.37,1154.566,22.560001,27.693117,1
2,2015-01-02 00:00:00+00:00,81,2015-01-05 09:00:00+00:00,40.46,0.0,0.0,0.0,0.3,0.5,1.0,0.0,4.0,5.0,1.46,Vinje_G2,Vinje,34.4,100.0,100.0,198.0,198.0,2,11.079,0.42286262,0.37,25.37,1154.566,22.500002,27.693117,1
2,2015-01-02 00:00:00+00:00,82,2015-01-05 10:00:00+00:00,40.97,0.0,0.0,0.0,0.3,0.5,1.0,0.0,4.0,5.0,1.45,Vinje_G2,Vinje,34.4,100.0,100.0,198.0,198.0,2,11.079,0.42286262,0.37,25.37,1154.566,22.48,27.693117,1
2,2015-01-02 00:00:00+00:00,83,2015-01-05 11:00:00+00:00,38.66,0.0,0.0,0.0,0.3,0.5,1.0,0.0,4.0,5.0,1.45,Vinje_G2,Vinje,34.4,100.0,100.0,198.0,198.0,2,11.079,0.42286262,0.37,25.37,1154.566,22.480001,27.693117,1
2,2015-01-02 00:00:00+00:00,84,2015-01-05 12:00:00+00:00,36.44,0.0,0.0,0.0,0.3,0.5,1.0,0.0,4.0,5.0,1.45,Vinje_G2,Vinje,34.4,100.0,100.0,198.0,198.0,2,11.079,0.42286262,0.37,25.37,1154.566,22.390001,27.693117,1
2,2015-01-02 00:00:00+00:00,85,2015-01-05 13:00:00+00:00,37.74,0.0,0.0,0.0,0.3,0.5,1.0,0.0,4.0,5.0,1.45,Vinje_G2,Vinje,34.4,100.0,100.0,198.0,198.0,2,11.079,0.42286262,0.37,25.37,1154.566,22.340002,27.693117,1
2,2015-01-02 00:00:00+00:00,86,2015-01-05 14:00:00+00:00,43.1,0.0,0.0,0.0,0.3,0.5,1.0,0.0,4.0,5.0,1.45,Vinje_G2,Vinje,34.4,100.0,100.0,198.0,198.0,2,11.079,0.42286262,0.37,25.37,1154.566,22.22,27.693117,1
2,2015-01-02 00:00:00+00:00,87,2015-01-05 15:00:00+00:00,46.7,0.0,0.0,0.0,0.3,0.5,1.0,0.0,4.0,5.0,1.44,Vinje_G2,Vinje,34.4,100.0,100.0,198.0,198.0,2,11.079,0.42286262,0.37,25.37,1154.566,22.150002,27.693117,1
2,2015-01-02 00:00:00+00:00,88,2015-01-05 16:00:00+00:00,56.78,0.0,0.0,0.0,0.3,0.5,1.0,0.0,4.0,5.0,1.44,Vinje_G2,Vinje,34.4,100.0,100.0,198.0,198.0,2,11.079,0.42286262,0.37,25.37,1154.566,22.099998,27.693117,1
2,2015-01-02 00:00:00+00:00,89,2015-01-05 17:00:00+00:00,36.49,0.0,0.0,0.0,0.3,0.5,1.0,0.0,4.0,5.0,1.45,Vinje_G2,Vinje,34.4,100.0,100.0,198.0,198.0,2,11.079,0.42286262,0.37,25.37,1154.566,22.08,27.693117,1
2,2015-01-02 00:00:00+00:00,90,2015-01-05 18:00:00+00:00,32.43,0.0,0.0,0.0,0.3,0.5,1.0,0.0,4.0,5.0,1.44,Vinje_G2,Vinje,34.4,100.0,100.0,198.0,198.0,2,11.079,0.42286262,0.37,25.37,1154.566,22.010002,27.693117,1
2,2015-01-02 00:00:00+00:00,91,2015-01-05 19:00:00+00:00,31.39,0.0,0.0,0.0,0.3,0.5,1.0,0.0,4.0,5.0,1.43,Vinje_G2,Vinje,34.4,100.0,100.0,198.0,198.0,2,11.079,0.42286262,0.37,25.37,1154.566,21.92,27.693117,1
2,2015-01-02 00:00:00+00:00,92,2015-01-05 20:00:00+00:00,30.29,0.0,0.0,0.0,0.3,0.5,1.0,0.0,4.0,5.0,1.43,Vinje_G2,Vinje,34.4,100.0,100.0,198.0,198.0,2,11.079,0.42286262,0.37,25.37,1154.566,21.810003,27.693117,0
2,2015-01-02 00:00:00+00:00,93,2015-01-05 21:00:00+00:00,29.43,0.0,0.0,0.0,0.3,0.5,1.0,0.0,4.0,5.0,1.43,Vinje_G2,Vinje,34.4,100.0,100.0,198.0,198.0,2,11.079,0.42286262,0.37,25.37,1154.566,21.7,27.693117,0
2,2015-01-02 00:00:00+00:00,94,2015-01-05 22:00:00+00:00,29.09,0.0,0.0,0.0,0.3,0.5,1.0,0.0,4.0,5.0,1.44,Vinje_G2,Vinje,34.4,100.0,100.0,198.0,198.0,2,11.079,0.42286262,0.37,25.37,1154.566,21.650002,27.693117,0
2,2015-01-02 00:00:00+00:00,95,2015-01-05 23:00:00+00:00,28.08,0.0,0.0,0.0,0.3,0.5,1.0,0.0,4.0,5.0,1.44,Vinje_G2,Vinje,34.4,100.0,100.0,198.0,198.0,2,11.079,0.42286262,0.37,25.37,1154.566,21.539999,27.693117,0
2,2015-01-02 00:00:00+00:00,96,2015-01-06 00:00:00+00:00,27.94,0.0,0.0,0.0,0.3,0.5,1.0,0.0,4.0,5.0,1.44,Vinje_G2,Vinje,34.4,100.0,100.0,198.0,198.0,2,11.079,0.42286262,0.37,25.37,1154.566,21.49,27.693117,0
2,2015-01-02 00:00:00+00:00,97,2015-01-06 01:00:00+00:00,27.91,0.0,0.0,0.0,0.3,0.5,1.0,0.0,4.0,5.0,1.44,Vinje_G2,Vinje,34.4,100.0,100.0,198.0,198.0,2,11.079,0.42286262,0.37,25.37,1154.566,21.39,27.693117,0
2,2015-01-02 00:00:00+00:00,98,2015-01-06 02:00:00+00:00,27.89,0.0,0.0,0.0,0.3,0.5,1.0,0.0,4.0,5.0,1.44,Vinje_G2,Vinje,34.4,100.0,100.0,198.0,198.0,2,11.079,0.42286262,0.37,25.37,1154.566,21.349998,27.693117,0
2,2015-01-02 00:00:00+00:00,99,2015-01-06 03:00:00+00:00,27.89,0.0,0.0,0.0,0.3,0.5,1.0,0.0,4.0,5.0,1.44,Vinje_G2,Vinje,34.4,100.0,100.0,198.0,198.0,2,11.079,0.42286262,0.37,25.37,1154.566,21.31,27.693117,0
2,2015-01-02 00:00:00+00:00,100,2015-01-06 04:00:00+00:00,28.01,0.0,0.0,0.0,0.3,0.5,1.0,0.0,4.0,5.0,1.44,Vinje_G2,Vinje,34.4,100.0,100.0,198.0,198.0,2,11.079,0.42286262,0.37,25.37,1154.566,21.240002,27.693117,0
2,2015-01-02 00:00:00+00:00,101,2015-01-06 05:00:00+00:00,28.73,0.0,0.0,0.0,0.3,0.5,1.0,0.0,4.0,5.0,1.44,Vinje_G2,Vinje,34.4,100.0,100.0,198.0,198.0,2,11.079,0.42286262,0.37,25.37,1154.566,21.17,27.693117,0
2,2015-01-02 00:00:00+00:00,102,2015-01-06 06:00:00+00:00,30.03,0.0,0.0,0.0,0.3,0.5,1.0,0.0,4.0,5.0,1.43,Vinje_G2,Vinje,34.4,100.0,100.0,198.0,198.0,2,11.079,0.42286262,0.37,25.37,1154.566,21.12,27.693117,1
2,2015-01-02 00:00:00+00:00,103,2015-01-06 07:00:00+00:00,30.5,0.0,0.0,0.0,0.3,0.5,1.0,0.0,4.0,5.0,1.42,Vinje_G2,Vinje,34.4,100.0,100.0,198.0,198.0,2,11.079,0.42286262,0.37,25.37,1154.566,21.080002,27.693117,1
2,2015-01-02 00:00:00+00:00,104,2015-01-06 08:00:00+00:00,30.35,0.0,0.0,0.0,0.3,0.5,1.0,0.0,4.0,5.0,1.42,Vinje_G2,Vinje,34.4,100.0,100.0,198.0,198.0,2,11.079,0.42286262,0.37,25.37,1154.566,20.95,27.693117,1
2,2015-01-02 00:00:00+00:00,105,2015-01-06 09:00:00+00:00,30.53,0.0,0.0,0.0,0.3,0.5,1.0,0.0,4.0,5.0,1.42,Vinje_G2,Vinje,34.4,100.0,100.0,198.0,198.0,2,11.079,0.42286262,0.37,25.37,1154.566,20.92,27.693117,1
2,2015-01-02 00:00:00+00:00,106,2015-01-06 10:00:00+00:00,29.91,0.0,0.0,0.0,0.3,0.5,1.0,0.0,4.0,5.0,1.43,Vinje_G2,Vinje,34.4,100.0,100.0,198.0,198.0,2,11.079,0.42286262,0.37,25.37,1154.566,20.94,27.693117,1
2,2015-01-02 00:00:00+00:00,107,2015-01-06 11:00:00+00:00,29.62,0.0,0.0,0.0,0.3,0.5,1.0,0.0,4.0,5.0,1.41,Vinje_G2,Vinje,34.4,100.0,100.0,198.0,198.0,2,11.079,0.42286262,0.37,25.37,1154.566,20.84,27.693117,1
2,2015-01-02 00:00:00+00:00,108,2015-01-06 12:00:00+00:00,29.58,0.0,0.0,0.0,0.3,0.5,1.0,0.0,4.0,5.0,1.4,Vinje_G2,Vinje,34.4,100.0,100.0,198.0,198.0,2,11.079,0.42286262,0.37,25.37,1154.566,20.800001,27.693117,1
2,2015-01-02 00:00:00+00:00,109,2015-01-06 13:00:00+00:00,29.57,0.0,0.0,0.0,0.3,0.5,1.0,0.0,4.0,5.0,1.41,Vinje_G2,Vinje,34.4,100.0,100.0,198.0,198.0,2,11.079,0.42286262,0.37,25.37,1154.566,20.820002,27.693117,1
2,2015-01-02 00:00:00+00:00,110,2015-01-06 14:00:00+00:00,29.62,0.0,0.0,0.0,0.3,0.5,1.0,0.0,4.0,5.0,1.41,Vinje_G2,Vinje,34.4,100.0,100.0,198.0,198.0,2,11.079,0.42286262,0.38,25.37,1154.566,20.8,27.693117,1
2,2015-01-02 00:00:00+00:00,111,2015-01-06 15:00:00+00:00,29.99,0.0,0.0,0.0,0.3,0.5,1.0,0.0,4.0,5.0,1.41,Vinje_G2,Vinje,34.4,100.0,100.0,198.0,198.0,2,11.079,0.42286262,0.38,25.37,1154.566,20.829998,27.693117,1
2,2015-01-02 00:00:00+00:00,112,2015-01-06 16:00:00+00:00,29.65,0.0,0.0,0.0,0.3,0.5,1.0,0.0,4.0,5.0,1.41,Vinje_G2,Vinje,34.4,100.0,100.0,198.0,198.0,2,11.079,0.42286262,0.38,25.37,1154.566,20.839998,27.693117,1
2,2015-01-02 00:00:00+00:00,113,2015-01-06 17:00:00+00:00,29.58,0.0,0.0,0.0,0.3,0.5,1.0,0.0,4.0,5.0,1.4,Vinje_G2,Vinje,34.4,100.0,100.0,198.0,198.0,2,11.079,0.42286262,0.38,25.37,1154.566,20.799997,27.693117,1
2,2015-01-02 00:00:00+00:00,114,2015-01-06 18:00:00+00:00,29.0,0.0,0.0,0.0,0.3,0.5,1.0,0.0,4.0,5.0,1.4,Vinje_G2,Vinje,34.4,100.0,100.0,198.0,198.0,2,11.079,0.42286262,0.39,25.37,1154.566,20.839998,27.693117,1
2,2015-01-02 00:00:00+00:00,115,2015-01-06 19:00:00+00:00,28.45,0.0,0.0,0.0,0.3,0.5,1.0,0.0,4.0,5.0,1.4,Vinje_G2,Vinje,34.4,100.0,100.0,198.0,198.0,2,11.079,0.42286262,0.39,25.37,1154.566,20.88,27.693117,0
2,2015-01-02 00:00:00+00:00,116,2015-01-06 20:00:00+00:00,28.15,0.0,0.0,0.0,0.3,0.5,1.0,0.0,4.0,5.0,1.38,Vinje_G2,Vinje,34.4,100.0,100.0,198.0,198.0,2,11.079,0.42286262,0.39,25.37,1154.566,20.82,27.693117,0
2,2015-01-02 00:00:00+00:00,117,2015-01-06 21:00:00+00:00,27.73,0.0,0.0,0.0,0.3,0.5,1.0,0.0,4.0,5.0,1.4,Vinje_G2,Vinje,34.4,100.0,100.0,198.0,198.0,2,11.079,0.42286262,0.39,25.37,1154.566,20.809998,27.693117,0
2,2015-01-02 00:00:00+00:00,118,2015-01-06 22:00:00+00:00,27.32,0.0,0.0,0.0,0.3,0.5,1.0,0.0,4.0,5.0,1.39,Vinje_G2,Vinje,34.4,100.0,100.0,198.0,198.0,2,11.079,0.42286262,0.39,25.37,1154.566,20.759998,27.693117,0
2,2015-01-02 00:00:00+00:00,119,2015-01-06 23:00:00+00:00,26.35,0.0,0.0,0.0,0.3,0.5,1.0,0.0,4.0,5.0,1.31,Vinje_G2,Vinje,34.4,100.0,100.0,198.0,198.0,2,11.079,0.42286262,0.39,25.37,1154.566,20.65,27.693117,0
2,2015-01-02 00:00:00+00:00,120,2015-01-07 00:00:00+00:00,26.08,0.0,0.0,0.0,0.3,0.5,1.0,0.0,4.0,5.0,1.29,Vinje_G2,Vinje,34.4,100.0,100.0,198.0,198.0,2,11.079,0.42286262,0.39,25.37,1154.566,20.679998,27.693117,0
2,2015-01-02 00:00:00+00:00,121,2015-01-07 01:00:00+00:00,26.03,0.0,0.0,0.0,0.3,0.5,1.0,0.0,4.0,5.0,1.29,Vinje_G2,Vinje,34.4,100.0,100.0,198.0,198.0,2,11.079,0.42286262,0.39,25.37,1154.566,20.54,27.693117,0
2,2015-01-02 00:00:00+00:00,122,2015-01-07 02:00:00+00:00,26.17,0.0,0.0,0.0,0.3,0.5,1.0,0.0,4.0,5.0,1.27,Vinje_G2,Vinje,34.4,100.0,100.0,198.0,198.0,2,11.079,0.42286262,0.38,25.37,1154.566,20.57,27.693117,0
2,2015-01-02 00:00:00+00:00,123,2015-01-07 03:00:00+00:00,26.74,0.0,0.0,0.0,0.3,0.5,1.0,0.0,4.0,5.0,1.27,Vinje_G2,Vinje,34.4,100.0,100.0,198.0,198.0,2,11.079,0.42286262,0.38,25.37,1154.566,20.51,27.693117,0
2,2015-01-02 00:00:00+00:00,124,2015-01-07 04:00:00+00:00,27.78,0.0,0.0,0.0,0.3,0.5,1.0,0.0,4.0,5.0,1.27,Vinje_G2,Vinje,34.4,100.0,100.0,198.0,198.0,2,11.079,0.42286262,0.38,25.37,1154.566,20.489998,27.693117,0
2,2015-01-02 00:00:00+00:00,125,2015-01-07 05:00:00+00:00,28.48,0.0,0.0,0.0,0.3,0.5,1.0,0.0,4.0,5.0,1.27,Vinje_G2,Vinje,34.4,100.0,100.0,198.0,198.0,2,11.079,0.42286262,0.38,25.37,1154.566,20.499998,27.693117,0
2,2015-01-02 00:00:00+00:00,126,2015-01-07 06:00:00+00:00,31.53,0.0,0.0,0.0,0.3,0.5,1.0,0.0,4.0,5.0,1.27,Vinje_G2,Vinje,34.4,100.0,100.0,198.0,198.0,2,11.079,0.42286262,0.38,25.37,1154.566,20.369999,27.693117,1
2,2015-01-02 00:00:00+00:00,127,2015-01-07 07:00:00+00:00,32.54,0.0,0.0,0.0,0.3,0.5,1.0,0.0,4.0,5.0,1.27,Vinje_G2,Vinje,34.4,100.0,100.0,198.0,198.0,2,11.079,0.42286262,0.39,25.37,1154.566,20.3,27.693117,1
2,2015-01-02 00:00:00+00:00,128,2015-01-07 08:00:00+00:00,32.24,0.0,0.0,0.0,0.3,0.5,1.0,0.0,4.0,5.0,1.26,Vinje_G2,Vinje,34.4,100.0,100.0,198.0,198.0,2,11.079,0.42286262,0.38,25.37,1154.566,20.17,27.693117,1
2,2015-01-02 00:00:00+00:00,129,2015-01-07 09:00:00+00:00,31.96,0.0,0.0,0.0,0.3,0.5,1.0,0.0,4.0,5.0,1.25,Vinje_G2,Vinje,34.4,100.0,100.0,198.0,198.0,2,11.079,0.42286262,0.38,25.37,1154.566,20.11,27.693117,1
2,2015-01-02 00:00:00+00:00,130,2015-01-07 10:00:00+00:00,31.66,0.0,0.0,0.0,0.3,0.5,1.0,0.0,4.0,5.0,1.25,Vinje_G2,Vinje,34.4,100.0,100.0,198.0,198.0,2,11.079,0.42286262,0.38,25.37,1154.566,20.099998,27.693117,1
2,2015-01-02 00:00:00+00:00,131,2015-01-07 11:00:00+00:00,30.97,0.0,0.0,0.0,0.3,0.5,1.0,0.0,4.0,5.0,1.25,Vinje_G2,Vinje,34.4,100.0,100.0,198.0,198.0,2,11.079,0.42286262,0.38,25.37,1154.566,20.079998,27.693117,1
2,2015-01-02 00:00:00+00:00,132,2015-01-07 12:00:00+00:00,30.65,0.0,0.0,0.0,0.3,0.5,1.0,0.0,4.0,5.0,1.25,Vinje_G2,Vinje,34.4,100.0,100.0,198.0,198.0,2,11.079,0.42286262,0.39,25.37,1154.566,20.099998,27.693117,1
2,2015-01-02 00:00:00+00:00,133,2015-01-07 13:00:00+00:00,30.31,0.0,0.0,0.0,0.3,0.5,1.0,0.0,4.0,5.0,1.23,Vinje_G2,Vinje,34.4,100.0,100.0,198.0,198.0,2,11.079,0.42286262,0.38,25.37,1154.566,20.08,27.693117,1
2,2015-01-02 00:00:00+00:00,134,2015-01-07 14:00:00+00:00,29.79,0.0,0.0,0.0,0.3,0.5,1.0,0.0,4.0,5.0,1.23,Vinje_G2,Vinje,34.4,100.0,100.0,198.0,198.0,2,11.079,0.42286262,0.39,25.37,1154.566,20.11,27.693117,1
2,2015-01-02 00:00:00+00:00,135,2015-01-07 15:00:00+00:00,30.72,0.0,0.0,0.0,0.3,0.5,1.0,0.0,4.0,5.0,1.21,Vinje_G2,Vinje,34.4,100.0,100.0,198.0,198.0,2,11.079,0.42286262,0.39,25.37,1154.566,20.029999,27.693117,1
2,2015-01-02 00:00:00+00:00,136,2015-01-07 16:00:00+00:00,29.56,0.0,0.0,0.0,0.3,0.5,1.0,0.0,4.0,5.0,1.2,Vinje_G2,Vinje,34.4,100.0,100.0,198.0,198.0,2,11.079,0.42286262,0.39,25.37,1154.566,20.03,27.693117,1
2,2015-01-02 00:00:00+00:00,137,2015-01-07 17:00:00+00:00,28.84,0.0,0.0,0.0,0.3,0.5,1.0,0.0,4.0,5.0,1.2,Vinje_G2,Vinje,34.4,100.0,100.0,198.0,198.0,2,11.079,0.42286262,0.39,25.37,1154.566,19.99,27.693117,1
2,2015-01-02 00:00:00+00:00,138,2015-01-07 18:00:00+00:00,28.2,0.0,0.0,0.0,0.3,0.5,1.0,0.0,4.0,5.0,1.2,Vinje_G2,Vinje,34.4,100.0,100.0,198.0,198.0,2,11.079,0.42286262,0.39,25.37,1154.566,19.960001,27.693117,1
2,2015-01-02 00:00:00+00:00,139,2015-01-07 19:00:00+00:00,27.75,0.0,0.0,0.0,0.3,0.5,1.0,0.0,4.0,5.0,1.2,Vinje_G2,Vinje,34.4,100.0,100.0,198.0,198.0,2,11.079,0.42286262,0.39,25.37,1154.566,19.94,27.693117,1
2,2015-01-02 00:00:00+00:00,140,2015-01-07 20:00:00+00:00,27.42,0.0,0.0,0.0,0.3,0.5,1.0,0.0,4.0,5.0,1.21,Vinje_G2,Vinje,34.4,100.0,100.0,198.0,198.0,2,11.079,0.42286262,0.39,25.37,1154.566,19.960001,27.693117,1
2,2015-01-02 00:00:00+00:00,141,2015-01-07 21:00:00+00:00,26.68,0.0,0.0,0.0,0.3,0.5,1.0,0.0,4.0,5.0,1.22,Vinje_G2,Vinje,34.4,100.0,100.0,198.0,198.0,2,11.079,0.42286262,0.39,25.37,1154.566,19.939999,27.693117,0
2,2015-01-02 00:00:00+00:00,142,2015-01-07 22:00:00+00:00,26.15,0.0,0.0,0.0,0.3,0.5,1.0,0.0,4.0,5.0,1.21,Vinje_G2,Vinje,34.4,100.0,100.0,198.0,198.0,2,11.079,0.42286262,0.39,25.37,1154.566,19.97,27.693117,0
2,2015-01-02 00:00:00+00:00,143,2015-01-07 23:00:00+00:00,26.04,0.0,0.0,0.0,0.3,0.5,1.0,0.0,4.0,5.0,1.19,Vinje_G2,Vinje,34.4,100.0,100.0,198.0,198.0,2,11.079,0.42286262,0.39,25.37,1154.566,19.96,27.693117,0
2,2015-01-02 00:00:00+00:00,144,2015-01-08 00:00:00+00:00,25.07,0.0,0.0,0.0,0.3,0.5,1.0,0.0,4.0,5.0,1.19,Vinje_G2,Vinje,34.4,100.0,100.0,198.0,198.0,2,11.079,0.42286262,0.39,25.37,1154.566,20.039999,27.693117,0
2,2015-01-02 00:00:00+00:00,145,2015-01-08 01:00:00+00:00,24.57,0.0,0.0,0.0,0.3,0.5,1.0,0.0,4.0,5.0,1.2,Vinje_G2,Vinje,34.4,100.0,100.0,198.0,198.0,2,11.079,0.42286262,0.39,25.37,1154.566,20.11,27.693117,0
2,2015-01-02 00:00:00+00:00,146,2015-01-08 02:00:00+00:00,24.44,0.0,0.0,0.0,0.3,0.5,1.0,0.0,4.0,5.0,1.19,Vinje_G2,Vinje,34.4,100.0,100.0,198.0,198.0,2,11.079,0.42286262,0.39,25.37,1154.566,20.099998,27.693117,0
2,2015-01-02 00:00:00+00:00,147,2015-01-08 03:00:00+00:00,24.54,0.0,0.0,0.0,0.3,0.5,1.0,0.0,4.0,5.0,1.19,Vinje_G2,Vinje,34.4,100.0,100.0,198.0,198.0,2,11.079,0.42286262,0.39,25.37,1154.566,20.11,27.693117,0
2,2015-01-02 00:00:00+00:00,148,2015-01-08 04:00:00+00:00,26.04,0.0,0.0,0.0,0.3,0.5,1.0,0.0,4.0,5.0,1.19,Vinje_G2,Vinje,34.4,100.0,100.0,198.0,198.0,2,11.079,0.42286262,0.39,25.37,1154.566,20.04,27.693117,0
2,2015-01-02 00:00:00+00:00,149,2015-01-08 05:00:00+00:00,26.89,0.0,0.0,0.0,0.3,0.5,1.0,0.0,4.0,5.0,1.2,Vinje_G2,Vinje,34.4,100.0,100.0,198.0,198.0,2,11.079,0.42286262,0.39,25.37,1154.566,19.919998,27.693117,0
2,2015-01-02 00:00:00+00:00,150,2015-01-08 06:00:00+00:00,27.59,0.0,0.0,0.0,0.3,0.5,1.0,0.0,4.0,5.0,1.19,Vinje_G2,Vinje,34.4,100.0,100.0,198.0,198.0,2,11.079,0.42286262,0.39,25.37,1154.566,19.79,27.693117,1
2,2015-01-02 00:00:00+00:00,151,2015-01-08 07:00:00+00:00,28.1,0.0,0.0,0.0,0.3,0.5,1.0,0.0,4.0,5.0,1.17,Vinje_G2,Vinje,34.4,100.0,100.0,198.0,198.0,2,11.079,0.42286262,0.39,25.37,1154.566,19.599998,27.693117,1
2,2015-01-02 00:00:00+00:00,152,2015-01-08 08:00:00+00:00,28.23,0.0,0.0,0.0,0.3,0.5,1.0,0.0,4.0,5.0,1.18,Vinje_G2,Vinje,34.4,100.0,100.0,198.0,198.0,2,11.079,0.42286262,0.39,25.37,1154.566,19.51,27.693117,1
2,2015-01-02 00:00:00+00:00,153,2015-01-08 09:00:00+00:00,28.35,0.0,0.0,0.0,0.3,0.5,1.0,0.0,4.0,5.0,1.16,Vinje_G2,Vinje,34.4,100.0,100.0,198.0,198.0,2,11.079,0.42286262,0.39,25.37,1154.566,19.33,27.693117,1
2,2015-01-02 00:00:00+00:00,154,2015-01-08 10:00:00+00:00,28.46,0.0,0.0,0.0,0.3,0.5,1.0,0.0,4.0,5.0,1.16,Vinje_G2,Vinje,34.4,100.0,100.0,198.0,198.0,2,11.079,0.42286262,0.39,25.37,1154.566,19.31,27.693117,1
2,2015-01-02 00:00:00+00:00,155,2015-01-08 11:00:00+00:00,28.46,0.0,0.0,0.0,0.3,0.5,1.0,0.0,4.0,5.0,1.16,Vinje_G2,Vinje,34.4,100.0,100.0,198.0,198.0,2,11.079,0.42286262,0.39,25.37,1154.566,19.42,27.693117,1
2,2015-01-02 00:00:00+00:00,156,2015-01-08 12:00:00+00:00,28.6,0.0,0.0,0.0,0.3,0.5,1.0,0.0,4.0,5.0,1.16,Vinje_G2,Vinje,34.4,100.0,100.0,198.0,198.0,2,11.079,0.42286262,0.39,25.37,1154.566,19.53,27.693117,1
2,2015-01-02 00:00:00+00:00,157,2015-01-08 13:00:00+00:00,28.45,0.0,0.0,0.0,0.3,0.5,1.0,0.0,4.0,5.0,1.16,Vinje_G2,Vinje,34.4,100.0,100.0,198.0,198.0,2,11.079,0.42286262,0.39,25.37,1154.566,19.619999,27.693117,1
2,2015-01-02 00:00:00+00:00,158,2015-01-08 14:00:00+00:00,28.24,0.0,0.0,0.0,0.3,0.5,1.0,0.0,4.0,5.0,1.16,Vinje_G2,Vinje,34.4,100.0,100.0,198.0,198.0,2,11.079,0.42286262,0.39,25.37,1154.566,19.679998,27.693117,1
2,2015-01-02 00:00:00+00:00,159,2015-01-08 15:00:00+00:00,28.43,0.0,0.0,0.0,0.3,0.5,1.0,0.0,4.0,5.0,1.15,Vinje_G2,Vinje,34.4,100.0,100.0,198.0,198.0,2,11.079,0.42286262,0.39,25.37,1154.566,19.75,27.693117,1
2,2015-01-02 00:00:00+00:00,160,2015-01-08 16:00:00+00:00,28.4,0.0,0.0,0.0,0.3,0.5,1.0,0.0,4.0,5.0,1.14,Vinje_G2,Vinje,34.4,100.0,100.0,198.0,198.0,2,11.079,0.42286262,0.39,25.37,1154.566,19.82,27.693117,1
2,2015-01-02 00:00:00+00:00,161,2015-01-08 17:00:00+00:00,27.98,0.0,0.0,0.0,0.3,0.5,1.0,0.0,4.0,5.0,1.14,Vinje_G2,Vinje,34.4,100.0,100.0,198.0,198.0,2,11.079,0.42286262,0.38,25.37,1154.566,19.71,27.693117,1
2,2015-01-02 00:00:00+00:00,162,2015-01-08 18:00:00+00:00,27.69,0.0,0.0,0.0,0.3,0.5,1.0,0.0,4.0,5.0,1.15,Vinje_G2,Vinje,34.4,100.0,100.0,198.0,198.0,2,11.079,0.42286262,0.38,25.37,1154.566,19.72,27.693117,1
2,2015-01-02 00:00:00+00:00,163,2015-01-08 19:00:00+00:00,27.46,0.0,0.0,0.0,0.3,0.5,1.0,0.0,4.0,5.0,1.16,Vinje_G2,Vinje,34.4,100.0,100.0,198.0,198.0,2,11.079,0.42286262,0.38,25.37,1154.566,19.79,27.693117,1
2,2015-01-02 00:00:00+00:00,164,2015-01-08 20:00:00+00:00,27.31,0.0,0.0,0.0,0.3,0.5,1.0,0.0,4.0,5.0,1.16,Vinje_G2,Vinje,34.4,100.0,100.0,198.0,198.0,2,11.079,0.42286262,0.38,25.37,1154.566,19.769999,27.693117,1
2,2015-01-02 00:00:00+00:00,165,2015-01-08 21:00:00+00:00,26.71,0.0,0.0,0.0,0.3,0.5,1.0,0.0,4.0,5.0,1.16,Vinje_G2,Vinje,34.4,100.0,100.0,198.0,198.0,2,11.079,0.42286262,0.38,25.37,1154.566,19.8,27.693117,1
2,2015-01-02 00:00:00+00:00,166,2015-01-08 22:00:00+00:00,25.91,0.0,0.0,0.0,0.3,0.5,1.0,0.0,4.0,5.0,1.15,Vinje_G2,Vinje,34.4,100.0,100.0,198.0,198.0,2,11.079,0.42286262,0.38,25.37,1154.566,19.68,27.693117,1
2,2015-01-02 00:00:00+00:00,167,2015-01-08 23:00:00+00:00,25.89,0.0,0.0,0.0,0.3,0.5,1.0,0.0,4.0,5.0,1.14,Vinje_G2,Vinje,34.4,100.0,100.0,198.0,198.0,2,11.079,0.42286262,0.38,25.37,1154.566,19.529999,27.693117,1
2,2015-01-02 00:00:00+00:00,0,2015-01-02 00:00:00+00:00,26.41,0.0,0.0,0.0,0.3,0.5,1.0,0.0,4.0,5.0,1.26,Vinje_G3,Vinje,34.4,100.0,100.0,198.0,198.0,3,11.079,0.42286262,0.26,25.37,1154.566,19.31,27.693117,0
2,2015-01-02 00:00:00+00:00,1,2015-01-02 01:00:00+00:00,26.2,0.0,0.0,0.0,0.3,0.5,1.0,0.0,4.0,5.0,1.3,Vinje_G3,Vinje,34.4,100.0,100.0,198.0,198.0,3,11.079,0.42286262,0.26,25.37,1154.566,19.52,27.693117,0
2,2015-01-02 00:00:00+00:00,2,2015-01-02 02:00:00+00:00,25.6,0.0,0.0,0.0,0.3,0.5,1.0,0.0,4.0,5.0,1.52,Vinje_G3,Vinje,34.4,100.0,100.0,198.0,198.0,3,11.079,0.42286262,0.27,25.37,1154.566,20.190002,27.693117,0
2,2015-01-02 00:00:00+00:00,3,2015-01-02 03:00:00+00:00,24.74,0.0,0.0,0.0,0.3,0.5,1.0,0.0,4.0,5.0,1.7,Vinje_G3,Vinje,34.4,100.0,100.0,198.0,198.0,3,11.079,0.42286262,0.27,25.37,1154.566,21.05,27.693117,0
2,2015-01-02 00:00:00+00:00,4,2015-01-02 04:00:00+00:00,26.1,0.0,0.0,0.0,0.3,0.5,1.0,0.0,4.0,5.0,1.75,Vinje_G3,Vinje,34.4,100.0,100.0,198.0,198.0,3,11.079,0.42286262,0.27,25.37,1154.566,21.02,27.693117,0
2,2015-01-02 00:00:00+00:00,5,2015-01-02 05:00:00+00:00,27.25,0.0,0.0,0.0,0.3,0.5,1.0,0.0,4.0,5.0,1.65,Vinje_G3,Vinje,34.4,100.0,100.0,198.0,198.0,3,11.079,0.42286262,0.26,25.37,1154.566,20.910002,27.693117,0
2,2015-01-02 00:00:00+00:00,6,2015-01-02 06:00:00+00:00,28.37,0.0,0.0,0.0,0.3,0.5,1.0,0.0,4.0,5.0,1.71,Vinje_G3,Vinje,34.4,100.0,100.0,198.0,198.0,3,11.079,0.42286262,0.26,25.37,1154.566,21.06,27.693117,0
2,2015-01-02 00:00:00+00:00,7,2015-01-02 07:00:00+00:00,28.37,0.0,0.0,0.0,0.3,0.5,1.0,0.0,4.0,5.0,1.92,Vinje_G3,Vinje,34.4,100.0,100.0,198.0,198.0,3,11.079,0.42286262,0.27,25.37,1154.566,21.43,27.693117,0
2,2015-01-02 00:00:00+00:00,8,2015-01-02 08:00:00+00:00,28.32,0.0,0.0,0.0,0.3,0.5,1.0,0.0,4.0,5.0,2.18,Vinje_G3,Vinje,34.4,100.0,100.0,198.0,198.0,3,11.079,0.42286262,0.27,25.37,1154.566,21.990002,27.693117,0
2,2015-01-02 00:00:00+00:00,9,2015-01-02 09:00:00+00:00,28.3,0.0,0.0,0.0,0.3,0.5,1.0,0.0,4.0,5.0,2.33,Vinje_G3,Vinje,34.4,100.0,100.0,198.0,198.0,3,11.079,0.42286262,0.27,25.37,1154.566,22.349998,27.693117,0
2,2015-01-02 00:00:00+00:00,10,2015-01-02 10:00:00+00:00,28.39,0.0,0.0,0.0,0.3,0.5,1.0,0.0,4.0,5.0,2.35,Vinje_G3,Vinje,34.4,100.0,100.0,198.0,198.0,3,11.079,0.42286262,0.27,25.37,1154.566,22.4,27.693117,0
2,2015-01-02 00:00:00+00:00,11,2015-01-02 11:00:00+00:00,28.3,0.0,0.0,0.0,0.3,0.5,1.0,0.0,4.0,5.0,2.3,Vinje_G3,Vinje,34.4,100.0,100.0,198.0,198.0,3,11.079,0.42286262,0.27,25.37,1154.566,22.33,27.693117,0
2,2015-01-02 00:00:00+00:00,12,2015-01-02 12:00:00+00:00,28.24,0.0,0.0,0.0,0.3,0.5,1.0,0.0,4.0,5.0,2.23,Vinje_G3,Vinje,34.4,100.0,100.0,198.0,198.0,3,11.079,0.42286262,0.27,25.37,1154.566,22.34,27.693117,0
2,2015-01-02 00:00:00+00:00,13,2015-01-02 13:00:00+00:00,28.12,0.0,0.0,0.0,0.3,0.5,1.0,0.0,4.0,5.0,2.2,Vinje_G3,Vinje,34.4,100.0,100.0,198.0,198.0,3,11.079,0.42286262,0.27,25.37,1154.566,22.270002,27.693117,0
2,2015-01-02 00:00:00+00:00,14,2015-01-02 14:00:00+00:00,28.23,0.0,0.0,0.0,0.3,0.5,1.0,0.0,4.0,5.0,2.17,Vinje_G3,Vinje,34.4,100.0,100.0,198.0,198.0,3,11.079,0.42286262,0.28,25.37,1154.566,22.300001,27.693117,0
2,2015-01-02 00:00:00+00:00,15,2015-01-02 15:00:00+00:00,28.59,0.0,0.0,0.0,0.3,0.5,1.0,0.0,4.0,5.0,2.14,Vinje_G3,Vinje,34.4,100.0,100.0,198.0,198.0,3,11.079,0.42286262,0.28,25.37,1154.566,22.43,27.693117,0
2,2015-01-02 00:00:00+00:00,16,2015-01-02 16:00:00+00:00,28.73,0.0,0.0,0.0,0.3,0.5,1.0,0.0,4.0,5.0,2.13,Vinje_G3,Vinje,34.4,100.0,100.0,198.0,198.0,3,11.079,0.42286262,0.29,25.37,1154.566,22.590002,27.693117,0
2,2015-01-02 00:00:00+00:00,17,2015-01-02 17:00:00+00:00,28.48,0.0,0.0,0.0,0.3,0.5,1.0,0.0,4.0,5.0,2.05,Vinje_G3,Vinje,34.4,100.0,100.0,198.0,198.0,3,11.079,0.42286262,0.29,25.37,1154.566,22.560001,27.693117,0
2,2015-01-02 00:00:00+00:00,18,2015-01-02 18:00:00+00:00,28.38,0.0,0.0,0.0,0.3,0.5,1.0,0.0,4.0,5.0,1.64,Vinje_G3,Vinje,34.4,100.0,100.0,198.0,198.0,3,11.079,0.42286262,0.29,25.37,1154.566,21.890001,27.693117,0
2,2015-01-02 00:00:00+00:00,19,2015-01-02 19:00:00+00:00,27.85,0.0,0.0,0.0,0.3,0.5,1.0,0.0,4.0,5.0,2.06,Vinje_G3,Vinje,34.4,100.0,100.0,198.0,198.0,3,11.079,0.42286262,0.29,25.37,1154.566,22.54,27.693117,0
2,2015-01-02 00:00:00+00:00,20,2015-01-02 20:00:00+00:00,27.45,0.0,0.0,0.0,0.3,0.5,1.0,0.0,4.0,5.0,2.2,Vinje_G3,Vinje,34.4,100.0,100.0,198.0,198.0,3,11.079,0.42286262,0.3,25.37,1154.566,22.8,27.693117,0
2,2015-01-02 00:00:00+00:00,21,2015-01-02 21:00:00+00:00,27.2,0.0,0.0,0.0,0.3,0.5,1.0,0.0,4.0,5.0,2.38,Vinje_G3,Vinje,34.4,100.0,100.0,198.0,198.0,3,11.079,0.42286262,0.3,25.37,1154.566,22.970001,27.693117,0
2,2015-01-02 00:00:00+00:00,22,2015-01-02 22:00:00+00:00,26.79,0.0,0.0,0.0,0.3,0.5,1.0,0.0,4.0,5.0,2.59,Vinje_G3,Vinje,34.4,100.0,100.0,198.0,198.0,3,11.079,0.42286262,0.3,25.37,1154.566,23.129997,27.693117,0
2,2015-01-02 00:00:00+00:00,23,2015-01-02 23:00:00+00:00,25.85,0.0,0.0,0.0,0.3,0.5,1.0,0.0,4.0,5.0,2.83,Vinje_G3,Vinje,34.4,100.0,100.0,198.0,198.0,3,11.079,0.42286262,0.31,25.37,1154.566,23.499998,27.693117,0
2,2015-01-02 00:00:00+00:00,24,2015-01-03 00:00:00+00:00,25.54,0.0,0.0,0.0,0.3,0.5,1.0,0.0,4.0,5.0,2.84,Vinje_G3,Vinje,34.4,100.0,100.0,198.0,198.0,3,11.079,0.42286262,0.32,25.37,1154.566,23.619999,27.693117,0
2,2015-01-02 00:00:00+00:00,25,2015-01-03 01:00:00+00:00,25.43,0.0,0.0,0.0,0.3,0.5,1.0,0.0,4.0,5.0,2.77,Vinje_G3,Vinje,34.4,100.0,100.0,198.0,198.0,3,11.079,0.42286262,0.32,25.37,1154.566,23.61,27.693117,0
2,2015-01-02 00:00:00+00:00,26,2015-01-03 02:00:00+00:00,25.34,0.0,0.0,0.0,0.3,0.5,1.0,0.0,4.0,5.0,2.86,Vinje_G3,Vinje,34.4,100.0,100.0,198.0,198.0,3,11.079,0.42286262,0.33,25.37,1154.566,23.67,27.693117,0
2,2015-01-02 00:00:00+00:00,27,2015-01-03 03:00:00+00:00,25.29,0.0,0.0,0.0,0.3,0.5,1.0,0.0,4.0,5.0,3.02,Vinje_G3,Vinje,34.4,100.0,100.0,198.0,198.0,3,11.079,0.42286262,0.33,25.37,1154.566,23.93,27.693117,0
2,2015-01-02 00:00:00+00:00,28,2015-01-03 04:00:00+00:00,25.3,0.0,0.0,0.0,0.3,0.5,1.0,0.0,4.0,5.0,3.13,Vinje_G3,Vinje,34.4,100.0,100.0,198.0,198.0,3,11.079,0.42286262,0.34,25.37,1154.566,24.130001,27.693117,0
2,2015-01-02 00:00:00+00:00,29,2015-01-03 05:00:00+00:00,25.55,0.0,0.0,0.0,0.3,0.5,1.0,0.0,4.0,5.0,3.16,Vinje_G3,Vinje,34.4,100.0,100.0,198.0,198.0,3,11.079,0.42286262,0.34,25.37,1154.566,24.25,27.693117,0
2,2015-01-02 00:00:00+00:00,30,2015-01-03 06:00:00+00:00,26.75,0.0,0.0,0.0,0.3,0.5,1.0,0.0,4.0,5.0,3.13,Vinje_G3,Vinje,34.4,100.0,100.0,198.0,198.0,3,11.079,0.42286262,0.34,25.37,1154.566,24.289999,27.693117,0
2,2015-01-02 00:00:00+00:00,31,2015-01-03 07:00:00+00:00,26.98,0.0,0.0,0.0,0.3,0.5,1.0,0.0,4.0,5.0,3.06,Vinje_G3,Vinje,34.4,100.0,100.0,198.0,198.0,3,11.079,0.42286262,0.34,25.37,1154.566,24.26,27.693117,0
2,2015-01-02 00:00:00+00:00,32,2015-01-03 08:00:00+00:00,27.52,0.0,0.0,0.0,0.3,0.5,1.0,0.0,4.0,5.0,3.01,Vinje_G3,Vinje,34.4,100.0,100.0,198.0,198.0,3,11.079,0.42286262,0.34,25.37,1154.566,24.289999,27.693117,0
2,2015-01-02 00:00:00+00:00,33,2015-01-03 09:00:00+00:00,27.72,0.0,0.0,0.0,0.3,0.5,1.0,0.0,4.0,5.0,3.0,Vinje_G3,Vinje,34.4,100.0,100.0,198.0,198.0,3,11.079,0.42286262,0.34,25.37,1154.566,24.449999,27.693117,0
2,2015-01-02 00:00:00+00:00,34,2015-01-03 10:00:00+00:00,27.73,0.0,0.0,0.0,0.3,0.5,1.0,0.0,4.0,5.0,2.92,Vinje_G3,Vinje,34.4,100.0,100.0,198.0,198.0,3,11.079,0.42286262,0.35,25.37,1154.566,24.52,27.693117,0
2,2015-01-02 00:00:00+00:00,35,2015-01-03 11:00:00+00:00,27.66,0.0,0.0,0.0,0.3,0.5,1.0,0.0,4.0,5.0,2.88,Vinje_G3,Vinje,34.4,100.0,100.0,198.0,198.0,3,11.079,0.42286262,0.35,25.37,1154.566,24.740002,27.693117,0
2,2015-01-02 00:00:00+00:00,36,2015-01-03 12:00:00+00:00,27.65,0.0,0.0,0.0,0.3,0.5,1.0,0.0,4.0,5.0,2.85,Vinje_G3,Vinje,34.4,100.0,100.0,198.0,198.0,3,11.079,0.42286262,0.35,25.37,1154.566,24.79,27.693117,0
2,2015-01-02 00:00:00+00:00,37,2015-01-03 13:00:00+00:00,27.81,0.0,0.0,0.0,0.3,0.5,1.0,0.0,4.0,5.0,2.84,Vinje_G3,Vinje,34.4,100.0,100.0,198.0,198.0,3,11.079,0.42286262,0.35,25.37,1154.566,24.650002,27.693117,0
2,2015-01-02 00:00:00+00:00,38,2015-01-03 14:00:00+00:00,28.29,0.0,0.0,0.0,0.3,0.5,1.0,0.0,4.0,5.0,2.81,Vinje_G3,Vinje,34.4,100.0,100.0,198.0,198.0,3,11.079,0.42286262,0.35,25.37,1154.566,24.65,27.693117,0
2,2015-01-02 00:00:00+00:00,39,2015-01-03 15:00:00+00:00,28.6,0.0,0.0,0.0,0.3,0.5,1.0,0.0,4.0,5.0,2.75,Vinje_G3,Vinje,34.4,100.0,100.0,198.0,198.0,3,11.079,0.42286262,0.35,25.37,1154.566,24.45,27.693117,0
2,2015-01-02 00:00:00+00:00,40,2015-01-03 16:00:00+00:00,28.88,0.0,0.0,0.0,0.3,0.5,1.0,0.0,4.0,5.0,2.69,Vinje_G3,Vinje,34.4,100.0,100.0,198.0,198.0,3,11.079,0.42286262,0.35,25.37,1154.566,24.380001,27.693117,0
2,2015-01-02 00:00:00+00:00,41,2015-01-03 17:00:00+00:00,28.78,0.0,0.0,0.0,0.3,0.5,1.0,0.0,4.0,5.0,2.65,Vinje_G3,Vinje,34.4,100.0,100.0,198.0,198.0,3,11.079,0.42286262,0.35,25.37,1154.566,24.27,27.693117,0
2,2015-01-02 00:00:00+00:00,42,2015-01-03 18:00:00+00:00,28.54,0.0,0.0,0.0,0.3,0.5,1.0,0.0,4.0,5.0,2.6,Vinje_G3,Vinje,34.4,100.0,100.0,198.0,198.0,3,11.079,0.42286262,0.35,25.37,1154.566,24.18,27.693117,0
2,2015-01-02 00:00:00+00:00,43,2015-01-03 19:00:00+00:00,28.34,0.0,0.0,0.0,0.3,0.5,1.0,0.0,4.0,5.0,2.54,Vinje_G3,Vinje,34.4,100.0,100.0,198.0,198.0,3,11.079,0.42286262,0.35,25.37,1154.566,24.130001,27.693117,0
2,2015-01-02 00:00:00+00:00,44,2015-01-03 20:00:00+00:00,27.93,0.0,0.0,0.0,0.3,0.5,1.0,0.0,4.0,5.0,2.47,Vinje_G3,Vinje,34.4,100.0,100.0,198.0,198.0,3,11.079,0.42286262,0.35,25.37,1154.566,24.01,27.693117,0
2,2015-01-02 00:00:00+00:00,45,2015-01-03 21:00:00+00:00,27.7,0.0,0.0,0.0,0.3,0.5,1.0,0.0,4.0,5.0,2.41,Vinje_G3,Vinje,34.4,100.0,100.0,198.0,198.0,3,11.079,0.42286262,0.35,25.37,1154.566,23.790003,27.693117,0
2,2015-01-02 00:00:00+00:00,46,2015-01-03 22:00:00+00:00,27.25,0.0,0.0,0.0,0.3,0.5,1.0,0.0,4.0,5.0,2.33,Vinje_G3,Vinje,34.4,100.0,100.0,198.0,198.0,3,11.079,0.42286262,0.35,25.37,1154.566,23.689999,27.693117,0
2,2015-01-02 00:00:00+00:00,47,2015-01-03 23:00:00+00:00,27.55,0.0,0.0,0.0,0.3,0.5,1.0,0.0,4.0,5.0,2.27,Vinje_G3,Vinje,34.4,100.0,100.0,198.0,198.0,3,11.079,0.42286262,0.35,25.37,1154.566,23.62,27.693117,0
2,2015-01-02 00:00:00+00:00,48,2015-01-04 00:00:00+00:00,27.38,0.0,0.0,0.0,0.3,0.5,1.0,0.0,4.0,5.0,2.22,Vinje_G3,Vinje,34.4,100.0,100.0,198.0,198.0,3,11.079,0.42286262,0.35,25.37,1154.566,23.31,27.693117,0
2,2015-01-02 00:00:00+00:00,49,2015-01-04 01:00:00+00:00,27.17,0.0,0.0,0.0,0.3,0.5,1.0,0.0,4.0,5.0,2.15,Vinje_G3,Vinje,34.4,100.0,100.0,198.0,198.0,3,11.079,0.42286262,0.35,25.37,1154.566,22.87,27.693117,0
2,2015-01-02 00:00:00+00:00,50,2015-01-04 02:00:00+00:00,27.03,0.0,0.0,0.0,0.3,0.5,1.0,0.0,4.0,5.0,2.1,Vinje_G3,Vinje,34.4,100.0,100.0,198.0,198.0,3,11.079,0.42286262,0.35,25.37,1154.566,22.45,27.693117,0
2,2015-01-02 00:00:00+00:00,51,2015-01-04 03:00:00+00:00,27.04,0.0,0.0,0.0,0.3,0.5,1.0,0.0,4.0,5.0,2.06,Vinje_G3,Vinje,34.4,100.0,100.0,198.0,198.0,3,11.079,0.42286262,0.35,25.37,1154.566,22.289999,27.693117,0
2,2015-01-02 00:00:00+00:00,52,2015-01-04 04:00:00+00:00,27.19,0.0,0.0,0.0,0.3,0.5,1.0,0.0,4.0,5.0,2.01,Vinje_G3,Vinje,34.4,100.0,100.0,198.0,198.0,3,11.079,0.42286262,0.35,25.37,1154.566,22.18,27.693117,0
2,2015-01-02 00:00:00+00:00,53,2015-01-04 05:00:00+00:00,27.13,0.0,0.0,0.0,0.3,0.5,1.0,0.0,4.0,5.0,1.99,Vinje_G3,Vinje,34.4,100.0,100.0,198.0,198.0,3,11.079,0.42286262,0.35,25.37,1154.566,22.110003,27.693117,0
2,2015-01-02 00:00:00+00:00,54,2015-01-04 06:00:00+00:00,27.06,0.0,0.0,0.0,0.3,0.5,1.0,0.0,4.0,5.0,1.94,Vinje_G3,Vinje,34.4,100.0,100.0,198.0,198.0,3,11.079,0.42286262,0.36,25.37,1154.566,22.07,27.693117,0
2,2015-01-02 00:00:00+00:00,55,2015-01-04 07:00:00+00:00,27.63,0.0,0.0,0.0,0.3,0.5,1.0,0.0,4.0,5.0,1.89,Vinje_G3,Vinje,34.4,100.0,100.0,198.0,198.0,3,11.079,0.42286262,0.36,25.37,1154.566,21.880001,27.693117,0
2,2015-01-02 00:00:00+00:00,56,2015-01-04 08:00:00+00:00,28.03,0.0,0.0,0.0,0.3,0.5,1.0,0.0,4.0,5.0,1.84,Vinje_G3,Vinje,34.4,100.0,100.0,198.0,198.0,3,11.079,0.42286262,0.36,25.37,1154.566,21.810001,27.693117,0
2,2015-01-02 00:00:00+00:00,57,2015-01-04 09:00:00+00:00,28.24,0.0,0.0,0.0,0.3,0.5,1.0,0.0,4.0,5.0,1.82,Vinje_G3,Vinje,34.4,100.0,100.0,198.0,198.0,3,11.079,0.42286262,0.36,25.37,1154.566,21.68,27.693117,0
2,2015-01-02 00:00:00+00:00,58,2015-01-04 10:00:00+00:00,28.32,0.0,0.0,0.0,0.3,0.5,1.0,0.0,4.0,5.0,1.79,Vinje_G3,Vinje,34.4,100.0,100.0,198.0,198.0,3,11.079,0.42286262,0.36,25.37,1154.566,21.630001,27.693117,0
2,2015-01-02 00:00:00+00:00,59,2015-01-04 11:00:00+00:00,28.24,0.0,0.0,0.0,0.3,0.5,1.0,0.0,4.0,5.0,1.77,Vinje_G3,Vinje,34.4,100.0,100.0,198.0,198.0,3,11.079,0.42286262,0.36,25.37,1154.566,21.730001,27.693117,0
2,2015-01-02 00:00:00+00:00,60,2015-01-04 12:00:00+00:00,28.27,0.0,0.0,0.0,0.3,0.5,1.0,0.0,4.0,5.0,1.74,Vinje_G3,Vinje,34.4,100.0,100.0,198.0,198.0,3,11.079,0.42286262,0.36,25.37,1154.566,21.85,27.693117,0
2,2015-01-02 00:00:00+00:00,61,2015-01-04 13:00:00+00:00,28.32,0.0,0.0,0.0,0.3,0.5,1.0,0.0,4.0,5.0,1.72,Vinje_G3,Vinje,34.4,100.0,100.0,198.0,198.0,3,11.079,0.42286262,0.36,25.37,1154.566,21.800001,27.693117,0
2,2015-01-02 00:00:00+00:00,62,2015-01-04 14:00:00+00:00,28.37,0.0,0.0,0.0,0.3,0.5,1.0,0.0,4.0,5.0,1.7,Vinje_G3,Vinje,34.4,100.0,100.0,198.0,198.0,3,11.079,0.42286262,0.36,25.37,1154.566,21.67,27.693117,0
2,2015-01-02 00:00:00+00:00,63,2015-01-04 15:00:00+00:00,28.65,0.0,0.0,0.0,0.3,0.5,1.0,0.0,4.0,5.0,1.68,Vinje_G3,Vinje,34.4,100.0,100.0,198.0,198.0,3,11.079,0.42286262,0.36,25.37,1154.566,21.58,27.693117,0
2,2015-01-02 00:00:00+00:00,64,2015-01-04 16:00:00+00:00,28.98,0.0,0.0,0.0,0.3,0.5,1.0,0.0,4.0,5.0,1.68,Vinje_G3,Vinje,34.4,100.0,100.0,198.0,198.0,3,11.079,0.42286262,0.36,25.37,1154.566,21.360003,27.693117,0
2,2015-01-02 00:00:00+00:00,65,2015-01-04 17:00:00+00:00,29.54,0.0,0.0,0.0,0.3,0.5,1.0,0.0,4.0,5.0,1.65,Vinje_G3,Vinje,34.4,100.0,100.0,198.0,198.0,3,11.079,0.42286262,0.36,25.37,1154.566,21.419998,27.693117,0
2,2015-01-02 00:00:00+00:00,66,2015-01-04 18:00:00+00:00,29.42,0.0,0.0,0.0,0.3,0.5,1.0,0.0,4.0,5.0,1.64,Vinje_G3,Vinje,34.4,100.0,100.0,198.0,198.0,3,11.079,0.42286262,0.36,25.37,1154.566,21.720001,27.693117,0
2,2015-01-02 00:00:00+00:00,67,2015-01-04 19:00:00+00:00,28.92,0.0,0.0,0.0,0.3,0.5,1.0,0.0,4.0,5.0,1.63,Vinje_G3,Vinje,34.4,100.0,100.0,198.0,198.0,3,11.079,0.42286262,0.36,25.37,1154.566,22.090002,27.693117,0
2,2015-01-02 00:00:00+00:00,68,2015-01-04 20:00:00+00:00,28.66,0.0,0.0,0.0,0.3,0.5,1.0,0.0,4.0,5.0,1.6,Vinje_G3,Vinje,34.4,100.0,100.0,198.0,198.0,3,11.079,0.42286262,0.36,25.37,1154.566,22.080002,27.693117,0
2,2015-01-02 00:00:00+00:00,69,2015-01-04 21:00:00+00:00,28.69,0.0,0.0,0.0,0.3,0.5,1.0,0.0,4.0,5.0,1.59,Vinje_G3,Vinje,34.4,100.0,100.0,198.0,198.0,3,11.079,0.42286262,0.36,25.37,1154.566,21.99,27.693117,0
2,2015-01-02 00:00:00+00:00,70,2015-01-04 22:00:00+00:00,28.02,0.0,0.0,0.0,0.3,0.5,1.0,0.0,4.0,5.0,1.58,Vinje_G3,Vinje,34.4,100.0,100.0,198.0,198.0,3,11.079,0.42286262,0.36,25.37,1154.566,21.929998,27.693117,0
2,2015-01-02 00:00:00+00:00,71,2015-01-04 23:00:00+00:00,28.19,0.0,0.0,0.0,0.3,0.5,1.0,0.0,4.0,5.0,1.57,Vinje_G3,Vinje,34.4,100.0,100.0,198.0,198.0,3,11.079,0.42286262,0.36,25.37,1154.566,22.2,27.693117,0
2,2015-01-02 00:00:00+00:00,72,2015-01-05 00:00:00+00:00,28.15,0.0,0.0,0.0,0.3,0.5,1.0,0.0,4.0,5.0,1.56,Vinje_G3,Vinje,34.4,100.0,100.0,198.0,198.0,3,11.079,0.42286262,0.37,25.37,1154.566,22.220001,27.693117,0
2,2015-01-02 00:00:00+00:00,73,2015-01-05 01:00:00+00:00,28.13,0.0,0.0,0.0,0.3,0.5,1.0,0.0,4.0,5.0,1.54,Vinje_G3,Vinje,34.4,100.0,100.0,198.0,198.0,3,11.079,0.42286262,0.36,25.37,1154.566,22.360003,27.693117,0
2,2015-01-02 00:00:00+00:00,74,2015-01-05 02:00:00+00:00,28.05,0.0,0.0,0.0,0.3,0.5,1.0,0.0,4.0,5.0,1.53,Vinje_G3,Vinje,34.4,100.0,100.0,198.0,198.0,3,11.079,0.42286262,0.37,25.37,1154.566,22.51,27.693117,0
2,2015-01-02 00:00:00+00:00,75,2015-01-05 03:00:00+00:00,28.04,0.0,0.0,0.0,0.3,0.5,1.0,0.0,4.0,5.0,1.52,Vinje_G3,Vinje,34.4,100.0,100.0,198.0,198.0,3,11.079,0.42286262,0.37,25.37,1154.566,22.550003,27.693117,0
2,2015-01-02 00:00:00+00:00,76,2015-01-05 04:00:00+00:00,28.46,0.0,0.0,0.0,0.3,0.5,1.0,0.0,4.0,5.0,1.51,Vinje_G3,Vinje,34.4,100.0,100.0,198.0,198.0,3,11.079,0.42286262,0.37,25.37,1154.566,22.5,27.693117,0
2,2015-01-02 00:00:00+00:00,77,2015-01-05 05:00:00+00:00,28.78,0.0,0.0,0.0,0.3,0.5,1.0,0.0,4.0,5.0,1.5,Vinje_G3,Vinje,34.4,100.0,100.0,198.0,198.0,3,11.079,0.42286262,0.37,25.37,1154.566,22.580002,27.693117,0
2,2015-01-02 00:00:00+00:00,78,2015-01-05 06:00:00+00:00,30.99,0.0,0.0,0.0,0.3,0.5,1.0,0.0,4.0,5.0,1.48,Vinje_G3,Vinje,34.4,100.0,100.0,198.0,198.0,3,11.079,0.42286262,0.37,25.37,1154.566,22.560001,27.693117,0
2,2015-01-02 00:00:00+00:00,79,2015-01-05 07:00:00+00:00,38.15,0.0,0.0,0.0,0.3,0.5,1.0,0.0,4.0,5.0,1.47,Vinje_G3,Vinje,34.4,100.0,100.0,198.0,198.0,3,11.079,0.42286262,0.37,25.37,1154.566,22.630001,27.693117,1
2,2015-01-02 00:00:00+00:00,80,2015-01-05 08:00:00+00:00,41.51,0.0,0.0,0.0,0.3,0.5,1.0,0.0,4.0,5.0,1.46,Vinje_G3,Vinje,34.4,100.0,100.0,198.0,198.0,3,11.079,0.42286262,0.37,25.37,1154.566,22.560001,27.693117,1
2,2015-01-02 00:00:00+00:00,81,2015-01-05 09:00:00+00:00,40.46,0.0,0.0,0.0,0.3,0.5,1.0,0.0,4.0,5.0,1.46,Vinje_G3,Vinje,34.4,100.0,100.0,198.0,198.0,3,11.079,0.42286262,0.37,25.37,1154.566,22.500002,27.693117,1
2,2015-01-02 00:00:00+00:00,82,2015-01-05 10:00:00+00:00,40.97,0.0,0.0,0.0,0.3,0.5,1.0,0.0,4.0,5.0,1.45,Vinje_G3,Vinje,34.4,100.0,100.0,198.0,198.0,3,11.079,0.42286262,0.37,25.37,1154.566,22.48,27.693117,1
2,2015-01-02 00:00:00+00:00,83,2015-01-05 11:00:00+00:00,38.66,0.0,0.0,0.0,0.3,0.5,1.0,0.0,4.0,5.0,1.45,Vinje_G3,Vinje,34.4,100.0,100.0,198.0,198.0,3,11.079,0.42286262,0.37,25.37,1154.566,22.480001,27.693117,1
2,2015-01-02 00:00:00+00:00,84,2015-01-05 12:00:00+00:00,36.44,0.0,0.0,0.0,0.3,0.5,1.0,0.0,4.0,5.0,1.45,Vinje_G3,Vinje,34.4,100.0,100.0,198.0,198.0,3,11.079,0.42286262,0.37,25.37,1154.566,22.390001,27.693117,1
2,2015-01-02 00:00:00+00:00,85,2015-01-05 13:00:00+00:00,37.74,0.0,0.0,0.0,0.3,0.5,1.0,0.0,4.0,5.0,1.45,Vinje_G3,Vinje,34.4,100.0,100.0,198.0,198.0,3,11.079,0.42286262,0.37,25.37,1154.566,22.340002,27.693117,1
2,2015-01-02 00:00:00+00:00,86,2015-01-05 14:00:00+00:00,43.1,0.0,0.0,0.0,0.3,0.5,1.0,0.0,4.0,5.0,1.45,Vinje_G3,Vinje,34.4,100.0,100.0,198.0,198.0,3,11.079,0.42286262,0.37,25.37,1154.566,22.22,27.693117,1
2,2015-01-02 00:00:00+00:00,87,2015-01-05 15:00:00+00:00,46.7,0.0,0.0,0.0,0.3,0.5,1.0,0.0,4.0,5.0,1.44,Vinje_G3,Vinje,34.4,100.0,100.0,198.0,198.0,3,11.079,0.42286262,0.37,25.37,1154.566,22.150002,27.693117,1
2,2015-01-02 00:00:00+00:00,88,2015-01-05 16:00:00+00:00,56.78,0.0,0.0,0.0,0.3,0.5,1.0,0.0,4.0,5.0,1.44,Vinje_G3,Vinje,34.4,100.0,100.0,198.0,198.0,3,11.079,0.42286262,0.37,25.37,1154.566,22.099998,27.693117,1
2,2015-01-02 00:00:00+00:00,89,2015-01-05 17:00:00+00:00,36.49,0.0,0.0,0.0,0.3,0.5,1.0,0.0,4.0,5.0,1.45,Vinje_G3,Vinje,34.4,100.0,100.0,198.0,198.0,3,11.079,0.42286262,0.37,25.37,1154.566,22.08,27.693117,1
2,2015-01-02 00:00:00+00:00,90,2015-01-05 18:00:00+00:00,32.43,0.0,0.0,0.0,0.3,0.5,1.0,0.0,4.0,5.0,1.44,Vinje_G3,Vinje,34.4,100.0,100.0,198.0,198.0,3,11.079,0.42286262,0.37,25.37,1154.566,22.010002,27.693117,1
2,2015-01-02 00:00:00+00:00,91,2015-01-05 19:00:00+00:00,31.39,0.0,0.0,0.0,0.3,0.5,1.0,0.0,4.0,5.0,1.43,Vinje_G3,Vinje,34.4,100.0,100.0,198.0,198.0,3,11.079,0.42286262,0.37,25.37,1154.566,21.92,27.693117,0
2,2015-01-02 00:00:00+00:00,92,2015-01-05 20:00:00+00:00,30.29,0.0,0.0,0.0,0.3,0.5,1.0,0.0,4.0,5.0,1.43,Vinje_G3,Vinje,34.4,100.0,100.0,198.0,198.0,3,11.079,0.42286262,0.37,25.37,1154.566,21.810003,27.693117,0
2,2015-01-02 00:00:00+00:00,93,2015-01-05 21:00:00+00:00,29.43,0.0,0.0,0.0,0.3,0.5,1.0,0.0,4.0,5.0,1.43,Vinje_G3,Vinje,34.4,100.0,100.0,198.0,198.0,3,11.079,0.42286262,0.37,25.37,1154.566,21.7,27.693117,0
2,2015-01-02 00:00:00+00:00,94,2015-01-05 22:00:00+00:00,29.09,0.0,0.0,0.0,0.3,0.5,1.0,0.0,4.0,5.0,1.44,Vinje_G3,Vinje,34.4,100.0,100.0,198.0,198.0,3,11.079,0.42286262,0.37,25.37,1154.566,21.650002,27.693117,0
2,2015-01-02 00:00:00+00:00,95,2015-01-05 23:00:00+00:00,28.08,0.0,0.0,0.0,0.3,0.5,1.0,0.0,4.0,5.0,1.44,Vinje_G3,Vinje,34.4,100.0,100.0,198.0,198.0,3,11.079,0.42286262,0.37,25.37,1154.566,21.539999,27.693117,0
2,2015-01-02 00:00:00+00:00,96,2015-01-06 00:00:00+00:00,27.94,0.0,0.0,0.0,0.3,0.5,1.0,0.0,4.0,5.0,1.44,Vinje_G3,Vinje,34.4,100.0,100.0,198.0,198.0,3,11.079,0.42286262,0.37,25.37,1154.566,21.49,27.693117,0
2,2015-01-02 00:00:00+00:00,97,2015-01-06 01:00:00+00:00,27.91,0.0,0.0,0.0,0.3,0.5,1.0,0.0,4.0,5.0,1.44,Vinje_G3,Vinje,34.4,100.0,100.0,198.0,198.0,3,11.079,0.42286262,0.37,25.37,1154.566,21.39,27.693117,0
2,2015-01-02 00:00:00+00:00,98,2015-01-06 02:00:00+00:00,27.89,0.0,0.0,0.0,0.3,0.5,1.0,0.0,4.0,5.0,1.44,Vinje_G3,Vinje,34.4,100.0,100.0,198.0,198.0,3,11.079,0.42286262,0.37,25.37,1154.566,21.349998,27.693117,0
2,2015-01-02 00:00:00+00:00,99,2015-01-06 03:00:00+00:00,27.89,0.0,0.0,0.0,0.3,0.5,1.0,0.0,4.0,5.0,1.44,Vinje_G3,Vinje,34.4,100.0,100.0,198.0,198.0,3,11.079,0.42286262,0.37,25.37,1154.566,21.31,27.693117,0
2,2015-01-02 00:00:00+00:00,100,2015-01-06 04:00:00+00:00,28.01,0.0,0.0,0.0,0.3,0.5,1.0,0.0,4.0,5.0,1.44,Vinje_G3,Vinje,34.4,100.0,100.0,198.0,198.0,3,11.079,0.42286262,0.37,25.37,1154.566,21.240002,27.693117,0
2,2015-01-02 00:00:00+00:00,101,2015-01-06 05:00:00+00:00,28.73,0.0,0.0,0.0,0.3,0.5,1.0,0.0,4.0,5.0,1.44,Vinje_G3,Vinje,34.4,100.0,100.0,198.0,198.0,3,11.079,0.42286262,0.37,25.37,1154.566,21.17,27.693117,0
2,2015-01-02 00:00:00+00:00,102,2015-01-06 06:00:00+00:00,30.03,0.0,0.0,0.0,0.3,0.5,1.0,0.0,4.0,5.0,1.43,Vinje_G3,Vinje,34.4,100.0,100.0,198.0,198.0,3,11.079,0.42286262,0.37,25.37,1154.566,21.12,27.693117,0
2,2015-01-02 00:00:00+00:00,103,2015-01-06 07:00:00+00:00,30.5,0.0,0.0,0.0,0.3,0.5,1.0,0.0,4.0,5.0,1.42,Vinje_G3,Vinje,34.4,100.0,100.0,198.0,198.0,3,11.079,0.42286262,0.37,25.37,1154.566,21.080002,27.693117,0
2,2015-01-02 00:00:00+00:00,104,2015-01-06 08:00:00+00:00,30.35,0.0,0.0,0.0,0.3,0.5,1.0,0.0,4.0,5.0,1.42,Vinje_G3,Vinje,34.4,100.0,100.0,198.0,198.0,3,11.079,0.42286262,0.37,25.37,1154.566,20.95,27.693117,0
2,2015-01-02 00:00:00+00:00,105,2015-01-06 09:00:00+00:00,30.53,0.0,0.0,0.0,0.3,0.5,1.0,0.0,4.0,5.0,1.42,Vinje_G3,Vinje,34.4,100.0,100.0,198.0,198.0,3,11.079,0.42286262,0.37,25.37,1154.566,20.92,27.693117,0
2,2015-01-02 00:00:00+00:00,106,2015-01-06 10:00:00+00:00,29.91,0.0,0.0,0.0,0.3,0.5,1.0,0.0,4.0,5.0,1.43,Vinje_G3,Vinje,34.4,100.0,100.0,198.0,198.0,3,11.079,0.42286262,0.37,25.37,1154.566,20.94,27.693117,0
2,2015-01-02 00:00:00+00:00,107,2015-01-06 11:00:00+00:00,29.62,0.0,0.0,0.0,0.3,0.5,1.0,0.0,4.0,5.0,1.41,Vinje_G3,Vinje,34.4,100.0,100.0,198.0,198.0,3,11.079,0.42286262,0.37,25.37,1154.566,20.84,27.693117,0
2,2015-01-02 00:00:00+00:00,108,2015-01-06 12:00:00+00:00,29.58,0.0,0.0,0.0,0.3,0.5,1.0,0.0,4.0,5.0,1.4,Vinje_G3,Vinje,34.4,100.0,100.0,198.0,198.0,3,11.079,0.42286262,0.37,25.37,1154.566,20.800001,27.693117,0
2,2015-01-02 00:00:00+00:00,109,2015-01-06 13:00:00+00:00,29.57,0.0,0.0,0.0,0.3,0.5,1.0,0.0,4.0,5.0,1.41,Vinje_G3,Vinje,34.4,100.0,100.0,198.0,198.0,3,11.079,0.42286262,0.37,25.37,1154.566,20.820002,27.693117,0
2,2015-01-02 00:00:00+00:00,110,2015-01-06 14:00:00+00:00,29.62,0.0,0.0,0.0,0.3,0.5,1.0,0.0,4.0,5.0,1.41,Vinje_G3,Vinje,34.4,100.0,100.0,198.0,198.0,3,11.079,0.42286262,0.38,25.37,1154.566,20.8,27.693117,0
2,2015-01-02 00:00:00+00:00,111,2015-01-06 15:00:00+00:00,29.99,0.0,0.0,0.0,0.3,0.5,1.0,0.0,4.0,5.0,1.41,Vinje_G3,Vinje,34.4,100.0,100.0,198.0,198.0,3,11.079,0.42286262,0.38,25.37,1154.566,20.829998,27.693117,0
2,2015-01-02 00:00:00+00:00,112,2015-01-06 16:00:00+00:00,29.65,0.0,0.0,0.0,0.3,0.5,1.0,0.0,4.0,5.0,1.41,Vinje_G3,Vinje,34.4,100.0,100.0,198.0,198.0,3,11.079,0.42286262,0.38,25.37,1154.566,20.839998,27.693117,0
2,2015-01-02 00:00:00+00:00,113,2015-01-06 17:00:00+00:00,29.58,0.0,0.0,0.0,0.3,0.5,1.0,0.0,4.0,5.0,1.4,Vinje_G3,Vinje,34.4,100.0,100.0,198.0,198.0,3,11.079,0.42286262,0.38,25.37,1154.566,20.799997,27.693117,0
2,2015-01-02 00:00:00+00:00,114,2015-01-06 18:00:00+00:00,29.0,0.0,0.0,0.0,0.3,0.5,1.0,0.0,4.0,5.0,1.4,Vinje_G3,Vinje,34.4,100.0,100.0,198.0,198.0,3,11.079,0.42286262,0.39,25.37,1154.566,20.839998,27.693117,0
2,2015-01-02 00:00:00+00:00,115,2015-01-06 19:00:00+00:00,28.45,0.0,0.0,0.0,0.3,0.5,1.0,0.0,4.0,5.0,1.4,Vinje_G3,Vinje,34.4,100.0,100.0,198.0,198.0,3,11.079,0.42286262,0.39,25.37,1154.566,20.88,27.693117,0
2,2015-01-02 00:00:00+00:00,116,2015-01-06 20:00:00+00:00,28.15,0.0,0.0,0.0,0.3,0.5,1.0,0.0,4.0,5.0,1.38,Vinje_G3,Vinje,34.4,100.0,100.0,198.0,198.0,3,11.079,0.42286262,0.39,25.37,1154.566,20.82,27.693117,0
2,2015-01-02 00:00:00+00:00,117,2015-01-06 21:00:00+00:00,27.73,0.0,0.0,0.0,0.3,0.5,1.0,0.0,4.0,5.0,1.4,Vinje_G3,Vinje,34.4,100.0,100.0,198.0,198.0,3,11.079,0.42286262,0.39,25.37,1154.566,20.809998,27.693117,0
2,2015-01-02 00:00:00+00:00,118,2015-01-06 22:00:00+00:00,27.32,0.0,0.0,0.0,0.3,0.5,1.0,0.0,4.0,5.0,1.39,Vinje_G3,Vinje,34.4,100.0,100.0,198.0,198.0,3,11.079,0.42286262,0.39,25.37,1154.566,20.759998,27.693117,0
2,2015-01-02 00:00:00+00:00,119,2015-01-06 23:00:00+00:00,26.35,0.0,0.0,0.0,0.3,0.5,1.0,0.0,4.0,5.0,1.31,Vinje_G3,Vinje,34.4,100.0,100.0,198.0,198.0,3,11.079,0.42286262,0.39,25.37,1154.566,20.65,27.693117,0
2,2015-01-02 00:00:00+00:00,120,2015-01-07 00:00:00+00:00,26.08,0.0,0.0,0.0,0.3,0.5,1.0,0.0,4.0,5.0,1.29,Vinje_G3,Vinje,34.4,100.0,100.0,198.0,198.0,3,11.079,0.42286262,0.39,25.37,1154.566,20.679998,27.693117,0
2,2015-01-02 00:00:00+00:00,121,2015-01-07 01:00:00+00:00,26.03,0.0,0.0,0.0,0.3,0.5,1.0,0.0,4.0,5.0,1.29,Vinje_G3,Vinje,34.4,100.0,100.0,198.0,198.0,3,11.079,0.42286262,0.39,25.37,1154.566,20.54,27.693117,0
2,2015-01-02 00:00:00+00:00,122,2015-01-07 02:00:00+00:00,26.17,0.0,0.0,0.0,0.3,0.5,1.0,0.0,4.0,5.0,1.27,Vinje_G3,Vinje,34.4,100.0,100.0,198.0,198.0,3,11.079,0.42286262,0.38,25.37,1154.566,20.57,27.693117,0
2,2015-01-02 00:00:00+00:00,123,2015-01-07 03:00:00+00:00,26.74,0.0,0.0,0.0,0.3,0.5,1.0,0.0,4.0,5.0,1.27,Vinje_G3,Vinje,34.4,100.0,100.0,198.0,198.0,3,11.079,0.42286262,0.38,25.37,1154.566,20.51,27.693117,0
2,2015-01-02 00:00:00+00:00,124,2015-01-07 04:00:00+00:00,27.78,0.0,0.0,0.0,0.3,0.5,1.0,0.0,4.0,5.0,1.27,Vinje_G3,Vinje,34.4,100.0,100.0,198.0,198.0,3,11.079,0.42286262,0.38,25.37,1154.566,20.489998,27.693117,0
2,2015-01-02 00:00:00+00:00,125,2015-01-07 05:00:00+00:00,28.48,0.0,0.0,0.0,0.3,0.5,1.0,0.0,4.0,5.0,1.27,Vinje_G3,Vinje,34.4,100.0,100.0,198.0,198.0,3,11.079,0.42286262,0.38,25.37,1154.566,20.499998,27.693117,0
2,2015-01-02 00:00:00+00:00,126,2015-01-07 06:00:00+00:00,31.53,0.0,0.0,0.0,0.3,0.5,1.0,0.0,4.0,5.0,1.27,Vinje_G3,Vinje,34.4,100.0,100.0,198.0,198.0,3,11.079,0.42286262,0.38,25.37,1154.566,20.369999,27.693117,1
2,2015-01-02 00:00:00+00:00,127,2015-01-07 07:00:00+00:00,32.54,0.0,0.0,0.0,0.3,0.5,1.0,0.0,4.0,5.0,1.27,Vinje_G3,Vinje,34.4,100.0,100.0,198.0,198.0,3,11.079,0.42286262,0.39,25.37,1154.566,20.3,27.693117,1
2,2015-01-02 00:00:00+00:00,128,2015-01-07 08:00:00+00:00,32.24,0.0,0.0,0.0,0.3,0.5,1.0,0.0,4.0,5.0,1.26,Vinje_G3,Vinje,34.4,100.0,100.0,198.0,198.0,3,11.079,0.42286262,0.38,25.37,1154.566,20.17,27.693117,1
2,2015-01-02 00:00:00+00:00,129,2015-01-07 09:00:00+00:00,31.96,0.0,0.0,0.0,0.3,0.5,1.0,0.0,4.0,5.0,1.25,Vinje_G3,Vinje,34.4,100.0,100.0,198.0,198.0,3,11.079,0.42286262,0.38,25.37,1154.566,20.11,27.693117,1
2,2015-01-02 00:00:00+00:00,130,2015-01-07 10:00:00+00:00,31.66,0.0,0.0,0.0,0.3,0.5,1.0,0.0,4.0,5.0,1.25,Vinje_G3,Vinje,34.4,100.0,100.0,198.0,198.0,3,11.079,0.42286262,0.38,25.37,1154.566,20.099998,27.693117,1
2,2015-01-02 00:00:00+00:00,131,2015-01-07 11:00:00+00:00,30.97,0.0,0.0,0.0,0.3,0.5,1.0,0.0,4.0,5.0,1.25,Vinje_G3,Vinje,34.4,100.0,100.0,198.0,198.0,3,11.079,0.42286262,0.38,25.37,1154.566,20.079998,27.693117,1
2,2015-01-02 00:00:00+00:00,132,2015-01-07 12:00:00+00:00,30.65,0.0,0.0,0.0,0.3,0.5,1.0,0.0,4.0,5.0,1.25,Vinje_G3,Vinje,34.4,100.0,100.0,198.0,198.0,3,11.079,0.42286262,0.39,25.37,1154.566,20.099998,27.693117,1
2,2015-01-02 00:00:00+00:00,133,2015-01-07 13:00:00+00:00,30.31,0.0,0.0,0.0,0.3,0.5,1.0,0.0,4.0,5.0,1.23,Vinje_G3,Vinje,34.4,100.0,100.0,198.0,198.0,3,11.079,0.42286262,0.38,25.37,1154.566,20.08,27.693117,1
2,2015-01-02 00:00:00+00:00,134,2015-01-07 14:00:00+00:00,29.79,0.0,0.0,0.0,0.3,0.5,1.0,0.0,4.0,5.0,1.23,Vinje_G3,Vinje,34.4,100.0,100.0,198.0,198.0,3,11.079,0.42286262,0.39,25.37,1154.566,20.11,27.693117,1
2,2015-01-02 00:00:00+00:00,135,2015-01-07 15:00:00+00:00,30.72,0.0,0.0,0.0,0.3,0.5,1.0,0.0,4.0,5.0,1.21,Vinje_G3,Vinje,34.4,100.0,100.0,198.0,198.0,3,11.079,0.42286262,0.39,25.37,1154.566,20.029999,27.693117,1
2,2015-01-02 00:00:00+00:00,136,2015-01-07 16:00:00+00:00,29.56,0.0,0.0,0.0,0.3,0.5,1.0,0.0,4.0,5.0,1.2,Vinje_G3,Vinje,34.4,100.0,100.0,198.0,198.0,3,11.079,0.42286262,0.39,25.37,1154.566,20.03,27.693117,1
2,2015-01-02 00:00:00+00:00,137,2015-01-07 17:00:00+00:00,28.84,0.0,0.0,0.0,0.3,0.5,1.0,0.0,4.0,5.0,1.2,Vinje_G3,Vinje,34.4,100.0,100.0,198.0,198.0,3,11.079,0.42286262,0.39,25.37,1154.566,19.99,27.693117,0
2,2015-01-02 00:00:00+00:00,138,2015-01-07 18:00:00+00:00,28.2,0.0,0.0,0.0,0.3,0.5,1.0,0.0,4.0,5.0,1.2,Vinje_G3,Vinje,34.4,100.0,100.0,198.0,198.0,3,11.079,0.42286262,0.39,25.37,1154.566,19.960001,27.693117,0
2,2015-01-02 00:00:00+00:00,139,2015-01-07 19:00:00+00:00,27.75,0.0,0.0,0.0,0.3,0.5,1.0,0.0,4.0,5.0,1.2,Vinje_G3,Vinje,34.4,100.0,100.0,198.0,198.0,3,11.079,0.42286262,0.39,25.37,1154.566,19.94,27.693117,0
2,2015-01-02 00:00:00+00:00,140,2015-01-07 20:00:00+00:00,27.42,0.0,0.0,0.0,0.3,0.5,1.0,0.0,4.0,5.0,1.21,Vinje_G3,Vinje,34.4,100.0,100.0,198.0,198.0,3,11.079,0.42286262,0.39,25.37,1154.566,19.960001,27.693117,0
2,2015-01-02 00:00:00+00:00,141,2015-01-07 21:00:00+00:00,26.68,0.0,0.0,0.0,0.3,0.5,1.0,0.0,4.0,5.0,1.22,Vinje_G3,Vinje,34.4,100.0,100.0,198.0,198.0,3,11.079,0.42286262,0.39,25.37,1154.566,19.939999,27.693117,0
2,2015-01-02 00:00:00+00:00,142,2015-01-07 22:00:00+00:00,26.15,0.0,0.0,0.0,0.3,0.5,1.0,0.0,4.0,5.0,1.21,Vinje_G3,Vinje,34.4,100.0,100.0,198.0,198.0,3,11.079,0.42286262,0.39,25.37,1154.566,19.97,27.693117,0
2,2015-01-02 00:00:00+00:00,143,2015-01-07 23:00:00+00:00,26.04,0.0,0.0,0.0,0.3,0.5,1.0,0.0,4.0,5.0,1.19,Vinje_G3,Vinje,34.4,100.0,100.0,198.0,198.0,3,11.079,0.42286262,0.39,25.37,1154.566,19.96,27.693117,0
2,2015-01-02 00:00:00+00:00,144,2015-01-08 00:00:00+00:00,25.07,0.0,0.0,0.0,0.3,0.5,1.0,0.0,4.0,5.0,1.19,Vinje_G3,Vinje,34.4,100.0,100.0,198.0,198.0,3,11.079,0.42286262,0.39,25.37,1154.566,20.039999,27.693117,0
2,2015-01-02 00:00:00+00:00,145,2015-01-08 01:00:00+00:00,24.57,0.0,0.0,0.0,0.3,0.5,1.0,0.0,4.0,5.0,1.2,Vinje_G3,Vinje,34.4,100.0,100.0,198.0,198.0,3,11.079,0.42286262,0.39,25.37,1154.566,20.11,27.693117,0
2,2015-01-02 00:00:00+00:00,146,2015-01-08 02:00:00+00:00,24.44,0.0,0.0,0.0,0.3,0.5,1.0,0.0,4.0,5.0,1.19,Vinje_G3,Vinje,34.4,100.0,100.0,198.0,198.0,3,11.079,0.42286262,0.39,25.37,1154.566,20.099998,27.693117,0
2,2015-01-02 00:00:00+00:00,147,2015-01-08 03:00:00+00:00,24.54,0.0,0.0,0.0,0.3,0.5,1.0,0.0,4.0,5.0,1.19,Vinje_G3,Vinje,34.4,100.0,100.0,198.0,198.0,3,11.079,0.42286262,0.39,25.37,1154.566,20.11,27.693117,0
2,2015-01-02 00:00:00+00:00,148,2015-01-08 04:00:00+00:00,26.04,0.0,0.0,0.0,0.3,0.5,1.0,0.0,4.0,5.0,1.19,Vinje_G3,Vinje,34.4,100.0,100.0,198.0,198.0,3,11.079,0.42286262,0.39,25.37,1154.566,20.04,27.693117,0
2,2015-01-02 00:00:00+00:00,149,2015-01-08 05:00:00+00:00,26.89,0.0,0.0,0.0,0.3,0.5,1.0,0.0,4.0,5.0,1.2,Vinje_G3,Vinje,34.4,100.0,100.0,198.0,198.0,3,11.079,0.42286262,0.39,25.37,1154.566,19.919998,27.693117,0
2,2015-01-02 00:00:00+00:00,150,2015-01-08 06:00:00+00:00,27.59,0.0,0.0,0.0,0.3,0.5,1.0,0.0,4.0,5.0,1.19,Vinje_G3,Vinje,34.4,100.0,100.0,198.0,198.0,3,11.079,0.42286262,0.39,25.37,1154.566,19.79,27.693117,0
2,2015-01-02 00:00:00+00:00,151,2015-01-08 07:00:00+00:00,28.1,0.0,0.0,0.0,0.3,0.5,1.0,0.0,4.0,5.0,1.17,Vinje_G3,Vinje,34.4,100.0,100.0,198.0,198.0,3,11.079,0.42286262,0.39,25.37,1154.566,19.599998,27.693117,0
2,2015-01-02 00:00:00+00:00,152,2015-01-08 08:00:00+00:00,28.23,0.0,0.0,0.0,0.3,0.5,1.0,0.0,4.0,5.0,1.18,Vinje_G3,Vinje,34.4,100.0,100.0,198.0,198.0,3,11.079,0.42286262,0.39,25.37,1154.566,19.51,27.693117,0
2,2015-01-02 00:00:00+00:00,153,2015-01-08 09:00:00+00:00,28.35,0.0,0.0,0.0,0.3,0.5,1.0,0.0,4.0,5.0,1.16,Vinje_G3,Vinje,34.4,100.0,100.0,198.0,198.0,3,11.079,0.42286262,0.39,25.37,1154.566,19.33,27.693117,0
2,2015-01-02 00:00:00+00:00,154,2015-01-08 10:00:00+00:00,28.46,0.0,0.0,0.0,0.3,0.5,1.0,0.0,4.0,5.0,1.16,Vinje_G3,Vinje,34.4,100.0,100.0,198.0,198.0,3,11.079,0.42286262,0.39,25.37,1154.566,19.31,27.693117,0
2,2015-01-02 00:00:00+00:00,155,2015-01-08 11:00:00+00:00,28.46,0.0,0.0,0.0,0.3,0.5,1.0,0.0,4.0,5.0,1.16,Vinje_G3,Vinje,34.4,100.0,100.0,198.0,198.0,3,11.079,0.42286262,0.39,25.37,1154.566,19.42,27.693117,0
2,2015-01-02 00:00:00+00:00,156,2015-01-08 12:00:00+00:00,28.6,0.0,0.0,0.0,0.3,0.5,1.0,0.0,4.0,5.0,1.16,Vinje_G3,Vinje,34.4,100.0,100.0,198.0,198.0,3,11.079,0.42286262,0.39,25.37,1154.566,19.53,27.693117,0
2,2015-01-02 00:00:00+00:00,157,2015-01-08 13:00:00+00:00,28.45,0.0,0.0,0.0,0.3,0.5,1.0,0.0,4.0,5.0,1.16,Vinje_G3,Vinje,34.4,100.0,100.0,198.0,198.0,3,11.079,0.42286262,0.39,25.37,1154.566,19.619999,27.693117,0
2,2015-01-02 00:00:00+00:00,158,2015-01-08 14:00:00+00:00,28.24,0.0,0.0,0.0,0.3,0.5,1.0,0.0,4.0,5.0,1.16,Vinje_G3,Vinje,34.4,100.0,100.0,198.0,198.0,3,11.079,0.42286262,0.39,25.37,1154.566,19.679998,27.693117,0
2,2015-01-02 00:00:00+00:00,159,2015-01-08 15:00:00+00:00,28.43,0.0,0.0,0.0,0.3,0.5,1.0,0.0,4.0,5.0,1.15,Vinje_G3,Vinje,34.4,100.0,100.0,198.0,198.0,3,11.079,0.42286262,0.39,25.37,1154.566,19.75,27.693117,0
2,2015-01-02 00:00:00+00:00,160,2015-01-08 16:00:00+00:00,28.4,0.0,0.0,0.0,0.3,0.5,1.0,0.0,4.0,5.0,1.14,Vinje_G3,Vinje,34.4,100.0,100.0,198.0,198.0,3,11.079,0.42286262,0.39,25.37,1154.566,19.82,27.693117,0
2,2015-01-02 00:00:00+00:00,161,2015-01-08 17:00:00+00:00,27.98,0.0,0.0,0.0,0.3,0.5,1.0,0.0,4.0,5.0,1.14,Vinje_G3,Vinje,34.4,100.0,100.0,198.0,198.0,3,11.079,0.42286262,0.38,25.37,1154.566,19.71,27.693117,0
2,2015-01-02 00:00:00+00:00,162,2015-01-08 18:00:00+00:00,27.69,0.0,0.0,0.0,0.3,0.5,1.0,0.0,4.0,5.0,1.15,Vinje_G3,Vinje,34.4,100.0,100.0,198.0,198.0,3,11.079,0.42286262,0.38,25.37,1154.566,19.72,27.693117,0
2,2015-01-02 00:00:00+00:00,163,2015-01-08 19:00:00+00:00,27.46,0.0,0.0,0.0,0.3,0.5,1.0,0.0,4.0,5.0,1.16,Vinje_G3,Vinje,34.4,100.0,100.0,198.0,198.0,3,11.079,0.42286262,0.38,25.37,1154.566,19.79,27.693117,0
2,2015-01-02 00:00:00+00:00,164,2015-01-08 20:00:00+00:00,27.31,0.0,0.0,0.0,0.3,0.5,1.0,0.0,4.0,5.0,1.16,Vinje_G3,Vinje,34.4,100.0,100.0,198.0,198.0,3,11.079,0.42286262,0.38,25.37,1154.566,19.769999,27.693117,0
2,2015-01-02 00:00:00+00:00,165,2015-01-08 21:00:00+00:00,26.71,0.0,0.0,0.0,0.3,0.5,1.0,0.0,4.0,5.0,1.16,Vinje_G3,Vinje,34.4,100.0,100.0,198.0,198.0,3,11.079,0.42286262,0.38,25.37,1154.566,19.8,27.693117,0
2,2015-01-02 00:00:00+00:00,166,2015-01-08 22:00:00+00:00,25.91,0.0,0.0,0.0,0.3,0.5,1.0,0.0,4.0,5.0,1.15,Vinje_G3,Vinje,34.4,100.0,100.0,198.0,198.0,3,11.079,0.42286262,0.38,25.37,1154.566,19.68,27.693117,0
2,2015-01-02 00:00:00+00:00,167,2015-01-08 23:00:00+00:00,25.89,0.0,0.0,0.0,0.3,0.5,1.0,0.0,4.0,5.0,1.14,Vinje_G3,Vinje,34.4,100.0,100.0,198.0,198.0,3,11.079,0.42286262,0.38,25.37,1154.566,19.529999,27.693117,0
2,2015-01-02 00:00:00+00:00,0,2015-01-02 00:00:00+00:00,26.41,0.0,0.0,0.0,0.3,0.5,1.0,0.0,4.0,5.0,1.26,Haukeli_G1,Haukeli,0.3,4.9,4.9,143.0,143.0,1,0.15,0.5,0.04,3.67,30.737,0.45,3.67,1
2,2015-01-02 00:00:00+00:00,1,2015-01-02 01:00:00+00:00,26.2,0.0,0.0,0.0,0.3,0.5,1.0,0.0,4.0,5.0,1.3,Haukeli_G1,Haukeli,0.3,4.9,4.9,143.0,143.0,1,0.15,0.5,0.04,3.67,30.737,0.45999998,3.67,1
2,2015-01-02 00:00:00+00:00,2,2015-01-02 02:00:00+00:00,25.6,0.0,0.0,0.0,0.3,0.5,1.0,0.0,4.0,5.0,1.52,Haukeli_G1,Haukeli,0.3,4.9,4.9,143.0,143.0,1,0.15,0.5,0.05,3.67,30.737,0.54,3.67,1
2,2015-01-02 00:00:00+00:00,3,2015-01-02 03:00:00+00:00,24.74,0.0,0.0,0.0,0.3,0.5,1.0,0.0,4.0,5.0,1.7,Haukeli_G1,Haukeli,0.3,4.9,4.9,143.0,143.0,1,0.15,0.5,0.06,3.67,30.737,0.61,3.67,1
2,2015-01-02 00:00:00+00:00,4,2015-01-02 04:00:00+00:00,26.1,0.0,0.0,0.0,0.3,0.5,1.0,0.0,4.0,5.0,1.75,Haukeli_G1,Haukeli,0.3,4.9,4.9,143.0,143.0,1,0.15,0.5,0.06,3.67,30.737,0.63,3.67,1
2,2015-01-02 00:00:00+00:00,5,2015-01-02 05:00:00+00:00,27.25,0.0,0.0,0.0,0.3,0.5,1.0,0.0,4.0,5.0,1.65,Haukeli_G1,Haukeli,0.3,4.9,4.9,143.0,143.0,1,0.15,0.5,0.05,3.67,30.737,0.59000003,3.67,1
2,2015-01-02 00:00:00+00:00,6,2015-01-02 06:00:00+00:00,28.37,0.0,0.0,0.0,0.3,0.5,1.0,0.0,4.0,5.0,1.71,Haukeli_G1,Haukeli,0.3,4.9,4.9,143.0,143.0,1,0.15,0.5,0.06,3.67,30.737,0.62,3.67,1
2,2015-01-02 00:00:00+00:00,7,2015-01-02 07:00:00+00:00,28.37,0.0,0.0,0.0,0.3,0.5,1.0,0.0,4.0,5.0,1.92,Haukeli_G1,Haukeli,0.3,4.9,4.9,143.0,143.0,1,0.15,0.5,0.06,3.67,30.737,0.68,3.67,1
2,2015-01-02 00:00:00+00:00,8,2015-01-02 08:00:00+00:00,28.32,0.0,0.0,0.0,0.3,0.5,1.0,0.0,4.0,5.0,2.18,Haukeli_G1,Haukeli,0.3,4.9,4.9,143.0,143.0,1,0.15,0.5,0.07,3.67,30.737,0.78,3.67,1
2,2015-01-02 00:00:00+00:00,9,2015-01-02 09:00:00+00:00,28.3,0.0,0.0,0.0,0.3,0.5,1.0,0.0,4.0,5.0,2.33,Haukeli_G1,Haukeli,0.3,4.9,4.9,143.0,143.0,1,0.15,0.5,0.08,3.67,30.737,0.84,3.67,1
2,2015-01-02 00:00:00+00:00,10,2015-01-02 10:00:00+00:00,28.39,0.0,0.0,0.0,0.3,0.5,1.0,0.0,4.0,5.0,2.35,Haukeli_G1,Haukeli,0.3,4.9,4.9,143.0,143.0,1,0.15,0.5,0.08,3.67,30.737,0.84,3.67,1
2,2015-01-02 00:00:00+00:00,11,2015-01-02 11:00:00+00:00,28.3,0.0,0.0,0.0,0.3,0.5,1.0,0.0,4.0,5.0,2.3,Haukeli_G1,Haukeli,0.3,4.9,4.9,143.0,143.0,1,0.15,0.5,0.08,3.67,30.737,0.83,3.67,1
2,2015-01-02 00:00:00+00:00,12,2015-01-02 12:00:00+00:00,28.24,0.0,0.0,0.0,0.3,0.5,1.0,0.0,4.0,5.0,2.23,Haukeli_G1,Haukeli,0.3,4.9,4.9,143.0,143.0,1,0.15,0.5,0.07,3.67,30.737,0.8,3.67,1
2,2015-01-02 00:00:00+00:00,13,2015-01-02 13:00:00+00:00,28.12,0.0,0.0,0.0,0.3,0.5,1.0,0.0,4.0,5.0,2.2,Haukeli_G1,Haukeli,0.3,4.9,4.9,143.0,143.0,1,0.15,0.5,0.07,3.67,30.737,0.79,3.67,1
2,2015-01-02 00:00:00+00:00,14,2015-01-02 14:00:00+00:00,28.23,0.0,0.0,0.0,0.3,0.5,1.0,0.0,4.0,5.0,2.17,Haukeli_G1,Haukeli,0.3,4.9,4.9,143.0,143.0,1,0.15,0.5,0.07,3.67,30.737,0.77,3.67,1
2,2015-01-02 00:00:00+00:00,15,2015-01-02 15:00:00+00:00,28.59,0.0,0.0,0.0,0.3,0.5,1.0,0.0,4.0,5.0,2.14,Haukeli_G1,Haukeli,0.3,4.9,4.9,143.0,143.0,1,0.15,0.5,0.07,3.67,30.737,0.77,3.67,1
2,2015-01-02 00:00:00+00:00,16,2015-01-02 16:00:00+00:00,28.73,0.0,0.0,0.0,0.3,0.5,1.0,0.0,4.0,5.0,2.13,Haukeli_G1,Haukeli,0.3,4.9,4.9,143.0,143.0,1,0.15,0.5,0.07,3.67,30.737,0.76,3.67,1
2,2015-01-02 00:00:00+00:00,17,2015-01-02 17:00:00+00:00,28.48,0.0,0.0,0.0,0.3,0.5,1.0,0.0,4.0,5.0,2.05,Haukeli_G1,Haukeli,0.3,4.9,4.9,143.0,143.0,1,0.15,0.5,0.07,3.67,30.737,0.73,3.67,1
2,2015-01-02 00:00:00+00:00,18,2015-01-02 18:00:00+00:00,28.38,0.0,0.0,0.0,0.3,0.5,1.0,0.0,4.0,5.0,1.64,Haukeli_G1,Haukeli,0.3,4.9,4.9,143.0,143.0,1,0.15,0.5,0.05,3.67,30.737,0.58,3.67,1
2,2015-01-02 00:00:00+00:00,19,2015-01-02 19:00:00+00:00,27.85,0.0,0.0,0.0,0.3,0.5,1.0,0.0,4.0,5.0,2.06,Haukeli_G1,Haukeli,0.3,4.9,4.9,143.0,143.0,1,0.15,0.5,0.07,3.67,30.737,0.74,3.67,1
2,2015-01-02 00:00:00+00:00,20,2015-01-02 20:00:00+00:00,27.45,0.0,0.0,0.0,0.3,0.5,1.0,0.0,4.0,5.0,2.2,Haukeli_G1,Haukeli,0.3,4.9,4.9,143.0,143.0,1,0.15,0.5,0.07,3.67,30.737,0.78,3.67,1
2,2015-01-02 00:00:00+00:00,21,2015-01-02 21:00:00+00:00,27.2,0.0,0.0,0.0,0.3,0.5,1.0,0.0,4.0,5.0,2.38,Haukeli_G1,Haukeli,0.3,4.9,4.9,143.0,143.0,1,0.15,0.5,0.08,3.67,30.737,0.84999996,3.67,1
2,2015-01-02 00:00:00+00:00,22,2015-01-02 22:00:00+00:00,26.79,0.0,0.0,0.0,0.3,0.5,1.0,0.0,4.0,5.0,2.59,Haukeli_G1,Haukeli,0.3,4.9,4.9,143.0,143.0,1,0.15,0.5,0.09,3.67,30.737,0.92999995,3.67,1
2,2015-01-02 00:00:00+00:00,23,2015-01-02 23:00:00+00:00,25.85,0.0,0.0,0.0,0.3,0.5,1.0,0.0,4.0,5.0,2.83,Haukeli_G1,Haukeli,0.3,4.9,4.9,143.0,143.0,1,0.15,0.5,0.09,3.67,30.737,1.01,3.67,1
2,2015-01-02 00:00:00+00:00,24,2015-01-03 00:00:00+00:00,25.54,0.0,0.0,0.0,0.3,0.5,1.0,0.0,4.0,5.0,2.84,Haukeli_G1,Haukeli,0.3,4.9,4.9,143.0,143.0,1,0.15,0.5,0.09,3.67,30.737,1.01,3.67,1
2,2015-01-02 00:00:00+00:00,25,2015-01-03 01:00:00+00:00,25.43,0.0,0.0,0.0,0.3,0.5,1.0,0.0,4.0,5.0,2.77,Haukeli_G1,Haukeli,0.3,4.9,4.9,143.0,143.0,1,0.15,0.5,0.09,3.67,30.737,0.99,3.67,1
2,2015-01-02 00:00:00+00:00,26,2015-01-03 02:00:00+00:00,25.34,0.0,0.0,0.0,0.3,0.5,1.0,0.0,4.0,5.0,2.86,Haukeli_G1,Haukeli,0.3,4.9,4.9,143.0,143.0,1,0.15,0.5,0.09,3.67,30.737,1.02,3.67,1
2,2015-01-02 00:00:00+00:00,27,2015-01-03 03:00:00+00:00,25.29,0.0,0.0,0.0,0.3,0.5,1.0,0.0,4.0,5.0,3.02,Haukeli_G1,Haukeli,0.3,4.9,4.9,143.0,143.0,1,0.15,0.5,0.1,3.67,30.737,1.08,3.67,1
2,2015-01-02 00:00:00+00:00,28,2015-01-03 04:00:00+00:00,25.3,0.0,0.0,0.0,0.3,0.5,1.0,0.0,4.0,5.0,3.13,Haukeli_G1,Haukeli,0.3,4.9,4.9,143.0,143.0,1,0.15,0.5,0.1,3.67,30.737,1.12,3.67,1
2,2015-01-02 00:00:00+00:00,29,2015-01-03 05:00:00+00:00,25.55,0.0,0.0,0.0,0.3,0.5,1.0,0.0,4.0,5.0,3.16,Haukeli_G1,Haukeli,0.3,4.9,4.9,143.0,143.0,1,0.15,0.5,0.1,3.67,30.737,1.13,3.67,1
2,2015-01-02 00:00:00+00:00,30,2015-01-03 06:00:00+00:00,26.75,0.0,0.0,0.0,0.3,0.5,1.0,0.0,4.0,5.0,3.13,Haukeli_G1,Haukeli,0.3,4.9,4.9,143.0,143.0,1,0.15,0.5,0.1,3.67,30.737,1.12,3.67,1
2,2015-01-02 00:00:00+00:00,31,2015-01-03 07:00:00+00:00,26.98,0.0,0.0,0.0,0.3,0.5,1.0,0.0,4.0,5.0,3.06,Haukeli_G1,Haukeli,0.3,4.9,4.9,143.0,143.0,1,0.15,0.5,0.1,3.67,30.737,1.09,3.67,1
2,2015-01-02 00:00:00+00:00,32,2015-01-03 08:00:00+00:00,27.52,0.0,0.0,0.0,0.3,0.5,1.0,0.0,4.0,5.0,3.01,Haukeli_G1,Haukeli,0.3,4.9,4.9,143.0,143.0,1,0.15,0.5,0.1,3.67,30.737,1.08,3.67,1
2,2015-01-02 00:00:00+00:00,33,2015-01-03 09:00:00+00:00,27.72,0.0,0.0,0.0,0.3,0.5,1.0,0.0,4.0,5.0,3.0,Haukeli_G1,Haukeli,0.3,4.9,4.9,143.0,143.0,1,0.15,0.5,0.1,3.67,30.737,1.07,3.67,1
2,2015-01-02 00:00:00+00:00,34,2015-01-03 10:00:00+00:00,27.73,0.0,0.0,0.0,0.3,0.5,1.0,0.0,4.0,5.0,2.92,Haukeli_G1,Haukeli,0.3,4.9,4.9,143.0,143.0,1,0.15,0.5,0.1,3.67,30.737,1.05,3.67,1
2,2015-01-02 00:00:00+00:00,35,2015-01-03 11:00:00+00:00,27.66,0.0,0.0,0.0,0.3,0.5,1.0,0.0,4.0,5.0,2.88,Haukeli_G1,Haukeli,0.3,4.9,4.9,143.0,143.0,1,0.15,0.5,0.1,3.67,30.737,1.04,3.67,1
2,2015-01-02 00:00:00+00:00,36,2015-01-03 12:00:00+00:00,27.65,0.0,0.0,0.0,0.3,0.5,1.0,0.0,4.0,5.0,2.85,Haukeli_G1,Haukeli,0.3,4.9,4.9,143.0,143.0,1,0.15,0.5,0.09,3.67,30.737,1.02,3.67,1
2,2015-01-02 00:00:00+00:00,37,2015-01-03 13:00:00+00:00,27.81,0.0,0.0,0.0,0.3,0.5,1.0,0.0,4.0,5.0,2.84,Haukeli_G1,Haukeli,0.3,4.9,4.9,143.0,143.0,1,0.15,0.5,0.09,3.67,30.737,1.01,3.67,1
2,2015-01-02 00:00:00+00:00,38,2015-01-03 14:00:00+00:00,28.29,0.0,0.0,0.0,0.3,0.5,1.0,0.0,4.0,5.0,2.81,Haukeli_G1,Haukeli,0.3,4.9,4.9,143.0,143.0,1,0.15,0.5,0.09,3.67,30.737,1.0,3.67,1
2,2015-01-02 00:00:00+00:00,39,2015-01-03 15:00:00+00:00,28.6,0.0,0.0,0.0,0.3,0.5,1.0,0.0,4.0,5.0,2.75,Haukeli_G1,Haukeli,0.3,4.9,4.9,143.0,143.0,1,0.15,0.5,0.09,3.67,30.737,0.98,3.67,1
2,2015-01-02 00:00:00+00:00,40,2015-01-03 16:00:00+00:00,28.88,0.0,0.0,0.0,0.3,0.5,1.0,0.0,4.0,5.0,2.69,Haukeli_G1,Haukeli,0.3,4.9,4.9,143.0,143.0,1,0.15,0.5,0.09,3.67,30.737,0.96000004,3.67,1
2,2015-01-02 00:00:00+00:00,41,2015-01-03 17:00:00+00:00,28.78,0.0,0.0,0.0,0.3,0.5,1.0,0.0,4.0,5.0,2.65,Haukeli_G1,Haukeli,0.3,4.9,4.9,143.0,143.0,1,0.15,0.5,0.09,3.67,30.737,0.95000005,3.67,1
2,2015-01-02 00:00:00+00:00,42,2015-01-03 18:00:00+00:00,28.54,0.0,0.0,0.0,0.3,0.5,1.0,0.0,4.0,5.0,2.6,Haukeli_G1,Haukeli,0.3,4.9,4.9,143.0,143.0,1,0.15,0.5,0.09,3.67,30.737,0.92999995,3.67,1
2,2015-01-02 00:00:00+00:00,43,2015-01-03 19:00:00+00:00,28.34,0.0,0.0,0.0,0.3,0.5,1.0,0.0,4.0,5.0,2.54,Haukeli_G1,Haukeli,0.3,4.9,4.9,143.0,143.0,1,0.15,0.5,0.08,3.67,30.737,0.90999997,3.67,1
2,2015-01-02 00:00:00+00:00,44,2015-01-03 20:00:00+00:00,27.93,0.0,0.0,0.0,0.3,0.5,1.0,0.0,4.0,5.0,2.47,Haukeli_G1,Haukeli,0.3,4.9,4.9,143.0,143.0,1,0.15,0.5,0.08,3.67,30.737,0.88,3.67,1
2,2015-01-02 00:00:00+00:00,45,2015-01-03 21:00:00+00:00,27.7,0.0,0.0,0.0,0.3,0.5,1.0,0.0,4.0,5.0,2.41,Haukeli_G1,Haukeli,0.3,4.9,4.9,143.0,143.0,1,0.15,0.5,0.08,3.67,30.737,0.85999995,3.67,1
2,2015-01-02 00:00:00+00:00,46,2015-01-03 22:00:00+00:00,27.25,0.0,0.0,0.0,0.3,0.5,1.0,0.0,4.0,5.0,2.33,Haukeli_G1,Haukeli,0.3,4.9,4.9,143.0,143.0,1,0.15,0.5,0.08,3.67,30.737,0.84,3.67,1
2,2015-01-02 00:00:00+00:00,47,2015-01-03 23:00:00+00:00,27.55,0.0,0.0,0.0,0.3,0.5,1.0,0.0,4.0,5.0,2.27,Haukeli_G1,Haukeli,0.3,4.9,4.9,143.0,143.0,1,0.15,0.5,0.08,3.67,30.737,0.82,3.67,1
2,2015-01-02 00:00:00+00:00,48,2015-01-04 00:00:00+00:00,27.38,0.0,0.0,0.0,0.3,0.5,1.0,0.0,4.0,5.0,2.22,Haukeli_G1,Haukeli,0.3,4.9,4.9,143.0,143.0,1,0.15,0.5,0.07,3.67,30.737,0.79,3.67,1
2,2015-01-02 00:00:00+00:00,49,2015-01-04 01:00:00+00:00,27.17,0.0,0.0,0.0,0.3,0.5,1.0,0.0,4.0,5.0,2.15,Haukeli_G1,Haukeli,0.3,4.9,4.9,143.0,143.0,1,0.15,0.5,0.07,3.67,30.737,0.77,3.67,1
2,2015-01-02 00:00:00+00:00,50,2015-01-04 02:00:00+00:00,27.03,0.0,0.0,0.0,0.3,0.5,1.0,0.0,4.0,5.0,2.1,Haukeli_G1,Haukeli,0.3,4.9,4.9,143.0,143.0,1,0.15,0.5,0.07,3.67,30.737,0.75,3.67,1
2,2015-01-02 00:00:00+00:00,51,2015-01-04 03:00:00+00:00,27.04,0.0,0.0,0.0,0.3,0.5,1.0,0.0,4.0,5.0,2.06,Haukeli_G1,Haukeli,0.3,4.9,4.9,143.0,143.0,1,0.15,0.5,0.07,3.67,30.737,0.74,3.67,1
2,2015-01-02 00:00:00+00:00,52,2015-01-04 04:00:00+00:00,27.19,0.0,0.0,0.0,0.3,0.5,1.0,0.0,4.0,5.0,2.01,Haukeli_G1,Haukeli,0.3,4.9,4.9,143.0,143.0,1,0.15,0.5,0.07,3.67,30.737,0.71999997,3.67,1
2,2015-01-02 00:00:00+00:00,53,2015-01-04 05:00:00+00:00,27.13,0.0,0.0,0.0,0.3,0.5,1.0,0.0,4.0,5.0,1.99,Haukeli_G1,Haukeli,0.3,4.9,4.9,143.0,143.0,1,0.15,0.5,0.07,3.67,30.737,0.71999997,3.67,1
2,2015-01-02 00:00:00+00:00,54,2015-01-04 06:00:00+00:00,27.06,0.0,0.0,0.0,0.3,0.5,1.0,0.0,4.0,5.0,1.94,Haukeli_G1,Haukeli,0.3,4.9,4.9,143.0,143.0,1,0.15,0.5,0.06,3.67,30.737,0.69,3.67,1
2,2015-01-02 00:00:00+00:00,55,2015-01-04 07:00:00+00:00,27.63,0.0,0.0,0.0,0.3,0.5,1.0,0.0,4.0,5.0,1.89,Haukeli_G1,Haukeli,0.3,4.9,4.9,143.0,143.0,1,0.15,0.5,0.06,3.67,30.737,0.68,3.67,1
2,2015-01-02 00:00:00+00:00,56,2015-01-04 08:00:00+00:00,28.03,0.0,0.0,0.0,0.3,0.5,1.0,0.0,4.0,5.0,1.84,Haukeli_G1,Haukeli,0.3,4.9,4.9,143.0,143.0,1,0.15,0.5,0.06,3.67,30.737,0.66,3.67,1
2,2015-01-02 00:00:00+00:00,57,2015-01-04 09:00:00+00:00,28.24,0.0,0.0,0.0,0.3,0.5,1.0,0.0,4.0,5.0,1.82,Haukeli_G1,Haukeli,0.3,4.9,4.9,143.0,143.0,1,0.15,0.5,0.06,3.67,30.737,0.65,3.67,1
2,2015-01-02 00:00:00+00:00,58,2015-01-04 10:00:00+00:00,28.32,0.0,0.0,0.0,0.3,0.5,1.0,0.0,4.0,5.0,1.79,Haukeli_G1,Haukeli,0.3,4.9,4.9,143.0,143.0,1,0.15,0.5,0.06,3.67,30.737,0.64,3.67,1
2,2015-01-02 00:00:00+00:00,59,2015-01-04 11:00:00+00:00,28.24,0.0,0.0,0.0,0.3,0.5,1.0,0.0,4.0,5.0,1.77,Haukeli_G1,Haukeli,0.3,4.9,4.9,143.0,143.0,1,0.15,0.5,0.06,3.67,30.737,0.63,3.67,1
2,2015-01-02 00:00:00+00:00,60,2015-01-04 12:00:00+00:00,28.27,0.0,0.0,0.0,0.3,0.5,1.0,0.0,4.0,5.0,1.74,Haukeli_G1,Haukeli,0.3,4.9,4.9,143.0,143.0,1,0.15,0.5,0.06,3.67,30.737,0.62,3.67,1
2,2015-01-02 00:00:00+00:00,61,2015-01-04 13:00:00+00:00,28.32,0.0,0.0,0.0,0.3,0.5,1.0,0.0,4.0,5.0,1.72,Haukeli_G1,Haukeli,0.3,4.9,4.9,143.0,143.0,1,0.15,0.5,0.06,3.67,30.737,0.62,3.67,1
2,2015-01-02 00:00:00+00:00,62,2015-01-04 14:00:00+00:00,28.37,0.0,0.0,0.0,0.3,0.5,1.0,0.0,4.0,5.0,1.7,Haukeli_G1,Haukeli,0.3,4.9,4.9,143.0,143.0,1,0.15,0.5,0.06,3.67,30.737,0.61,3.67,1
2,2015-01-02 00:00:00+00:00,63,2015-01-04 15:00:00+00:00,28.65,0.0,0.0,0.0,0.3,0.5,1.0,0.0,4.0,5.0,1.68,Haukeli_G1,Haukeli,0.3,4.9,4.9,143.0,143.0,1,0.15,0.5,0.06,3.67,30.737,0.61,3.67,1
2,2015-01-02 00:00:00+00:00,64,2015-01-04 16:00:00+00:00,28.98,0.0,0.0,0.0,0.3,0.5,1.0,0.0,4.0,5.0,1.68,Haukeli_G1,Haukeli,0.3,4.9,4.9,143.0,143.0,1,0.15,0.5,0.06,3.67,30.737,0.61,3.67,1
2,2015-01-02 00:00:00+00:00,65,2015-01-04 17:00:00+00:00,29.54,0.0,0.0,0.0,0.3,0.5,1.0,0.0,4.0,5.0,1.65,Haukeli_G1,Haukeli,0.3,4.9,4.9,143.0,143.0,1,0.15,0.5,0.05,3.67,30.737,0.59000003,3.67,1
2,2015-01-02 00:00:00+00:00,66,2015-01-04 18:00:00+00:00,29.42,0.0,0.0,0.0,0.3,0.5,1.0,0.0,4.0,5.0,1.64,Haukeli_G1,Haukeli,0.3,4.9,4.9,143.0,143.0,1,0.15,0.5,0.05,3.67,30.737,0.58,3.67,1
2,2015-01-02 00:00:00+00:00,67,2015-01-04 19:00:00+00:00,28.92,0.0,0.0,0.0,0.3,0.5,1.0,0.0,4.0,5.0,1.63,Haukeli_G1,Haukeli,0.3,4.9,4.9,143.0,143.0,1,0.15,0.5,0.05,3.67,30.737,0.58,3.67,1
2,2015-01-02 00:00:00+00:00,68,2015-01-04 20:00:00+00:00,28.66,0.0,0.0,0.0,0.3,0.5,1.0,0.0,4.0,5.0,1.6,Haukeli_G1,Haukeli,0.3,4.9,4.9,143.0,143.0,1,0.15,0.5,0.05,3.67,30.737,0.57,3.67,1
2,2015-01-02 00:00:00+00:00,69,2015-01-04 21:00:00+00:00,28.69,0.0,0.0,0.0,0.3,0.5,1.0,0.0,4.0,5.0,1.59,Haukeli_G1,Haukeli,0.3,4.9,4.9,143.0,143.0,1,0.15,0.5,0.05,3.67,30.737,0.57,3.67,1
2,2015-01-02 00:00:00+00:00,70,2015-01-04 22:00:00+00:00,28.02,0.0,0.0,0.0,0.3,0.5,1.0,0.0,4.0,5.0,1.58,Haukeli_G1,Haukeli,0.3,4.9,4.9,143.0,143.0,1,0.15,0.5,0.05,3.67,30.737,0.56,3.67,1
2,2015-01-02 00:00:00+00:00,71,2015-01-04 23:00:00+00:00,28.19,0.0,0.0,0.0,0.3,0.5,1.0,0.0,4.0,5.0,1.57,Haukeli_G1,Haukeli,0.3,4.9,4.9,143.0,143.0,1,0.15,0.5,0.05,3.67,30.737,0.56,3.67,1
2,2015-01-02 00:00:00+00:00,72,2015-01-05 00:00:00+00:00,28.15,0.0,0.0,0.0,0.3,0.5,1.0,0.0,4.0,5.0,1.56,Haukeli_G1,Haukeli,0.3,4.9,4.9,143.0,143.0,1,0.15,0.5,0.05,3.67,30.737,0.56,3.67,1
2,2015-01-02 00:00:00+00:00,73,2015-01-05 01:00:00+00:00,28.13,0.0,0.0,0.0,0.3,0.5,1.0,0.0,4.0,5.0,1.54,Haukeli_G1,Haukeli,0.3,4.9,4.9,143.0,143.0,1,0.15,0.5,0.05,3.67,30.737,0.55,3.67,1
2,2015-01-02 00:00:00+00:00,74,2015-01-05 02:00:00+00:00,28.05,0.0,0.0,0.0,0.3,0.5,1.0,0.0,4.0,5.0,1.53,Haukeli_G1,Haukeli,0.3,4.9,4.9,143.0,143.0,1,0.15,0.5,0.05,3.67,30.737,0.55,3.67,1
2,2015-01-02 00:00:00+00:00,75,2015-01-05 03:00:00+00:00,28.04,0.0,0.0,0.0,0.3,0.5,1.0,0.0,4.0,5.0,1.52,Haukeli_G1,Haukeli,0.3,4.9,4.9,143.0,143.0,1,0.15,0.5,0.05,3.67,30.737,0.54,3.67,1
2,2015-01-02 00:00:00+00:00,76,2015-01-05 04:00:00+00:00,28.46,0.0,0.0,0.0,0.3,0.5,1.0,0.0,4.0,5.0,1.51,Haukeli_G1,Haukeli,0.3,4.9,4.9,143.0,143.0,1,0.15,0.5,0.05,3.67,30.737,0.54,3.67,1
2,2015-01-02 00:00:00+00:00,77,2015-01-05 05:00:00+00:00,28.78,0.0,0.0,0.0,0.3,0.5,1.0,0.0,4.0,5.0,1.5,Haukeli_G1,Haukeli,0.3,4.9,4.9,143.0,143.0,1,0.15,0.5,0.05,3.67,30.737,0.54,3.67,1
2,2015-01-02 00:00:00+00:00,78,2015-01-05 06:00:00+00:00,30.99,0.0,0.0,0.0,0.3,0.5,1.0,0.0,4.0,5.0,1.48,Haukeli_G1,Haukeli,0.3,4.9,4.9,143.0,143.0,1,0.15,0.5,0.05,3.67,30.737,0.53,3.67,1
2,2015-01-02 00:00:00+00:00,79,2015-01-05 07:00:00+00:00,38.15,0.0,0.0,0.0,0.3,0.5,1.0,0.0,4.0,5.0,1.47,Haukeli_G1,Haukeli,0.3,4.9,4.9,143.0,143.0,1,0.15,0.5,0.05,3.67,30.737,0.53,3.67,1
2,2015-01-02 00:00:00+00:00,80,2015-01-05 08:00:00+00:00,41.51,0.0,0.0,0.0,0.3,0.5,1.0,0.0,4.0,5.0,1.46,Haukeli_G1,Haukeli,0.3,4.9,4.9,143.0,143.0,1,0.15,0.5,0.05,3.67,30.737,0.53,3.67,1
2,2015-01-02 00:00:00+00:00,81,2015-01-05 09:00:00+00:00,40.46,0.0,0.0,0.0,0.3,0.5,1.0,0.0,4.0,5.0,1.46,Haukeli_G1,Haukeli,0.3,4.9,4.9,143.0,143.0,1,0.15,0.5,0.05,3.67,30.737,0.52,3.67,1
2,2015-01-02 00:00:00+00:00,82,2015-01-05 10:00:00+00:00,40.97,0.0,0.0,0.0,0.3,0.5,1.0,0.0,4.0,5.0,1.45,Haukeli_G1,Haukeli,0.3,4.9,4.9,143.0,143.0,1,0.15,0.5,0.05,3.67,30.737,0.52,3.67,1
2,2015-01-02 00:00:00+00:00,83,2015-01-05 11:00:00+00:00,38.66,0.0,0.0,0.0,0.3,0.5,1.0,0.0,4.0,5.0,1.45,Haukeli_G1,Haukeli,0.3,4.9,4.9,143.0,143.0,1,0.15,0.5,0.05,3.67,30.737,0.52,3.67,1
2,2015-01-02 00:00:00+00:00,84,2015-01-05 12:00:00+00:00,36.44,0.0,0.0,0.0,0.3,0.5,1.0,0.0,4.0,5.0,1.45,Haukeli_G1,Haukeli,0.3,4.9,4.9,143.0,143.0,1,0.15,0.5,0.05,3.67,30.737,0.52,3.67,1
2,2015-01-02 00:00:00+00:00,85,2015-01-05 13:00:00+00:00,37.74,0.0,0.0,0.0,0.3,0.5,1.0,0.0,4.0,5.0,1.45,Haukeli_G1,Haukeli,0.3,4.9,4.9,143.0,143.0,1,0.15,0.5,0.05,3.67,30.737,0.52,3.67,1
2,2015-01-02 00:00:00+00:00,86,2015-01-05 14:00:00+00:00,43.1,0.0,0.0,0.0,0.3,0.5,1.0,0.0,4.0,5.0,1.45,Haukeli_G1,Haukeli,0.3,4.9,4.9,143.0,143.0,1,0.15,0.5,0.05,3.67,30.737,0.52,3.67,1
2,2015-01-02 00:00:00+00:00,87,2015-01-05 15:00:00+00:00,46.7,0.0,0.0,0.0,0.3,0.5,1.0,0.0,4.0,5.0,1.44,Haukeli_G1,Haukeli,0.3,4.9,4.9,143.0,143.0,1,0.15,0.5,0.05,3.67,30.737,0.52,3.67,1
2,2015-01-02 00:00:00+00:00,88,2015-01-05 16:00:00+00:00,56.78,0.0,0.0,0.0,0.3,0.5,1.0,0.0,4.0,5.0,1.44,Haukeli_G1,Haukeli,0.3,4.9,4.9,143.0,143.0,1,0.15,0.5,0.05,3.67,30.737,0.52,3.67,1
2,2015-01-02 00:00:00+00:00,89,2015-01-05 17:00:00+00:00,36.49,0.0,0.0,0.0,0.3,0.5,1.0,0.0,4.0,5.0,1.45,Haukeli_G1,Haukeli,0.3,4.9,4.9,143.0,143.0,1,0.15,0.5,0.05,3.67,30.737,0.52,3.67,1
2,2015-01-02 00:00:00+00:00,90,2015-01-05 18:00:00+00:00,32.43,0.0,0.0,0.0,0.3,0.5,1.0,0.0,4.0,5.0,1.44,Haukeli_G1,Haukeli,0.3,4.9,4.9,143.0,143.0,1,0.15,0.5,0.05,3.67,30.737,0.52,3.67,1
2,2015-01-02 00:00:00+00:00,91,2015-01-05 19:00:00+00:00,31.39,0.0,0.0,0.0,0.3,0.5,1.0,0.0,4.0,5.0,1.43,Haukeli_G1,Haukeli,0.3,4.9,4.9,143.0,143.0,1,0.15,0.5,0.05,3.67,30.737,0.52,3.67,1
2,2015-01-02 00:00:00+00:00,92,2015-01-05 20:00:00+00:00,30.29,0.0,0.0,0.0,0.3,0.5,1.0,0.0,4.0,5.0,1.43,Haukeli_G1,Haukeli,0.3,4.9,4.9,143.0,143.0,1,0.15,0.5,0.05,3.67,30.737,0.51,3.67,1
2,2015-01-02 00:00:00+00:00,93,2015-01-05 21:00:00+00:00,29.43,0.0,0.0,0.0,0.3,0.5,1.0,0.0,4.0,5.0,1.43,Haukeli_G1,Haukeli,0.3,4.9,4.9,143.0,143.0,1,0.15,0.5,0.05,3.67,30.737,0.52,3.67,1
2,2015-01-02 00:00:00+00:00,94,2015-01-05 22:00:00+00:00,29.09,0.0,0.0,0.0,0.3,0.5,1.0,0.0,4.0,5.0,1.44,Haukeli_G1,Haukeli,0.3,4.9,4.9,143.0,143.0,1,0.15,0.5,0.05,3.67,30.737,0.52,3.67,1
2,2015-01-02 00:00:00+00:00,95,2015-01-05 23:00:00+00:00,28.08,0.0,0.0,0.0,0.3,0.5,1.0,0.0,4.0,5.0,1.44,Haukeli_G1,Haukeli,0.3,4.9,4.9,143.0,143.0,1,0.15,0.5,0.05,3.67,30.737,0.52,3.67,1
2,2015-01-02 00:00:00+00:00,96,2015-01-06 00:00:00+00:00,27.94,0.0,0.0,0.0,0.3,0.5,1.0,0.0,4.0,5.0,1.44,Haukeli_G1,Haukeli,0.3,4.9,4.9,143.0,143.0,1,0.15,0.5,0.05,3.67,30.737,0.52,3.67,1
2,2015-01-02 00:00:00+00:00,97,2015-01-06 01:00:00+00:00,27.91,0.0,0.0,0.0,0.3,0.5,1.0,0.0,4.0,5.0,1.44,Haukeli_G1,Haukeli,0.3,4.9,4.9,143.0,143.0,1,0.15,0.5,0.05,3.67,30.737,0.52,3.67,1
2,2015-01-02 00:00:00+00:00,98,2015-01-06 02:00:00+00:00,27.89,0.0,0.0,0.0,0.3,0.5,1.0,0.0,4.0,5.0,1.44,Haukeli_G1,Haukeli,0.3,4.9,4.9,143.0,143.0,1,0.15,0.5,0.05,3.67,30.737,0.52,3.67,1
2,2015-01-02 00:00:00+00:00,99,2015-01-06 03:00:00+00:00,27.89,0.0,0.0,0.0,0.3,0.5,1.0,0.0,4.0,5.0,1.44,Haukeli_G1,Haukeli,0.3,4.9,4.9,143.0,143.0,1,0.15,0.5,0.05,3.67,30.737,0.52,3.67,1
2,2015-01-02 00:00:00+00:00,100,2015-01-06 04:00:00+00:00,28.01,0.0,0.0,0.0,0.3,0.5,1.0,0.0,4.0,5.0,1.44,Haukeli_G1,Haukeli,0.3,4.9,4.9,143.0,143.0,1,0.15,0.5,0.05,3.67,30.737,0.52,3.67,1
2,2015-01-02 00:00:00+00:00,101,2015-01-06 05:00:00+00:00,28.73,0.0,0.0,0.0,0.3,0.5,1.0,0.0,4.0,5.0,1.44,Haukeli_G1,Haukeli,0.3,4.9,4.9,143.0,143.0,1,0.15,0.5,0.05,3.67,30.737,0.52,3.67,1
2,2015-01-02 00:00:00+00:00,102,2015-01-06 06:00:00+00:00,30.03,0.0,0.0,0.0,0.3,0.5,1.0,0.0,4.0,5.0,1.43,Haukeli_G1,Haukeli,0.3,4.9,4.9,143.0,143.0,1,0.15,0.5,0.05,3.67,30.737,0.52,3.67,1
2,2015-01-02 00:00:00+00:00,103,2015-01-06 07:00:00+00:00,30.5,0.0,0.0,0.0,0.3,0.5,1.0,0.0,4.0,5.0,1.42,Haukeli_G1,Haukeli,0.3,4.9,4.9,143.0,143.0,1,0.15,0.5,0.05,3.67,30.737,0.51,3.67,1
2,2015-01-02 00:00:00+00:00,104,2015-01-06 08:00:00+00:00,30.35,0.0,0.0,0.0,0.3,0.5,1.0,0.0,4.0,5.0,1.42,Haukeli_G1,Haukeli,0.3,4.9,4.9,143.0,143.0,1,0.15,0.5,0.05,3.67,30.737,0.51,3.67,1
2,2015-01-02 00:00:00+00:00,105,2015-01-06 09:00:00+00:00,30.53,0.0,0.0,0.0,0.3,0.5,1.0,0.0,4.0,5.0,1.42,Haukeli_G1,Haukeli,0.3,4.9,4.9,143.0,143.0,1,0.15,0.5,0.05,3.67,30.737,0.51,3.67,1
2,2015-01-02 00:00:00+00:00,106,2015-01-06 10:00:00+00:00,29.91,0.0,0.0,0.0,0.3,0.5,1.0,0.0,4.0,5.0,1.43,Haukeli_G1,Haukeli,0.3,4.9,4.9,143.0,143.0,1,0.15,0.5,0.05,3.67,30.737,0.52,3.67,1
2,2015-01-02 00:00:00+00:00,107,2015-01-06 11:00:00+00:00,29.62,0.0,0.0,0.0,0.3,0.5,1.0,0.0,4.0,5.0,1.41,Haukeli_G1,Haukeli,0.3,4.9,4.9,143.0,143.0,1,0.15,0.5,0.05,3.67,30.737,0.51,3.67,1
2,2015-01-02 00:00:00+00:00,108,2015-01-06 12:00:00+00:00,29.58,0.0,0.0,0.0,0.3,0.5,1.0,0.0,4.0,5.0,1.4,Haukeli_G1,Haukeli,0.3,4.9,4.9,143.0,143.0,1,0.15,0.5,0.05,3.67,30.737,0.51,3.67,1
2,2015-01-02 00:00:00+00:00,109,2015-01-06 13:00:00+00:00,29.57,0.0,0.0,0.0,0.3,0.5,1.0,0.0,4.0,5.0,1.41,Haukeli_G1,Haukeli,0.3,4.9,4.9,143.0,143.0,1,0.15,0.5,0.05,3.67,30.737,0.51,3.67,1
2,2015-01-02 00:00:00+00:00,110,2015-01-06 14:00:00+00:00,29.62,0.0,0.0,0.0,0.3,0.5,1.0,0.0,4.0,5.0,1.41,Haukeli_G1,Haukeli,0.3,4.9,4.9,143.0,143.0,1,0.15,0.5,0.05,3.67,30.737,0.51,3.67,1
2,2015-01-02 00:00:00+00:00,111,2015-01-06 15:00:00+00:00,29.99,0.0,0.0,0.0,0.3,0.5,1.0,0.0,4.0,5.0,1.41,Haukeli_G1,Haukeli,0.3,4.9,4.9,143.0,143.0,1,0.15,0.5,0.05,3.67,30.737,0.51,3.67,1
2,2015-01-02 00:00:00+00:00,112,2015-01-06 16:00:00+00:00,29.65,0.0,0.0,0.0,0.3,0.5,1.0,0.0,4.0,5.0,1.41,Haukeli_G1,Haukeli,0.3,4.9,4.9,143.0,143.0,1,0.15,0.5,0.05,3.67,30.737,0.51,3.67,1
2,2015-01-02 00:00:00+00:00,113,2015-01-06 17:00:00+00:00,29.58,0.0,0.0,0.0,0.3,0.5,1.0,0.0,4.0,5.0,1.4,Haukeli_G1,Haukeli,0.3,4.9,4.9,143.0,143.0,1,0.15,0.5,0.05,3.67,30.737,0.5,3.67,1
2,2015-01-02 00:00:00+00:00,114,2015-01-06 18:00:00+00:00,29.0,0.0,0.0,0.0,0.3,0.5,1.0,0.0,4.0,5.0,1.4,Haukeli_G1,Haukeli,0.3,4.9,4.9,143.0,143.0,1,0.15,0.5,0.05,3.67,30.737,0.5,3.67,1
2,2015-01-02 00:00:00+00:00,115,2015-01-06 19:00:00+00:00,28.45,0.0,0.0,0.0,0.3,0.5,1.0,0.0,4.0,5.0,1.4,Haukeli_G1,Haukeli,0.3,4.9,4.9,143.0,143.0,1,0.15,0.5,0.05,3.67,30.737,0.5,3.67,1
2,2015-01-02 00:00:00+00:00,116,2015-01-06 20:00:00+00:00,28.15,0.0,0.0,0.0,0.3,0.5,1.0,0.0,4.0,5.0,1.38,Haukeli_G1,Haukeli,0.3,4.9,4.9,143.0,143.0,1,0.15,0.5,0.05,3.67,30.737,0.5,3.67,1
2,2015-01-02 00:00:00+00:00,117,2015-01-06 21:00:00+00:00,27.73,0.0,0.0,0.0,0.3,0.5,1.0,0.0,4.0,5.0,1.4,Haukeli_G1,Haukeli,0.3,4.9,4.9,143.0,143.0,1,0.15,0.5,0.05,3.67,30.737,0.51,3.67,1
2,2015-01-02 00:00:00+00:00,118,2015-01-06 22:00:00+00:00,27.32,0.0,0.0,0.0,0.3,0.5,1.0,0.0,4.0,5.0,1.39,Haukeli_G1,Haukeli,0.3,4.9,4.9,143.0,143.0,1,0.15,0.5,0.05,3.67,30.737,0.5,3.67,1
2,2015-01-02 00:00:00+00:00,119,2015-01-06 23:00:00+00:00,26.35,0.0,0.0,0.0,0.3,0.5,1.0,0.0,4.0,5.0,1.31,Haukeli_G1,Haukeli,0.3,4.9,4.9,143.0,143.0,1,0.15,0.5,0.04,3.67,30.737,0.47,3.67,1
2,2015-01-02 00:00:00+00:00,120,2015-01-07 00:00:00+00:00,26.08,0.0,0.0,0.0,0.3,0.5,1.0,0.0,4.0,5.0,1.29,Haukeli_G1,Haukeli,0.3,4.9,4.9,143.0,143.0,1,0.15,0.5,0.04,3.67,30.737,0.45999998,3.67,1
2,2015-01-02 00:00:00+00:00,121,2015-01-07 01:00:00+00:00,26.03,0.0,0.0,0.0,0.3,0.5,1.0,0.0,4.0,5.0,1.29,Haukeli_G1,Haukeli,0.3,4.9,4.9,143.0,143.0,1,0.15,0.5,0.04,3.67,30.737,0.45999998,3.67,1
2,2015-01-02 00:00:00+00:00,122,2015-01-07 02:00:00+00:00,26.17,0.0,0.0,0.0,0.3,0.5,1.0,0.0,4.0,5.0,1.27,Haukeli_G1,Haukeli,0.3,4.9,4.9,143.0,143.0,1,0.15,0.5,0.04,3.67,30.737,0.45,3.67,1
2,2015-01-02 00:00:00+00:00,123,2015-01-07 03:00:00+00:00,26.74,0.0,0.0,0.0,0.3,0.5,1.0,0.0,4.0,5.0,1.27,Haukeli_G1,Haukeli,0.3,4.9,4.9,143.0,143.0,1,0.15,0.5,0.04,3.67,30.737,0.45,3.67,1
2,2015-01-02 00:00:00+00:00,124,2015-01-07 04:00:00+00:00,27.78,0.0,0.0,0.0,0.3,0.5,1.0,0.0,4.0,5.0,1.27,Haukeli_G1,Haukeli,0.3,4.9,4.9,143.0,143.0,1,0.15,0.5,0.04,3.67,30.737,0.45,3.67,1
2,2015-01-02 00:00:00+00:00,125,2015-01-07 05:00:00+00:00,28.48,0.0,0.0,0.0,0.3,0.5,1.0,0.0,4.0,5.0,1.27,Haukeli_G1,Haukeli,0.3,4.9,4.9,143.0,143.0,1,0.15,0.5,0.04,3.67,30.737,0.45,3.67,1
2,2015-01-02 00:00:00+00:00,126,2015-01-07 06:00:00+00:00,31.53,0.0,0.0,0.0,0.3,0.5,1.0,0.0,4.0,5.0,1.27,Haukeli_G1,Haukeli,0.3,4.9,4.9,143.0,143.0,1,0.15,0.5,0.04,3.67,30.737,0.45,3.67,1
2,2015-01-02 00:00:00+00:00,127,2015-01-07 07:00:00+00:00,32.54,0.0,0.0,0.0,0.3,0.5,1.0,0.0,4.0,5.0,1.27,Haukeli_G1,Haukeli,0.3,4.9,4.9,143.0,143.0,1,0.15,0.5,0.04,3.67,30.737,0.45,3.67,1
2,2015-01-02 00:00:00+00:00,128,2015-01-07 08:00:00+00:00,32.24,0.0,0.0,0.0,0.3,0.5,1.0,0.0,4.0,5.0,1.26,Haukeli_G1,Haukeli,0.3,4.9,4.9,143.0,143.0,1,0.15,0.5,0.04,3.67,30.737,0.45,3.67,1
2,2015-01-02 00:00:00+00:00,129,2015-01-07 09:00:00+00:00,31.96,0.0,0.0,0.0,0.3,0.5,1.0,0.0,4.0,5.0,1.25,Haukeli_G1,Haukeli,0.3,4.9,4.9,143.0,143.0,1,0.15,0.5,0.04,3.67,30.737,0.45,3.67,1
2,2015-01-02 00:00:00+00:00,130,2015-01-07 10:00:00+00:00,31.66,0.0,0.0,0.0,0.3,0.5,1.0,0.0,4.0,5.0,1.25,Haukeli_G1,Haukeli,0.3,4.9,4.9,143.0,143.0,1,0.15,0.5,0.04,3.67,30.737,0.45,3.67,1
2,2015-01-02 00:00:00+00:00,131,2015-01-07 11:00:00+00:00,30.97,0.0,0.0,0.0,0.3,0.5,1.0,0.0,4.0,5.0,1.25,Haukeli_G1,Haukeli,0.3,4.9,4.9,143.0,143.0,1,0.15,0.5,0.04,3.67,30.737,0.45,3.67,1
2,2015-01-02 00:00:00+00:00,132,2015-01-07 12:00:00+00:00,30.65,0.0,0.0,0.0,0.3,0.5,1.0,0.0,4.0,5.0,1.25,Haukeli_G1,Haukeli,0.3,4.9,4.9,143.0,143.0,1,0.15,0.5,0.04,3.67,30.737,0.44,3.67,1
2,2015-01-02 00:00:00+00:00,133,2015-01-07 13:00:00+00:00,30.31,0.0,0.0,0.0,0.3,0.5,1.0,0.0,4.0,5.0,1.23,Haukeli_G1,Haukeli,0.3,4.9,4.9,143.0,143.0,1,0.15,0.5,0.04,3.67,30.737,0.44,3.67,1
2,2015-01-02 00:00:00+00:00,134,2015-01-07 14:00:00+00:00,29.79,0.0,0.0,0.0,0.3,0.5,1.0,0.0,4.0,5.0,1.23,Haukeli_G1,Haukeli,0.3,4.9,4.9,143.0,143.0,1,0.15,0.5,0.04,3.67,30.737,0.44,3.67,1
2,2015-01-02 00:00:00+00:00,135,2015-01-07 15:00:00+00:00,30.72,0.0,0.0,0.0,0.3,0.5,1.0,0.0,4.0,5.0,1.21,Haukeli_G1,Haukeli,0.3,4.9,4.9,143.0,143.0,1,0.15,0.5,0.04,3.67,30.737,0.42999998,3.67,1
2,2015-01-02 00:00:00+00:00,136,2015-01-07 16:00:00+00:00,29.56,0.0,0.0,0.0,0.3,0.5,1.0,0.0,4.0,5.0,1.2,Haukeli_G1,Haukeli,0.3,4.9,4.9,143.0,143.0,1,0.15,0.5,0.04,3.67,30.737,0.42999998,3.67,1
2,2015-01-02 00:00:00+00:00,137,2015-01-07 17:00:00+00:00,28.84,0.0,0.0,0.0,0.3,0.5,1.0,0.0,4.0,5.0,1.2,Haukeli_G1,Haukeli,0.3,4.9,4.9,143.0,143.0,1,0.15,0.5,0.04,3.67,30.737,0.42999998,3.67,1
2,2015-01-02 00:00:00+00:00,138,2015-01-07 18:00:00+00:00,28.2,0.0,0.0,0.0,0.3,0.5,1.0,0.0,4.0,5.0,1.2,Haukeli_G1,Haukeli,0.3,4.9,4.9,143.0,143.0,1,0.15,0.5,0.04,3.67,30.737,0.42999998,3.67,1
2,2015-01-02 00:00:00+00:00,139,2015-01-07 19:00:00+00:00,27.75,0.0,0.0,0.0,0.3,0.5,1.0,0.0,4.0,5.0,1.2,Haukeli_G1,Haukeli,0.3,4.9,4.9,143.0,143.0,1,0.15,0.5,0.04,3.67,30.737,0.42999998,3.67,1
2,2015-01-02 00:00:00+00:00,140,2015-01-07 20:00:00+00:00,27.42,0.0,0.0,0.0,0.3,0.5,1.0,0.0,4.0,5.0,1.21,Haukeli_G1,Haukeli,0.3,4.9,4.9,143.0,143.0,1,0.15,0.5,0.04,3.67,30.737,0.42999998,3.67,1
2,2015-01-02 00:00:00+00:00,141,2015-01-07 21:00:00+00:00,26.68,0.0,0.0,0.0,0.3,0.5,1.0,0.0,4.0,5.0,1.22,Haukeli_G1,Haukeli,0.3,4.9,4.9,143.0,143.0,1,0.15,0.5,0.04,3.67,30.737,0.44,3.67,1
2,2015-01-02 00:00:00+00:00,142,2015-01-07 22:00:00+00:00,26.15,0.0,0.0,0.0,0.3,0.5,1.0,0.0,4.0,5.0,1.21,Haukeli_G1,Haukeli,0.3,4.9,4.9,143.0,143.0,1,0.15,0.5,0.04,3.67,30.737,0.42999998,3.67,1
2,2015-01-02 00:00:00+00:00,143,2015-01-07 23:00:00+00:00,26.04,0.0,0.0,0.0,0.3,0.5,1.0,0.0,4.0,5.0,1.19,Haukeli_G1,Haukeli,0.3,4.9,4.9,143.0,143.0,1,0.15,0.5,0.04,3.67,30.737,0.42999998,3.67,1
2,2015-01-02 00:00:00+00:00,144,2015-01-08 00:00:00+00:00,25.07,0.0,0.0,0.0,0.3,0.5,1.0,0.0,4.0,5.0,1.19,Haukeli_G1,Haukeli,0.3,4.9,4.9,143.0,143.0,1,0.15,0.5,0.04,3.67,30.737,0.42999998,3.67,1
2,2015-01-02 00:00:00+00:00,145,2015-01-08 01:00:00+00:00,24.57,0.0,0.0,0.0,0.3,0.5,1.0,0.0,4.0,5.0,1.2,Haukeli_G1,Haukeli,0.3,4.9,4.9,143.0,143.0,1,0.15,0.5,0.04,3.67,30.737,0.42999998,3.67,1
2,2015-01-02 00:00:00+00:00,146,2015-01-08 02:00:00+00:00,24.44,0.0,0.0,0.0,0.3,0.5,1.0,0.0,4.0,5.0,1.19,Haukeli_G1,Haukeli,0.3,4.9,4.9,143.0,143.0,1,0.15,0.5,0.04,3.67,30.737,0.42999998,3.67,1
2,2015-01-02 00:00:00+00:00,147,2015-01-08 03:00:00+00:00,24.54,0.0,0.0,0.0,0.3,0.5,1.0,0.0,4.0,5.0,1.19,Haukeli_G1,Haukeli,0.3,4.9,4.9,143.0,143.0,1,0.15,0.5,0.04,3.67,30.737,0.42999998,3.67,1
2,2015-01-02 00:00:00+00:00,148,2015-01-08 04:00:00+00:00,26.04,0.0,0.0,0.0,0.3,0.5,1.0,0.0,4.0,5.0,1.19,Haukeli_G1,Haukeli,0.3,4.9,4.9,143.0,143.0,1,0.15,0.5,0.04,3.67,30.737,0.42999998,3.67,1
2,2015-01-02 00:00:00+00:00,149,2015-01-08 05:00:00+00:00,26.89,0.0,0.0,0.0,0.3,0.5,1.0,0.0,4.0,5.0,1.2,Haukeli_G1,Haukeli,0.3,4.9,4.9,143.0,143.0,1,0.15,0.5,0.04,3.67,30.737,0.42999998,3.67,1
2,2015-01-02 00:00:00+00:00,150,2015-01-08 06:00:00+00:00,27.59,0.0,0.0,0.0,0.3,0.5,1.0,0.0,4.0,5.0,1.19,Haukeli_G1,Haukeli,0.3,4.9,4.9,143.0,143.0,1,0.15,0.5,0.04,3.67,30.737,0.42999998,3.67,1
2,2015-01-02 00:00:00+00:00,151,2015-01-08 07:00:00+00:00,28.1,0.0,0.0,0.0,0.3,0.5,1.0,0.0,4.0,5.0,1.17,Haukeli_G1,Haukeli,0.3,4.9,4.9,143.0,143.0,1,0.15,0.5,0.04,3.67,30.737,0.42,3.67,1
2,2015-01-02 00:00:00+00:00,152,2015-01-08 08:00:00+00:00,28.23,0.0,0.0,0.0,0.3,0.5,1.0,0.0,4.0,5.0,1.18,Haukeli_G1,Haukeli,0.3,4.9,4.9,143.0,143.0,1,0.15,0.5,0.04,3.67,30.737,0.42,3.67,1
2,2015-01-02 00:00:00+00:00,153,2015-01-08 09:00:00+00:00,28.35,0.0,0.0,0.0,0.3,0.5,1.0,0.0,4.0,5.0,1.16,Haukeli_G1,Haukeli,0.3,4.9,4.9,143.0,143.0,1,0.15,0.5,0.04,3.67,30.737,0.42,3.67,1
2,2015-01-02 00:00:00+00:00,154,2015-01-08 10:00:00+00:00,28.46,0.0,0.0,0.0,0.3,0.5,1.0,0.0,4.0,5.0,1.16,Haukeli_G1,Haukeli,0.3,4.9,4.9,143.0,143.0,1,0.15,0.5,0.04,3.67,30.737,0.42,3.67,1
2,2015-01-02 00:00:00+00:00,155,2015-01-08 11:00:00+00:00,28.46,0.0,0.0,0.0,0.3,0.5,1.0,0.0,4.0,5.0,1.16,Haukeli_G1,Haukeli,0.3,4.9,4.9,143.0,143.0,1,0.15,0.5,0.04,3.67,30.737,0.42,3.67,1
2,2015-01-02 00:00:00+00:00,156,2015-01-08 12:00:00+00:00,28.6,0.0,0.0,0.0,0.3,0.5,1.0,0.0,4.0,5.0,1.16,Haukeli_G1,Haukeli,0.3,4.9,4.9,143.0,143.0,1,0.15,0.5,0.04,3.67,30.737,0.42,3.67,1
2,2015-01-02 00:00:00+00:00,157,2015-01-08 13:00:00+00:00,28.45,0.0,0.0,0.0,0.3,0.5,1.0,0.0,4.0,5.0,1.16,Haukeli_G1,Haukeli,0.3,4.9,4.9,143.0,143.0,1,0.15,0.5,0.04,3.67,30.737,0.42,3.67,1
2,2015-01-02 00:00:00+00:00,158,2015-01-08 14:00:00+00:00,28.24,0.0,0.0,0.0,0.3,0.5,1.0,0.0,4.0,5.0,1.16,Haukeli_G1,Haukeli,0.3,4.9,4.9,143.0,143.0,1,0.15,0.5,0.04,3.67,30.737,0.42,3.67,1
2,2015-01-02 00:00:00+00:00,159,2015-01-08 15:00:00+00:00,28.43,0.0,0.0,0.0,0.3,0.5,1.0,0.0,4.0,5.0,1.15,Haukeli_G1,Haukeli,0.3,4.9,4.9,143.0,143.0,1,0.15,0.5,0.04,3.67,30.737,0.41,3.67,1
2,2015-01-02 00:00:00+00:00,160,2015-01-08 16:00:00+00:00,28.4,0.0,0.0,0.0,0.3,0.5,1.0,0.0,4.0,5.0,1.14,Haukeli_G1,Haukeli,0.3,4.9,4.9,143.0,143.0,1,0.15,0.5,0.04,3.67,30.737,0.41,3.67,1
2,2015-01-02 00:00:00+00:00,161,2015-01-08 17:00:00+00:00,27.98,0.0,0.0,0.0,0.3,0.5,1.0,0.0,4.0,5.0,1.14,Haukeli_G1,Haukeli,0.3,4.9,4.9,143.0,143.0,1,0.15,0.5,0.04,3.67,30.737,0.41,3.67,1
2,2015-01-02 00:00:00+00:00,162,2015-01-08 18:00:00+00:00,27.69,0.0,0.0,0.0,0.3,0.5,1.0,0.0,4.0,5.0,1.15,Haukeli_G1,Haukeli,0.3,4.9,4.9,143.0,143.0,1,0.15,0.5,0.04,3.67,30.737,0.41,3.67,1
2,2015-01-02 00:00:00+00:00,163,2015-01-08 19:00:00+00:00,27.46,0.0,0.0,0.0,0.3,0.5,1.0,0.0,4.0,5.0,1.16,Haukeli_G1,Haukeli,0.3,4.9,4.9,143.0,143.0,1,0.15,0.5,0.04,3.67,30.737,0.42,3.67,1
2,2015-01-02 00:00:00+00:00,164,2015-01-08 20:00:00+00:00,27.31,0.0,0.0,0.0,0.3,0.5,1.0,0.0,4.0,5.0,1.16,Haukeli_G1,Haukeli,0.3,4.9,4.9,143.0,143.0,1,0.15,0.5,0.04,3.67,30.737,0.42,3.67,1
2,2015-01-02 00:00:00+00:00,165,2015-01-08 21:00:00+00:00,26.71,0.0,0.0,0.0,0.3,0.5,1.0,0.0,4.0,5.0,1.16,Haukeli_G1,Haukeli,0.3,4.9,4.9,143.0,143.0,1,0.15,0.5,0.04,3.67,30.737,0.42,3.67,1
2,2015-01-02 00:00:00+00:00,166,2015-01-08 22:00:00+00:00,25.91,0.0,0.0,0.0,0.3,0.5,1.0,0.0,4.0,5.0,1.15,Haukeli_G1,Haukeli,0.3,4.9,4.9,143.0,143.0,1,0.15,0.5,0.04,3.67,30.737,0.41,3.67,1
2,2015-01-02 00:00:00+00:00,167,2015-01-08 23:00:00+00:00,25.89,0.0,0.0,0.0,0.3,0.5,1.0,0.0,4.0,5.0,1.14,Haukeli_G1,Haukeli,0.3,4.9,4.9,143.0,143.0,1,0.15,0.5,0.04,3.67,30.737,0.41,3.67,1
2,2015-01-02 00:00:00+00:00,0,2015-01-02 00:00:00+00:00,26.41,0.0,0.0,0.0,0.3,0.5,1.0,0.0,4.0,5.0,1.26,Songa_G1,Songa,41.2,120.0,120.0,222.0,222.0,1,581.915,0.77588665,9.53,27.68,581.915,9.53,27.68,0
2,2015-01-02 00:00:00+00:00,1,2015-01-02 01:00:00+00:00,26.2,0.0,0.0,0.0,0.3,0.5,1.0,0.0,4.0,5.0,1.3,Songa_G1,Songa,41.2,120.0,120.0,222.0,222.0,1,581.915,0.77588665,9.58,27.68,581.915,9.58,27.68,0
2,2015-01-02 00:00:00+00:00,2,2015-01-02 02:00:00+00:00,25.6,0.0,0.0,0.0,0.3,0.5,1.0,0.0,4.0,5.0,1.52,Songa_G1,Songa,41.2,120.0,120.0,222.0,222.0,1,581.915,0.77588665,9.7,27.68,581.915,9.7,27.68,0
2,2015-01-02 00:00:00+00:00,3,2015-01-02 03:00:00+00:00,24.74,0.0,0.0,0.0,0.3,0.5,1.0,0.0,4.0,5.0,1.7,Songa_G1,Songa,41.2,120.0,120.0,222.0,222.0,1,581.915,0.77588665,10.03,27.68,581.915,10.03,27.68,0
2,2015-01-02 00:00:00+00:00,4,2015-01-02 04:00:00+00:00,26.1,0.0,0.0,0.0,0.3,0.5,1.0,0.0,4.0,5.0,1.75,Songa_G1,Songa,41.2,120.0,120.0,222.0,222.0,1,581.915,0.77588665,9.87,27.68,581.915,9.87,27.68,0
2,2015-01-02 00:00:00+00:00,5,2015-01-02 05:00:00+00:00,27.25,0.0,0.0,0.0,0.3,0.5,1.0,0.0,4.0,5.0,1.65,Songa_G1,Songa,41.2,120.0,120.0,222.0,222.0,1,581.915,0.77588665,9.91,27.68,581.915,9.91,27.68,0
2,2015-01-02 00:00:00+00:00,6,2015-01-02 06:00:00+00:00,28.37,0.0,0.0,0.0,0.3,0.5,1.0,0.0,4.0,5.0,1.71,Songa_G1,Songa,41.2,120.0,120.0,222.0,222.0,1,581.915,0.77588665,9.89,27.68,581.915,9.89,27.68,1
2,2015-01-02 00:00:00+00:00,7,2015-01-02 07:00:00+00:00,28.37,0.0,0.0,0.0,0.3,0.5,1.0,0.0,4.0,5.0,1.92,Songa_G1,Songa,41.2,120.0,120.0,222.0,222.0,1,581.915,0.77588665,9.84,27.68,581.915,9.84,27.68,1
2,2015-01-02 00:00:00+00:00,8,2015-01-02 08:00:00+00:00,28.32,0.0,0.0,0.0,0.3,0.5,1.0,0.0,4.0,5.0,2.18,Songa_G1,Songa,41.2,120.0,120.0,222.0,222.0,1,581.915,0.77588665,9.87,27.68,581.915,9.87,27.68,1
2,2015-01-02 00:00:00+00:00,9,2015-01-02 09:00:00+00:00,28.3,0.0,0.0,0.0,0.3,0.5,1.0,0.0,4.0,5.0,2.33,Songa_G1,Songa,41.2,120.0,120.0,222.0,222.0,1,581.915,0.77588665,9.87,27.68,581.915,9.87,27.68,1
2,2015-01-02 00:00:00+00:00,10,2015-01-02 10:00:00+00:00,28.39,0.0,0.0,0.0,0.3,0.5,1.0,0.0,4.0,5.0,2.35,Songa_G1,Songa,41.2,120.0,120.0,222.0,222.0,1,581.915,0.77588665,9.84,27.68,581.915,9.84,27.68,1
2,2015-01-02 00:00:00+00:00,11,2015-01-02 11:00:00+00:00,28.3,0.0,0.0,0.0,0.3,0.5,1.0,0.0,4.0,5.0,2.3,Songa_G1,Songa,41.2,120.0,120.0,222.0,222.0,1,581.915,0.77588665,9.76,27.68,581.915,9.76,27.68,1
2,2015-01-02 00:00:00+00:00,12,2015-01-02 12:00:00+00:00,28.24,0.0,0.0,0.0,0.3,0.5,1.0,0.0,4.0,5.0,2.23,Songa_G1,Songa,41.2,120.0,120.0,222.0,222.0,1,581.915,0.77588665,9.71,27.68,581.915,9.71,27.68,1
2,2015-01-02 00:00:00+00:00,13,2015-01-02 13:00:00+00:00,28.12,0.0,0.0,0.0,0.3,0.5,1.0,0.0,4.0,5.0,2.2,Songa_G1,Songa,41.2,120.0,120.0,222.0,222.0,1,581.915,0.77588665,9.63,27.68,581.915,9.63,27.68,1
2,2015-01-02 00:00:00+00:00,14,2015-01-02 14:00:00+00:00,28.23,0.0,0.0,0.0,0.3,0.5,1.0,0.0,4.0,5.0,2.17,Songa_G1,Songa,41.2,120.0,120.0,222.0,222.0,1,581.915,0.77588665,9.57,27.68,581.915,9.57,27.68,1
2,2015-01-02 00:00:00+00:00,15,2015-01-02 15:00:00+00:00,28.59,0.0,0.0,0.0,0.3,0.5,1.0,0.0,4.0,5.0,2.14,Songa_G1,Songa,41.2,120.0,120.0,222.0,222.0,1,581.915,0.77588665,9.52,27.68,581.915,9.52,27.68,1
2,2015-01-02 00:00:00+00:00,16,2015-01-02 16:00:00+00:00,28.73,0.0,0.0,0.0,0.3,0.5,1.0,0.0,4.0,5.0,2.13,Songa_G1,Songa,41.2,120.0,120.0,222.0,222.0,1,581.915,0.77588665,9.54,27.68,581.915,9.54,27.68,1
2,2015-01-02 00:00:00+00:00,17,2015-01-02 17:00:00+00:00,28.48,0.0,0.0,0.0,0.3,0.5,1.0,0.0,4.0,5.0,2.05,Songa_G1,Songa,41.2,120.0,120.0,222.0,222.0,1,581.915,0.77588665,9.55,27.68,581.915,9.55,27.68,1
2,2015-01-02 00:00:00+00:00,18,2015-01-02 18:00:00+00:00,28.38,0.0,0.0,0.0,0.3,0.5,1.0,0.0,4.0,5.0,1.64,Songa_G1,Songa,41.2,120.0,120.0,222.0,222.0,1,581.915,0.77588665,9.43,27.68,581.915,9.43,27.68,1
2,2015-01-02 00:00:00+00:00,19,2015-01-02 19:00:00+00:00,27.85,0.0,0.0,0.0,0.3,0.5,1.0,0.0,4.0,5.0,2.06,Songa_G1,Songa,41.2,120.0,120.0,222.0,222.0,1,581.915,0.77588665,9.3,27.68,581.915,9.3,27.68,1
2,2015-01-02 00:00:00+00:00,20,2015-01-02 20:00:00+00:00,27.45,0.0,0.0,0.0,0.3,0.5,1.0,0.0,4.0,5.0,2.2,Songa_G1,Songa,41.2,120.0,120.0,222.0,222.0,1,581.915,0.77588665,9.14,27.68,581.915,9.14,27.68,0
2,2015-01-02 00:00:00+00:00,21,2015-01-02 21:00:00+00:00,27.2,0.0,0.0,0.0,0.3,0.5,1.0,0.0,4.0,5.0,2.38,Songa_G1,Songa,41.2,120.0,120.0,222.0,222.0,1,581.915,0.77588665,8.85,27.68,581.915,8.85,27.68,0
2,2015-01-02 00:00:00+00:00,22,2015-01-02 22:00:00+00:00,26.79,0.0,0.0,0.0,0.3,0.5,1.0,0.0,4.0,5.0,2.59,Songa_G1,Songa,41.2,120.0,120.0,222.0,222.0,1,581.915,0.77588665,8.46,27.68,581.915,8.46,27.68,0
2,2015-01-02 00:00:00+00:00,23,2015-01-02 23:00:00+00:00,25.85,0.0,0.0,0.0,0.3,0.5,1.0,0.0,4.0,5.0,2.83,Songa_G1,Songa,41.2,120.0,120.0,222.0,222.0,1,581.915,0.77588665,8.26,27.68,581.915,8.26,27.68,0
2,2015-01-02 00:00:00+00:00,24,2015-01-03 00:00:00+00:00,25.54,0.0,0.0,0.0,0.3,0.5,1.0,0.0,4.0,5.0,2.84,Songa_G1,Songa,41.2,120.0,120.0,222.0,222.0,1,581.915,0.77588665,8.17,27.68,581.915,8.17,27.68,0
2,2015-01-02 00:00:00+00:00,25,2015-01-03 01:00:00+00:00,25.43,0.0,0.0,0.0,0.3,0.5,1.0,0.0,4.0,5.0,2.77,Songa_G1,Songa,41.2,120.0,120.0,222.0,222.0,1,581.915,0.77588665,8.12,27.68,581.915,8.12,27.68,0
2,2015-01-02 00:00:00+00:00,26,2015-01-03 02:00:00+00:00,25.34,0.0,0.0,0.0,0.3,0.5,1.0,0.0,4.0,5.0,2.86,Songa_G1,Songa,41.2,120.0,120.0,222.0,222.0,1,581.915,0.77588665,7.9500003,27.68,581.915,7.9500003,27.68,0
2,2015-01-02 00:00:00+00:00,27,2015-01-03 03:00:00+00:00,25.29,0.0,0.0,0.0,0.3,0.5,1.0,0.0,4.0,5.0,3.02,Songa_G1,Songa,41.2,120.0,120.0,222.0,222.0,1,581.915,0.77588665,7.87,27.68,581.915,7.87,27.68,0
2,2015-01-02 00:00:00+00:00,28,2015-01-03 04:00:00+00:00,25.3,0.0,0.0,0.0,0.3,0.5,1.0,0.0,4.0,5.0,3.13,Songa_G1,Songa,41.2,120.0,120.0,222.0,222.0,1,581.915,0.77588665,7.83,27.68,581.915,7.83,27.68,0
2,2015-01-02 00:00:00+00:00,29,2015-01-03 05:00:00+00:00,25.55,0.0,0.0,0.0,0.3,0.5,1.0,0.0,4.0,5.0,3.16,Songa_G1,Songa,41.2,120.0,120.0,222.0,222.0,1,581.915,0.77588665,7.81,27.68,581.915,7.81,27.68,0
2,2015-01-02 00:00:00+00:00,30,2015-01-03 06:00:00+00:00,26.75,0.0,0.0,0.0,0.3,0.5,1.0,0.0,4.0,5.0,3.13,Songa_G1,Songa,41.2,120.0,120.0,222.0,222.0,1,581.915,0.77588665,7.86,27.68,581.915,7.86,27.68,0
2,2015-01-02 00:00:00+00:00,31,2015-01-03 07:00:00+00:00,26.98,0.0,0.0,0.0,0.3,0.5,1.0,0.0,4.0,5.0,3.06,Songa_G1,Songa,41.2,120.0,120.0,222.0,222.0,1,581.915,0.77588665,7.9700003,27.68,581.915,7.9700003,27.68,0
2,2015-01-02 00:00:00+00:00,32,2015-01-03 08:00:00+00:00,27.52,0.0,0.0,0.0,0.3,0.5,1.0,0.0,4.0,5.0,3.01,Songa_G1,Songa,41.2,120.0,120.0,222.0,222.0,1,581.915,0.77588665,8.12,27.68,581.915,8.12,27.68,0
2,2015-01-02 00:00:00+00:00,33,2015-01-03 09:00:00+00:00,27.72,0.0,0.0,0.0,0.3,0.5,1.0,0.0,4.0,5.0,3.0,Songa_G1,Songa,41.2,120.0,120.0,222.0,222.0,1,581.915,0.77588665,8.2,27.68,581.915,8.2,27.68,1
2,2015-01-02 00:00:00+00:00,34,2015-01-03 10:00:00+00:00,27.73,0.0,0.0,0.0,0.3,0.5,1.0,0.0,4.0,5.0,2.92,Songa_G1,Songa,41.2,120.0,120.0,222.0,222.0,1,581.915,0.77588665,8.3,27.68,581.915,8.3,27.68,1
2,2015-01-02 00:00:00+00:00,35,2015-01-03 11:00:00+00:00,27.66,0.0,0.0,0.0,0.3,0.5,1.0,0.0,4.0,5.0,2.88,Songa_G1,Songa,41.2,120.0,120.0,222.0,222.0,1,581.915,0.77588665,8.41,27.68,581.915,8.41,27.68,1
2,2015-01-02 00:00:00+00:00,36,2015-01-03 12:00:00+00:00,27.65,0.0,0.0,0.0,0.3,0.5,1.0,0.0,4.0,5.0,2.85,Songa_G1,Songa,41.2,120.0,120.0,222.0,222.0,1,581.915,0.77588665,8.5,27.68,581.915,8.5,27.68,1
2,2015-01-02 00:00:00+00:00,37,2015-01-03 13:00:00+00:00,27.81,0.0,0.0,0.0,0.3,0.5,1.0,0.0,4.0,5.0,2.84,Songa_G1,Songa,41.2,120.0,120.0,222.0,222.0,1,581.915,0.77588665,8.58,27.68,581.915,8.58,27.68,1
2,2015-01-02 00:00:00+00:00,38,2015-01-03 14:00:00+00:00,28.29,0.0,0.0,0.0,0.3,0.5,1.0,0.0,4.0,5.0,2.81,Songa_G1,Songa,41.2,120.0,120.0,222.0,222.0,1,581.915,0.77588665,8.67,27.68,581.915,8.67,27.68,1
2,2015-01-02 00:00:00+00:00,39,2015-01-03 15:00:00+00:00,28.6,0.0,0.0,0.0,0.3,0.5,1.0,0.0,4.0,5.0,2.75,Songa_G1,Songa,41.2,120.0,120.0,222.0,222.0,1,581.915,0.77588665,8.67,27.68,581.915,8.67,27.68,1
2,2015-01-02 00:00:00+00:00,40,2015-01-03 16:00:00+00:00,28.88,0.0,0.0,0.0,0.3,0.5,1.0,0.0,4.0,5.0,2.69,Songa_G1,Songa,41.2,120.0,120.0,222.0,222.0,1,581.915,0.77588665,8.67,27.68,581.915,8.67,27.68,1
2,2015-01-02 00:00:00+00:00,41,2015-01-03 17:00:00+00:00,28.78,0.0,0.0,0.0,0.3,0.5,1.0,0.0,4.0,5.0,2.65,Songa_G1,Songa,41.2,120.0,120.0,222.0,222.0,1,581.915,0.77588665,8.68,27.68,581.915,8.68,27.68,1
2,2015-01-02 00:00:00+00:00,42,2015-01-03 18:00:00+00:00,28.54,0.0,0.0,0.0,0.3,0.5,1.0,0.0,4.0,5.0,2.6,Songa_G1,Songa,41.2,120.0,120.0,222.0,222.0,1,581.915,0.77588665,8.68,27.68,581.915,8.68,27.68,1
2,2015-01-02 00:00:00+00:00,43,2015-01-03 19:00:00+00:00,28.34,0.0,0.0,0.0,0.3,0.5,1.0,0.0,4.0,5.0,2.54,Songa_G1,Songa,41.2,120.0,120.0,222.0,222.0,1,581.915,0.77588665,8.74,27.68,581.915,8.74,27.68,1
2,2015-01-02 00:00:00+00:00,44,2015-01-03 20:00:00+00:00,27.93,0.0,0.0,0.0,0.3,0.5,1.0,0.0,4.0,5.0,2.47,Songa_G1,Songa,41.2,120.0,120.0,222.0,222.0,1,581.915,0.77588665,8.73,27.68,581.915,8.73,27.68,1
2,2015-01-02 00:00:00+00:00,45,2015-01-03 21:00:00+00:00,27.7,0.0,0.0,0.0,0.3,0.5,1.0,0.0,4.0,5.0,2.41,Songa_G1,Songa,41.2,120.0,120.0,222.0,222.0,1,581.915,0.77588665,8.7,27.68,581.915,8.7,27.68,1
2,2015-01-02 00:00:00+00:00,46,2015-01-03 22:00:00+00:00,27.25,0.0,0.0,0.0,0.3,0.5,1.0,0.0,4.0,5.0,2.33,Songa_G1,Songa,41.2,120.0,120.0,222.0,222.0,1,581.915,0.77588665,8.76,27.68,581.915,8.76,27.68,1
2,2015-01-02 00:00:00+00:00,47,2015-01-03 23:00:00+00:00,27.55,0.0,0.0,0.0,0.3,0.5,1.0,0.0,4.0,5.0,2.27,Songa_G1,Songa,41.2,120.0,120.0,222.0,222.0,1,581.915,0.77588665,8.75,27.68,581.915,8.75,27.68,1
2,2015-01-02 00:00:00+00:00,48,2015-01-04 00:00:00+00:00,27.38,0.0,0.0,0.0,0.3,0.5,1.0,0.0,4.0,5.0,2.22,Songa_G1,Songa,41.2,120.0,120.0,222.0,222.0,1,581.915,0.77588665,8.54,27.68,581.915,8.54,27.68,1
2,2015-01-02 00:00:00+00:00,49,2015-01-04 01:00:00+00:00,27.17,0.0,0.0,0.0,0.3,0.5,1.0,0.0,4.0,5.0,2.15,Songa_G1,Songa,41.2,120.0,120.0,222.0,222.0,1,581.915,0.77588665,8.32,27.68,581.915,8.32,27.68,1
2,2015-01-02 00:00:00+00:00,50,2015-01-04 02:00:00+00:00,27.03,0.0,0.0,0.0,0.3,0.5,1.0,0.0,4.0,5.0,2.1,Songa_G1,Songa,41.2,120.0,120.0,222.0,222.0,1,581.915,0.77588665,8.16,27.68,581.915,8.16,27.68,1
2,2015-01-02 00:00:00+00:00,51,2015-01-04 03:00:00+00:00,27.04,0.0,0.0,0.0,0.3,0.5,1.0,0.0,4.0,5.0,2.06,Songa_G1,Songa,41.2,120.0,120.0,222.0,222.0,1,581.915,0.77588665,8.11,27.68,581.915,8.11,27.68,1
2,2015-01-02 00:00:00+00:00,52,2015-01-04 04:00:00+00:00,27.19,0.0,0.0,0.0,0.3,0.5,1.0,0.0,4.0,5.0,2.01,Songa_G1,Songa,41.2,120.0,120.0,222.0,222.0,1,581.915,0.77588665,8.04,27.68,581.915,8.04,27.68,1
2,2015-01-02 00:00:00+00:00,53,2015-01-04 05:00:00+00:00,27.13,0.0,0.0,0.0,0.3,0.5,1.0,0.0,4.0,5.0,1.99,Songa_G1,Songa,41.2,120.0,120.0,222.0,222.0,1,581.915,0.77588665,8.05,27.68,581.915,8.05,27.68,1
2,2015-01-02 00:00:00+00:00,54,2015-01-04 06:00:00+00:00,27.06,0.0,0.0,0.0,0.3,0.5,1.0,0.0,4.0,5.0,1.94,Songa_G1,Songa,41.2,120.0,120.0,222.0,222.0,1,581.915,0.77588665,8.05,27.68,581.915,8.05,27.68,1
2,2015-01-02 00:00:00+00:00,55,2015-01-04 07:00:00+00:00,27.63,0.0,0.0,0.0,0.3,0.5,1.0,0.0,4.0,5.0,1.89,Songa_G1,Songa,41.2,120.0,120.0,222.0,222.0,1,581.915,0.77588665,8.05,27.68,581.915,8.05,27.68,1
2,2015-01-02 00:00:00+00:00,56,2015-01-04 08:00:00+00:00,28.03,0.0,0.0,0.0,0.3,0.5,1.0,0.0,4.0,5.0,1.84,Songa_G1,Songa,41.2,120.0,120.0,222.0,222.0,1,581.915,0.77588665,8.07,27.68,581.915,8.07,27.68,1
2,2015-01-02 00:00:00+00:00,57,2015-01-04 09:00:00+00:00,28.24,0.0,0.0,0.0,0.3,0.5,1.0,0.0,4.0,5.0,1.82,Songa_G1,Songa,41.2,120.0,120.0,222.0,222.0,1,581.915,0.77588665,8.08,27.68,581.915,8.08,27.68,1
2,2015-01-02 00:00:00+00:00,58,2015-01-04 10:00:00+00:00,28.32,0.0,0.0,0.0,0.3,0.5,1.0,0.0,4.0,5.0,1.79,Songa_G1,Songa,41.2,120.0,120.0,222.0,222.0,1,581.915,0.77588665,8.17,27.68,581.915,8.17,27.68,1
2,2015-01-02 00:00:00+00:00,59,2015-01-04 11:00:00+00:00,28.24,0.0,0.0,0.0,0.3,0.5,1.0,0.0,4.0,5.0,1.77,Songa_G1,Songa,41.2,120.0,120.0,222.0,222.0,1,581.915,0.77588665,8.29,27.68,581.915,8.29,27.68,1
2,2015-01-02 00:00:00+00:00,60,2015-01-04 12:00:00+00:00,28.27,0.0,0.0,0.0,0.3,0.5,1.0,0.0,4.0,5.0,1.74,Songa_G1,Songa,41.2,120.0,120.0,222.0,222.0,1,581.915,0.77588665,8.41,27.68,581.915,8.41,27.68,1
2,2015-01-02 00:00:00+00:00,61,2015-01-04 13:00:00+00:00,28.32,0.0,0.0,0.0,0.3,0.5,1.0,0.0,4.0,5.0,1.72,Songa_G1,Songa,41.2,120.0,120.0,222.0,222.0,1,581.915,0.77588665,8.530001,27.68,581.915,8.530001,27.68,1
2,2015-01-02 00:00:00+00:00,62,2015-01-04 14:00:00+00:00,28.37,0.0,0.0,0.0,0.3,0.5,1.0,0.0,4.0,5.0,1.7,Songa_G1,Songa,41.2,120.0,120.0,222.0,222.0,1,581.915,0.77588665,8.56,27.68,581.915,8.56,27.68,1
2,2015-01-02 00:00:00+00:00,63,2015-01-04 15:00:00+00:00,28.65,0.0,0.0,0.0,0.3,0.5,1.0,0.0,4.0,5.0,1.68,Songa_G1,Songa,41.2,120.0,120.0,222.0,222.0,1,581.915,0.77588665,8.52,27.68,581.915,8.52,27.68,1
2,2015-01-02 00:00:00+00:00,64,2015-01-04 16:00:00+00:00,28.98,0.0,0.0,0.0,0.3,0.5,1.0,0.0,4.0,5.0,1.68,Songa_G1,Songa,41.2,120.0,120.0,222.0,222.0,1,581.915,0.77588665,8.47,27.68,581.915,8.47,27.68,1
2,2015-01-02 00:00:00+00:00,65,2015-01-04 17:00:00+00:00,29.54,0.0,0.0,0.0,0.3,0.5,1.0,0.0,4.0,5.0,1.65,Songa_G1,Songa,41.2,120.0,120.0,222.0,222.0,1,581.915,0.77588665,8.62,27.68,581.915,8.62,27.68,1
2,2015-01-02 00:00:00+00:00,66,2015-01-04 18:00:00+00:00,29.42,0.0,0.0,0.0,0.3,0.5,1.0,0.0,4.0,5.0,1.64,Songa_G1,Songa,41.2,120.0,120.0,222.0,222.0,1,581.915,0.77588665,8.88,27.68,581.915,8.88,27.68,1
2,2015-01-02 00:00:00+00:00,67,2015-01-04 19:00:00+00:00,28.92,0.0,0.0,0.0,0.3,0.5,1.0,0.0,4.0,5.0,1.63,Songa_G1,Songa,41.2,120.0,120.0,222.0,222.0,1,581.915,0.77588665,9.25,27.68,581.915,9.25,27.68,1
2,2015-01-02 00:00:00+00:00,68,2015-01-04 20:00:00+00:00,28.66,0.0,0.0,0.0,0.3,0.5,1.0,0.0,4.0,5.0,1.6,Songa_G1,Songa,41.2,120.0,120.0,222.0,222.0,1,581.915,0.77588665,9.21,27.68,581.915,9.21,27.68,1
2,2015-01-02 00:00:00+00:00,69,2015-01-04 21:00:00+00:00,28.69,0.0,0.0,0.0,0.3,0.5,1.0,0.0,4.0,5.0,1.59,Songa_G1,Songa,41.2,120.0,120.0,222.0,222.0,1,581.915,0.77588665,9.29,27.68,581.915,9.29,27.68,1
2,2015-01-02 00:00:00+00:00,70,2015-01-04 22:00:00+00:00,28.02,0.0,0.0,0.0,0.3,0.5,1.0,0.0,4.0,5.0,1.58,Songa_G1,Songa,41.2,120.0,120.0,222.0,222.0,1,581.915,0.77588665,9.4,27.68,581.915,9.4,27.68,1
2,2015-01-02 00:00:00+00:00,71,2015-01-04 23:00:00+00:00,28.19,0.0,0.0,0.0,0.3,0.5,1.0,0.0,4.0,5.0,1.57,Songa_G1,Songa,41.2,120.0,120.0,222.0,222.0,1,581.915,0.77588665,9.52,27.68,581.915,9.52,27.68,1
2,2015-01-02 00:00:00+00:00,72,2015-01-05 00:00:00+00:00,28.15,0.0,0.0,0.0,0.3,0.5,1.0,0.0,4.0,5.0,1.56,Songa_G1,Songa,41.2,120.0,120.0,222.0,222.0,1,581.915,0.77588665,9.55,27.68,581.915,9.55,27.68,1
2,2015-01-02 00:00:00+00:00,73,2015-01-05 01:00:00+00:00,28.13,0.0,0.0,0.0,0.3,0.5,1.0,0.0,4.0,5.0,1.54,Songa_G1,Songa,41.2,120.0,120.0,222.0,222.0,1,581.915,0.77588665,9.63,27.68,581.915,9.63,27.68,1
2,2015-01-02 00:00:00+00:00,74,2015-01-05 02:00:00+00:00,28.05,0.0,0.0,0.0,0.3,0.5,1.0,0.0,4.0,5.0,1.53,Songa_G1,Songa,41.2,120.0,120.0,222.0,222.0,1,581.915,0.77588665,9.71,27.68,581.915,9.71,27.68,1
2,2015-01-02 00:00:00+00:00,75,2015-01-05 03:00:00+00:00,28.04,0.0,0.0,0.0,0.3,0.5,1.0,0.0,4.0,5.0,1.52,Songa_G1,Songa,41.2,120.0,120.0,222.0,222.0,1,581.915,0.77588665,9.76,27.68,581.915,9.76,27.68,1
2,2015-01-02 00:00:00+00:00,76,2015-01-05 04:00:00+00:00,28.46,0.0,0.0,0.0,0.3,0.5,1.0,0.0,4.0,5.0,1.51,Songa_G1,Songa,41.2,120.0,120.0,222.0,222.0,1,581.915,0.77588665,9.79,27.68,581.915,9.79,27.68,1
2,2015-01-02 00:00:00+00:00,77,2015-01-05 05:00:00+00:00,28.78,0.0,0.0,0.0,0.3,0.5,1.0,0.0,4.0,5.0,1.5,Songa_G1,Songa,41.2,120.0,120.0,222.0,222.0,1,581.915,0.77588665,9.860001,27.68,581.915,9.860001,27.68,1
2,2015-01-02 00:00:00+00:00,78,2015-01-05 06:00:00+00:00,30.99,0.0,0.0,0.0,0.3,0.5,1.0,0.0,4.0,5.0,1.48,Songa_G1,Songa,41.2,120.0,120.0,222.0,222.0,1,581.915,0.77588665,9.91,27.68,581.915,9.91,27.68,1
2,2015-01-02 00:00:00+00:00,79,2015-01-05 07:00:00+00:00,38.15,0.0,0.0,0.0,0.3,0.5,1.0,0.0,4.0,5.0,1.47,Songa_G1,Songa,41.2,120.0,120.0,222.0,222.0,1,581.915,0.77588665,9.969999,27.68,581.915,9.969999,27.68,1
2,2015-01-02 00:00:00+00:00,80,2015-01-05 08:00:00+00:00,41.51,0.0,0.0,0.0,0.3,0.5,1.0,0.0,4.0,5.0,1.46,Songa_G1,Songa,41.2,120.0,120.0,222.0,222.0,1,581.915,0.77588665,9.969999,27.68,581.915,9.969999,27.68,1
2,2015-01-02 00:00:00+00:00,81,2015-01-05 09:00:00+00:00,40.46,0.0,0.0,0.0,0.3,0.5,1.0,0.0,4.0,5.0,1.46,Songa_G1,Songa,41.2,120.0,120.0,222.0,222.0,1,581.915,0.77588665,9.96,27.68,581.915,9.96,27.68,1
2,2015-01-02 00:00:00+00:00,82,2015-01-05 10:00:00+00:00,40.97,0.0,0.0,0.0,0.3,0.5,1.0,0.0,4.0,5.0,1.45,Songa_G1,Songa,41.2,120.0,120.0,222.0,222.0,1,581.915,0.77588665,9.969999,27.68,581.915,9.969999,27.68,1
2,2015-01-02 00:00:00+00:00,83,2015-01-05 11:00:00+00:00,38.66,0.0,0.0,0.0,0.3,0.5,1.0,0.0,4.0,5.0,1.45,Songa_G1,Songa,41.2,120.0,120.0,222.0,222.0,1,581.915,0.77588665,9.98,27.68,581.915,9.98,27.68,1
2,2015-01-02 00:00:00+00:00,84,2015-01-05 12:00:00+00:00,36.44,0.0,0.0,0.0,0.3,0.5,1.0,0.0,4.0,5.0,1.45,Songa_G1,Songa,41.2,120.0,120.0,222.0,222.0,1,581.915,0.77588665,9.93,27.68,581.915,9.93,27.68,1
2,2015-01-02 00:00:00+00:00,85,2015-01-05 13:00:00+00:00,37.74,0.0,0.0,0.0,0.3,0.5,1.0,0.0,4.0,5.0,1.45,Songa_G1,Songa,41.2,120.0,120.0,222.0,222.0,1,581.915,0.77588665,9.89,27.68,581.915,9.89,27.68,1
2,2015-01-02 00:00:00+00:00,86,2015-01-05 14:00:00+00:00,43.1,0.0,0.0,0.0,0.3,0.5,1.0,0.0,4.0,5.0,1.45,Songa_G1,Songa,41.2,120.0,120.0,222.0,222.0,1,581.915,0.77588665,9.83,27.68,581.915,9.83,27.68,1
2,2015-01-02 00:00:00+00:00,87,2015-01-05 15:00:00+00:00,46.7,0.0,0.0,0.0,0.3,0.5,1.0,0.0,4.0,5.0,1.44,Songa_G1,Songa,41.2,120.0,120.0,222.0,222.0,1,581.915,0.77588665,9.82,27.68,581.915,9.82,27.68,1
2,2015-01-02 00:00:00+00:00,88,2015-01-05 16:00:00+00:00,56.78,0.0,0.0,0.0,0.3,0.5,1.0,0.0,4.0,5.0,1.44,Songa_G1,Songa,41.2,120.0,120.0,222.0,222.0,1,581.915,0.77588665,9.7699995,27.68,581.915,9.7699995,27.68,1
2,2015-01-02 00:00:00+00:00,89,2015-01-05 17:00:00+00:00,36.49,0.0,0.0,0.0,0.3,0.5,1.0,0.0,4.0,5.0,1.45,Songa_G1,Songa,41.2,120.0,120.0,222.0,222.0,1,581.915,0.77588665,9.76,27.68,581.915,9.76,27.68,1
2,2015-01-02 00:00:00+00:00,90,2015-01-05 18:00:00+00:00,32.43,0.0,0.0,0.0,0.3,0.5,1.0,0.0,4.0,5.0,1.44,Songa_G1,Songa,41.2,120.0,120.0,222.0,222.0,1,581.915,0.77588665,9.71,27.68,581.915,9.71,27.68,1
2,2015-01-02 00:00:00+00:00,91,2015-01-05 19:00:00+00:00,31.39,0.0,0.0,0.0,0.3,0.5,1.0,0.0,4.0,5.0,1.43,Songa_G1,Songa,41.2,120.0,120.0,222.0,222.0,1,581.915,0.77588665,9.690001,27.68,581.915,9.690001,27.68,1
2,2015-01-02 00:00:00+00:00,92,2015-01-05 20:00:00+00:00,30.29,0.0,0.0,0.0,0.3,0.5,1.0,0.0,4.0,5.0,1.43,Songa_G1,Songa,41.2,120.0,120.0,222.0,222.0,1,581.915,0.77588665,9.64,27.68,581.915,9.64,27.68,1
2,2015-01-02 00:00:00+00:00,93,2015-01-05 21:00:00+00:00,29.43,0.0,0.0,0.0,0.3,0.5,1.0,0.0,4.0,5.0,1.43,Songa_G1,Songa,41.2,120.0,120.0,222.0,222.0,1,581.915,0.77588665,9.55,27.68,581.915,9.55,27.68,1
2,2015-01-02 00:00:00+00:00,94,2015-01-05 22:00:00+00:00,29.09,0.0,0.0,0.0,0.3,0.5,1.0,0.0,4.0,5.0,1.44,Songa_G1,Songa,41.2,120.0,120.0,222.0,222.0,1,581.915,0.77588665,9.49,27.68,581.915,9.49,27.68,1
2,2015-01-02 00:00:00+00:00,95,2015-01-05 23:00:00+00:00,28.08,0.0,0.0,0.0,0.3,0.5,1.0,0.0,4.0,5.0,1.44,Songa_G1,Songa,41.2,120.0,120.0,222.0,222.0,1,581.915,0.77588665,9.43,27.68,581.915,9.43,27.68,1
2,2015-01-02 00:00:00+00:00,96,2015-01-06 00:00:00+00:00,27.94,0.0,0.0,0.0,0.3,0.5,1.0,0.0,4.0,5.0,1.44,Songa_G1,Songa,41.2,120.0,120.0,222.0,222.0,1,581.915,0.77588665,9.37,27.68,581.915,9.37,27.68,1
2,2015-01-02 00:00:00+00:00,97,2015-01-06 01:00:00+00:00,27.91,0.0,0.0,0.0,0.3,0.5,1.0,0.0,4.0,5.0,1.44,Songa_G1,Songa,41.2,120.0,120.0,222.0,222.0,1,581.915,0.77588665,9.33,27.68,581.915,9.33,27.68,1
2,2015-01-02 00:00:00+00:00,98,2015-01-06 02:00:00+00:00,27.89,0.0,0.0,0.0,0.3,0.5,1.0,0.0,4.0,5.0,1.44,Songa_G1,Songa,41.2,120.0,120.0,222.0,222.0,1,581.915,0.77588665,9.3,27.68,581.915,9.3,27.68,1
2,2015-01-02 00:00:00+00:00,99,2015-01-06 03:00:00+00:00,27.89,0.0,0.0,0.0,0.3,0.5,1.0,0.0,4.0,5.0,1.44,Songa_G1,Songa,41.2,120.0,120.0,222.0,222.0,1,581.915,0.77588665,9.25,27.68,581.915,9.25,27.68,1
2,2015-01-02 00:00:00+00:00,100,2015-01-06 04:00:00+00:00,28.01,0.0,0.0,0.0,0.3,0.5,1.0,0.0,4.0,5.0,1.44,Songa_G1,Songa,41.2,120.0,120.0,222.0,222.0,1,581.915,0.77588665,9.2,27.68,581.915,9.2,27.68,1
2,2015-01-02 00:00:00+00:00,101,2015-01-06 05:00:00+00:00,28.73,0.0,0.0,0.0,0.3,0.5,1.0,0.0,4.0,5.0,1.44,Songa_G1,Songa,41.2,120.0,120.0,222.0,222.0,1,581.915,0.77588665,9.16,27.68,581.915,9.16,27.68,1
2,2015-01-02 00:00:00+00:00,102,2015-01-06 06:00:00+00:00,30.03,0.0,0.0,0.0,0.3,0.5,1.0,0.0,4.0,5.0,1.43,Songa_G1,Songa,41.2,120.0,120.0,222.0,222.0,1,581.915,0.77588665,9.14,27.68,581.915,9.14,27.68,1
2,2015-01-02 00:00:00+00:00,103,2015-01-06 07:00:00+00:00,30.5,0.0,0.0,0.0,0.3,0.5,1.0,0.0,4.0,5.0,1.42,Songa_G1,Songa,41.2,120.0,120.0,222.0,222.0,1,581.915,0.77588665,9.1,27.68,581.915,9.1,27.68,1
2,2015-01-02 00:00:00+00:00,104,2015-01-06 08:00:00+00:00,30.35,0.0,0.0,0.0,0.3,0.5,1.0,0.0,4.0,5.0,1.42,Songa_G1,Songa,41.2,120.0,120.0,222.0,222.0,1,581.915,0.77588665,9.01,27.68,581.915,9.01,27.68,1
2,2015-01-02 00:00:00+00:00,105,2015-01-06 09:00:00+00:00,30.53,0.0,0.0,0.0,0.3,0.5,1.0,0.0,4.0,5.0,1.42,Songa_G1,Songa,41.2,120.0,120.0,222.0,222.0,1,581.915,0.77588665,8.95,27.68,581.915,8.95,27.68,1
2,2015-01-02 00:00:00+00:00,106,2015-01-06 10:00:00+00:00,29.91,0.0,0.0,0.0,0.3,0.5,1.0,0.0,4.0,5.0,1.43,Songa_G1,Songa,41.2,120.0,120.0,222.0,222.0,1,581.915,0.77588665,8.95,27.68,581.915,8.95,27.68,1
2,2015-01-02 00:00:00+00:00,107,2015-01-06 11:00:00+00:00,29.62,0.0,0.0,0.0,0.3,0.5,1.0,0.0,4.0,5.0,1.41,Songa_G1,Songa,41.2,120.0,120.0,222.0,222.0,1,581.915,0.77588665,8.91,27.68,581.915,8.91,27.68,1
2,2015-01-02 00:00:00+00:00,108,2015-01-06 12:00:00+00:00,29.58,0.0,0.0,0.0,0.3,0.5,1.0,0.0,4.0,5.0,1.4,Songa_G1,Songa,41.2,120.0,120.0,222.0,222.0,1,581.915,0.77588665,8.860001,27.68,581.915,8.860001,27.68,1
2,2015-01-02 00:00:00+00:00,109,2015-01-06 13:00:00+00:00,29.57,0.0,0.0,0.0,0.3,0.5,1.0,0.0,4.0,5.0,1.41,Songa_G1,Songa,41.2,120.0,120.0,222.0,222.0,1,581.915,0.77588665,8.860001,27.68,581.915,8.860001,27.68,1
2,2015-01-02 00:00:00+00:00,110,2015-01-06 14:00:00+00:00,29.62,0.0,0.0,0.0,0.3,0.5,1.0,0.0,4.0,5.0,1.41,Songa_G1,Songa,41.2,120.0,120.0,222.0,222.0,1,581.915,0.77588665,8.83,27.68,581.915,8.83,27.68,1
2,2015-01-02 00:00:00+00:00,111,2015-01-06 15:00:00+00:00,29.99,0.0,0.0,0.0,0.3,0.5,1.0,0.0,4.0,5.0,1.41,Songa_G1,Songa,41.2,120.0,120.0,222.0,222.0,1,581.915,0.77588665,8.8,27.68,581.915,8.8,27.68,1
2,2015-01-02 00:00:00+00:00,112,2015-01-06 16:00:00+00:00,29.65,0.0,0.0,0.0,0.3,0.5,1.0,0.0,4.0,5.0,1.41,Songa_G1,Songa,41.2,120.0,120.0,222.0,222.0,1,581.915,0.77588665,8.78,27.68,581.915,8.78,27.68,1
2,2015-01-02 00:00:00+00:00,113,2015-01-06 17:00:00+00:00,29.58,0.0,0.0,0.0,0.3,0.5,1.0,0.0,4.0,5.0,1.4,Songa_G1,Songa,41.2,120.0,120.0,222.0,222.0,1,581.915,0.77588665,8.74,27.68,581.915,8.74,27.68,1
2,2015-01-02 00:00:00+00:00,114,2015-01-06 18:00:00+00:00,29.0,0.0,0.0,0.0,0.3,0.5,1.0,0.0,4.0,5.0,1.4,Songa_G1,Songa,41.2,120.0,120.0,222.0,222.0,1,581.915,0.77588665,8.71,27.68,581.915,8.71,27.68,1
2,2015-01-02 00:00:00+00:00,115,2015-01-06 19:00:00+00:00,28.45,0.0,0.0,0.0,0.3,0.5,1.0,0.0,4.0,5.0,1.4,Songa_G1,Songa,41.2,120.0,120.0,222.0,222.0,1,581.915,0.77588665,8.73,27.68,581.915,8.73,27.68,1
2,2015-01-02 00:00:00+00:00,116,2015-01-06 20:00:00+00:00,28.15,0.0,0.0,0.0,0.3,0.5,1.0,0.0,4.0,5.0,1.38,Songa_G1,Songa,41.2,120.0,120.0,222.0,222.0,1,581.915,0.77588665,8.69,27.68,581.915,8.69,27.68,1
2,2015-01-02 00:00:00+00:00,117,2015-01-06 21:00:00+00:00,27.73,0.0,0.0,0.0,0.3,0.5,1.0,0.0,4.0,5.0,1.4,Songa_G1,Songa,41.2,120.0,120.0,222.0,222.0,1,581.915,0.77588665,8.67,27.68,581.915,8.67,27.68,0
2,2015-01-02 00:00:00+00:00,118,2015-01-06 22:00:00+00:00,27.32,0.0,0.0,0.0,0.3,0.5,1.0,0.0,4.0,5.0,1.39,Songa_G1,Songa,41.2,120.0,120.0,222.0,222.0,1,581.915,0.77588665,8.639999,27.68,581.915,8.639999,27.68,0
2,2015-01-02 00:00:00+00:00,119,2015-01-06 23:00:00+00:00,26.35,0.0,0.0,0.0,0.3,0.5,1.0,0.0,4.0,5.0,1.31,Songa_G1,Songa,41.2,120.0,120.0,222.0,222.0,1,581.915,0.77588665,8.639999,27.68,581.915,8.639999,27.68,0
2,2015-01-02 00:00:00+00:00,120,2015-01-07 00:00:00+00:00,26.08,0.0,0.0,0.0,0.3,0.5,1.0,0.0,4.0,5.0,1.29,Songa_G1,Songa,41.2,120.0,120.0,222.0,222.0,1,581.915,0.77588665,8.63,27.68,581.915,8.63,27.68,0
2,2015-01-02 00:00:00+00:00,121,2015-01-07 01:00:00+00:00,26.03,0.0,0.0,0.0,0.3,0.5,1.0,0.0,4.0,5.0,1.29,Songa_G1,Songa,41.2,120.0,120.0,222.0,222.0,1,581.915,0.77588665,8.56,27.68,581.915,8.56,27.68,0
2,2015-01-02 00:00:00+00:00,122,2015-01-07 02:00:00+00:00,26.17,0.0,0.0,0.0,0.3,0.5,1.0,0.0,4.0,5.0,1.27,Songa_G1,Songa,41.2,120.0,120.0,222.0,222.0,1,581.915,0.77588665,8.63,27.68,581.915,8.63,27.68,0
2,2015-01-02 00:00:00+00:00,123,2015-01-07 03:00:00+00:00,26.74,0.0,0.0,0.0,0.3,0.5,1.0,0.0,4.0,5.0,1.27,Songa_G1,Songa,41.2,120.0,120.0,222.0,222.0,1,581.915,0.77588665,8.639999,27.68,581.915,8.639999,27.68,0
2,2015-01-02 00:00:00+00:00,124,2015-01-07 04:00:00+00:00,27.78,0.0,0.0,0.0,0.3,0.5,1.0,0.0,4.0,5.0,1.27,Songa_G1,Songa,41.2,120.0,120.0,222.0,222.0,1,581.915,0.77588665,8.62,27.68,581.915,8.62,27.68,0
2,2015-01-02 00:00:00+00:00,125,2015-01-07 05:00:00+00:00,28.48,0.0,0.0,0.0,0.3,0.5,1.0,0.0,4.0,5.0,1.27,Songa_G1,Songa,41.2,120.0,120.0,222.0,222.0,1,581.915,0.77588665,8.57,27.68,581.915,8.57,27.68,1
2,2015-01-02 00:00:00+00:00,126,2015-01-07 06:00:00+00:00,31.53,0.0,0.0,0.0,0.3,0.5,1.0,0.0,4.0,5.0,1.27,Songa_G1,Songa,41.2,120.0,120.0,222.0,222.0,1,581.915,0.77588665,8.5,27.68,581.915,8.5,27.68,1
2,2015-01-02 00:00:00+00:00,127,2015-01-07 07:00:00+00:00,32.54,0.0,0.0,0.0,0.3,0.5,1.0,0.0,4.0,5.0,1.27,Songa_G1,Songa,41.2,120.0,120.0,222.0,222.0,1,581.915,0.77588665,8.43,27.68,581.915,8.43,27.68,1
2,2015-01-02 00:00:00+00:00,128,2015-01-07 08:00:00+00:00,32.24,0.0,0.0,0.0,0.3,0.5,1.0,0.0,4.0,5.0,1.26,Songa_G1,Songa,41.2,120.0,120.0,222.0,222.0,1,581.915,0.77588665,8.35,27.68,581.915,8.35,27.68,1
2,2015-01-02 00:00:00+00:00,129,2015-01-07 09:00:00+00:00,31.96,0.0,0.0,0.0,0.3,0.5,1.0,0.0,4.0,5.0,1.25,Songa_G1,Songa,41.2,120.0,120.0,222.0,222.0,1,581.915,0.77588665,8.32,27.68,581.915,8.32,27.68,1
2,2015-01-02 00:00:00+00:00,130,2015-01-07 10:00:00+00:00,31.66,0.0,0.0,0.0,0.3,0.5,1.0,0.0,4.0,5.0,1.25,Songa_G1,Songa,41.2,120.0,120.0,222.0,222.0,1,581.915,0.77588665,8.34,27.68,581.915,8.34,27.68,1
2,2015-01-02 00:00:00+00:00,131,2015-01-07 11:00:00+00:00,30.97,0.0,0.0,0.0,0.3,0.5,1.0,0.0,4.0,5.0,1.25,Songa_G1,Songa,41.2,120.0,120.0,222.0,222.0,1,581.915,0.77588665,8.34,27.68,581.915,8.34,27.68,1
2,2015-01-02 00:00:00+00:00,132,2015-01-07 12:00:00+00:00,30.65,0.0,0.0,0.0,0.3,0.5,1.0,0.0,4.0,5.0,1.25,Songa_G1,Songa,41.2,120.0,120.0,222.0,222.0,1,581.915,0.77588665,8.35,27.68,581.915,8.35,27.68,1
2,2015-01-02 00:00:00+00:00,133,2015-01-07 13:00:00+00:00,30.31,0.0,0.0,0.0,0.3,0.5,1.0,0.0,4.0,5.0,1.23,Songa_G1,Songa,41.2,120.0,120.0,222.0,222.0,1,581.915,0.77588665,8.4,27.68,581.915,8.4,27.68,1
2,2015-01-02 00:00:00+00:00,134,2015-01-07 14:00:00+00:00,29.79,0.0,0.0,0.0,0.3,0.5,1.0,0.0,4.0,5.0,1.23,Songa_G1,Songa,41.2,120.0,120.0,222.0,222.0,1,581.915,0.77588665,8.4,27.68,581.915,8.4,27.68,1
2,2015-01-02 00:00:00+00:00,135,2015-01-07 15:00:00+00:00,30.72,0.0,0.0,0.0,0.3,0.5,1.0,0.0,4.0,5.0,1.21,Songa_G1,Songa,41.2,120.0,120.0,222.0,222.0,1,581.915,0.77588665,8.37,27.68,581.915,8.37,27.68,1
2,2015-01-02 00:00:00+00:00,136,2015-01-07 16:00:00+00:00,29.56,0.0,0.0,0.0,0.3,0.5,1.0,0.0,4.0,5.0,1.2,Songa_G1,Songa,41.2,120.0,120.0,222.0,222.0,1,581.915,0.77588665,8.389999,27.68,581.915,8.389999,27.68,1
2,2015-01-02 00:00:00+00:00,137,2015-01-07 17:00:00+00:00,28.84,0.0,0.0,0.0,0.3,0.5,1.0,0.0,4.0,5.0,1.2,Songa_G1,Songa,41.2,120.0,120.0,222.0,222.0,1,581.915,0.77588665,8.36,27.68,581.915,8.36,27.68,1
2,2015-01-02 00:00:00+00:00,138,2015-01-07 18:00:00+00:00,28.2,0.0,0.0,0.0,0.3,0.5,1.0,0.0,4.0,5.0,1.2,Songa_G1,Songa,41.2,120.0,120.0,222.0,222.0,1,581.915,0.77588665,8.34,27.68,581.915,8.34,27.68,1
2,2015-01-02 00:00:00+00:00,139,2015-01-07 19:00:00+00:00,27.75,0.0,0.0,0.0,0.3,0.5,1.0,0.0,4.0,5.0,1.2,Songa_G1,Songa,41.2,120.0,120.0,222.0,222.0,1,581.915,0.77588665,8.34,27.68,581.915,8.34,27.68,0
2,2015-01-02 00:00:00+00:00,140,2015-01-07 20:00:00+00:00,27.42,0.0,0.0,0.0,0.3,0.5,1.0,0.0,4.0,5.0,1.21,Songa_G1,Songa,41.2,120.0,120.0,222.0,222.0,1,581.915,0.77588665,8.34,27.68,581.915,8.34,27.68,0
2,2015-01-02 00:00:00+00:00,141,2015-01-07 21:00:00+00:00,26.68,0.0,0.0,0.0,0.3,0.5,1.0,0.0,4.0,5.0,1.22,Songa_G1,Songa,41.2,120.0,120.0,222.0,222.0,1,581.915,0.77588665,8.33,27.68,581.915,8.33,27.68,0
2,2015-01-02 00:00:00+00:00,142,2015-01-07 22:00:00+00:00,26.15,0.0,0.0,0.0,0.3,0.5,1.0,0.0,4.0,5.0,1.21,Songa_G1,Songa,41.2,120.0,120.0,222.0,222.0,1,581.915,0.77588665,8.35,27.68,581.915,8.35,27.68,0
2,2015-01-02 00:00:00+00:00,143,2015-01-07 23:00:00+00:00,26.04,0.0,0.0,0.0,0.3,0.5,1.0,0.0,4.0,5.0,1.19,Songa_G1,Songa,41.2,120.0,120.0,222.0,222.0,1,581.915,0.77588665,8.35,27.68,581.915,8.35,27.68,0
2,2015-01-02 00:00:00+00:00,144,2015-01-08 00:00:00+00:00,25.07,0.0,0.0,0.0,0.3,0.5,1.0,0.0,4.0,5.0,1.19,Songa_G1,Songa,41.2,120.0,120.0,222.0,222.0,1,581.915,0.77588665,8.37,27.68,581.915,8.37,27.68,0
2,2015-01-02 00:00:00+00:00,145,2015-01-08 01:00:00+00:00,24.57,0.0,0.0,0.0,0.3,0.5,1.0,0.0,4.0,5.0,1.2,Songa_G1,Songa,41.2,120.0,120.0,222.0,222.0,1,581.915,0.77588665,8.36,27.68,581.915,8.36,27.68,0
2,2015-01-02 00:00:00+00:00,146,2015-01-08 02:00:00+00:00,24.44,0.0,0.0,0.0,0.3,0.5,1.0,0.0,4.0,5.0,1.19,Songa_G1,Songa,41.2,120.0,120.0,222.0,222.0,1,581.915,0.77588665,8.34,27.68,581.915,8.34,27.68,0
2,2015-01-02 00:00:00+00:00,147,2015-01-08 03:00:00+00:00,24.54,0.0,0.0,0.0,0.3,0.5,1.0,0.0,4.0,5.0,1.19,Songa_G1,Songa,41.2,120.0,120.0,222.0,222.0,1,581.915,0.77588665,8.34,27.68,581.915,8.34,27.68,0
2,2015-01-02 00:00:00+00:00,148,2015-01-08 04:00:00+00:00,26.04,0.0,0.0,0.0,0.3,0.5,1.0,0.0,4.0,5.0,1.19,Songa_G1,Songa,41.2,120.0,120.0,222.0,222.0,1,581.915,0.77588665,8.26,27.68,581.915,8.26,27.68,0
2,2015-01-02 00:00:00+00:00,149,2015-01-08 05:00:00+00:00,26.89,0.0,0.0,0.0,0.3,0.5,1.0,0.0,4.0,5.0,1.2,Songa_G1,Songa,41.2,120.0,120.0,222.0,222.0,1,581.915,0.77588665,8.15,27.68,581.915,8.15,27.68,0
2,2015-01-02 00:00:00+00:00,150,2015-01-08 06:00:00+00:00,27.59,0.0,0.0,0.0,0.3,0.5,1.0,0.0,4.0,5.0,1.19,Songa_G1,Songa,41.2,120.0,120.0,222.0,222.0,1,581.915,0.77588665,8.01,27.68,581.915,8.01,27.68,0
2,2015-01-02 00:00:00+00:00,151,2015-01-08 07:00:00+00:00,28.1,0.0,0.0,0.0,0.3,0.5,1.0,0.0,4.0,5.0,1.17,Songa_G1,Songa,41.2,120.0,120.0,222.0,222.0,1,581.915,0.77588665,7.85,27.68,581.915,7.85,27.68,1
2,2015-01-02 00:00:00+00:00,152,2015-01-08 08:00:00+00:00,28.23,0.0,0.0,0.0,0.3,0.5,1.0,0.0,4.0,5.0,1.18,Songa_G1,Songa,41.2,120.0,120.0,222.0,222.0,1,581.915,0.77588665,7.7400002,27.68,581.915,7.7400002,27.68,1
2,2015-01-02 00:00:00+00:00,153,2015-01-08 09:00:00+00:00,28.35,0.0,0.0,0.0,0.3,0.5,1.0,0.0,4.0,5.0,1.16,Songa_G1,Songa,41.2,120.0,120.0,222.0,222.0,1,581.915,0.77588665,7.6400003,27.68,581.915,7.6400003,27.68,1
2,2015-01-02 00:00:00+00:00,154,2015-01-08 10:00:00+00:00,28.46,0.0,0.0,0.0,0.3,0.5,1.0,0.0,4.0,5.0,1.16,Songa_G1,Songa,41.2,120.0,120.0,222.0,222.0,1,581.915,0.77588665,7.6200004,27.68,581.915,7.6200004,27.68,1
2,2015-01-02 00:00:00+00:00,155,2015-01-08 11:00:00+00:00,28.46,0.0,0.0,0.0,0.3,0.5,1.0,0.0,4.0,5.0,1.16,Songa_G1,Songa,41.2,120.0,120.0,222.0,222.0,1,581.915,0.77588665,7.7,27.68,581.915,7.7,27.68,1
2,2015-01-02 00:00:00+00:00,156,2015-01-08 12:00:00+00:00,28.6,0.0,0.0,0.0,0.3,0.5,1.0,0.0,4.0,5.0,1.16,Songa_G1,Songa,41.2,120.0,120.0,222.0,222.0,1,581.915,0.77588665,7.83,27.68,581.915,7.83,27.68,1
2,2015-01-02 00:00:00+00:00,157,2015-01-08 13:00:00+00:00,28.45,0.0,0.0,0.0,0.3,0.5,1.0,0.0,4.0,5.0,1.16,Songa_G1,Songa,41.2,120.0,120.0,222.0,222.0,1,581.915,0.77588665,7.94,27.68,581.915,7.94,27.68,1
2,2015-01-02 00:00:00+00:00,158,2015-01-08 14:00:00+00:00,28.24,0.0,0.0,0.0,0.3,0.5,1.0,0.0,4.0,5.0,1.16,Songa_G1,Songa,41.2,120.0,120.0,222.0,222.0,1,581.915,0.77588665,8.02,27.68,581.915,8.02,27.68,1
2,2015-01-02 00:00:00+00:00,159,2015-01-08 15:00:00+00:00,28.43,0.0,0.0,0.0,0.3,0.5,1.0,0.0,4.0,5.0,1.15,Songa_G1,Songa,41.2,120.0,120.0,222.0,222.0,1,581.915,0.77588665,8.07,27.68,581.915,8.07,27.68,1
2,2015-01-02 00:00:00+00:00,160,2015-01-08 16:00:00+00:00,28.4,0.0,0.0,0.0,0.3,0.5,1.0,0.0,4.0,5.0,1.14,Songa_G1,Songa,41.2,120.0,120.0,222.0,222.0,1,581.915,0.77588665,8.13,27.68,581.915,8.13,27.68,1
2,2015-01-02 00:00:00+00:00,161,2015-01-08 17:00:00+00:00,27.98,0.0,0.0,0.0,0.3,0.5,1.0,0.0,4.0,5.0,1.14,Songa_G1,Songa,41.2,120.0,120.0,222.0,222.0,1,581.915,0.77588665,8.09,27.68,581.915,8.09,27.68,1
2,2015-01-02 00:00:00+00:00,162,2015-01-08 18:00:00+00:00,27.69,0.0,0.0,0.0,0.3,0.5,1.0,0.0,4.0,5.0,1.15,Songa_G1,Songa,41.2,120.0,120.0,222.0,222.0,1,581.915,0.77588665,8.09,27.68,581.915,8.09,27.68,0
2,2015-01-02 00:00:00+00:00,163,2015-01-08 19:00:00+00:00,27.46,0.0,0.0,0.0,0.3,0.5,1.0,0.0,4.0,5.0,1.16,Songa_G1,Songa,41.2,120.0,120.0,222.0,222.0,1,581.915,0.77588665,8.12,27.68,581.915,8.12,27.68,0
2,2015-01-02 00:00:00+00:00,164,2015-01-08 20:00:00+00:00,27.31,0.0,0.0,0.0,0.3,0.5,1.0,0.0,4.0,5.0,1.16,Songa_G1,Songa,41.2,120.0,120.0,222.0,222.0,1,581.915,0.77588665,8.07,27.68,581.915,8.07,27.68,0
2,2015-01-02 00:00:00+00:00,165,2015-01-08 21:00:00+00:00,26.71,0.0,0.0,0.0,0.3,0.5,1.0,0.0,4.0,5.0,1.16,Songa_G1,Songa,41.2,120.0,120.0,222.0,222.0,1,581.915,0.77588665,8.08,27.68,581.915,8.08,27.68,0
2,2015-01-02 00:00:00+00:00,166,2015-01-08 22:00:00+00:00,25.91,0.0,0.0,0.0,0.3,0.5,1.0,0.0,4.0,5.0,1.15,Songa_G1,Songa,41.2,120.0,120.0,222.0,222.0,1,581.915,0.77588665,7.9700003,27.68,581.915,7.9700003,27.68,0
2,2015-01-02 00:00:00+00:00,167,2015-01-08 23:00:00+00:00,25.89,0.0,0.0,0.0,0.3,0.5,1.0,0.0,4.0,5.0,1.14,Songa_G1,Songa,41.2,120.0,120.0,222.0,222.0,1,581.915,0.77588665,7.84,27.68,581.915,7.84,27.68,0
2,2015-01-02 00:00:00+00:00,0,2015-01-02 00:00:00+00:00,26.41,0.0,0.0,0.0,0.3,0.5,1.0,0.0,4.0,5.0,1.26,Kjela_G1,Kjela,20.6,60.0,60.0,171.0,171.0,1,92.185,0.75376123,0.12,27.84,372.891,4.06,28.958094,0
2,2015-01-02 00:00:00+00:00,1,2015-01-02 01:00:00+00:00,26.2,0.0,0.0,0.0,0.3,0.5,1.0,0.0,4.0,5.0,1.3,Kjela_G1,Kjela,20.6,60.0,60.0,171.0,171.0,1,92.185,0.75376123,0.12,27.84,372.891,4.19,28.958094,0
2,2015-01-02 00:00:00+00:00,2,2015-01-02 02:00:00+00:00,25.6,0.0,0.0,0.0,0.3,0.5,1.0,0.0,4.0,5.0,1.52,Kjela_G1,Kjela,20.6,60.0,60.0,171.0,171.0,1,92.185,0.75376123,0.14,27.84,372.891,4.5699997,28.958094,0
2,2015-01-02 00:00:00+00:00,3,2015-01-02 03:00:00+00:00,24.74,0.0,0.0,0.0,0.3,0.5,1.0,0.0,4.0,5.0,1.7,Kjela_G1,Kjela,20.6,60.0,60.0,171.0,171.0,1,92.185,0.75376123,0.16,27.84,372.891,4.91,28.958094,0
2,2015-01-02 00:00:00+00:00,4,2015-01-02 04:00:00+00:00,26.1,0.0,0.0,0.0,0.3,0.5,1.0,0.0,4.0,5.0,1.75,Kjela_G1,Kjela,20.6,60.0,60.0,171.0,171.0,1,92.185,0.75376123,0.16,27.84,372.891,5.0,28.958094,0
2,2015-01-02 00:00:00+00:00,5,2015-01-02 05:00:00+00:00,27.25,0.0,0.0,0.0,0.3,0.5,1.0,0.0,4.0,5.0,1.65,Kjela_G1,Kjela,20.6,60.0,60.0,171.0,171.0,1,92.185,0.75376123,0.15,27.84,372.891,4.8900003,28.958094,0
2,2015-01-02 00:00:00+00:00,6,2015-01-02 06:00:00+00:00,28.37,0.0,0.0,0.0,0.3,0.5,1.0,0.0,4.0,5.0,1.71,Kjela_G1,Kjela,20.6,60.0,60.0,171.0,171.0,1,92.185,0.75376123,0.16,27.84,372.891,4.9700003,28.958094,0
2,2015-01-02 00:00:00+00:00,7,2015-01-02 07:00:00+00:00,28.37,0.0,0.0,0.0,0.3,0.5,1.0,0.0,4.0,5.0,1.92,Kjela_G1,Kjela,20.6,60.0,60.0,171.0,171.0,1,92.185,0.75376123,0.18,27.84,372.891,5.17,28.958094,0
2,2015-01-02 00:00:00+00:00,8,2015-01-02 08:00:00+00:00,28.32,0.0,0.0,0.0,0.3,0.5,1.0,0.0,4.0,5.0,2.18,Kjela_G1,Kjela,20.6,60.0,60.0,171.0,171.0,1,92.185,0.75376123,0.2,27.84,372.891,5.41,28.958094,0
2,2015-01-02 00:00:00+00:00,9,2015-01-02 09:00:00+00:00,28.3,0.0,0.0,0.0,0.3,0.5,1.0,0.0,4.0,5.0,2.33,Kjela_G1,Kjela,20.6,60.0,60.0,171.0,171.0,1,92.185,0.75376123,0.22,27.84,372.891,5.58,28.958094,0
2,2015-01-02 00:00:00+00:00,10,2015-01-02 10:00:00+00:00,28.39,0.0,0.0,0.0,0.3,0.5,1.0,0.0,4.0,5.0,2.35,Kjela_G1,Kjela,20.6,60.0,60.0,171.0,171.0,1,92.185,0.75376123,0.22,27.84,372.891,5.58,28.958094,0
2,2015-01-02 00:00:00+00:00,11,2015-01-02 11:00:00+00:00,28.3,0.0,0.0,0.0,0.3,0.5,1.0,0.0,4.0,5.0,2.3,Kjela_G1,Kjela,20.6,60.0,60.0,171.0,171.0,1,92.185,0.75376123,0.21,27.84,372.891,5.54,28.958094,0
2,2015-01-02 00:00:00+00:00,12,2015-01-02 12:00:00+00:00,28.24,0.0,0.0,0.0,0.3,0.5,1.0,0.0,4.0,5.0,2.23,Kjela_G1,Kjela,20.6,60.0,60.0,171.0,171.0,1,92.185,0.75376123,0.21,27.84,372.891,5.54,28.958094,0
2,2015-01-02 00:00:00+00:00,13,2015-01-02 13:00:00+00:00,28.12,0.0,0.0,0.0,0.3,0.5,1.0,0.0,4.0,5.0,2.2,Kjela_G1,Kjela,20.6,60.0,60.0,171.0,171.0,1,92.185,0.75376123,0.2,27.84,372.891,5.5,28.958094,0
2,2015-01-02 00:00:00+00:00,14,2015-01-02 14:00:00+00:00,28.23,0.0,0.0,0.0,0.3,0.5,1.0,0.0,4.0,5.0,2.17,Kjela_G1,Kjela,20.6,60.0,60.0,171.0,171.0,1,92.185,0.75376123,0.2,27.84,372.891,5.5,28.958094,0
2,2015-01-02 00:00:00+00:00,15,2015-01-02 15:00:00+00:00,28.59,0.0,0.0,0.0,0.3,0.5,1.0,0.0,4.0,5.0,2.14,Kjela_G1,Kjela,20.6,60.0,60.0,171.0,171.0,1,92.185,0.75376123,0.2,27.84,372.891,5.56,28.958094,0
2,2015-01-02 00:00:00+00:00,16,2015-01-02 16:00:00+00:00,28.73,0.0,0.0,0.0,0.3,0.5,1.0,0.0,4.0,5.0,2.13,Kjela_G1,Kjela,20.6,60.0,60.0,171.0,171.0,1,92.185,0.75376123,0.2,27.84,372.891,5.6299996,28.958094,0
2,2015-01-02 00:00:00+00:00,17,2015-01-02 17:00:00+00:00,28.48,0.0,0.0,0.0,0.3,0.5,1.0,0.0,4.0,5.0,2.05,Kjela_G1,Kjela,20.6,60.0,60.0,171.0,171.0,1,92.185,0.75376123,0.19,27.84,372.891,5.63,28.958094,0
2,2015-01-02 00:00:00+00:00,18,2015-01-02 18:00:00+00:00,28.38,0.0,0.0,0.0,0.3,0.5,1.0,0.0,4.0,5.0,1.64,Kjela_G1,Kjela,20.6,60.0,60.0,171.0,171.0,1,92.185,0.75376123,0.15,27.84,372.891,5.22,28.958094,0
2,2015-01-02 00:00:00+00:00,19,2015-01-02 19:00:00+00:00,27.85,0.0,0.0,0.0,0.3,0.5,1.0,0.0,4.0,5.0,2.06,Kjela_G1,Kjela,20.6,60.0,60.0,171.0,171.0,1,92.185,0.75376123,0.19,27.84,372.891,5.7200003,28.958094,0
2,2015-01-02 00:00:00+00:00,20,2015-01-02 20:00:00+00:00,27.45,0.0,0.0,0.0,0.3,0.5,1.0,0.0,4.0,5.0,2.2,Kjela_G1,Kjela,20.6,60.0,60.0,171.0,171.0,1,92.185,0.75376123,0.2,27.84,372.891,5.9700003,28.958094,0
2,2015-01-02 00:00:00+00:00,21,2015-01-02 21:00:00+00:00,27.2,0.0,0.0,0.0,0.3,0.5,1.0,0.0,4.0,5.0,2.38,Kjela_G1,Kjela,20.6,60.0,60.0,171.0,171.0,1,92.185,0.75376123,0.22,27.84,372.891,6.25,28.958094,0
2,2015-01-02 00:00:00+00:00,22,2015-01-02 22:00:00+00:00,26.79,0.0,0.0,0.0,0.3,0.5,1.0,0.0,4.0,5.0,2.59,Kjela_G1,Kjela,20.6,60.0,60.0,171.0,171.0,1,92.185,0.75376123,0.24,27.84,372.891,6.5999994,28.958094,0
2,2015-01-02 00:00:00+00:00,23,2015-01-02 23:00:00+00:00,25.85,0.0,0.0,0.0,0.3,0.5,1.0,0.0,4.0,5.0,2.83,Kjela_G1,Kjela,20.6,60.0,60.0,171.0,171.0,1,92.185,0.75376123,0.26,27.84,372.891,6.87,28.958094,0
2,2015-01-02 00:00:00+00:00,24,2015-01-03 00:00:00+00:00,25.54,0.0,0.0,0.0,0.3,0.5,1.0,0.0,4.0,5.0,2.84,Kjela_G1,Kjela,20.6,60.0,60.0,171.0,171.0,1,92.185,0.75376123,0.26,27.84,372.891,6.91,28.958094,0
2,2015-01-02 00:00:00+00:00,25,2015-01-03 01:00:00+00:00,25.43,0.0,0.0,0.0,0.3,0.5,1.0,0.0,4.0,5.0,2.77,Kjela_G1,Kjela,20.6,60.0,60.0,171.0,171.0,1,92.185,0.75376123,0.26,27.84,372.891,6.8999996,28.958094,0
2,2015-01-02 00:00:00+00:00,26,2015-01-03 02:00:00+00:00,25.34,0.0,0.0,0.0,0.3,0.5,1.0,0.0,4.0,5.0,2.86,Kjela_G1,Kjela,20.6,60.0,60.0,171.0,171.0,1,92.185,0.75376123,0.27,27.84,372.891,6.99,28.958094,0
2,2015-01-02 00:00:00+00:00,27,2015-01-03 03:00:00+00:00,25.29,0.0,0.0,0.0,0.3,0.5,1.0,0.0,4.0,5.0,3.02,Kjela_G1,Kjela,20.6,60.0,60.0,171.0,171.0,1,92.185,0.75376123,0.28,27.84,372.891,7.1399994,28.958094,0
2,2015-01-02 00:00:00+00:00,28,2015-01-03 04:00:00+00:00,25.3,0.0,0.0,0.0,0.3,0.5,1.0,0.0,4.0,5.0,3.13,Kjela_G1,Kjela,20.6,60.0,60.0,171.0,171.0,1,92.185,0.75376123,0.29,27.84,372.891,7.18,28.958094,0
2,2015-01-02 00:00:00+00:00,29,2015-01-03 05:00:00+00:00,25.55,0.0,0.0,0.0,0.3,0.5,1.0,0.0,4.0,5.0,3.16,Kjela_G1,Kjela,20.6,60.0,60.0,171.0,171.0,1,92.185,0.75376123,0.29,27.84,372.891,7.21,28.958094,0
2,2015-01-02 00:00:00+00:00,30,2015-01-03 06:00:00+00:00,26.75,0.0,0.0,0.0,0.3,0.5,1.0,0.0,4.0,5.0,3.13,Kjela_G1,Kjela,20.6,60.0,60.0,171.0,171.0,1,92.185,0.75376123,0.29,27.84,372.891,7.14,28.958094,0
2,2015-01-02 00:00:00+00:00,31,2015-01-03 07:00:00+00:00,26.98,0.0,0.0,0.0,0.3,0.5,1.0,0.0,4.0,5.0,3.06,Kjela_G1,Kjela,20.6,60.0,60.0,171.0,171.0,1,92.185,0.75376123,0.28,27.84,372.891,7.02,28.958094,0
2,2015-01-02 00:00:00+00:00,32,2015-01-03 08:00:00+00:00,27.52,0.0,0.0,0.0,0.3,0.5,1.0,0.0,4.0,5.0,3.01,Kjela_G1,Kjela,20.6,60.0,60.0,171.0,171.0,1,92.185,0.75376123,0.28,27.84,372.891,6.91,28.958094,0
2,2015-01-02 00:00:00+00:00,33,2015-01-03 09:00:00+00:00,27.72,0.0,0.0,0.0,0.3,0.5,1.0,0.0,4.0,5.0,3.0,Kjela_G1,Kjela,20.6,60.0,60.0,171.0,171.0,1,92.185,0.75376123,0.28,27.84,372.891,6.8900003,28.958094,0
2,2015-01-02 00:00:00+00:00,34,2015-01-03 10:00:00+00:00,27.73,0.0,0.0,0.0,0.3,0.5,1.0,0.0,4.0,5.0,2.92,Kjela_G1,Kjela,20.6,60.0,60.0,171.0,171.0,1,92.185,0.75376123,0.27,27.84,372.891,6.83,28.958094,0
2,2015-01-02 00:00:00+00:00,35,2015-01-03 11:00:00+00:00,27.66,0.0,0.0,0.0,0.3,0.5,1.0,0.0,4.0,5.0,2.88,Kjela_G1,Kjela,20.6,60.0,60.0,171.0,171.0,1,92.185,0.75376123,0.27,27.84,372.891,6.87,28.958094,0
2,2015-01-02 00:00:00+00:00,36,2015-01-03 12:00:00+00:00,27.65,0.0,0.0,0.0,0.3,0.5,1.0,0.0,4.0,5.0,2.85,Kjela_G1,Kjela,20.6,60.0,60.0,171.0,171.0,1,92.185,0.75376123,0.26,27.84,372.891,6.85,28.958094,0
2,2015-01-02 00:00:00+00:00,37,2015-01-03 13:00:00+00:00,27.81,0.0,0.0,0.0,0.3,0.5,1.0,0.0,4.0,5.0,2.84,Kjela_G1,Kjela,20.6,60.0,60.0,171.0,171.0,1,92.185,0.75376123,0.26,27.84,372.891,6.75,28.958094,0
2,2015-01-02 00:00:00+00:00,38,2015-01-03 14:00:00+00:00,28.29,0.0,0.0,0.0,0.3,0.5,1.0,0.0,4.0,5.0,2.81,Kjela_G1,Kjela,20.6,60.0,60.0,171.0,171.0,1,92.185,0.75376123,0.26,27.84,372.891,6.64,28.958094,0
2,2015-01-02 00:00:00+00:00,39,2015-01-03 15:00:00+00:00,28.6,0.0,0.0,0.0,0.3,0.5,1.0,0.0,4.0,5.0,2.75,Kjela_G1,Kjela,20.6,60.0,60.0,171.0,171.0,1,92.185,0.75376123,0.25,27.84,372.891,6.5299997,28.958094,0
2,2015-01-02 00:00:00+00:00,40,2015-01-03 16:00:00+00:00,28.88,0.0,0.0,0.0,0.3,0.5,1.0,0.0,4.0,5.0,2.69,Kjela_G1,Kjela,20.6,60.0,60.0,171.0,171.0,1,92.185,0.75376123,0.25,27.84,372.891,6.4599996,28.958094,0
2,2015-01-02 00:00:00+00:00,41,2015-01-03 17:00:00+00:00,28.78,0.0,0.0,0.0,0.3,0.5,1.0,0.0,4.0,5.0,2.65,Kjela_G1,Kjela,20.6,60.0,60.0,171.0,171.0,1,92.185,0.75376123,0.25,27.84,372.891,6.45,28.958094,0
2,2015-01-02 00:00:00+00:00,42,2015-01-03 18:00:00+00:00,28.54,0.0,0.0,0.0,0.3,0.5,1.0,0.0,4.0,5.0,2.6,Kjela_G1,Kjela,20.6,60.0,60.0,171.0,171.0,1,92.185,0.75376123,0.24,27.84,372.891,6.3899994,28.958094,0
2,2015-01-02 00:00:00+00:00,43,2015-01-03 19:00:00+00:00,28.34,0.0,0.0,0.0,0.3,0.5,1.0,0.0,4.0,5.0,2.54,Kjela_G1,Kjela,20.6,60.0,60.0,171.0,171.0,1,92.185,0.75376123,0.24,27.84,372.891,6.34,28.958094,0
2,2015-01-02 00:00:00+00:00,44,2015-01-03 20:00:00+00:00,27.93,0.0,0.0,0.0,0.3,0.5,1.0,0.0,4.0,5.0,2.47,Kjela_G1,Kjela,20.6,60.0,60.0,171.0,171.0,1,92.185,0.75376123,0.23,27.84,372.891,6.29,28.958094,0
2,2015-01-02 00:00:00+00:00,45,2015-01-03 21:00:00+00:00,27.7,0.0,0.0,0.0,0.3,0.5,1.0,0.0,4.0,5.0,2.41,Kjela_G1,Kjela,20.6,60.0,60.0,171.0,171.0,1,92.185,0.75376123,0.22,27.84,372.891,6.2300005,28.958094,0
2,2015-01-02 00:00:00+00:00,46,2015-01-03 22:00:00+00:00,27.25,0.0,0.0,0.0,0.3,0.5,1.0,0.0,4.0,5.0,2.33,Kjela_G1,Kjela,20.6,60.0,60.0,171.0,171.0,1,92.185,0.75376123,0.22,27.84,372.891,6.12,28.958094,0
2,2015-01-02 00:00:00+00:00,47,2015-01-03 23:00:00+00:00,27.55,0.0,0.0,0.0,0.3,0.5,1.0,0.0,4.0,5.0,2.27,Kjela_G1,Kjela,20.6,60.0,60.0,171.0,171.0,1,92.185,0.75376123,0.21,27.84,372.891,6.05,28.958094,0
2,2015-01-02 00:00:00+00:00,48,2015-01-04 00:00:00+00:00,27.38,0.0,0.0,0.0,0.3,0.5,1.0,0.0,4.0,5.0,2.22,Kjela_G1,Kjela,20.6,60.0,60.0,171.0,171.0,1,92.185,0.75376123,0.21,27.84,372.891,5.98,28.958094,0
2,2015-01-02 00:00:00+00:00,49,2015-01-04 01:00:00+00:00,27.17,0.0,0.0,0.0,0.3,0.5,1.0,0.0,4.0,5.0,2.15,Kjela_G1,Kjela,20.6,60.0,60.0,171.0,171.0,1,92.185,0.75376123,0.2,27.84,372.891,5.8599997,28.958094,0
2,2015-01-02 00:00:00+00:00,50,2015-01-04 02:00:00+00:00,27.03,0.0,0.0,0.0,0.3,0.5,1.0,0.0,4.0,5.0,2.1,Kjela_G1,Kjela,20.6,60.0,60.0,171.0,171.0,1,92.185,0.75376123,0.19,27.84,372.891,5.7799997,28.958094,0
2,2015-01-02 00:00:00+00:00,51,2015-01-04 03:00:00+00:00,27.04,0.0,0.0,0.0,0.3,0.5,1.0,0.0,4.0,5.0,2.06,Kjela_G1,Kjela,20.6,60.0,60.0,171.0,171.0,1,92.185,0.75376123,0.19,27.84,372.891,5.71,28.958094,0
2,2015-01-02 00:00:00+00:00,52,2015-01-04 04:00:00+00:00,27.19,0.0,0.0,0.0,0.3,0.5,1.0,0.0,4.0,5.0,2.01,Kjela_G1,Kjela,20.6,60.0,60.0,171.0,171.0,1,92.185,0.75376123,0.19,27.84,372.891,5.63,28.958094,0
2,2015-01-02 00:00:00+00:00,53,2015-01-04 05:00:00+00:00,27.13,0.0,0.0,0.0,0.3,0.5,1.0,0.0,4.0,5.0,1.99,Kjela_G1,Kjela,20.6,60.0,60.0,171.0,171.0,1,92.185,0.75376123,0.18,27.84,372.891,5.54,28.958094,0
2,2015-01-02 00:00:00+00:00,54,2015-01-04 06:00:00+00:00,27.06,0.0,0.0,0.0,0.3,0.5,1.0,0.0,4.0,5.0,1.94,Kjela_G1,Kjela,20.6,60.0,60.0,171.0,171.0,1,92.185,0.75376123,0.18,27.84,372.891,5.48,28.958094,0
2,2015-01-02 00:00:00+00:00,55,2015-01-04 07:00:00+00:00,27.63,0.0,0.0,0.0,0.3,0.5,1.0,0.0,4.0,5.0,1.89,Kjela_G1,Kjela,20.6,60.0,60.0,171.0,171.0,1,92.185,0.75376123,0.18,27.84,372.891,5.39,28.958094,0
2,2015-01-02 00:00:00+00:00,56,2015-01-04 08:00:00+00:00,28.03,0.0,0.0,0.0,0.3,0.5,1.0,0.0,4.0,5.0,1.84,Kjela_G1,Kjela,20.6,60.0,60.0,171.0,171.0,1,92.185,0.75376123,0.17,27.84,372.891,5.26,28.958094,0
2,2015-01-02 00:00:00+00:00,57,2015-01-04 09:00:00+00:00,28.24,0.0,0.0,0.0,0.3,0.5,1.0,0.0,4.0,5.0,1.82,Kjela_G1,Kjela,20.6,60.0,60.0,171.0,171.0,1,92.185,0.75376123,0.17,27.84,372.891,5.19,28.958094,0
2,2015-01-02 00:00:00+00:00,58,2015-01-04 10:00:00+00:00,28.32,0.0,0.0,0.0,0.3,0.5,1.0,0.0,4.0,5.0,1.79,Kjela_G1,Kjela,20.6,60.0,60.0,171.0,171.0,1,92.185,0.75376123,0.17,27.84,372.891,5.14,28.958094,0
2,2015-01-02 00:00:00+00:00,59,2015-01-04 11:00:00+00:00,28.24,0.0,0.0,0.0,0.3,0.5,1.0,0.0,4.0,5.0,1.77,Kjela_G1,Kjela,20.6,60.0,60.0,171.0,171.0,1,92.185,0.75376123,0.16,27.84,372.891,5.1,28.958094,0
2,2015-01-02 00:00:00+00:00,60,2015-01-04 12:00:00+00:00,28.27,0.0,0.0,0.0,0.3,0.5,1.0,0.0,4.0,5.0,1.74,Kjela_G1,Kjela,20.6,60.0,60.0,171.0,171.0,1,92.185,0.75376123,0.16,27.84,372.891,5.06,28.958094,0
2,2015-01-02 00:00:00+00:00,61,2015-01-04 13:00:00+00:00,28.32,0.0,0.0,0.0,0.3,0.5,1.0,0.0,4.0,5.0,1.72,Kjela_G1,Kjela,20.6,60.0,60.0,171.0,171.0,1,92.185,0.75376123,0.16,27.84,372.891,5.02,28.958094,0
2,2015-01-02 00:00:00+00:00,62,2015-01-04 14:00:00+00:00,28.37,0.0,0.0,0.0,0.3,0.5,1.0,0.0,4.0,5.0,1.7,Kjela_G1,Kjela,20.6,60.0,60.0,171.0,171.0,1,92.185,0.75376123,0.16,27.84,372.891,5.0,28.958094,0
2,2015-01-02 00:00:00+00:00,63,2015-01-04 15:00:00+00:00,28.65,0.0,0.0,0.0,0.3,0.5,1.0,0.0,4.0,5.0,1.68,Kjela_G1,Kjela,20.6,60.0,60.0,171.0,171.0,1,92.185,0.75376123,0.16,27.84,372.891,4.9700003,28.958094,1
2,2015-01-02 00:00:00+00:00,64,2015-01-04 16:00:00+00:00,28.98,0.0,0.0,0.0,0.3,0.5,1.0,0.0,4.0,5.0,1.68,Kjela_G1,Kjela,20.6,60.0,60.0,171.0,171.0,1,92.185,0.75376123,0.16,27.84,372.891,4.9300003,28.958094,1
2,2015-01-02 00:00:00+00:00,65,2015-01-04 17:00:00+00:00,29.54,0.0,0.0,0.0,0.3,0.5,1.0,0.0,4.0,5.0,1.65,Kjela_G1,Kjela,20.6,60.0,60.0,171.0,171.0,1,92.185,0.75376123,0.15,27.84,372.891,4.8900003,28.958094,1
2,2015-01-02 00:00:00+00:00,66,2015-01-04 18:00:00+00:00,29.42,0.0,0.0,0.0,0.3,0.5,1.0,0.0,4.0,5.0,1.64,Kjela_G1,Kjela,20.6,60.0,60.0,171.0,171.0,1,92.185,0.75376123,0.15,27.84,372.891,4.8900003,28.958094,1
2,2015-01-02 00:00:00+00:00,67,2015-01-04 19:00:00+00:00,28.92,0.0,0.0,0.0,0.3,0.5,1.0,0.0,4.0,5.0,1.63,Kjela_G1,Kjela,20.6,60.0,60.0,171.0,171.0,1,92.185,0.75376123,0.15,27.84,372.891,4.88,28.958094,1
2,2015-01-02 00:00:00+00:00,68,2015-01-04 20:00:00+00:00,28.66,0.0,0.0,0.0,0.3,0.5,1.0,0.0,4.0,5.0,1.6,Kjela_G1,Kjela,20.6,60.0,60.0,171.0,171.0,1,92.185,0.75376123,0.15,27.84,372.891,4.84,28.958094,1
2,2015-01-02 00:00:00+00:00,69,2015-01-04 21:00:00+00:00,28.69,0.0,0.0,0.0,0.3,0.5,1.0,0.0,4.0,5.0,1.59,Kjela_G1,Kjela,20.6,60.0,60.0,171.0,171.0,1,92.185,0.75376123,0.15,27.84,372.891,4.8,28.958094,1
2,2015-01-02 00:00:00+00:00,70,2015-01-04 22:00:00+00:00,28.02,0.0,0.0,0.0,0.3,0.5,1.0,0.0,4.0,5.0,1.58,Kjela_G1,Kjela,20.6,60.0,60.0,171.0,171.0,1,92.185,0.75376123,0.15,27.84,372.891,4.7799997,28.958094,1
2,2015-01-02 00:00:00+00:00,71,2015-01-04 23:00:00+00:00,28.19,0.0,0.0,0.0,0.3,0.5,1.0,0.0,4.0,5.0,1.57,Kjela_G1,Kjela,20.6,60.0,60.0,171.0,171.0,1,92.185,0.75376123,0.15,27.84,372.891,4.7799997,28.958094,1
2,2015-01-02 00:00:00+00:00,72,2015-01-05 00:00:00+00:00,28.15,0.0,0.0,0.0,0.3,0.5,1.0,0.0,4.0,5.0,1.56,Kjela_G1,Kjela,20.6,60.0,60.0,171.0,171.0,1,92.185,0.75376123,0.14,27.84,372.891,4.74,28.958094,1
2,2015-01-02 00:00:00+00:00,73,2015-01-05 01:00:00+00:00,28.13,0.0,0.0,0.0,0.3,0.5,1.0,0.0,4.0,5.0,1.54,Kjela_G1,Kjela,20.6,60.0,60.0,171.0,171.0,1,92.185,0.75376123,0.14,27.84,372.891,4.7,28.958094,1
2,2015-01-02 00:00:00+00:00,74,2015-01-05 02:00:00+00:00,28.05,0.0,0.0,0.0,0.3,0.5,1.0,0.0,4.0,5.0,1.53,Kjela_G1,Kjela,20.6,60.0,60.0,171.0,171.0,1,92.185,0.75376123,0.14,27.84,372.891,4.6899996,28.958094,1
2,2015-01-02 00:00:00+00:00,75,2015-01-05 03:00:00+00:00,28.04,0.0,0.0,0.0,0.3,0.5,1.0,0.0,4.0,5.0,1.52,Kjela_G1,Kjela,20.6,60.0,60.0,171.0,171.0,1,92.185,0.75376123,0.14,27.84,372.891,4.66,28.958094,1
2,2015-01-02 00:00:00+00:00,76,2015-01-05 04:00:00+00:00,28.46,0.0,0.0,0.0,0.3,0.5,1.0,0.0,4.0,5.0,1.51,Kjela_G1,Kjela,20.6,60.0,60.0,171.0,171.0,1,92.185,0.75376123,0.14,27.84,372.891,4.64,28.958094,1
2,2015-01-02 00:00:00+00:00,77,2015-01-05 05:00:00+00:00,28.78,0.0,0.0,0.0,0.3,0.5,1.0,0.0,4.0,5.0,1.5,Kjela_G1,Kjela,20.6,60.0,60.0,171.0,171.0,1,92.185,0.75376123,0.14,27.84,372.891,4.63,28.958094,1
2,2015-01-02 00:00:00+00:00,78,2015-01-05 06:00:00+00:00,30.99,0.0,0.0,0.0,0.3,0.5,1.0,0.0,4.0,5.0,1.48,Kjela_G1,Kjela,20.6,60.0,60.0,171.0,171.0,1,92.185,0.75376123,0.14,27.84,372.891,4.6,28.958094,1
2,2015-01-02 00:00:00+00:00,79,2015-01-05 07:00:00+00:00,38.15,0.0,0.0,0.0,0.3,0.5,1.0,0.0,4.0,5.0,1.47,Kjela_G1,Kjela,20.6,60.0,60.0,171.0,171.0,1,92.185,0.75376123,0.14,27.84,372.891,4.5899997,28.958094,1
2,2015-01-02 00:00:00+00:00,80,2015-01-05 08:00:00+00:00,41.51,0.0,0.0,0.0,0.3,0.5,1.0,0.0,4.0,5.0,1.46,Kjela_G1,Kjela,20.6,60.0,60.0,171.0,171.0,1,92.185,0.75376123,0.14,27.84,372.891,4.56,28.958094,1
2,2015-01-02 00:00:00+00:00,81,2015-01-05 09:00:00+00:00,40.46,0.0,0.0,0.0,0.3,0.5,1.0,0.0,4.0,5.0,1.46,Kjela_G1,Kjela,20.6,60.0,60.0,171.0,171.0,1,92.185,0.75376123,0.13,27.84,372.891,4.54,28.958094,1
2,2015-01-02 00:00:00+00:00,82,2015-01-05 10:00:00+00:00,40.97,0.0,0.0,0.0,0.3,0.5,1.0,0.0,4.0,5.0,1.45,Kjela_G1,Kjela,20.6,60.0,60.0,171.0,171.0,1,92.185,0.75376123,0.13,27.84,372.891,4.52,28.958094,1
2,2015-01-02 00:00:00+00:00,83,2015-01-05 11:00:00+00:00,38.66,0.0,0.0,0.0,0.3,0.5,1.0,0.0,4.0,5.0,1.45,Kjela_G1,Kjela,20.6,60.0,60.0,171.0,171.0,1,92.185,0.75376123,0.13,27.84,372.891,4.51,28.958094,1
2,2015-01-02 00:00:00+00:00,84,2015-01-05 12:00:00+00:00,36.44,0.0,0.0,0.0,0.3,0.5,1.0,0.0,4.0,5.0,1.45,Kjela_G1,Kjela,20.6,60.0,60.0,171.0,171.0,1,92.185,0.75376123,0.13,27.84,372.891,4.5,28.958094,1
2,2015-01-02 00:00:00+00:00,85,2015-01-05 13:00:00+00:00,37.74,0.0,0.0,0.0,0.3,0.5,1.0,0.0,4.0,5.0,1.45,Kjela_G1,Kjela,20.6,60.0,60.0,171.0,171.0,1,92.185,0.75376123,0.13,27.84,372.891,4.4900002,28.958094,1
2,2015-01-02 00:00:00+00:00,86,2015-01-05 14:00:00+00:00,43.1,0.0,0.0,0.0,0.3,0.5,1.0,0.0,4.0,5.0,1.45,Kjela_G1,Kjela,20.6,60.0,60.0,171.0,171.0,1,92.185,0.75376123,0.13,27.84,372.891,4.47,28.958094,1
2,2015-01-02 00:00:00+00:00,87,2015-01-05 15:00:00+00:00,46.7,0.0,0.0,0.0,0.3,0.5,1.0,0.0,4.0,5.0,1.44,Kjela_G1,Kjela,20.6,60.0,60.0,171.0,171.0,1,92.185,0.75376123,0.13,27.84,372.891,4.44,28.958094,1
2,2015-01-02 00:00:00+00:00,88,2015-01-05 16:00:00+00:00,56.78,0.0,0.0,0.0,0.3,0.5,1.0,0.0,4.0,5.0,1.44,Kjela_G1,Kjela,20.6,60.0,60.0,171.0,171.0,1,92.185,0.75376123,0.13,27.84,372.891,4.42,28.958094,1
2,2015-01-02 00:00:00+00:00,89,2015-01-05 17:00:00+00:00,36.49,0.0,0.0,0.0,0.3,0.5,1.0,0.0,4.0,5.0,1.45,Kjela_G1,Kjela,20.6,60.0,60.0,171.0,171.0,1,92.185,0.75376123,0.13,27.84,372.891,4.3999996,28.958094,1
2,2015-01-02 00:00:00+00:00,90,2015-01-05 18:00:00+00:00,32.43,0.0,0.0,0.0,0.3,0.5,1.0,0.0,4.0,5.0,1.44,Kjela_G1,Kjela,20.6,60.0,60.0,171.0,171.0,1,92.185,0.75376123,0.13,27.84,372.891,4.39,28.958094,1
2,2015-01-02 00:00:00+00:00,91,2015-01-05 19:00:00+00:00,31.39,0.0,0.0,0.0,0.3,0.5,1.0,0.0,4.0,5.0,1.43,Kjela_G1,Kjela,20.6,60.0,60.0,171.0,171.0,1,92.185,0.75376123,0.13,27.84,372.891,4.3799996,28.958094,1
2,2015-01-02 00:00:00+00:00,92,2015-01-05 20:00:00+00:00,30.29,0.0,0.0,0.0,0.3,0.5,1.0,0.0,4.0,5.0,1.43,Kjela_G1,Kjela,20.6,60.0,60.0,171.0,171.0,1,92.185,0.75376123,0.13,27.84,372.891,4.37,28.958094,1
2,2015-01-02 00:00:00+00:00,93,2015-01-05 21:00:00+00:00,29.43,0.0,0.0,0.0,0.3,0.5,1.0,0.0,4.0,5.0,1.43,Kjela_G1,Kjela,20.6,60.0,60.0,171.0,171.0,1,92.185,0.75376123,0.13,27.84,372.891,4.34,28.958094,1
2,2015-01-02 00:00:00+00:00,94,2015-01-05 22:00:00+00:00,29.09,0.0,0.0,0.0,0.3,0.5,1.0,0.0,4.0,5.0,1.44,Kjela_G1,Kjela,20.6,60.0,60.0,171.0,171.0,1,92.185,0.75376123,0.13,27.84,372.891,4.35,28.958094,1
2,2015-01-02 00:00:00+00:00,95,2015-01-05 23:00:00+00:00,28.08,0.0,0.0,0.0,0.3,0.5,1.0,0.0,4.0,5.0,1.44,Kjela_G1,Kjela,20.6,60.0,60.0,171.0,171.0,1,92.185,0.75376123,0.13,27.84,372.891,4.33,28.958094,1
2,2015-01-02 00:00:00+00:00,96,2015-01-06 00:00:00+00:00,27.94,0.0,0.0,0.0,0.3,0.5,1.0,0.0,4.0,5.0,1.44,Kjela_G1,Kjela,20.6,60.0,60.0,171.0,171.0,1,92.185,0.75376123,0.13,27.84,372.891,4.3199997,28.958094,1
2,2015-01-02 00:00:00+00:00,97,2015-01-06 01:00:00+00:00,27.91,0.0,0.0,0.0,0.3,0.5,1.0,0.0,4.0,5.0,1.44,Kjela_G1,Kjela,20.6,60.0,60.0,171.0,171.0,1,92.185,0.75376123,0.13,27.84,372.891,4.31,28.958094,1
2,2015-01-02 00:00:00+00:00,98,2015-01-06 02:00:00+00:00,27.89,0.0,0.0,0.0,0.3,0.5,1.0,0.0,4.0,5.0,1.44,Kjela_G1,Kjela,20.6,60.0,60.0,171.0,171.0,1,92.185,0.75376123,0.13,27.84,372.891,4.3,28.958094,1
2,2015-01-02 00:00:00+00:00,99,2015-01-06 03:00:00+00:00,27.89,0.0,0.0,0.0,0.3,0.5,1.0,0.0,4.0,5.0,1.44,Kjela_G1,Kjela,20.6,60.0,60.0,171.0,171.0,1,92.185,0.75376123,0.13,27.84,372.891,4.29,28.958094,1
2,2015-01-02 00:00:00+00:00,100,2015-01-06 04:00:00+00:00,28.01,0.0,0.0,0.0,0.3,0.5,1.0,0.0,4.0,5.0,1.44,Kjela_G1,Kjela,20.6,60.0,60.0,171.0,171.0,1,92.185,0.75376123,0.13,27.84,372.891,4.29,28.958094,1
2,2015-01-02 00:00:00+00:00,101,2015-01-06 05:00:00+00:00,28.73,0.0,0.0,0.0,0.3,0.5,1.0,0.0,4.0,5.0,1.44,Kjela_G1,Kjela,20.6,60.0,60.0,171.0,171.0,1,92.185,0.75376123,0.13,27.84,372.891,4.27,28.958094,1
2,2015-01-02 00:00:00+00:00,102,2015-01-06 06:00:00+00:00,30.03,0.0,0.0,0.0,0.3,0.5,1.0,0.0,4.0,5.0,1.43,Kjela_G1,Kjela,20.6,60.0,60.0,171.0,171.0,1,92.185,0.75376123,0.13,27.84,372.891,4.2599998,28.958094,1
2,2015-01-02 00:00:00+00:00,103,2015-01-06 07:00:00+00:00,30.5,0.0,0.0,0.0,0.3,0.5,1.0,0.0,4.0,5.0,1.42,Kjela_G1,Kjela,20.6,60.0,60.0,171.0,171.0,1,92.185,0.75376123,0.13,27.84,372.891,4.25,28.958094,1
2,2015-01-02 00:00:00+00:00,104,2015-01-06 08:00:00+00:00,30.35,0.0,0.0,0.0,0.3,0.5,1.0,0.0,4.0,5.0,1.42,Kjela_G1,Kjela,20.6,60.0,60.0,171.0,171.0,1,92.185,0.75376123,0.13,27.84,372.891,4.23,28.958094,1
2,2015-01-02 00:00:00+00:00,105,2015-01-06 09:00:00+00:00,30.53,0.0,0.0,0.0,0.3,0.5,1.0,0.0,4.0,5.0,1.42,Kjela_G1,Kjela,20.6,60.0,60.0,171.0,171.0,1,92.185,0.75376123,0.13,27.84,372.891,4.23,28.958094,1
2,2015-01-02 00:00:00+00:00,106,2015-01-06 10:00:00+00:00,29.91,0.0,0.0,0.0,0.3,0.5,1.0,0.0,4.0,5.0,1.43,Kjela_G1,Kjela,20.6,60.0,60.0,171.0,171.0,1,92.185,0.75376123,0.13,27.84,372.891,4.24,28.958094,1
2,2015-01-02 00:00:00+00:00,107,2015-01-06 11:00:00+00:00,29.62,0.0,0.0,0.0,0.3,0.5,1.0,0.0,4.0,5.0,1.41,Kjela_G1,Kjela,20.6,60.0,60.0,171.0,171.0,1,92.185,0.75376123,0.13,27.84,372.891,4.21,28.958094,1
2,2015-01-02 00:00:00+00:00,108,2015-01-06 12:00:00+00:00,29.58,0.0,0.0,0.0,0.3,0.5,1.0,0.0,4.0,5.0,1.4,Kjela_G1,Kjela,20.6,60.0,60.0,171.0,171.0,1,92.185,0.75376123,0.13,27.84,372.891,4.2,28.958094,1
2,2015-01-02 00:00:00+00:00,109,2015-01-06 13:00:00+00:00,29.57,0.0,0.0,0.0,0.3,0.5,1.0,0.0,4.0,5.0,1.41,Kjela_G1,Kjela,20.6,60.0,60.0,171.0,171.0,1,92.185,0.75376123,0.13,27.84,372.891,4.21,28.958094,1
2,2015-01-02 00:00:00+00:00,110,2015-01-06 14:00:00+00:00,29.62,0.0,0.0,0.0,0.3,0.5,1.0,0.0,4.0,5.0,1.41,Kjela_G1,Kjela,20.6,60.0,60.0,171.0,171.0,1,92.185,0.75376123,0.13,27.84,372.891,4.2,28.958094,1
2,2015-01-02 00:00:00+00:00,111,2015-01-06 15:00:00+00:00,29.99,0.0,0.0,0.0,0.3,0.5,1.0,0.0,4.0,5.0,1.41,Kjela_G1,Kjela,20.6,60.0,60.0,171.0,171.0,1,92.185,0.75376123,0.13,27.84,372.891,4.1899996,28.958094,1
2,2015-01-02 00:00:00+00:00,112,2015-01-06 16:00:00+00:00,29.65,0.0,0.0,0.0,0.3,0.5,1.0,0.0,4.0,5.0,1.41,Kjela_G1,Kjela,20.6,60.0,60.0,171.0,171.0,1,92.185,0.75376123,0.13,27.84,372.891,4.1800003,28.958094,1
2,2015-01-02 00:00:00+00:00,113,2015-01-06 17:00:00+00:00,29.58,0.0,0.0,0.0,0.3,0.5,1.0,0.0,4.0,5.0,1.4,Kjela_G1,Kjela,20.6,60.0,60.0,171.0,171.0,1,92.185,0.75376123,0.13,27.84,372.891,4.17,28.958094,1
2,2015-01-02 00:00:00+00:00,114,2015-01-06 18:00:00+00:00,29.0,0.0,0.0,0.0,0.3,0.5,1.0,0.0,4.0,5.0,1.4,Kjela_G1,Kjela,20.6,60.0,60.0,171.0,171.0,1,92.185,0.75376123,0.13,27.84,372.891,4.16,28.958094,1
2,2015-01-02 00:00:00+00:00,115,2015-01-06 19:00:00+00:00,28.45,0.0,0.0,0.0,0.3,0.5,1.0,0.0,4.0,5.0,1.4,Kjela_G1,Kjela,20.6,60.0,60.0,171.0,171.0,1,92.185,0.75376123,0.13,27.84,372.891,4.17,28.958094,0
2,2015-01-02 00:00:00+00:00,116,2015-01-06 20:00:00+00:00,28.15,0.0,0.0,0.0,0.3,0.5,1.0,0.0,4.0,5.0,1.38,Kjela_G1,Kjela,20.6,60.0,60.0,171.0,171.0,1,92.185,0.75376123,0.13,27.84,372.891,4.16,28.958094,0
2,2015-01-02 00:00:00+00:00,117,2015-01-06 21:00:00+00:00,27.73,0.0,0.0,0.0,0.3,0.5,1.0,0.0,4.0,5.0,1.4,Kjela_G1,Kjela,20.6,60.0,60.0,171.0,171.0,1,92.185,0.75376123,0.13,27.84,372.891,4.17,28.958094,0
2,2015-01-02 00:00:00+00:00,118,2015-01-06 22:00:00+00:00,27.32,0.0,0.0,0.0,0.3,0.5,1.0,0.0,4.0,5.0,1.39,Kjela_G1,Kjela,20.6,60.0,60.0,171.0,171.0,1,92.185,0.75376123,0.13,27.84,372.891,4.18,28.958094,0
2,2015-01-02 00:00:00+00:00,119,2015-01-06 23:00:00+00:00,26.35,0.0,0.0,0.0,0.3,0.5,1.0,0.0,4.0,5.0,1.31,Kjela_G1,Kjela,20.6,60.0,60.0,171.0,171.0,1,92.185,0.75376123,0.12,27.84,372.891,4.09,28.958094,0
2,2015-01-02 00:00:00+00:00,120,2015-01-07 00:00:00+00:00,26.08,0.0,0.0,0.0,0.3,0.5,1.0,0.0,4.0,5.0,1.29,Kjela_G1,Kjela,20.6,60.0,60.0,171.0,171.0,1,92.185,0.75376123,0.12,27.84,372.891,4.1400003,28.958094,0
2,2015-01-02 00:00:00+00:00,121,2015-01-07 01:00:00+00:00,26.03,0.0,0.0,0.0,0.3,0.5,1.0,0.0,4.0,5.0,1.29,Kjela_G1,Kjela,20.6,60.0,60.0,171.0,171.0,1,92.185,0.75376123,0.12,27.84,372.891,4.1099997,28.958094,0
2,2015-01-02 00:00:00+00:00,122,2015-01-07 02:00:00+00:00,26.17,0.0,0.0,0.0,0.3,0.5,1.0,0.0,4.0,5.0,1.27,Kjela_G1,Kjela,20.6,60.0,60.0,171.0,171.0,1,92.185,0.75376123,0.12,27.84,372.891,4.11,28.958094,0
2,2015-01-02 00:00:00+00:00,123,2015-01-07 03:00:00+00:00,26.74,0.0,0.0,0.0,0.3,0.5,1.0,0.0,4.0,5.0,1.27,Kjela_G1,Kjela,20.6,60.0,60.0,171.0,171.0,1,92.185,0.75376123,0.12,27.84,372.891,4.1099997,28.958094,0
2,2015-01-02 00:00:00+00:00,124,2015-01-07 04:00:00+00:00,27.78,0.0,0.0,0.0,0.3,0.5,1.0,0.0,4.0,5.0,1.27,Kjela_G1,Kjela,20.6,60.0,60.0,171.0,171.0,1,92.185,0.75376123,0.12,27.84,372.891,4.1,28.958094,0
2,2015-01-02 00:00:00+00:00,125,2015-01-07 05:00:00+00:00,28.48,0.0,0.0,0.0,0.3,0.5,1.0,0.0,4.0,5.0,1.27,Kjela_G1,Kjela,20.6,60.0,60.0,171.0,171.0,1,92.185,0.75376123,0.12,27.84,372.891,4.1,28.958094,1
2,2015-01-02 00:00:00+00:00,126,2015-01-07 06:00:00+00:00,31.53,0.0,0.0,0.0,0.3,0.5,1.0,0.0,4.0,5.0,1.27,Kjela_G1,Kjela,20.6,60.0,60.0,171.0,171.0,1,92.185,0.75376123,0.12,27.84,372.891,4.0699997,28.958094,1
2,2015-01-02 00:00:00+00:00,127,2015-01-07 07:00:00+00:00,32.54,0.0,0.0,0.0,0.3,0.5,1.0,0.0,4.0,5.0,1.27,Kjela_G1,Kjela,20.6,60.0,60.0,171.0,171.0,1,92.185,0.75376123,0.12,27.84,372.891,4.06,28.958094,1
2,2015-01-02 00:00:00+00:00,128,2015-01-07 08:00:00+00:00,32.24,0.0,0.0,0.0,0.3,0.5,1.0,0.0,4.0,5.0,1.26,Kjela_G1,Kjela,20.6,60.0,60.0,171.0,171.0,1,92.185,0.75376123,0.12,27.84,372.891,4.05,28.958094,1
2,2015-01-02 00:00:00+00:00,129,2015-01-07 09:00:00+00:00,31.96,0.0,0.0,0.0,0.3,0.5,1.0,0.0,4.0,5.0,1.25,Kjela_G1,Kjela,20.6,60.0,60.0,171.0,171.0,1,92.185,0.75376123,0.12,27.84,372.891,4.04,28.958094,1
2,2015-01-02 00:00:00+00:00,130,2015-01-07 10:00:00+00:00,31.66,0.0,0.0,0.0,0.3,0.5,1.0,0.0,4.0,5.0,1.25,Kjela_G1,Kjela,20.6,60.0,60.0,171.0,171.0,1,92.185,0.75376123,0.12,27.84,372.891,4.0299997,28.958094,1
2,2015-01-02 00:00:00+00:00,131,2015-01-07 11:00:00+00:00,30.97,0.0,0.0,0.0,0.3,0.5,1.0,0.0,4.0,5.0,1.25,Kjela_G1,Kjela,20.6,60.0,60.0,171.0,171.0,1,92.185,0.75376123,0.12,27.84,372.891,4.02,28.958094,1
2,2015-01-02 00:00:00+00:00,132,2015-01-07 12:00:00+00:00,30.65,0.0,0.0,0.0,0.3,0.5,1.0,0.0,4.0,5.0,1.25,Kjela_G1,Kjela,20.6,60.0,60.0,171.0,171.0,1,92.185,0.75376123,0.12,27.84,372.891,4.01,28.958094,1
2,2015-01-02 00:00:00+00:00,133,2015-01-07 13:00:00+00:00,30.31,0.0,0.0,0.0,0.3,0.5,1.0,0.0,4.0,5.0,1.23,Kjela_G1,Kjela,20.6,60.0,60.0,171.0,171.0,1,92.185,0.75376123,0.11,27.84,372.891,3.98,28.958094,1
2,2015-01-02 00:00:00+00:00,134,2015-01-07 14:00:00+00:00,29.79,0.0,0.0,0.0,0.3,0.5,1.0,0.0,4.0,5.0,1.23,Kjela_G1,Kjela,20.6,60.0,60.0,171.0,171.0,1,92.185,0.75376123,0.11,27.84,372.891,3.97,28.958094,1
2,2015-01-02 00:00:00+00:00,135,2015-01-07 15:00:00+00:00,30.72,0.0,0.0,0.0,0.3,0.5,1.0,0.0,4.0,5.0,1.21,Kjela_G1,Kjela,20.6,60.0,60.0,171.0,171.0,1,92.185,0.75376123,0.11,27.84,372.891,3.94,28.958094,1
2,2015-01-02 00:00:00+00:00,136,2015-01-07 16:00:00+00:00,29.56,0.0,0.0,0.0,0.3,0.5,1.0,0.0,4.0,5.0,1.2,Kjela_G1,Kjela,20.6,60.0,60.0,171.0,171.0,1,92.185,0.75376123,0.11,27.84,372.891,3.94,28.958094,1
2,2015-01-02 00:00:00+00:00,137,2015-01-07 17:00:00+00:00,28.84,0.0,0.0,0.0,0.3,0.5,1.0,0.0,4.0,5.0,1.2,Kjela_G1,Kjela,20.6,60.0,60.0,171.0,171.0,1,92.185,0.75376123,0.11,27.84,372.891,3.93,28.958094,1
2,2015-01-02 00:00:00+00:00,138,2015-01-07 18:00:00+00:00,28.2,0.0,0.0,0.0,0.3,0.5,1.0,0.0,4.0,5.0,1.2,Kjela_G1,Kjela,20.6,60.0,60.0,171.0,171.0,1,92.185,0.75376123,0.11,27.84,372.891,3.92,28.958094,0
2,2015-01-02 00:00:00+00:00,139,2015-01-07 19:00:00+00:00,27.75,0.0,0.0,0.0,0.3,0.5,1.0,0.0,4.0,5.0,1.2,Kjela_G1,Kjela,20.6,60.0,60.0,171.0,171.0,1,92.185,0.75376123,0.11,27.84,372.891,3.9,28.958094,0
2,2015-01-02 00:00:00+00:00,140,2015-01-07 20:00:00+00:00,27.42,0.0,0.0,0.0,0.3,0.5,1.0,0.0,4.0,5.0,1.21,Kjela_G1,Kjela,20.6,60.0,60.0,171.0,171.0,1,92.185,0.75376123,0.11,27.84,372.891,3.91,28.958094,0
2,2015-01-02 00:00:00+00:00,141,2015-01-07 21:00:00+00:00,26.68,0.0,0.0,0.0,0.3,0.5,1.0,0.0,4.0,5.0,1.22,Kjela_G1,Kjela,20.6,60.0,60.0,171.0,171.0,1,92.185,0.75376123,0.11,27.84,372.891,3.92,28.958094,0
2,2015-01-02 00:00:00+00:00,142,2015-01-07 22:00:00+00:00,26.15,0.0,0.0,0.0,0.3,0.5,1.0,0.0,4.0,5.0,1.21,Kjela_G1,Kjela,20.6,60.0,60.0,171.0,171.0,1,92.185,0.75376123,0.11,27.84,372.891,3.91,28.958094,0
2,2015-01-02 00:00:00+00:00,143,2015-01-07 23:00:00+00:00,26.04,0.0,0.0,0.0,0.3,0.5,1.0,0.0,4.0,5.0,1.19,Kjela_G1,Kjela,20.6,60.0,60.0,171.0,171.0,1,92.185,0.75376123,0.11,27.84,372.891,3.8999999,28.958094,0
2,2015-01-02 00:00:00+00:00,144,2015-01-08 00:00:00+00:00,25.07,0.0,0.0,0.0,0.3,0.5,1.0,0.0,4.0,5.0,1.19,Kjela_G1,Kjela,20.6,60.0,60.0,171.0,171.0,1,92.185,0.75376123,0.11,27.84,372.891,3.9099998,28.958094,0
2,2015-01-02 00:00:00+00:00,145,2015-01-08 01:00:00+00:00,24.57,0.0,0.0,0.0,0.3,0.5,1.0,0.0,4.0,5.0,1.2,Kjela_G1,Kjela,20.6,60.0,60.0,171.0,171.0,1,92.185,0.75376123,0.11,27.84,372.891,3.97,28.958094,0
2,2015-01-02 00:00:00+00:00,146,2015-01-08 02:00:00+00:00,24.44,0.0,0.0,0.0,0.3,0.5,1.0,0.0,4.0,5.0,1.19,Kjela_G1,Kjela,20.6,60.0,60.0,171.0,171.0,1,92.185,0.75376123,0.11,27.84,372.891,3.98,28.958094,0
2,2015-01-02 00:00:00+00:00,147,2015-01-08 03:00:00+00:00,24.54,0.0,0.0,0.0,0.3,0.5,1.0,0.0,4.0,5.0,1.19,Kjela_G1,Kjela,20.6,60.0,60.0,171.0,171.0,1,92.185,0.75376123,0.11,27.84,372.891,4.0,28.958094,0
2,2015-01-02 00:00:00+00:00,148,2015-01-08 04:00:00+00:00,26.04,0.0,0.0,0.0,0.3,0.5,1.0,0.0,4.0,5.0,1.19,Kjela_G1,Kjela,20.6,60.0,60.0,171.0,171.0,1,92.185,0.75376123,0.11,27.84,372.891,4.04,28.958094,0
2,2015-01-02 00:00:00+00:00,149,2015-01-08 05:00:00+00:00,26.89,0.0,0.0,0.0,0.3,0.5,1.0,0.0,4.0,5.0,1.2,Kjela_G1,Kjela,20.6,60.0,60.0,171.0,171.0,1,92.185,0.75376123,0.11,27.84,372.891,4.04,28.958094,0
2,2015-01-02 00:00:00+00:00,150,2015-01-08 06:00:00+00:00,27.59,0.0,0.0,0.0,0.3,0.5,1.0,0.0,4.0,5.0,1.19,Kjela_G1,Kjela,20.6,60.0,60.0,171.0,171.0,1,92.185,0.75376123,0.11,27.84,372.891,4.02,28.958094,0
2,2015-01-02 00:00:00+00:00,151,2015-01-08 07:00:00+00:00,28.1,0.0,0.0,0.0,0.3,0.5,1.0,0.0,4.0,5.0,1.17,Kjela_G1,Kjela,20.6,60.0,60.0,171.0,171.0,1,92.185,0.75376123,0.11,27.84,372.891,4.0299997,28.958094,0
2,2015-01-02 00:00:00+00:00,152,2015-01-08 08:00:00+00:00,28.23,0.0,0.0,0.0,0.3,0.5,1.0,0.0,4.0,5.0,1.18,Kjela_G1,Kjela,20.6,60.0,60.0,171.0,171.0,1,92.185,0.75376123,0.11,27.84,372.891,4.05,28.958094,0
2,2015-01-02 00:00:00+00:00,153,2015-01-08 09:00:00+00:00,28.35,0.0,0.0,0.0,0.3,0.5,1.0,0.0,4.0,5.0,1.16,Kjela_G1,Kjela,20.6,60.0,60.0,171.0,171.0,1,92.185,0.75376123,0.11,27.84,372.891,4.01,28.958094,0
2,2015-01-02 00:00:00+00:00,154,2015-01-08 10:00:00+00:00,28.46,0.0,0.0,0.0,0.3,0.5,1.0,0.0,4.0,5.0,1.16,Kjela_G1,Kjela,20.6,60.0,60.0,171.0,171.0,1,92.185,0.75376123,0.11,27.84,372.891,4.01,28.958094,0
2,2015-01-02 00:00:00+00:00,155,2015-01-08 11:00:00+00:00,28.46,0.0,0.0,0.0,0.3,0.5,1.0,0.0,4.0,5.0,1.16,Kjela_G1,Kjela,20.6,60.0,60.0,171.0,171.0,1,92.185,0.75376123,0.11,27.84,372.891,4.01,28.958094,0
2,2015-01-02 00:00:00+00:00,156,2015-01-08 12:00:00+00:00,28.6,0.0,0.0,0.0,0.3,0.5,1.0,0.0,4.0,5.0,1.16,Kjela_G1,Kjela,20.6,60.0,60.0,171.0,171.0,1,92.185,0.75376123,0.11,27.84,372.891,4.02,28.958094,0
2,2015-01-02 00:00:00+00:00,157,2015-01-08 13:00:00+00:00,28.45,0.0,0.0,0.0,0.3,0.5,1.0,0.0,4.0,5.0,1.16,Kjela_G1,Kjela,20.6,60.0,60.0,171.0,171.0,1,92.185,0.75376123,0.11,27.84,372.891,4.02,28.958094,0
2,2015-01-02 00:00:00+00:00,158,2015-01-08 14:00:00+00:00,28.24,0.0,0.0,0.0,0.3,0.5,1.0,0.0,4.0,5.0,1.16,Kjela_G1,Kjela,20.6,60.0,60.0,171.0,171.0,1,92.185,0.75376123,0.11,27.84,372.891,4.02,28.958094,0
2,2015-01-02 00:00:00+00:00,159,2015-01-08 15:00:00+00:00,28.43,0.0,0.0,0.0,0.3,0.5,1.0,0.0,4.0,5.0,1.15,Kjela_G1,Kjela,20.6,60.0,60.0,171.0,171.0,1,92.185,0.75376123,0.11,27.84,372.891,4.05,28.958094,0
2,2015-01-02 00:00:00+00:00,160,2015-01-08 16:00:00+00:00,28.4,0.0,0.0,0.0,0.3,0.5,1.0,0.0,4.0,5.0,1.14,Kjela_G1,Kjela,20.6,60.0,60.0,171.0,171.0,1,92.185,0.75376123,0.11,27.84,372.891,4.0699997,28.958094,0
2,2015-01-02 00:00:00+00:00,161,2015-01-08 17:00:00+00:00,27.98,0.0,0.0,0.0,0.3,0.5,1.0,0.0,4.0,5.0,1.14,Kjela_G1,Kjela,20.6,60.0,60.0,171.0,171.0,1,92.185,0.75376123,0.11,27.84,372.891,4.0699997,28.958094,0
2,2015-01-02 00:00:00+00:00,162,2015-01-08 18:00:00+00:00,27.69,0.0,0.0,0.0,0.3,0.5,1.0,0.0,4.0,5.0,1.15,Kjela_G1,Kjela,20.6,60.0,60.0,171.0,171.0,1,92.185,0.75376123,0.11,27.84,372.891,4.09,28.958094,0
2,2015-01-02 00:00:00+00:00,163,2015-01-08 19:00:00+00:00,27.46,0.0,0.0,0.0,0.3,0.5,1.0,0.0,4.0,5.0,1.16,Kjela_G1,Kjela,20.6,60.0,60.0,171.0,171.0,1,92.185,0.75376123,0.11,27.84,372.891,4.12,28.958094,0
2,2015-01-02 00:00:00+00:00,164,2015-01-08 20:00:00+00:00,27.31,0.0,0.0,0.0,0.3,0.5,1.0,0.0,4.0,5.0,1.16,Kjela_G1,Kjela,20.6,60.0,60.0,171.0,171.0,1,92.185,0.75376123,0.11,27.84,372.891,4.12,28.958094,0
2,2015-01-02 00:00:00+00:00,165,2015-01-08 21:00:00+00:00,26.71,0.0,0.0,0.0,0.3,0.5,1.0,0.0,4.0,5.0,1.16,Kjela_G1,Kjela,20.6,60.0,60.0,171.0,171.0,1,92.185,0.75376123,0.11,27.84,372.891,4.13,28.958094,0
2,2015-01-02 00:00:00+00:00,166,2015-01-08 22:00:00+00:00,25.91,0.0,0.0,0.0,0.3,0.5,1.0,0.0,4.0,5.0,1.15,Kjela_G1,Kjela,20.6,60.0,60.0,171.0,171.0,1,92.185,0.75376123,0.11,27.84,372.891,4.13,28.958094,0
2,2015-01-02 00:00:00+00:00,167,2015-01-08 23:00:00+00:00,25.89,0.0,0.0,0.0,0.3,0.5,1.0,0.0,4.0,5.0,1.14,Kjela_G1,Kjela,20.6,60.0,60.0,171.0,171.0,1,92.185,0.75376123,0.11,27.84,372.891,4.15,28.958094,0
2,2015-01-02 00:00:00+00:00,0,2015-01-02 00:00:00+00:00,26.41,0.0,0.0,0.0,0.3,0.5,1.0,0.0,4.0,5.0,1.26,Vesle Kjela_G1,Vesle Kjela,2.9,8.5,8.5,92.0,92.0,1,42.001,0.49705324,1.2,34.97,58.475,2.23,34.97,0
2,2015-01-02 00:00:00+00:00,1,2015-01-02 01:00:00+00:00,26.2,0.0,0.0,0.0,0.3,0.5,1.0,0.0,4.0,5.0,1.3,Vesle Kjela_G1,Vesle Kjela,2.9,8.5,8.5,92.0,92.0,1,42.001,0.49705324,1.22,34.97,58.475,2.3200002,34.97,0
2,2015-01-02 00:00:00+00:00,2,2015-01-02 02:00:00+00:00,25.6,0.0,0.0,0.0,0.3,0.5,1.0,0.0,4.0,5.0,1.52,Vesle Kjela_G1,Vesle Kjela,2.9,8.5,8.5,92.0,92.0,1,42.001,0.49705324,1.26,34.97,58.475,2.48,34.97,0
2,2015-01-02 00:00:00+00:00,3,2015-01-02 03:00:00+00:00,24.74,0.0,0.0,0.0,0.3,0.5,1.0,0.0,4.0,5.0,1.7,Vesle Kjela_G1,Vesle Kjela,2.9,8.5,8.5,92.0,92.0,1,42.001,0.49705324,1.3,34.97,58.475,2.62,34.97,0
2,2015-01-02 00:00:00+00:00,4,2015-01-02 04:00:00+00:00,26.1,0.0,0.0,0.0,0.3,0.5,1.0,0.0,4.0,5.0,1.75,Vesle Kjela_G1,Vesle Kjela,2.9,8.5,8.5,92.0,92.0,1,42.001,0.49705324,1.34,34.97,58.475,2.68,34.97,0
2,2015-01-02 00:00:00+00:00,5,2015-01-02 05:00:00+00:00,27.25,0.0,0.0,0.0,0.3,0.5,1.0,0.0,4.0,5.0,1.65,Vesle Kjela_G1,Vesle Kjela,2.9,8.5,8.5,92.0,92.0,1,42.001,0.49705324,1.34,34.97,58.475,2.66,34.97,0
2,2015-01-02 00:00:00+00:00,6,2015-01-02 06:00:00+00:00,28.37,0.0,0.0,0.0,0.3,0.5,1.0,0.0,4.0,5.0,1.71,Vesle Kjela_G1,Vesle Kjela,2.9,8.5,8.5,92.0,92.0,1,42.001,0.49705324,1.36,34.97,58.475,2.68,34.97,0
2,2015-01-02 00:00:00+00:00,7,2015-01-02 07:00:00+00:00,28.37,0.0,0.0,0.0,0.3,0.5,1.0,0.0,4.0,5.0,1.92,Vesle Kjela_G1,Vesle Kjela,2.9,8.5,8.5,92.0,92.0,1,42.001,0.49705324,1.38,34.97,58.475,2.6799998,34.97,0
2,2015-01-02 00:00:00+00:00,8,2015-01-02 08:00:00+00:00,28.32,0.0,0.0,0.0,0.3,0.5,1.0,0.0,4.0,5.0,2.18,Vesle Kjela_G1,Vesle Kjela,2.9,8.5,8.5,92.0,92.0,1,42.001,0.49705324,1.38,34.97,58.475,2.6599998,34.97,0
2,2015-01-02 00:00:00+00:00,9,2015-01-02 09:00:00+00:00,28.3,0.0,0.0,0.0,0.3,0.5,1.0,0.0,4.0,5.0,2.33,Vesle Kjela_G1,Vesle Kjela,2.9,8.5,8.5,92.0,92.0,1,42.001,0.49705324,1.42,34.97,58.475,2.6799998,34.97,0
2,2015-01-02 00:00:00+00:00,10,2015-01-02 10:00:00+00:00,28.39,0.0,0.0,0.0,0.3,0.5,1.0,0.0,4.0,5.0,2.35,Vesle Kjela_G1,Vesle Kjela,2.9,8.5,8.5,92.0,92.0,1,42.001,0.49705324,1.42,34.97,58.475,2.6599998,34.97,0
2,2015-01-02 00:00:00+00:00,11,2015-01-02 11:00:00+00:00,28.3,0.0,0.0,0.0,0.3,0.5,1.0,0.0,4.0,5.0,2.3,Vesle Kjela_G1,Vesle Kjela,2.9,8.5,8.5,92.0,92.0,1,42.001,0.49705324,1.45,34.97,58.475,2.69,34.97,0
2,2015-01-02 00:00:00+00:00,12,2015-01-02 12:00:00+00:00,28.24,0.0,0.0,0.0,0.3,0.5,1.0,0.0,4.0,5.0,2.23,Vesle Kjela_G1,Vesle Kjela,2.9,8.5,8.5,92.0,92.0,1,42.001,0.49705324,1.46,34.97,58.475,2.75,34.97,0
2,2015-01-02 00:00:00+00:00,13,2015-01-02 13:00:00+00:00,28.12,0.0,0.0,0.0,0.3,0.5,1.0,0.0,4.0,5.0,2.2,Vesle Kjela_G1,Vesle Kjela,2.9,8.5,8.5,92.0,92.0,1,42.001,0.49705324,1.48,34.97,58.475,2.75,34.97,0
2,2015-01-02 00:00:00+00:00,14,2015-01-02 14:00:00+00:00,28.23,0.0,0.0,0.0,0.3,0.5,1.0,0.0,4.0,5.0,2.17,Vesle Kjela_G1,Vesle Kjela,2.9,8.5,8.5,92.0,92.0,1,42.001,0.49705324,1.5,34.97,58.475,2.79,34.97,0
2,2015-01-02 00:00:00+00:00,15,2015-01-02 15:00:00+00:00,28.59,0.0,0.0,0.0,0.3,0.5,1.0,0.0,4.0,5.0,2.14,Vesle Kjela_G1,Vesle Kjela,2.9,8.5,8.5,92.0,92.0,1,42.001,0.49705324,1.5,34.97,58.475,2.87,34.97,0
2,2015-01-02 00:00:00+00:00,16,2015-01-02 16:00:00+00:00,28.73,0.0,0.0,0.0,0.3,0.5,1.0,0.0,4.0,5.0,2.13,Vesle Kjela_G1,Vesle Kjela,2.9,8.5,8.5,92.0,92.0,1,42.001,0.49705324,1.54,34.97,58.475,2.9499998,34.97,0
2,2015-01-02 00:00:00+00:00,17,2015-01-02 17:00:00+00:00,28.48,0.0,0.0,0.0,0.3,0.5,1.0,0.0,4.0,5.0,2.05,Vesle Kjela_G1,Vesle Kjela,2.9,8.5,8.5,92.0,92.0,1,42.001,0.49705324,1.55,34.97,58.475,3.03,34.97,0
2,2015-01-02 00:00:00+00:00,18,2015-01-02 18:00:00+00:00,28.38,0.0,0.0,0.0,0.3,0.5,1.0,0.0,4.0,5.0,1.64,Vesle Kjela_G1,Vesle Kjela,2.9,8.5,8.5,92.0,92.0,1,42.001,0.49705324,1.51,34.97,58.475,3.03,34.97,0
2,2015-01-02 00:00:00+00:00,19,2015-01-02 19:00:00+00:00,27.85,0.0,0.0,0.0,0.3,0.5,1.0,0.0,4.0,5.0,2.06,Vesle Kjela_G1,Vesle Kjela,2.9,8.5,8.5,92.0,92.0,1,42.001,0.49705324,1.5,34.97,58.475,3.13,34.97,0
2,2015-01-02 00:00:00+00:00,20,2015-01-02 20:00:00+00:00,27.45,0.0,0.0,0.0,0.3,0.5,1.0,0.0,4.0,5.0,2.2,Vesle Kjela_G1,Vesle Kjela,2.9,8.5,8.5,92.0,92.0,1,42.001,0.49705324,1.55,34.97,58.475,3.26,34.97,0
2,2015-01-02 00:00:00+00:00,21,2015-01-02 21:00:00+00:00,27.2,0.0,0.0,0.0,0.3,0.5,1.0,0.0,4.0,5.0,2.38,Vesle Kjela_G1,Vesle Kjela,2.9,8.5,8.5,92.0,92.0,1,42.001,0.49705324,1.54,34.97,58.475,3.37,34.97,0
2,2015-01-02 00:00:00+00:00,22,2015-01-02 22:00:00+00:00,26.79,0.0,0.0,0.0,0.3,0.5,1.0,0.0,4.0,5.0,2.59,Vesle Kjela_G1,Vesle Kjela,2.9,8.5,8.5,92.0,92.0,1,42.001,0.49705324,1.49,34.97,58.475,3.54,34.97,0
2,2015-01-02 00:00:00+00:00,23,2015-01-02 23:00:00+00:00,25.85,0.0,0.0,0.0,0.3,0.5,1.0,0.0,4.0,5.0,2.83,Vesle Kjela_G1,Vesle Kjela,2.9,8.5,8.5,92.0,92.0,1,42.001,0.49705324,1.5,34.97,58.475,3.59,34.97,0
2,2015-01-02 00:00:00+00:00,24,2015-01-03 00:00:00+00:00,25.54,0.0,0.0,0.0,0.3,0.5,1.0,0.0,4.0,5.0,2.84,Vesle Kjela_G1,Vesle Kjela,2.9,8.5,8.5,92.0,92.0,1,42.001,0.49705324,1.6,34.97,58.475,3.63,34.97,0
2,2015-01-02 00:00:00+00:00,25,2015-01-03 01:00:00+00:00,25.43,0.0,0.0,0.0,0.3,0.5,1.0,0.0,4.0,5.0,2.77,Vesle Kjela_G1,Vesle Kjela,2.9,8.5,8.5,92.0,92.0,1,42.001,0.49705324,1.59,34.97,58.475,3.6799998,34.97,0
2,2015-01-02 00:00:00+00:00,26,2015-01-03 02:00:00+00:00,25.34,0.0,0.0,0.0,0.3,0.5,1.0,0.0,4.0,5.0,2.86,Vesle Kjela_G1,Vesle Kjela,2.9,8.5,8.5,92.0,92.0,1,42.001,0.49705324,1.57,34.97,58.475,3.69,34.97,0
2,2015-01-02 00:00:00+00:00,27,2015-01-03 03:00:00+00:00,25.29,0.0,0.0,0.0,0.3,0.5,1.0,0.0,4.0,5.0,3.02,Vesle Kjela_G1,Vesle Kjela,2.9,8.5,8.5,92.0,92.0,1,42.001,0.49705324,1.58,34.97,58.475,3.69,34.97,0
2,2015-01-02 00:00:00+00:00,28,2015-01-03 04:00:00+00:00,25.3,0.0,0.0,0.0,0.3,0.5,1.0,0.0,4.0,5.0,3.13,Vesle Kjela_G1,Vesle Kjela,2.9,8.5,8.5,92.0,92.0,1,42.001,0.49705324,1.57,34.97,58.475,3.63,34.97,0
2,2015-01-02 00:00:00+00:00,29,2015-01-03 05:00:00+00:00,25.55,0.0,0.0,0.0,0.3,0.5,1.0,0.0,4.0,5.0,3.16,Vesle Kjela_G1,Vesle Kjela,2.9,8.5,8.5,92.0,92.0,1,42.001,0.49705324,1.6,34.97,58.475,3.63,34.97,0
2,2015-01-02 00:00:00+00:00,30,2015-01-03 06:00:00+00:00,26.75,0.0,0.0,0.0,0.3,0.5,1.0,0.0,4.0,5.0,3.13,Vesle Kjela_G1,Vesle Kjela,2.9,8.5,8.5,92.0,92.0,1,42.001,0.49705324,1.59,34.97,58.475,3.5900002,34.97,0
2,2015-01-02 00:00:00+00:00,31,2015-01-03 07:00:00+00:00,26.98,0.0,0.0,0.0,0.3,0.5,1.0,0.0,4.0,5.0,3.06,Vesle Kjela_G1,Vesle Kjela,2.9,8.5,8.5,92.0,92.0,1,42.001,0.49705324,1.63,34.97,58.475,3.53,34.97,0
2,2015-01-02 00:00:00+00:00,32,2015-01-03 08:00:00+00:00,27.52,0.0,0.0,0.0,0.3,0.5,1.0,0.0,4.0,5.0,3.01,Vesle Kjela_G1,Vesle Kjela,2.9,8.5,8.5,92.0,92.0,1,42.001,0.49705324,1.62,34.97,58.475,3.45,34.97,0
2,2015-01-02 00:00:00+00:00,33,2015-01-03 09:00:00+00:00,27.72,0.0,0.0,0.0,0.3,0.5,1.0,0.0,4.0,5.0,3.0,Vesle Kjela_G1,Vesle Kjela,2.9,8.5,8.5,92.0,92.0,1,42.001,0.49705324,1.65,34.97,58.475,3.44,34.97,0
2,2015-01-02 00:00:00+00:00,34,2015-01-03 10:00:00+00:00,27.73,0.0,0.0,0.0,0.3,0.5,1.0,0.0,4.0,5.0,2.92,Vesle Kjela_G1,Vesle Kjela,2.9,8.5,8.5,92.0,92.0,1,42.001,0.49705324,1.61,34.97,58.475,3.45,34.97,0
2,2015-01-02 00:00:00+00:00,35,2015-01-03 11:00:00+00:00,27.66,0.0,0.0,0.0,0.3,0.5,1.0,0.0,4.0,5.0,2.88,Vesle Kjela_G1,Vesle Kjela,2.9,8.5,8.5,92.0,92.0,1,42.001,0.49705324,1.59,34.97,58.475,3.52,34.97,0
2,2015-01-02 00:00:00+00:00,36,2015-01-03 12:00:00+00:00,27.65,0.0,0.0,0.0,0.3,0.5,1.0,0.0,4.0,5.0,2.85,Vesle Kjela_G1,Vesle Kjela,2.9,8.5,8.5,92.0,92.0,1,42.001,0.49705324,1.57,34.97,58.475,3.5300002,34.97,0
2,2015-01-02 00:00:00+00:00,37,2015-01-03 13:00:00+00:00,27.81,0.0,0.0,0.0,0.3,0.5,1.0,0.0,4.0,5.0,2.84,Vesle Kjela_G1,Vesle Kjela,2.9,8.5,8.5,92.0,92.0,1,42.001,0.49705324,1.57,34.97,58.475,3.44,34.97,0
2,2015-01-02 00:00:00+00:00,38,2015-01-03 14:00:00+00:00,28.29,0.0,0.0,0.0,0.3,0.5,1.0,0.0,4.0,5.0,2.81,Vesle Kjela_G1,Vesle Kjela,2.9,8.5,8.5,92.0,92.0,1,42.001,0.49705324,1.58,34.97,58.475,3.35,34.97,0
2,2015-01-02 00:00:00+00:00,39,2015-01-03 15:00:00+00:00,28.6,0.0,0.0,0.0,0.3,0.5,1.0,0.0,4.0,5.0,2.75,Vesle Kjela_G1,Vesle Kjela,2.9,8.5,8.5,92.0,92.0,1,42.001,0.49705324,1.57,34.97,58.475,3.31,34.97,0
2,2015-01-02 00:00:00+00:00,40,2015-01-03 16:00:00+00:00,28.88,0.0,0.0,0.0,0.3,0.5,1.0,0.0,4.0,5.0,2.69,Vesle Kjela_G1,Vesle Kjela,2.9,8.5,8.5,92.0,92.0,1,42.001,0.49705324,1.56,34.97,58.475,3.29,34.97,0
2,2015-01-02 00:00:00+00:00,41,2015-01-03 17:00:00+00:00,28.78,0.0,0.0,0.0,0.3,0.5,1.0,0.0,4.0,5.0,2.65,Vesle Kjela_G1,Vesle Kjela,2.9,8.5,8.5,92.0,92.0,1,42.001,0.49705324,1.57,34.97,58.475,3.3000002,34.97,0
2,2015-01-02 00:00:00+00:00,42,2015-01-03 18:00:00+00:00,28.54,0.0,0.0,0.0,0.3,0.5,1.0,0.0,4.0,5.0,2.6,Vesle Kjela_G1,Vesle Kjela,2.9,8.5,8.5,92.0,92.0,1,42.001,0.49705324,1.57,34.97,58.475,3.31,34.97,0
2,2015-01-02 00:00:00+00:00,43,2015-01-03 19:00:00+00:00,28.34,0.0,0.0,0.0,0.3,0.5,1.0,0.0,4.0,5.0,2.54,Vesle Kjela_G1,Vesle Kjela,2.9,8.5,8.5,92.0,92.0,1,42.001,0.49705324,1.57,34.97,58.475,3.3000002,34.97,0
2,2015-01-02 00:00:00+00:00,44,2015-01-03 20:00:00+00:00,27.93,0.0,0.0,0.0,0.3,0.5,1.0,0.0,4.0,5.0,2.47,Vesle Kjela_G1,Vesle Kjela,2.9,8.5,8.5,92.0,92.0,1,42.001,0.49705324,1.59,34.97,58.475,3.3200002,34.97,0
2,2015-01-02 00:00:00+00:00,45,2015-01-03 21:00:00+00:00,27.7,0.0,0.0,0.0,0.3,0.5,1.0,0.0,4.0,5.0,2.41,Vesle Kjela_G1,Vesle Kjela,2.9,8.5,8.5,92.0,92.0,1,42.001,0.49705324,1.59,34.97,58.475,3.33,34.97,0
2,2015-01-02 00:00:00+00:00,46,2015-01-03 22:00:00+00:00,27.25,0.0,0.0,0.0,0.3,0.5,1.0,0.0,4.0,5.0,2.33,Vesle Kjela_G1,Vesle Kjela,2.9,8.5,8.5,92.0,92.0,1,42.001,0.49705324,1.56,34.97,58.475,3.29,34.97,0
2,2015-01-02 00:00:00+00:00,47,2015-01-03 23:00:00+00:00,27.55,0.0,0.0,0.0,0.3,0.5,1.0,0.0,4.0,5.0,2.27,Vesle Kjela_G1,Vesle Kjela,2.9,8.5,8.5,92.0,92.0,1,42.001,0.49705324,1.56,34.97,58.475,3.28,34.97,0
2,2015-01-02 00:00:00+00:00,48,2015-01-04 00:00:00+00:00,27.38,0.0,0.0,0.0,0.3,0.5,1.0,0.0,4.0,5.0,2.22,Vesle Kjela_G1,Vesle Kjela,2.9,8.5,8.5,92.0,92.0,1,42.001,0.49705324,1.56,34.97,58.475,3.27,34.97,0
2,2015-01-02 00:00:00+00:00,49,2015-01-04 01:00:00+00:00,27.17,0.0,0.0,0.0,0.3,0.5,1.0,0.0,4.0,5.0,2.15,Vesle Kjela_G1,Vesle Kjela,2.9,8.5,8.5,92.0,92.0,1,42.001,0.49705324,1.54,34.97,58.475,3.24,34.97,0
2,2015-01-02 00:00:00+00:00,50,2015-01-04 02:00:00+00:00,27.03,0.0,0.0,0.0,0.3,0.5,1.0,0.0,4.0,5.0,2.1,Vesle Kjela_G1,Vesle Kjela,2.9,8.5,8.5,92.0,92.0,1,42.001,0.49705324,1.54,34.97,58.475,3.2199998,34.97,0
2,2015-01-02 00:00:00+00:00,51,2015-01-04 03:00:00+00:00,27.04,0.0,0.0,0.0,0.3,0.5,1.0,0.0,4.0,5.0,2.06,Vesle Kjela_G1,Vesle Kjela,2.9,8.5,8.5,92.0,92.0,1,42.001,0.49705324,1.53,34.97,58.475,3.19,34.97,0
2,2015-01-02 00:00:00+00:00,52,2015-01-04 04:00:00+00:00,27.19,0.0,0.0,0.0,0.3,0.5,1.0,0.0,4.0,5.0,2.01,Vesle Kjela_G1,Vesle Kjela,2.9,8.5,8.5,92.0,92.0,1,42.001,0.49705324,1.52,34.97,58.475,3.15,34.97,0
2,2015-01-02 00:00:00+00:00,53,2015-01-04 05:00:00+00:00,27.13,0.0,0.0,0.0,0.3,0.5,1.0,0.0,4.0,5.0,1.99,Vesle Kjela_G1,Vesle Kjela,2.9,8.5,8.5,92.0,92.0,1,42.001,0.49705324,1.51,34.97,58.475,3.1,34.97,0
2,2015-01-02 00:00:00+00:00,54,2015-01-04 06:00:00+00:00,27.06,0.0,0.0,0.0,0.3,0.5,1.0,0.0,4.0,5.0,1.94,Vesle Kjela_G1,Vesle Kjela,2.9,8.5,8.5,92.0,92.0,1,42.001,0.49705324,1.51,34.97,58.475,3.07,34.97,0
2,2015-01-02 00:00:00+00:00,55,2015-01-04 07:00:00+00:00,27.63,0.0,0.0,0.0,0.3,0.5,1.0,0.0,4.0,5.0,1.89,Vesle Kjela_G1,Vesle Kjela,2.9,8.5,8.5,92.0,92.0,1,42.001,0.49705324,1.51,34.97,58.475,3.03,34.97,0
2,2015-01-02 00:00:00+00:00,56,2015-01-04 08:00:00+00:00,28.03,0.0,0.0,0.0,0.3,0.5,1.0,0.0,4.0,5.0,1.84,Vesle Kjela_G1,Vesle Kjela,2.9,8.5,8.5,92.0,92.0,1,42.001,0.49705324,1.5,34.97,58.475,2.95,34.97,0
2,2015-01-02 00:00:00+00:00,57,2015-01-04 09:00:00+00:00,28.24,0.0,0.0,0.0,0.3,0.5,1.0,0.0,4.0,5.0,1.82,Vesle Kjela_G1,Vesle Kjela,2.9,8.5,8.5,92.0,92.0,1,42.001,0.49705324,1.49,34.97,58.475,2.9,34.97,0
2,2015-01-02 00:00:00+00:00,58,2015-01-04 10:00:00+00:00,28.32,0.0,0.0,0.0,0.3,0.5,1.0,0.0,4.0,5.0,1.79,Vesle Kjela_G1,Vesle Kjela,2.9,8.5,8.5,92.0,92.0,1,42.001,0.49705324,1.49,34.97,58.475,2.88,34.97,0
2,2015-01-02 00:00:00+00:00,59,2015-01-04 11:00:00+00:00,28.24,0.0,0.0,0.0,0.3,0.5,1.0,0.0,4.0,5.0,1.77,Vesle Kjela_G1,Vesle Kjela,2.9,8.5,8.5,92.0,92.0,1,42.001,0.49705324,1.48,34.97,58.475,2.8600001,34.97,0
2,2015-01-02 00:00:00+00:00,60,2015-01-04 12:00:00+00:00,28.27,0.0,0.0,0.0,0.3,0.5,1.0,0.0,4.0,5.0,1.74,Vesle Kjela_G1,Vesle Kjela,2.9,8.5,8.5,92.0,92.0,1,42.001,0.49705324,1.48,34.97,58.475,2.8400002,34.97,0
2,2015-01-02 00:00:00+00:00,61,2015-01-04 13:00:00+00:00,28.32,0.0,0.0,0.0,0.3,0.5,1.0,0.0,4.0,5.0,1.72,Vesle Kjela_G1,Vesle Kjela,2.9,8.5,8.5,92.0,92.0,1,42.001,0.49705324,1.47,34.97,58.475,2.81,34.97,0
2,2015-01-02 00:00:00+00:00,62,2015-01-04 14:00:00+00:00,28.37,0.0,0.0,0.0,0.3,0.5,1.0,0.0,4.0,5.0,1.7,Vesle Kjela_G1,Vesle Kjela,2.9,8.5,8.5,92.0,92.0,1,42.001,0.49705324,1.47,34.97,58.475,2.8000002,34.97,0
2,2015-01-02 00:00:00+00:00,63,2015-01-04 15:00:00+00:00,28.65,0.0,0.0,0.0,0.3,0.5,1.0,0.0,4.0,5.0,1.68,Vesle Kjela_G1,Vesle Kjela,2.9,8.5,8.5,92.0,92.0,1,42.001,0.49705324,1.47,34.97,58.475,2.78,34.97,0
2,2015-01-02 00:00:00+00:00,64,2015-01-04 16:00:00+00:00,28.98,0.0,0.0,0.0,0.3,0.5,1.0,0.0,4.0,5.0,1.68,Vesle Kjela_G1,Vesle Kjela,2.9,8.5,8.5,92.0,92.0,1,42.001,0.49705324,1.46,34.97,58.475,2.76,34.97,0
2,2015-01-02 00:00:00+00:00,65,2015-01-04 17:00:00+00:00,29.54,0.0,0.0,0.0,0.3,0.5,1.0,0.0,4.0,5.0,1.65,Vesle Kjela_G1,Vesle Kjela,2.9,8.5,8.5,92.0,92.0,1,42.001,0.49705324,1.45,34.97,58.475,2.74,34.97,0
2,2015-01-02 00:00:00+00:00,66,2015-01-04 18:00:00+00:00,29.42,0.0,0.0,0.0,0.3,0.5,1.0,0.0,4.0,5.0,1.64,Vesle Kjela_G1,Vesle Kjela,2.9,8.5,8.5,92.0,92.0,1,42.001,0.49705324,1.44,34.97,58.475,2.73,34.97,0
2,2015-01-02 00:00:00+00:00,67,2015-01-04 19:00:00+00:00,28.92,0.0,0.0,0.0,0.3,0.5,1.0,0.0,4.0,5.0,1.63,Vesle Kjela_G1,Vesle Kjela,2.9,8.5,8.5,92.0,92.0,1,42.001,0.49705324,1.44,34.97,58.475,2.71,34.97,0
2,2015-01-02 00:00:00+00:00,68,2015-01-04 20:00:00+00:00,28.66,0.0,0.0,0.0,0.3,0.5,1.0,0.0,4.0,5.0,1.6,Vesle Kjela_G1,Vesle Kjela,2.9,8.5,8.5,92.0,92.0,1,42.001,0.49705324,1.43,34.97,58.475,2.6999998,34.97,0
2,2015-01-02 00:00:00+00:00,69,2015-01-04 21:00:00+00:00,28.69,0.0,0.0,0.0,0.3,0.5,1.0,0.0,4.0,5.0,1.59,Vesle Kjela_G1,Vesle Kjela,2.9,8.5,8.5,92.0,92.0,1,42.001,0.49705324,1.42,34.97,58.475,2.67,34.97,0
2,2015-01-02 00:00:00+00:00,70,2015-01-04 22:00:00+00:00,28.02,0.0,0.0,0.0,0.3,0.5,1.0,0.0,4.0,5.0,1.58,Vesle Kjela_G1,Vesle Kjela,2.9,8.5,8.5,92.0,92.0,1,42.001,0.49705324,1.41,34.97,58.475,2.65,34.97,0
2,2015-01-02 00:00:00+00:00,71,2015-01-04 23:00:00+00:00,28.19,0.0,0.0,0.0,0.3,0.5,1.0,0.0,4.0,5.0,1.57,Vesle Kjela_G1,Vesle Kjela,2.9,8.5,8.5,92.0,92.0,1,42.001,0.49705324,1.41,34.97,58.475,2.6399999,34.97,0
2,2015-01-02 00:00:00+00:00,72,2015-01-05 00:00:00+00:00,28.15,0.0,0.0,0.0,0.3,0.5,1.0,0.0,4.0,5.0,1.56,Vesle Kjela_G1,Vesle Kjela,2.9,8.5,8.5,92.0,92.0,1,42.001,0.49705324,1.4,34.97,58.475,2.62,34.97,0
2,2015-01-02 00:00:00+00:00,73,2015-01-05 01:00:00+00:00,28.13,0.0,0.0,0.0,0.3,0.5,1.0,0.0,4.0,5.0,1.54,Vesle Kjela_G1,Vesle Kjela,2.9,8.5,8.5,92.0,92.0,1,42.001,0.49705324,1.39,34.97,58.475,2.6,34.97,0
2,2015-01-02 00:00:00+00:00,74,2015-01-05 02:00:00+00:00,28.05,0.0,0.0,0.0,0.3,0.5,1.0,0.0,4.0,5.0,1.53,Vesle Kjela_G1,Vesle Kjela,2.9,8.5,8.5,92.0,92.0,1,42.001,0.49705324,1.39,34.97,58.475,2.5900002,34.97,0
2,2015-01-02 00:00:00+00:00,75,2015-01-05 03:00:00+00:00,28.04,0.0,0.0,0.0,0.3,0.5,1.0,0.0,4.0,5.0,1.52,Vesle Kjela_G1,Vesle Kjela,2.9,8.5,8.5,92.0,92.0,1,42.001,0.49705324,1.38,34.97,58.475,2.5700002,34.97,0
2,2015-01-02 00:00:00+00:00,76,2015-01-05 04:00:00+00:00,28.46,0.0,0.0,0.0,0.3,0.5,1.0,0.0,4.0,5.0,1.51,Vesle Kjela_G1,Vesle Kjela,2.9,8.5,8.5,92.0,92.0,1,42.001,0.49705324,1.37,34.97,58.475,2.56,34.97,0
2,2015-01-02 00:00:00+00:00,77,2015-01-05 05:00:00+00:00,28.78,0.0,0.0,0.0,0.3,0.5,1.0,0.0,4.0,5.0,1.5,Vesle Kjela_G1,Vesle Kjela,2.9,8.5,8.5,92.0,92.0,1,42.001,0.49705324,1.37,34.97,58.475,2.55,34.97,0
2,2015-01-02 00:00:00+00:00,78,2015-01-05 06:00:00+00:00,30.99,0.0,0.0,0.0,0.3,0.5,1.0,0.0,4.0,5.0,1.48,Vesle Kjela_G1,Vesle Kjela,2.9,8.5,8.5,92.0,92.0,1,42.001,0.49705324,1.37,34.97,58.475,2.54,34.97,0
2,2015-01-02 00:00:00+00:00,79,2015-01-05 07:00:00+00:00,38.15,0.0,0.0,0.0,0.3,0.5,1.0,0.0,4.0,5.0,1.47,Vesle Kjela_G1,Vesle Kjela,2.9,8.5,8.5,92.0,92.0,1,42.001,0.49705324,1.37,34.97,58.475,2.53,34.97,1
2,2015-01-02 00:00:00+00:00,80,2015-01-05 08:00:00+00:00,41.51,0.0,0.0,0.0,0.3,0.5,1.0,0.0,4.0,5.0,1.46,Vesle Kjela_G1,Vesle Kjela,2.9,8.5,8.5,92.0,92.0,1,42.001,0.49705324,1.36,34.97,58.475,2.51,34.97,1
2,2015-01-02 00:00:00+00:00,81,2015-01-05 09:00:00+00:00,40.46,0.0,0.0,0.0,0.3,0.5,1.0,0.0,4.0,5.0,1.46,Vesle Kjela_G1,Vesle Kjela,2.9,8.5,8.5,92.0,92.0,1,42.001,0.49705324,1.36,34.97,58.475,2.51,34.97,1
2,2015-01-02 00:00:00+00:00,82,2015-01-05 10:00:00+00:00,40.97,0.0,0.0,0.0,0.3,0.5,1.0,0.0,4.0,5.0,1.45,Vesle Kjela_G1,Vesle Kjela,2.9,8.5,8.5,92.0,92.0,1,42.001,0.49705324,1.35,34.97,58.475,2.49,34.97,1
2,2015-01-02 00:00:00+00:00,83,2015-01-05 11:00:00+00:00,38.66,0.0,0.0,0.0,0.3,0.5,1.0,0.0,4.0,5.0,1.45,Vesle Kjela_G1,Vesle Kjela,2.9,8.5,8.5,92.0,92.0,1,42.001,0.49705324,1.34,34.97,58.475,2.47,34.97,1
2,2015-01-02 00:00:00+00:00,84,2015-01-05 12:00:00+00:00,36.44,0.0,0.0,0.0,0.3,0.5,1.0,0.0,4.0,5.0,1.45,Vesle Kjela_G1,Vesle Kjela,2.9,8.5,8.5,92.0,92.0,1,42.001,0.49705324,1.34,34.97,58.475,2.47,34.97,1
2,2015-01-02 00:00:00+00:00,85,2015-01-05 13:00:00+00:00,37.74,0.0,0.0,0.0,0.3,0.5,1.0,0.0,4.0,5.0,1.45,Vesle Kjela_G1,Vesle Kjela,2.9,8.5,8.5,92.0,92.0,1,42.001,0.49705324,1.33,34.97,58.475,2.46,34.97,1
2,2015-01-02 00:00:00+00:00,86,2015-01-05 14:00:00+00:00,43.1,0.0,0.0,0.0,0.3,0.5,1.0,0.0,4.0,5.0,1.45,Vesle Kjela_G1,Vesle Kjela,2.9,8.5,8.5,92.0,92.0,1,42.001,0.49705324,1.32,34.97,58.475,2.44,34.97,1
2,2015-01-02 00:00:00+00:00,87,2015-01-05 15:00:00+00:00,46.7,0.0,0.0,0.0,0.3,0.5,1.0,0.0,4.0,5.0,1.44,Vesle Kjela_G1,Vesle Kjela,2.9,8.5,8.5,92.0,92.0,1,42.001,0.49705324,1.3,34.97,58.475,2.42,34.97,1
2,2015-01-02 00:00:00+00:00,88,2015-01-05 16:00:00+00:00,56.78,0.0,0.0,0.0,0.3,0.5,1.0,0.0,4.0,5.0,1.44,Vesle Kjela_G1,Vesle Kjela,2.9,8.5,8.5,92.0,92.0,1,42.001,0.49705324,1.3,34.97,58.475,2.4099998,34.97,1
2,2015-01-02 00:00:00+00:00,89,2015-01-05 17:00:00+00:00,36.49,0.0,0.0,0.0,0.3,0.5,1.0,0.0,4.0,5.0,1.45,Vesle Kjela_G1,Vesle Kjela,2.9,8.5,8.5,92.0,92.0,1,42.001,0.49705324,1.28,34.97,58.475,2.38,34.97,1
2,2015-01-02 00:00:00+00:00,90,2015-01-05 18:00:00+00:00,32.43,0.0,0.0,0.0,0.3,0.5,1.0,0.0,4.0,5.0,1.44,Vesle Kjela_G1,Vesle Kjela,2.9,8.5,8.5,92.0,92.0,1,42.001,0.49705324,1.28,34.97,58.475,2.38,34.97,0
2,2015-01-02 00:00:00+00:00,91,2015-01-05 19:00:00+00:00,31.39,0.0,0.0,0.0,0.3,0.5,1.0,0.0,4.0,5.0,1.43,Vesle Kjela_G1,Vesle Kjela,2.9,8.5,8.5,92.0,92.0,1,42.001,0.49705324,1.28,34.97,58.475,2.38,34.97,0
2,2015-01-02 00:00:00+00:00,92,2015-01-05 20:00:00+00:00,30.29,0.0,0.0,0.0,0.3,0.5,1.0,0.0,4.0,5.0,1.43,Vesle Kjela_G1,Vesle Kjela,2.9,8.5,8.5,92.0,92.0,1,42.001,0.49705324,1.28,34.97,58.475,2.38,34.97,0
2,2015-01-02 00:00:00+00:00,93,2015-01-05 21:00:00+00:00,29.43,0.0,0.0,0.0,0.3,0.5,1.0,0.0,4.0,5.0,1.43,Vesle Kjela_G1,Vesle Kjela,2.9,8.5,8.5,92.0,92.0,1,42.001,0.49705324,1.27,34.97,58.475,2.35,34.97,0
2,2015-01-02 00:00:00+00:00,94,2015-01-05 22:00:00+00:00,29.09,0.0,0.0,0.0,0.3,0.5,1.0,0.0,4.0,5.0,1.44,Vesle Kjela_G1,Vesle Kjela,2.9,8.5,8.5,92.0,92.0,1,42.001,0.49705324,1.27,34.97,58.475,2.35,34.97,0
2,2015-01-02 00:00:00+00:00,95,2015-01-05 23:00:00+00:00,28.08,0.0,0.0,0.0,0.3,0.5,1.0,0.0,4.0,5.0,1.44,Vesle Kjela_G1,Vesle Kjela,2.9,8.5,8.5,92.0,92.0,1,42.001,0.49705324,1.27,34.97,58.475,2.3400002,34.97,0
2,2015-01-02 00:00:00+00:00,96,2015-01-06 00:00:00+00:00,27.94,0.0,0.0,0.0,0.3,0.5,1.0,0.0,4.0,5.0,1.44,Vesle Kjela_G1,Vesle Kjela,2.9,8.5,8.5,92.0,92.0,1,42.001,0.49705324,1.27,34.97,58.475,2.33,34.97,0
2,2015-01-02 00:00:00+00:00,97,2015-01-06 01:00:00+00:00,27.91,0.0,0.0,0.0,0.3,0.5,1.0,0.0,4.0,5.0,1.44,Vesle Kjela_G1,Vesle Kjela,2.9,8.5,8.5,92.0,92.0,1,42.001,0.49705324,1.26,34.97,58.475,2.32,34.97,0
2,2015-01-02 00:00:00+00:00,98,2015-01-06 02:00:00+00:00,27.89,0.0,0.0,0.0,0.3,0.5,1.0,0.0,4.0,5.0,1.44,Vesle Kjela_G1,Vesle Kjela,2.9,8.5,8.5,92.0,92.0,1,42.001,0.49705324,1.26,34.97,58.475,2.32,34.97,0
2,2015-01-02 00:00:00+00:00,99,2015-01-06 03:00:00+00:00,27.89,0.0,0.0,0.0,0.3,0.5,1.0,0.0,4.0,5.0,1.44,Vesle Kjela_G1,Vesle Kjela,2.9,8.5,8.5,92.0,92.0,1,42.001,0.49705324,1.26,34.97,58.475,2.31,34.97,0
2,2015-01-02 00:00:00+00:00,100,2015-01-06 04:00:00+00:00,28.01,0.0,0.0,0.0,0.3,0.5,1.0,0.0,4.0,5.0,1.44,Vesle Kjela_G1,Vesle Kjela,2.9,8.5,8.5,92.0,92.0,1,42.001,0.49705324,1.26,34.97,58.475,2.31,34.97,0
2,2015-01-02 00:00:00+00:00,101,2015-01-06 05:00:00+00:00,28.73,0.0,0.0,0.0,0.3,0.5,1.0,0.0,4.0,5.0,1.44,Vesle Kjela_G1,Vesle Kjela,2.9,8.5,8.5,92.0,92.0,1,42.001,0.49705324,1.26,34.97,58.475,2.3,34.97,0
2,2015-01-02 00:00:00+00:00,102,2015-01-06 06:00:00+00:00,30.03,0.0,0.0,0.0,0.3,0.5,1.0,0.0,4.0,5.0,1.43,Vesle Kjela_G1,Vesle Kjela,2.9,8.5,8.5,92.0,92.0,1,42.001,0.49705324,1.26,34.97,58.475,2.3,34.97,0
2,2015-01-02 00:00:00+00:00,103,2015-01-06 07:00:00+00:00,30.5,0.0,0.0,0.0,0.3,0.5,1.0,0.0,4.0,5.0,1.42,Vesle Kjela_G1,Vesle Kjela,2.9,8.5,8.5,92.0,92.0,1,42.001,0.49705324,1.26,34.97,58.475,2.3,34.97,0
2,2015-01-02 00:00:00+00:00,104,2015-01-06 08:00:00+00:00,30.35,0.0,0.0,0.0,0.3,0.5,1.0,0.0,4.0,5.0,1.42,Vesle Kjela_G1,Vesle Kjela,2.9,8.5,8.5,92.0,92.0,1,42.001,0.49705324,1.26,34.97,58.475,2.29,34.97,0
2,2015-01-02 00:00:00+00:00,105,2015-01-06 09:00:00+00:00,30.53,0.0,0.0,0.0,0.3,0.5,1.0,0.0,4.0,5.0,1.42,Vesle Kjela_G1,Vesle Kjela,2.9,8.5,8.5,92.0,92.0,1,42.001,0.49705324,1.26,34.97,58.475,2.29,34.97,0
2,2015-01-02 00:00:00+00:00,106,2015-01-06 10:00:00+00:00,29.91,0.0,0.0,0.0,0.3,0.5,1.0,0.0,4.0,5.0,1.43,Vesle Kjela_G1,Vesle Kjela,2.9,8.5,8.5,92.0,92.0,1,42.001,0.49705324,1.26,34.97,58.475,2.29,34.97,0
2,2015-01-02 00:00:00+00:00,107,2015-01-06 11:00:00+00:00,29.62,0.0,0.0,0.0,0.3,0.5,1.0,0.0,4.0,5.0,1.41,Vesle Kjela_G1,Vesle Kjela,2.9,8.5,8.5,92.0,92.0,1,42.001,0.49705324,1.25,34.97,58.475,2.28,34.97,0
2,2015-01-02 00:00:00+00:00,108,2015-01-06 12:00:00+00:00,29.58,0.0,0.0,0.0,0.3,0.5,1.0,0.0,4.0,5.0,1.4,Vesle Kjela_G1,Vesle Kjela,2.9,8.5,8.5,92.0,92.0,1,42.001,0.49705324,1.25,34.97,58.475,2.28,34.97,0
2,2015-01-02 00:00:00+00:00,109,2015-01-06 13:00:00+00:00,29.57,0.0,0.0,0.0,0.3,0.5,1.0,0.0,4.0,5.0,1.41,Vesle Kjela_G1,Vesle Kjela,2.9,8.5,8.5,92.0,92.0,1,42.001,0.49705324,1.24,34.97,58.475,2.28,34.97,0
2,2015-01-02 00:00:00+00:00,110,2015-01-06 14:00:00+00:00,29.62,0.0,0.0,0.0,0.3,0.5,1.0,0.0,4.0,5.0,1.41,Vesle Kjela_G1,Vesle Kjela,2.9,8.5,8.5,92.0,92.0,1,42.001,0.49705324,1.24,34.97,58.475,2.28,34.97,0
2,2015-01-02 00:00:00+00:00,111,2015-01-06 15:00:00+00:00,29.99,0.0,0.0,0.0,0.3,0.5,1.0,0.0,4.0,5.0,1.41,Vesle Kjela_G1,Vesle Kjela,2.9,8.5,8.5,92.0,92.0,1,42.001,0.49705324,1.24,34.97,58.475,2.27,34.97,0
2,2015-01-02 00:00:00+00:00,112,2015-01-06 16:00:00+00:00,29.65,0.0,0.0,0.0,0.3,0.5,1.0,0.0,4.0,5.0,1.41,Vesle Kjela_G1,Vesle Kjela,2.9,8.5,8.5,92.0,92.0,1,42.001,0.49705324,1.23,34.97,58.475,2.26,34.97,0
2,2015-01-02 00:00:00+00:00,113,2015-01-06 17:00:00+00:00,29.58,0.0,0.0,0.0,0.3,0.5,1.0,0.0,4.0,5.0,1.4,Vesle Kjela_G1,Vesle Kjela,2.9,8.5,8.5,92.0,92.0,1,42.001,0.49705324,1.23,34.97,58.475,2.26,34.97,0
2,2015-01-02 00:00:00+00:00,114,2015-01-06 18:00:00+00:00,29.0,0.0,0.0,0.0,0.3,0.5,1.0,0.0,4.0,5.0,1.4,Vesle Kjela_G1,Vesle Kjela,2.9,8.5,8.5,92.0,92.0,1,42.001,0.49705324,1.23,34.97,58.475,2.25,34.97,0
2,2015-01-02 00:00:00+00:00,115,2015-01-06 19:00:00+00:00,28.45,0.0,0.0,0.0,0.3,0.5,1.0,0.0,4.0,5.0,1.4,Vesle Kjela_G1,Vesle Kjela,2.9,8.5,8.5,92.0,92.0,1,42.001,0.49705324,1.23,34.97,58.475,2.26,34.97,0
2,2015-01-02 00:00:00+00:00,116,2015-01-06 20:00:00+00:00,28.15,0.0,0.0,0.0,0.3,0.5,1.0,0.0,4.0,5.0,1.38,Vesle Kjela_G1,Vesle Kjela,2.9,8.5,8.5,92.0,92.0,1,42.001,0.49705324,1.23,34.97,58.475,2.26,34.97,0
2,2015-01-02 00:00:00+00:00,117,2015-01-06 21:00:00+00:00,27.73,0.0,0.0,0.0,0.3,0.5,1.0,0.0,4.0,5.0,1.4,Vesle Kjela_G1,Vesle Kjela,2.9,8.5,8.5,92.0,92.0,1,42.001,0.49705324,1.24,34.97,58.475,2.26,34.97,0
2,2015-01-02 00:00:00+00:00,118,2015-01-06 22:00:00+00:00,27.32,0.0,0.0,0.0,0.3,0.5,1.0,0.0,4.0,5.0,1.39,Vesle Kjela_G1,Vesle Kjela,2.9,8.5,8.5,92.0,92.0,1,42.001,0.49705324,1.25,34.97,58.475,2.28,34.97,0
2,2015-01-02 00:00:00+00:00,119,2015-01-06 23:00:00+00:00,26.35,0.0,0.0,0.0,0.3,0.5,1.0,0.0,4.0,5.0,1.31,Vesle Kjela_G1,Vesle Kjela,2.9,8.5,8.5,92.0,92.0,1,42.001,0.49705324,1.26,34.97,58.475,2.28,34.97,0
2,2015-01-02 00:00:00+00:00,120,2015-01-07 00:00:00+00:00,26.08,0.0,0.0,0.0,0.3,0.5,1.0,0.0,4.0,5.0,1.29,Vesle Kjela_G1,Vesle Kjela,2.9,8.5,8.5,92.0,92.0,1,42.001,0.49705324,1.32,34.97,58.475,2.3400002,34.97,0
2,2015-01-02 00:00:00+00:00,121,2015-01-07 01:00:00+00:00,26.03,0.0,0.0,0.0,0.3,0.5,1.0,0.0,4.0,5.0,1.29,Vesle Kjela_G1,Vesle Kjela,2.9,8.5,8.5,92.0,92.0,1,42.001,0.49705324,1.3,34.97,58.475,2.31,34.97,0
2,2015-01-02 00:00:00+00:00,122,2015-01-07 02:00:00+00:00,26.17,0.0,0.0,0.0,0.3,0.5,1.0,0.0,4.0,5.0,1.27,Vesle Kjela_G1,Vesle Kjela,2.9,8.5,8.5,92.0,92.0,1,42.001,0.49705324,1.32,34.97,58.475,2.33,34.97,0
2,2015-01-02 00:00:00+00:00,123,2015-01-07 03:00:00+00:00,26.74,0.0,0.0,0.0,0.3,0.5,1.0,0.0,4.0,5.0,1.27,Vesle Kjela_G1,Vesle Kjela,2.9,8.5,8.5,92.0,92.0,1,42.001,0.49705324,1.31,34.97,58.475,2.33,34.97,0
2,2015-01-02 00:00:00+00:00,124,2015-01-07 04:00:00+00:00,27.78,0.0,0.0,0.0,0.3,0.5,1.0,0.0,4.0,5.0,1.27,Vesle Kjela_G1,Vesle Kjela,2.9,8.5,8.5,92.0,92.0,1,42.001,0.49705324,1.3,34.97,58.475,2.32,34.97,0
2,2015-01-02 00:00:00+00:00,125,2015-01-07 05:00:00+00:00,28.48,0.0,0.0,0.0,0.3,0.5,1.0,0.0,4.0,5.0,1.27,Vesle Kjela_G1,Vesle Kjela,2.9,8.5,8.5,92.0,92.0,1,42.001,0.49705324,1.3,34.97,58.475,2.32,34.97,0
2,2015-01-02 00:00:00+00:00,126,2015-01-07 06:00:00+00:00,31.53,0.0,0.0,0.0,0.3,0.5,1.0,0.0,4.0,5.0,1.27,Vesle Kjela_G1,Vesle Kjela,2.9,8.5,8.5,92.0,92.0,1,42.001,0.49705324,1.3,34.97,58.475,2.31,34.97,0
2,2015-01-02 00:00:00+00:00,127,2015-01-07 07:00:00+00:00,32.54,0.0,0.0,0.0,0.3,0.5,1.0,0.0,4.0,5.0,1.27,Vesle Kjela_G1,Vesle Kjela,2.9,8.5,8.5,92.0,92.0,1,42.001,0.49705324,1.3,34.97,58.475,2.3,34.97,0
2,2015-01-02 00:00:00+00:00,128,2015-01-07 08:00:00+00:00,32.24,0.0,0.0,0.0,0.3,0.5,1.0,0.0,4.0,5.0,1.26,Vesle Kjela_G1,Vesle Kjela,2.9,8.5,8.5,92.0,92.0,1,42.001,0.49705324,1.3,34.97,58.475,2.3,34.97,0
2,2015-01-02 00:00:00+00:00,129,2015-01-07 09:00:00+00:00,31.96,0.0,0.0,0.0,0.3,0.5,1.0,0.0,4.0,5.0,1.25,Vesle Kjela_G1,Vesle Kjela,2.9,8.5,8.5,92.0,92.0,1,42.001,0.49705324,1.3,34.97,58.475,2.3,34.97,0
2,2015-01-02 00:00:00+00:00,130,2015-01-07 10:00:00+00:00,31.66,0.0,0.0,0.0,0.3,0.5,1.0,0.0,4.0,5.0,1.25,Vesle Kjela_G1,Vesle Kjela,2.9,8.5,8.5,92.0,92.0,1,42.001,0.49705324,1.3,34.97,58.475,2.29,34.97,0
2,2015-01-02 00:00:00+00:00,131,2015-01-07 11:00:00+00:00,30.97,0.0,0.0,0.0,0.3,0.5,1.0,0.0,4.0,5.0,1.25,Vesle Kjela_G1,Vesle Kjela,2.9,8.5,8.5,92.0,92.0,1,42.001,0.49705324,1.29,34.97,58.475,2.28,34.97,0
2,2015-01-02 00:00:00+00:00,132,2015-01-07 12:00:00+00:00,30.65,0.0,0.0,0.0,0.3,0.5,1.0,0.0,4.0,5.0,1.25,Vesle Kjela_G1,Vesle Kjela,2.9,8.5,8.5,92.0,92.0,1,42.001,0.49705324,1.28,34.97,58.475,2.27,34.97,0
2,2015-01-02 00:00:00+00:00,133,2015-01-07 13:00:00+00:00,30.31,0.0,0.0,0.0,0.3,0.5,1.0,0.0,4.0,5.0,1.23,Vesle Kjela_G1,Vesle Kjela,2.9,8.5,8.5,92.0,92.0,1,42.001,0.49705324,1.28,34.97,58.475,2.26,34.97,0
2,2015-01-02 00:00:00+00:00,134,2015-01-07 14:00:00+00:00,29.79,0.0,0.0,0.0,0.3,0.5,1.0,0.0,4.0,5.0,1.23,Vesle Kjela_G1,Vesle Kjela,2.9,8.5,8.5,92.0,92.0,1,42.001,0.49705324,1.27,34.97,58.475,2.25,34.97,0
2,2015-01-02 00:00:00+00:00,135,2015-01-07 15:00:00+00:00,30.72,0.0,0.0,0.0,0.3,0.5,1.0,0.0,4.0,5.0,1.21,Vesle Kjela_G1,Vesle Kjela,2.9,8.5,8.5,92.0,92.0,1,42.001,0.49705324,1.27,34.97,58.475,2.24,34.97,0
2,2015-01-02 00:00:00+00:00,136,2015-01-07 16:00:00+00:00,29.56,0.0,0.0,0.0,0.3,0.5,1.0,0.0,4.0,5.0,1.2,Vesle Kjela_G1,Vesle Kjela,2.9,8.5,8.5,92.0,92.0,1,42.001,0.49705324,1.27,34.97,58.475,2.24,34.97,0
2,2015-01-02 00:00:00+00:00,137,2015-01-07 17:00:00+00:00,28.84,0.0,0.0,0.0,0.3,0.5,1.0,0.0,4.0,5.0,1.2,Vesle Kjela_G1,Vesle Kjela,2.9,8.5,8.5,92.0,92.0,1,42.001,0.49705324,1.26,34.97,58.475,2.23,34.97,0
2,2015-01-02 00:00:00+00:00,138,2015-01-07 18:00:00+00:00,28.2,0.0,0.0,0.0,0.3,0.5,1.0,0.0,4.0,5.0,1.2,Vesle Kjela_G1,Vesle Kjela,2.9,8.5,8.5,92.0,92.0,1,42.001,0.49705324,1.26,34.97,58.475,2.23,34.97,0
2,2015-01-02 00:00:00+00:00,139,2015-01-07 19:00:00+00:00,27.75,0.0,0.0,0.0,0.3,0.5,1.0,0.0,4.0,5.0,1.2,Vesle Kjela_G1,Vesle Kjela,2.9,8.5,8.5,92.0,92.0,1,42.001,0.49705324,1.25,34.97,58.475,2.21,34.97,0
2,2015-01-02 00:00:00+00:00,140,2015-01-07 20:00:00+00:00,27.42,0.0,0.0,0.0,0.3,0.5,1.0,0.0,4.0,5.0,1.21,Vesle Kjela_G1,Vesle Kjela,2.9,8.5,8.5,92.0,92.0,1,42.001,0.49705324,1.25,34.97,58.475,2.22,34.97,0
2,2015-01-02 00:00:00+00:00,141,2015-01-07 21:00:00+00:00,26.68,0.0,0.0,0.0,0.3,0.5,1.0,0.0,4.0,5.0,1.22,Vesle Kjela_G1,Vesle Kjela,2.9,8.5,8.5,92.0,92.0,1,42.001,0.49705324,1.25,34.97,58.475,2.21,34.97,0
2,2015-01-02 00:00:00+00:00,142,2015-01-07 22:00:00+00:00,26.15,0.0,0.0,0.0,0.3,0.5,1.0,0.0,4.0,5.0,1.21,Vesle Kjela_G1,Vesle Kjela,2.9,8.5,8.5,92.0,92.0,1,42.001,0.49705324,1.26,34.97,58.475,2.22,34.97,0
2,2015-01-02 00:00:00+00:00,143,2015-01-07 23:00:00+00:00,26.04,0.0,0.0,0.0,0.3,0.5,1.0,0.0,4.0,5.0,1.19,Vesle Kjela_G1,Vesle Kjela,2.9,8.5,8.5,92.0,92.0,1,42.001,0.49705324,1.26,34.97,58.475,2.22,34.97,0
2,2015-01-02 00:00:00+00:00,144,2015-01-08 00:00:00+00:00,25.07,0.0,0.0,0.0,0.3,0.5,1.0,0.0,4.0,5.0,1.19,Vesle Kjela_G1,Vesle Kjela,2.9,8.5,8.5,92.0,92.0,1,42.001,0.49705324,1.26,34.97,58.475,2.22,34.97,0
2,2015-01-02 00:00:00+00:00,145,2015-01-08 01:00:00+00:00,24.57,0.0,0.0,0.0,0.3,0.5,1.0,0.0,4.0,5.0,1.2,Vesle Kjela_G1,Vesle Kjela,2.9,8.5,8.5,92.0,92.0,1,42.001,0.49705324,1.3,34.97,58.475,2.27,34.97,0
2,2015-01-02 00:00:00+00:00,146,2015-01-08 02:00:00+00:00,24.44,0.0,0.0,0.0,0.3,0.5,1.0,0.0,4.0,5.0,1.19,Vesle Kjela_G1,Vesle Kjela,2.9,8.5,8.5,92.0,92.0,1,42.001,0.49705324,1.32,34.97,58.475,2.3000002,34.97,0
2,2015-01-02 00:00:00+00:00,147,2015-01-08 03:00:00+00:00,24.54,0.0,0.0,0.0,0.3,0.5,1.0,0.0,4.0,5.0,1.19,Vesle Kjela_G1,Vesle Kjela,2.9,8.5,8.5,92.0,92.0,1,42.001,0.49705324,1.35,34.97,58.475,2.33,34.97,0
2,2015-01-02 00:00:00+00:00,148,2015-01-08 04:00:00+00:00,26.04,0.0,0.0,0.0,0.3,0.5,1.0,0.0,4.0,5.0,1.19,Vesle Kjela_G1,Vesle Kjela,2.9,8.5,8.5,92.0,92.0,1,42.001,0.49705324,1.38,34.97,58.475,2.3600001,34.97,0
2,2015-01-02 00:00:00+00:00,149,2015-01-08 05:00:00+00:00,26.89,0.0,0.0,0.0,0.3,0.5,1.0,0.0,4.0,5.0,1.2,Vesle Kjela_G1,Vesle Kjela,2.9,8.5,8.5,92.0,92.0,1,42.001,0.49705324,1.39,34.97,58.475,2.3600001,34.97,0
2,2015-01-02 00:00:00+00:00,150,2015-01-08 06:00:00+00:00,27.59,0.0,0.0,0.0,0.3,0.5,1.0,0.0,4.0,5.0,1.19,Vesle Kjela_G1,Vesle Kjela,2.9,8.5,8.5,92.0,92.0,1,42.001,0.49705324,1.38,34.97,58.475,2.37,34.97,0
2,2015-01-02 00:00:00+00:00,151,2015-01-08 07:00:00+00:00,28.1,0.0,0.0,0.0,0.3,0.5,1.0,0.0,4.0,5.0,1.17,Vesle Kjela_G1,Vesle Kjela,2.9,8.5,8.5,92.0,92.0,1,42.001,0.49705324,1.37,34.97,58.475,2.4,34.97,0
2,2015-01-02 00:00:00+00:00,152,2015-01-08 08:00:00+00:00,28.23,0.0,0.0,0.0,0.3,0.5,1.0,0.0,4.0,5.0,1.18,Vesle Kjela_G1,Vesle Kjela,2.9,8.5,8.5,92.0,92.0,1,42.001,0.49705324,1.37,34.97,58.475,2.4099998,34.97,0
2,2015-01-02 00:00:00+00:00,153,2015-01-08 09:00:00+00:00,28.35,0.0,0.0,0.0,0.3,0.5,1.0,0.0,4.0,5.0,1.16,Vesle Kjela_G1,Vesle Kjela,2.9,8.5,8.5,92.0,92.0,1,42.001,0.49705324,1.37,34.97,58.475,2.4,34.97,0
2,2015-01-02 00:00:00+00:00,154,2015-01-08 10:00:00+00:00,28.46,0.0,0.0,0.0,0.3,0.5,1.0,0.0,4.0,5.0,1.16,Vesle Kjela_G1,Vesle Kjela,2.9,8.5,8.5,92.0,92.0,1,42.001,0.49705324,1.36,34.97,58.475,2.4,34.97,0
2,2015-01-02 00:00:00+00:00,155,2015-01-08 11:00:00+00:00,28.46,0.0,0.0,0.0,0.3,0.5,1.0,0.0,4.0,5.0,1.16,Vesle Kjela_G1,Vesle Kjela,2.9,8.5,8.5,92.0,92.0,1,42.001,0.49705324,1.36,34.97,58.475,2.4,34.97,0
2,2015-01-02 00:00:00+00:00,156,2015-01-08 12:00:00+00:00,28.6,0.0,0.0,0.0,0.3,0.5,1.0,0.0,4.0,5.0,1.16,Vesle Kjela_G1,Vesle Kjela,2.9,8.5,8.5,92.0,92.0,1,42.001,0.49705324,1.36,34.97,58.475,2.4,34.97,0
2,2015-01-02 00:00:00+00:00,157,2015-01-08 13:00:00+00:00,28.45,0.0,0.0,0.0,0.3,0.5,1.0,0.0,4.0,5.0,1.16,Vesle Kjela_G1,Vesle Kjela,2.9,8.5,8.5,92.0,92.0,1,42.001,0.49705324,1.35,34.97,58.475,2.3899999,34.97,0
2,2015-01-02 00:00:00+00:00,158,2015-01-08 14:00:00+00:00,28.24,0.0,0.0,0.0,0.3,0.5,1.0,0.0,4.0,5.0,1.16,Vesle Kjela_G1,Vesle Kjela,2.9,8.5,8.5,92.0,92.0,1,42.001,0.49705324,1.35,34.97,58.475,2.3899999,34.97,0
2,2015-01-02 00:00:00+00:00,159,2015-01-08 15:00:00+00:00,28.43,0.0,0.0,0.0,0.3,0.5,1.0,0.0,4.0,5.0,1.15,Vesle Kjela_G1,Vesle Kjela,2.9,8.5,8.5,92.0,92.0,1,42.001,0.49705324,1.37,34.97,58.475,2.42,34.97,0
2,2015-01-02 00:00:00+00:00,160,2015-01-08 16:00:00+00:00,28.4,0.0,0.0,0.0,0.3,0.5,1.0,0.0,4.0,5.0,1.14,Vesle Kjela_G1,Vesle Kjela,2.9,8.5,8.5,92.0,92.0,1,42.001,0.49705324,1.39,34.97,58.475,2.44,34.97,0
2,2015-01-02 00:00:00+00:00,161,2015-01-08 17:00:00+00:00,27.98,0.0,0.0,0.0,0.3,0.5,1.0,0.0,4.0,5.0,1.14,Vesle Kjela_G1,Vesle Kjela,2.9,8.5,8.5,92.0,92.0,1,42.001,0.49705324,1.39,34.97,58.475,2.44,34.97,0
2,2015-01-02 00:00:00+00:00,162,2015-01-08 18:00:00+00:00,27.69,0.0,0.0,0.0,0.3,0.5,1.0,0.0,4.0,5.0,1.15,Vesle Kjela_G1,Vesle Kjela,2.9,8.5,8.5,92.0,92.0,1,42.001,0.49705324,1.39,34.97,58.475,2.46,34.97,0
2,2015-01-02 00:00:00+00:00,163,2015-01-08 19:00:00+00:00,27.46,0.0,0.0,0.0,0.3,0.5,1.0,0.0,4.0,5.0,1.16,Vesle Kjela_G1,Vesle Kjela,2.9,8.5,8.5,92.0,92.0,1,42.001,0.49705324,1.4,34.97,58.475,2.48,34.97,0
2,2015-01-02 00:00:00+00:00,164,2015-01-08 20:00:00+00:00,27.31,0.0,0.0,0.0,0.3,0.5,1.0,0.0,4.0,5.0,1.16,Vesle Kjela_G1,Vesle Kjela,2.9,8.5,8.5,92.0,92.0,1,42.001,0.49705324,1.4,34.97,58.475,2.48,34.97,0
2,2015-01-02 00:00:00+00:00,165,2015-01-08 21:00:00+00:00,26.71,0.0,0.0,0.0,0.3,0.5,1.0,0.0,4.0,5.0,1.16,Vesle Kjela_G1,Vesle Kjela,2.9,8.5,8.5,92.0,92.0,1,42.001,0.49705324,1.41,34.97,58.475,2.49,34.97,0
2,2015-01-02 00:00:00+00:00,166,2015-01-08 22:00:00+00:00,25.91,0.0,0.0,0.0,0.3,0.5,1.0,0.0,4.0,5.0,1.15,Vesle Kjela_G1,Vesle Kjela,2.9,8.5,8.5,92.0,92.0,1,42.001,0.49705324,1.41,34.97,58.475,2.51,34.97,0
2,2015-01-02 00:00:00+00:00,167,2015-01-08 23:00:00+00:00,25.89,0.0,0.0,0.0,0.3,0.5,1.0,0.0,4.0,5.0,1.14,Vesle Kjela_G1,Vesle Kjela,2.9,8.5,8.5,92.0,92.0,1,42.001,0.49705324,1.43,34.97,58.475,2.54,34.97,0
